CPF/CNPJ;NOME CONTRIBUINTE;TIPO CONTRIBUINTE;TIPO TRIBUTO;Nº PAT;Nº PARCELAMENTO;Nº ECONOMIA;ID NEGOCIACAO;STATUS;DATA CRIAÇÃO;DATA EFETIVAÇÃO;DATA VENCIMENTO;QTD PARCELA;VALOR PARCELA;VALOR ATUALIZADO;VALOR COM DESCONTO;ORIGEM;USUÁRIO CRIAÇÃO;PROCURADOR RESPONSÁVEL
"=""00006027369""";LEILSON MONTEIRO LIMA;PESSOA FISICA;IPVA;"=""2352383022242""";"=""20260000004674""";13931946;930;Efetivada;05/03/2026 19:28:39;10/03/2026 12:06:18;12/03/2026;1;R$ 319,08;R$ 541,64;R$ 319,08;EXPRESSO;-;"=""70458480134 - RENATA VITORIA BONIFACIO E SOUZA"""
"=""00009495150""";JACKEILLYNE LOYANE DE OLIVEIRA;PESSOA FISICA;IPVA;"=""2096432922216""";"=""20260000005877""";14024594;1123;Efetivada;23/03/2026 14:27:00;31/03/2026 06:05:32;30/03/2026;2;R$ 415,10;R$ 1.549,17;R$ 830,19;STT;"=""00001288130 - JOILSON JOSE DA SILVA""";Não atribuído
"=""00009495150""";JACKEILLYNE LOYANE DE OLIVEIRA;PESSOA FISICA;IPVA;"=""2304196822222""";"=""20260000005878""";14024608;1123;Efetivada;23/03/2026 14:27:00;31/03/2026 06:05:38;30/03/2026;2;R$ 393,05;R$ 1.446,46;R$ 786,10;STT;"=""00001288130 - JOILSON JOSE DA SILVA""";Não atribuído
"=""00009495150""";JACKEILLYNE LOYANE DE OLIVEIRA;PESSOA FISICA;IPVA;"=""2354674022270""";"=""20260000005879""";14024616;1123;Efetivada;23/03/2026 14:27:00;31/03/2026 06:05:45;30/03/2026;3;R$ 320,62;R$ 1.632,74;R$ 961,85;STT;"=""00001288130 - JOILSON JOSE DA SILVA""";Não atribuído
"=""00034775250""";RAFAELA CRISTINA SALES NOBRE;PESSOA FISICA;IPVA;"=""2388915422216""";"=""20260000000208""";13671731;111;Efetivada;03/02/2026 17:19:14;06/02/2026 18:03:18;10/02/2026;3;R$ 389,28;R$ 1.954,13;R$ 1.167,84;EXPRESSO;-;"=""86123360159 - VERONICA ISSI SIMOES BASTOS"""
"=""00052803000190""";PEDREIRA ARAGUAIA LTDA.;PESSOA JURIDICA;ICMS;"=""4011600747902""";"=""20260000006421""";14130041;1203;Efetivada;13/04/2026 16:25:27;16/04/2026 12:05:01;20/04/2026;88;R$ 301,63;R$ 49.382,15;R$ 26.543,33;STT;"=""86123360159 - VERONICA ISSI SIMOES BASTOS""";Não atribuído
"=""00052803000190""";PEDREIRA ARAGUAIA LTDA.;PESSOA JURIDICA;ICMS;"=""2145308500048""";"=""20260000006424""";14130050;1203;Efetivada;13/04/2026 16:25:27;16/04/2026 12:05:08;20/04/2026;120;R$ 462,94;R$ 90.811,17;R$ 55.553,05;STT;"=""86123360159 - VERONICA ISSI SIMOES BASTOS""";Não atribuído
"=""00052803000190""";PEDREIRA ARAGUAIA LTDA.;PESSOA JURIDICA;ICMS;"=""4012100123517""";"=""20260000006420""";14130033;1203;Efetivada;13/04/2026 16:25:27;16/04/2026 12:05:15;20/04/2026;120;R$ 1.712,53;R$ 322.892,45;R$ 205.503,66;STT;"=""86123360159 - VERONICA ISSI SIMOES BASTOS""";Não atribuído
"=""00052803000190""";PEDREIRA ARAGUAIA LTDA.;PESSOA JURIDICA;ICMS;"=""2146226000040""";"=""20260000006419""";14130076;1203;Efetivada;13/04/2026 16:25:27;16/04/2026 12:05:22;20/04/2026;120;R$ 377,31;R$ 73.195,10;R$ 45.277,19;STT;"=""86123360159 - VERONICA ISSI SIMOES BASTOS""";Não atribuído
"=""00052803000190""";PEDREIRA ARAGUAIA LTDA.;PESSOA JURIDICA;ICMS;"=""4011802355525""";"=""20260000006426""";14130068;1203;Efetivada;13/04/2026 16:25:27;16/04/2026 12:05:29;20/04/2026;120;R$ 2.337,80;R$ 472.497,83;R$ 280.536,40;STT;"=""86123360159 - VERONICA ISSI SIMOES BASTOS""";Não atribuído
"=""00052803000190""";PEDREIRA ARAGUAIA LTDA.;PESSOA JURIDICA;ICMS;"=""2227758400026""";"=""20260000006418""";14130092;1203;Efetivada;13/04/2026 16:25:27;16/04/2026 12:05:37;20/04/2026;120;R$ 480,15;R$ 92.304,51;R$ 57.618,30;STT;"=""86123360159 - VERONICA ISSI SIMOES BASTOS""";Não atribuído
"=""00052803000190""";PEDREIRA ARAGUAIA LTDA.;PESSOA JURIDICA;ICMS;"=""4011602098405""";"=""20260000006422""";14130084;1203;Efetivada;13/04/2026 16:25:27;16/04/2026 12:05:44;20/04/2026;120;R$ 346,44;R$ 75.422,61;R$ 41.573,22;STT;"=""86123360159 - VERONICA ISSI SIMOES BASTOS""";Não atribuído
"=""00052803000190""";PEDREIRA ARAGUAIA LTDA.;PESSOA JURIDICA;ICMS;"=""4012001031258""";"=""20260000006423""";14130106;1203;Efetivada;13/04/2026 16:25:27;16/04/2026 12:05:51;20/04/2026;120;R$ 1.470,83;R$ 279.905,07;R$ 176.499,99;STT;"=""86123360159 - VERONICA ISSI SIMOES BASTOS""";Não atribuído
"=""00052803000190""";PEDREIRA ARAGUAIA LTDA.;PESSOA JURIDICA;ICMS;"=""4011603572020""";"=""20260000006425""";14130114;1203;Efetivada;13/04/2026 16:25:27;16/04/2026 12:05:58;20/04/2026;120;R$ 1.171,80;R$ 252.584,13;R$ 140.615,79;STT;"=""86123360159 - VERONICA ISSI SIMOES BASTOS""";Não atribuído
"=""00052803000190""";PEDREIRA ARAGUAIA LTDA.;PESSOA JURIDICA;ICMS;"=""2143597500046""";"=""20260000006455""";14130564;1205;Efetivada;13/04/2026 16:45:50;16/04/2026 12:07:07;20/04/2026;120;R$ 331,54;R$ 66.133,38;R$ 39.784,26;STT;"=""86123360159 - VERONICA ISSI SIMOES BASTOS""";Não atribuído
"=""00052803000190""";PEDREIRA ARAGUAIA LTDA.;PESSOA JURIDICA;ICMS;"=""4011601849288""";"=""20260000006454""";14130556;1205;Efetivada;13/04/2026 16:45:50;16/04/2026 12:07:15;20/04/2026;120;R$ 388,07;R$ 85.481,28;R$ 46.568,63;STT;"=""86123360159 - VERONICA ISSI SIMOES BASTOS""";Não atribuído
"=""00052803000190""";PEDREIRA ARAGUAIA LTDA.;PESSOA JURIDICA;ICMS;"=""2145902600092""";"=""20260000006457""";14130521;1205;Efetivada;13/04/2026 16:45:50;16/04/2026 12:07:31;20/04/2026;84;R$ 301,48;R$ 41.194,51;R$ 25.323,98;STT;"=""86123360159 - VERONICA ISSI SIMOES BASTOS""";Não atribuído
"=""00052803000190""";PEDREIRA ARAGUAIA LTDA.;PESSOA JURIDICA;ICMS;"=""2146014200070""";"=""20260000006458""";14130530;1205;Efetivada;13/04/2026 16:45:50;16/04/2026 12:07:32;20/04/2026;120;R$ 305,73;R$ 59.481,51;R$ 36.687,54;STT;"=""86123360159 - VERONICA ISSI SIMOES BASTOS""";Não atribuído
"=""00052803000190""";PEDREIRA ARAGUAIA LTDA.;PESSOA JURIDICA;ICMS;"=""2156067700040""";"=""20260000006459""";14130548;1205;Efetivada;13/04/2026 16:45:50;16/04/2026 12:07:39;20/04/2026;78;R$ 303,83;R$ 38.192,80;R$ 23.698,69;STT;"=""86123360159 - VERONICA ISSI SIMOES BASTOS""";Não atribuído
"=""00052803000190""";PEDREIRA ARAGUAIA LTDA.;PESSOA JURIDICA;ICMS;"=""2227991100048""";"=""20260000006456""";14130572;1205;Efetivada;13/04/2026 16:45:50;16/04/2026 12:07:46;20/04/2026;120;R$ 460,31;R$ 88.224,02;R$ 55.236,68;STT;"=""86123360159 - VERONICA ISSI SIMOES BASTOS""";Não atribuído
"=""00052803000190""";PEDREIRA ARAGUAIA LTDA.;PESSOA JURIDICA;ICMS;"=""2227661400013""";"=""20260000006460""";14130580;1205;Efetivada;13/04/2026 16:45:50;16/04/2026 12:07:53;20/04/2026;120;R$ 340,60;R$ 65.665,00;R$ 40.872,03;STT;"=""86123360159 - VERONICA ISSI SIMOES BASTOS""";Não atribuído
"=""00083562117""";GILSON JOSE ROSA;PESSOA FISICA;IPVA;"=""2268342822201""";"=""20260000002150""";13798596;513;Efetivada;18/02/2026 11:02:12;19/02/2026 18:05:18;25/02/2026;3;R$ 394,40;R$ 2.162,98;R$ 1.183,20;EXPRESSO;-;"=""86123360159 - VERONICA ISSI SIMOES BASTOS"""
"=""00083562117""";GILSON JOSE ROSA;PESSOA FISICA;IPVA;"=""2366809222224""";"=""20260000002151""";13798600;513;Efetivada;18/02/2026 11:02:12;19/02/2026 18:05:24;25/02/2026;4;R$ 341,77;R$ 2.304,20;R$ 1.367,06;EXPRESSO;-;"=""86123360159 - VERONICA ISSI SIMOES BASTOS"""
"=""00085477184""";LIVYA CAROLINY MACHADO BARBOSA;PESSOA FISICA;IPVA;"=""2392988322228""";"=""20260000000028""";13633473;33;Efetivada;02/02/2026 15:14:57;03/02/2026 18:00:13;09/02/2026;4;R$ 337,24;R$ 2.239,04;R$ 1.348,95;EXPRESSO;-;"=""86123360159 - VERONICA ISSI SIMOES BASTOS"""
"=""00093265107""";ANDRE VIEIRA NEVES DA SILVA;PESSOA FISICA;IPVA;"=""2086660022212""";"=""20260000000265""";13681060;126;Efetivada;04/02/2026 06:11:43;06/02/2026 06:05:08;11/02/2026;1;R$ 264,93;R$ 491,20;R$ 264,93;EXPRESSO;-;"=""86123360159 - VERONICA ISSI SIMOES BASTOS"""
"=""00093265107""";ANDRE VIEIRA NEVES DA SILVA;PESSOA FISICA;IPVA;"=""2037756922283""";"=""20260000000263""";13681044;126;Efetivada;04/02/2026 06:11:43;06/02/2026 06:05:09;11/02/2026;1;R$ 270,99;R$ 513,54;R$ 270,99;EXPRESSO;-;"=""86123360159 - VERONICA ISSI SIMOES BASTOS"""
"=""00093265107""";ANDRE VIEIRA NEVES DA SILVA;PESSOA FISICA;IPVA;"=""2331433222212""";"=""20260000000266""";13681079;126;Efetivada;04/02/2026 06:11:43;06/02/2026 06:05:15;11/02/2026;1;R$ 261,54;R$ 478,11;R$ 261,54;EXPRESSO;-;"=""86123360159 - VERONICA ISSI SIMOES BASTOS"""
"=""00095421165""";WEVERSON VITORINO DE OLIVEIRA;PESSOA FISICA;IPVA;"=""2333566322281""";"=""20260000004580""";13921240;905;Efetivada;04/03/2026 20:11:05;06/03/2026 06:11:02;11/03/2026;1;R$ 999,81;R$ 1.671,52;R$ 999,81;EXPRESSO;-;"=""70458480134 - RENATA VITORIA BONIFACIO E SOUZA"""
"=""00100517161""";DIEGO SANTIAGO DE OLIVEIRA;PESSOA FISICA;IPVA;"=""2327523122286""";"=""20260000004300""";13909550;861;Efetivada;03/03/2026 16:19:16;04/03/2026 12:06:55;10/03/2026;1;R$ 978,49;R$ 1.782,65;R$ 978,49;EXPRESSO;-;"=""70458480134 - RENATA VITORIA BONIFACIO E SOUZA"""
"=""00106939122""";IRACEMA RODRIGUES SOUZA PEREIRA;PESSOA FISICA;IPVA;"=""2377033222248""";"=""20260000004458""";13915681;890;Efetivada;04/03/2026 13:47:32;04/03/2026 18:09:24;11/03/2026;1;R$ 864,75;R$ 1.457,34;R$ 864,75;STT;"=""05276651183 - LUIZA HELENA LIMA ALVARENGA""";Não atribuído
"=""00106939122""";IRACEMA RODRIGUES SOUZA PEREIRA;PESSOA FISICA;IPVA;"=""2331105522287""";"=""20260000004457""";13915673;890;Efetivada;04/03/2026 13:47:32;04/03/2026 18:09:26;11/03/2026;1;R$ 756,86;R$ 1.388,68;R$ 756,86;STT;"=""05276651183 - LUIZA HELENA LIMA ALVARENGA""";Não atribuído
"=""00107167859""";ALFREDO MENGAI;PESSOA FISICA;IPVA;"=""2382219922270""";"=""20260000003584""";13870815;742;Efetivada;26/02/2026 11:20:55;27/02/2026 18:06:54;27/02/2026;5;R$ 359,42;R$ 3.007,02;R$ 1.797,08;STT;"=""00901455180 - DANIEL BENKE AFONSO""";Não atribuído
"=""00156352605""";JOSE AILTON TEODORO DE SOUZA;PESSOA FISICA;ICMS;"=""4011801602855""";"=""20260000000092""";13712748;59;Efetivada;02/02/2026 18:06:55;09/02/2026 06:10:52;09/02/2026;36;R$ 340,69;R$ 40.882,47;R$ 12.264,74;EXPRESSO;-;"=""86123360159 - VERONICA ISSI SIMOES BASTOS"""
"=""00170791106""";RICARDO BRUNO DA SILVA MARTINS;PESSOA FISICA;IPVA;"=""2369624122210""";"=""20260000002279""";13811053;544;Efetivada;19/02/2026 12:31:12;20/02/2026 06:06:48;26/02/2026;1;R$ 135,93;R$ 229,12;R$ 135,93;EXPRESSO;-;"=""70458480134 - RENATA VITORIA BONIFACIO E SOUZA"""
"=""00170791106""";RICARDO BRUNO DA SILVA MARTINS;PESSOA FISICA;IPVA;"=""2297525922209""";"=""20260000002278""";13811045;544;Efetivada;19/02/2026 12:31:12;20/02/2026 06:06:49;26/02/2026;1;R$ 104,79;R$ 191,57;R$ 104,79;EXPRESSO;-;"=""70458480134 - RENATA VITORIA BONIFACIO E SOUZA"""
"=""00187008108""";WILKER RODRIGUES VIEIRA;PESSOA FISICA;IPVA;"=""2304930022214""";"=""20260000003399""";13865242;720;Efetivada;25/02/2026 14:09:11;27/02/2026 18:06:11;27/02/2026;2;R$ 336,94;R$ 1.228,35;R$ 673,88;EXPRESSO;-;"=""00001288130 - JOILSON JOSE DA SILVA"""
"=""00187610118""";ALBERTO LENINE DE ALMEIDA QUEIROGA;PESSOA FISICA;IPVA;"=""2389721922203""";"=""20260000000428""";13682792;150;Efetivada;04/02/2026 15:10:44;10/02/2026 18:02:54;11/02/2026;5;R$ 328,85;R$ 2.729,16;R$ 1.644,23;STT;"=""02690358182 - JANERSON DOUGLAS DOS SANTOS""";"=""86123360159 - VERONICA ISSI SIMOES BASTOS"""
"=""00187610118""";ALBERTO LENINE DE ALMEIDA QUEIROGA;PESSOA FISICA;IPVA;"=""2046452822229""";"=""20260000000437""";13682830;153;Efetivada;04/02/2026 15:13:50;09/02/2026 12:04:45;11/02/2026;1;R$ 142,89;R$ 269,48;R$ 142,89;EXPRESSO;-;"=""86123360159 - VERONICA ISSI SIMOES BASTOS"""
"=""00187610118""";ALBERTO LENINE DE ALMEIDA QUEIROGA;PESSOA FISICA;IPVA;"=""2107470222241""";"=""20260000000438""";13682822;153;Efetivada;04/02/2026 15:13:50;09/02/2026 12:04:51;11/02/2026;1;R$ 139,44;R$ 258,08;R$ 139,44;EXPRESSO;-;"=""86123360159 - VERONICA ISSI SIMOES BASTOS"""
"=""00215566106""";RENATA DE PAULA TELES;PESSOA FISICA;IPVA;"=""2344877022285""";"=""20260000000946""";13712470;248;Efetivada;06/02/2026 14:20:48;09/02/2026 18:07:33;13/02/2026;1;R$ 356,28;R$ 604,87;R$ 356,28;EXPRESSO;-;"=""86123360159 - VERONICA ISSI SIMOES BASTOS"""
"=""00215566106""";RENATA DE PAULA TELES;PESSOA FISICA;IPVA;"=""2271506822250""";"=""20260000000945""";13712462;248;Efetivada;06/02/2026 14:20:48;09/02/2026 18:07:40;13/02/2026;1;R$ 311,07;R$ 568,65;R$ 311,07;EXPRESSO;-;"=""86123360159 - VERONICA ISSI SIMOES BASTOS"""
"=""00215722167""";MARCO ANTONIO DA COSTA GALHARDO;PESSOA FISICA;ICMS;"=""4011401236800""";"=""20260000005766""";14024969;1111;Efetivada;23/03/2026 13:20:31;31/03/2026 06:07:03;30/03/2026;145;R$ 925,57;R$ 271.531,20;R$ 134.208,00;EXPRESSO;-;"=""00001288130 - JOILSON JOSE DA SILVA"""
"=""00215722167""";MARCO ANTONIO DA COSTA GALHARDO;PESSOA FISICA;ICMS;"=""2061651500004""";"=""20260000005765""";14024950;1111;Efetivada;23/03/2026 13:20:31;31/03/2026 06:07:10;30/03/2026;82;R$ 302,74;R$ 51.337,05;R$ 24.824,49;EXPRESSO;-;"=""00001288130 - JOILSON JOSE DA SILVA"""
"=""00215722167""";MARCO ANTONIO DA COSTA GALHARDO;PESSOA FISICA;ICMS;"=""4011402369499""";"=""20260000005768""";14024985;1111;Efetivada;23/03/2026 13:20:31;31/03/2026 06:07:23;30/03/2026;80;R$ 301,11;R$ 48.107,46;R$ 24.089,00;EXPRESSO;-;"=""00001288130 - JOILSON JOSE DA SILVA"""
"=""00215722167""";MARCO ANTONIO DA COSTA GALHARDO;PESSOA FISICA;ICMS;"=""2085654200017""";"=""20260000005767""";14024977;1111;Efetivada;23/03/2026 13:20:31;31/03/2026 06:07:29;30/03/2026;145;R$ 643,01;R$ 191.497,03;R$ 93.236,00;EXPRESSO;-;"=""00001288130 - JOILSON JOSE DA SILVA"""
"=""00215722167""";MARCO ANTONIO DA COSTA GALHARDO;PESSOA FISICA;Pena Pecuniária;"=""4011403427905""";"=""20260000005764""";14024942;1111;Efetivada;23/03/2026 13:20:31;31/03/2026 06:07:16;30/03/2026;88;R$ 301,69;R$ 88.495,62;R$ 26.548,69;EXPRESSO;-;"=""00001288130 - JOILSON JOSE DA SILVA"""
"=""00218770170""";NEURA LIMA DE MORAIS;PESSOA FISICA;IPVA;"=""2378991222233""";"=""20260000005979""";14051060;1141;Efetivada;26/03/2026 00:45:52;27/03/2026 18:17:42;31/03/2026;6;R$ 309,04;R$ 3.124,90;R$ 1.854,23;EXPRESSO;-;"=""86123360159 - VERONICA ISSI SIMOES BASTOS"""
"=""00225403188""";RAFAEL VIEIRA DE QUEIROZ;PESSOA FISICA;IPVA;"=""2333865322216""";"=""20260000000061""";13659855;47;Efetivada;02/02/2026 16:35:42;09/02/2026 18:01:36;09/02/2026;6;R$ 331,15;R$ 3.297,96;R$ 1.986,92;EXPRESSO;-;"=""86123360159 - VERONICA ISSI SIMOES BASTOS"""
"=""00225403188""";RAFAEL VIEIRA DE QUEIROZ;PESSOA FISICA;IPVA;"=""2387063422242""";"=""20260000000062""";13659847;47;Efetivada;02/02/2026 16:35:42;09/02/2026 18:01:36;09/02/2026;1;R$ 266,07;R$ 445,20;R$ 266,07;EXPRESSO;-;"=""86123360159 - VERONICA ISSI SIMOES BASTOS"""
"=""00225403188""";RAFAEL VIEIRA DE QUEIROZ;PESSOA FISICA;IPVA;"=""2314179822276""";"=""20260000000060""";13659863;47;Efetivada;02/02/2026 16:35:42;09/02/2026 18:01:43;09/02/2026;1;R$ 222,33;R$ 403,96;R$ 222,33;EXPRESSO;-;"=""86123360159 - VERONICA ISSI SIMOES BASTOS"""
"=""00260175129""";ANDRE LUIS MARTINS TEIXEIRA;PESSOA FISICA;IPVA;"=""2350668322205""";"=""20260000002385""";13819976;568;Efetivada;20/02/2026 10:42:35;25/02/2026 06:05:28;27/02/2026;7;R$ 312,00;R$ 3.707,90;R$ 2.184,00;EXPRESSO;-;"=""70458480134 - RENATA VITORIA BONIFACIO E SOUZA"""
"=""00272571695""";BRUNO EDUARDO NEUMANN;PESSOA FISICA;IPVA;"=""2391482822272""";"=""20260000003388""";13862510;717;Efetivada;25/02/2026 13:50:36;25/02/2026 18:14:23;27/02/2026;5;R$ 330,17;R$ 2.740,16;R$ 1.650,86;EXPRESSO;-;"=""00001288130 - JOILSON JOSE DA SILVA"""
"=""00272571695""";BRUNO EDUARDO NEUMANN;PESSOA FISICA;IPVA;"=""2318893022201""";"=""20260000003387""";13862529;717;Efetivada;25/02/2026 13:50:36;25/02/2026 18:14:26;27/02/2026;4;R$ 317,38;R$ 2.297,65;R$ 1.269,53;EXPRESSO;-;"=""00001288130 - JOILSON JOSE DA SILVA"""
"=""00288610199""";ANDREIA SOARES DA CRUZ;PESSOA FISICA;IPVA;"=""2337760422299""";"=""20260000006279""";14105268;1184;Efetivada;07/04/2026 22:24:52;23/04/2026 09:39:05;14/04/2026;3;R$ 455,65;R$ 2.305,13;R$ 1.366,94;EXPRESSO;-;"=""70458480134 - RENATA VITORIA BONIFACIO E SOUZA"""
"=""00312646119""";ROBERTO EMMANUEL SOUZA DA SILVA;PESSOA FISICA;IPVA;"=""2380648922209""";"=""20260000004877""";13942930;968;Efetivada;09/03/2026 09:34:18;10/03/2026 12:08:00;16/03/2026;1;R$ 506,67;R$ 853,87;R$ 506,67;STT;"=""00828686114 - GEOVANA REZENDE ABDON FRAGOSO OLIVEIRA""";Não atribuído
"=""00312646119""";ROBERTO EMMANUEL SOUZA DA SILVA;PESSOA FISICA;IPVA;"=""2332519422277""";"=""20260000004876""";13942948;968;Efetivada;09/03/2026 09:34:18;10/03/2026 12:08:04;16/03/2026;1;R$ 407,52;R$ 747,71;R$ 407,52;STT;"=""00828686114 - GEOVANA REZENDE ABDON FRAGOSO OLIVEIRA""";Não atribuído
"=""00316271101""";LUCIMEIRE ALVES DE CARVALHO;PESSOA FISICA;IPVA;"=""2384429722290""";"=""20260000005359""";13986511;1055;Efetivada;16/03/2026 09:41:22;09/04/2026 12:50:59;23/03/2026;1;R$ 1.457,33;R$ 2.456,01;R$ 1.457,33;STT;"=""03447962135 - LUCAS CARDOSO FRANCO""";Não atribuído
"=""00354501186""";JHIONIFER JOSE RIBEIRO;PESSOA FISICA;IPVA;"=""2323907022277""";"=""20260000000091""";13659685;58;Efetivada;02/02/2026 17:30:59;10/02/2026 12:01:24;09/02/2026;3;R$ 328,26;R$ 1.782,25;R$ 984,77;EXPRESSO;-;"=""86123360159 - VERONICA ISSI SIMOES BASTOS"""
"=""00354501186""";JHIONIFER JOSE RIBEIRO;PESSOA FISICA;IPVA;"=""2334825022228""";"=""20260000000090""";13659677;58;Efetivada;02/02/2026 17:30:59;10/02/2026 12:01:25;09/02/2026;3;R$ 393,93;R$ 1.961,54;R$ 1.181,78;EXPRESSO;-;"=""86123360159 - VERONICA ISSI SIMOES BASTOS"""
"=""00354501186""";JHIONIFER JOSE RIBEIRO;PESSOA FISICA;IPVA;"=""2181571522223""";"=""20260000000089""";13659693;58;Efetivada;02/02/2026 17:30:59;10/02/2026 12:01:31;09/02/2026;3;R$ 340,70;R$ 1.888,58;R$ 1.022,10;EXPRESSO;-;"=""86123360159 - VERONICA ISSI SIMOES BASTOS"""
"=""00362703183""";MARCOS AURELIO CARNEIRO;PESSOA FISICA;IPVA;"=""2279613422200""";"=""20260000002064""";13794027;493;Efetivada;14/02/2026 07:29:17;18/02/2026 12:08:32;20/02/2026;1;R$ 101,16;R$ 184,92;R$ 101,16;EXPRESSO;-;"=""70458480134 - RENATA VITORIA BONIFACIO E SOUZA"""
"=""00365165115""";LAZARO FERREIRA ARANTES;PESSOA FISICA;ITCD;"=""3035302487424""";"=""20260000000813""";13757172;228;Efetivada;06/02/2026 10:47:04;12/02/2026 18:06:53;13/02/2026;1;R$ 28.668,84;R$ 84.512,45;R$ 28.668,84;EXPRESSO;-;"=""86123360159 - VERONICA ISSI SIMOES BASTOS"""
"=""00390239151""";PAULO ROBERTO DE SOUSA;PESSOA FISICA;IPVA;"=""2381555422220""";"=""20260000002282""";13811142;545;Efetivada;19/02/2026 13:12:05;19/02/2026 18:09:14;26/02/2026;2;R$ 371,94;R$ 1.244,71;R$ 743,88;EXPRESSO;-;"=""70458480134 - RENATA VITORIA BONIFACIO E SOUZA"""
"=""00425386104""";WARLISON DA SILVA ROCHA;PESSOA FISICA;IPVA;"=""2049777722201""";"=""20260000000313""";13682024;131;Efetivada;04/02/2026 10:53:43;06/02/2026 18:05:24;11/02/2026;1;R$ 1.437,82;R$ 2.704,76;R$ 1.437,82;EXPRESSO;-;"=""86123360159 - VERONICA ISSI SIMOES BASTOS"""
"=""00425386104""";WARLISON DA SILVA ROCHA;PESSOA FISICA;IPVA;"=""2185045422288""";"=""20260000000314""";13682032;131;Efetivada;04/02/2026 10:53:43;06/02/2026 18:05:30;11/02/2026;1;R$ 1.385,97;R$ 2.563,01;R$ 1.385,97;EXPRESSO;-;"=""86123360159 - VERONICA ISSI SIMOES BASTOS"""
"=""00451632192""";ALBERTO PAULA DE OLIVEIRA;PESSOA FISICA;IPVA;"=""2393596522290""";"=""20260000004076""";13931644;823;Efetivada;02/03/2026 16:12:31;10/03/2026 12:06:05;09/03/2026;1;R$ 1.139,76;R$ 1.905,48;R$ 1.139,76;EXPRESSO;-;"=""70458480134 - RENATA VITORIA BONIFACIO E SOUZA"""
"=""00453389147""";DENIZE DANIELE VENANCIO DE CASTRO;PESSOA FISICA;IPVA;"=""2351261122295""";"=""20260000005305""";13971034;1041;Efetivada;12/03/2026 11:45:40;12/03/2026 18:12:01;19/03/2026;2;R$ 333,39;R$ 1.140,04;R$ 666,78;STT;"=""03447962135 - LUCAS CARDOSO FRANCO""";Não atribuído
"=""00453389147""";DENIZE DANIELE VENANCIO DE CASTRO;PESSOA FISICA;IPVA;"=""2309073322206""";"=""20260000005304""";13971026;1041;Efetivada;12/03/2026 11:45:40;09/04/2026 12:50:58;19/03/2026;1;R$ 554,91;R$ 1.021,07;R$ 554,91;STT;"=""03447962135 - LUCAS CARDOSO FRANCO""";Não atribuído
"=""00453917186""";SILVIO GONCALVES DE OLIVEIRA;PESSOA FISICA;IPVA;"=""2095285422291""";"=""20260000000115""";13678817;70;Efetivada;02/02/2026 23:41:23;09/02/2026 12:03:40;09/02/2026;4;R$ 372,71;R$ 2.764,12;R$ 1.490,85;EXPRESSO;-;"=""86123360159 - VERONICA ISSI SIMOES BASTOS"""
"=""00453917186""";SILVIO GONCALVES DE OLIVEIRA;PESSOA FISICA;IPVA;"=""2301421622260""";"=""20260000000116""";13678825;70;Efetivada;02/02/2026 23:41:23;09/02/2026 12:03:40;09/02/2026;4;R$ 340,53;R$ 2.490,04;R$ 1.362,11;EXPRESSO;-;"=""86123360159 - VERONICA ISSI SIMOES BASTOS"""
"=""00453917186""";SILVIO GONCALVES DE OLIVEIRA;PESSOA FISICA;IPVA;"=""2032252622200""";"=""20260000000114""";13678809;70;Efetivada;02/02/2026 23:41:23;09/02/2026 12:03:46;09/02/2026;5;R$ 302,75;R$ 2.876,20;R$ 1.513,76;EXPRESSO;-;"=""86123360159 - VERONICA ISSI SIMOES BASTOS"""
"=""00453917186""";SILVIO GONCALVES DE OLIVEIRA;PESSOA FISICA;IPVA;"=""2366171622246""";"=""20260000000117""";13678833;70;Efetivada;02/02/2026 23:41:23;09/02/2026 12:03:47;09/02/2026;5;R$ 323,10;R$ 2.722,95;R$ 1.615,50;EXPRESSO;-;"=""86123360159 - VERONICA ISSI SIMOES BASTOS"""
"=""00489692141""";DANIELA AMARAL DE ASEVÊDO GALIOTTO;PESSOA FISICA;ICMS;"=""4012201141731""";"=""20260000000761""";13693638;215;Efetivada;06/02/2026 08:20:21;06/02/2026 12:08:24;13/02/2026;4;R$ 339,98;R$ 3.848,02;R$ 1.359,92;STT;"=""13670181709 - LARISSA BELTRAO DE CARVALHO""";Não atribuído
"=""00493652159""";FREDERICO DOS REIS LEÃO;PESSOA FISICA;ITCD;"=""4012101425819""";"=""20260000005780""";14023881;1115;Efetivada;23/03/2026 14:08:47;30/03/2026 12:02:05;30/03/2026;5;R$ 320,00;R$ 3.727,36;R$ 1.600,00;STT;"=""05276651183 - LUIZA HELENA LIMA ALVARENGA""";Não atribuído
"=""00493652159""";FREDERICO DOS REIS LEÃO;PESSOA FISICA;ITCD;"=""4012000410905""";"=""20260000005781""";14023890;1115;Efetivada;23/03/2026 14:08:47;01/04/2026 18:00:47;30/03/2026;1;R$ 443,32;R$ 1.477,73;R$ 443,32;STT;"=""05276651183 - LUIZA HELENA LIMA ALVARENGA""";Não atribuído
"=""00508716000102""";PONTES E OLIVEIRA LTDA;PESSOA JURIDICA;ICMS;"=""4011503679736""";"=""20260000010681""";14337487;1437;Efetivada;02/06/2026 15:49:41;08/06/2026 18:00:00;09/06/2026;120;R$ 1.103,73;R$ 252.104,37;R$ 132.448,00;STT;"=""00001288130 - JOILSON JOSE DA SILVA""";Não atribuído
"=""00508716000102""";PONTES E OLIVEIRA LTDA;PESSOA JURIDICA;ICMS;"=""2085599600080""";"=""20260000010682""";14337495;1437;Efetivada;02/06/2026 15:49:41;08/06/2026 18:00:00;09/06/2026;120;R$ 797,79;R$ 199.436,24;R$ 95.734,42;STT;"=""00001288130 - JOILSON JOSE DA SILVA""";Não atribuído
"=""00508716000102""";PONTES E OLIVEIRA LTDA;PESSOA JURIDICA;ICMS;"=""2096465200040""";"=""20260000010683""";14337509;1437;Efetivada;02/06/2026 15:49:41;08/06/2026 18:00:00;09/06/2026;120;R$ 1.186,79;R$ 285.480,22;R$ 142.414,24;STT;"=""00001288130 - JOILSON JOSE DA SILVA""";Não atribuído
"=""00508716000102""";PONTES E OLIVEIRA LTDA;PESSOA JURIDICA;ICMS;"=""2088587700062""";"=""20260000010684""";14337517;1437;Efetivada;02/06/2026 15:49:41;08/06/2026 18:00:00;09/06/2026;120;R$ 755,67;R$ 184.013,69;R$ 90.680,81;STT;"=""00001288130 - JOILSON JOSE DA SILVA""";Não atribuído
"=""00508716000102""";PONTES E OLIVEIRA LTDA;PESSOA JURIDICA;ICMS;"=""4011500841656""";"=""20260000010685""";14337525;1437;Efetivada;02/06/2026 15:49:41;08/06/2026 18:00:01;09/06/2026;120;R$ 823,62;R$ 195.636,62;R$ 98.834,56;STT;"=""00001288130 - JOILSON JOSE DA SILVA""";Não atribuído
"=""00508716000102""";PONTES E OLIVEIRA LTDA;PESSOA JURIDICA;ICMS;"=""4011501432423""";"=""20260000010686""";14337533;1437;Efetivada;02/06/2026 15:49:41;08/06/2026 18:00:01;09/06/2026;120;R$ 363,34;R$ 85.286,94;R$ 43.600,50;STT;"=""00001288130 - JOILSON JOSE DA SILVA""";Não atribuído
"=""00508716000102""";PONTES E OLIVEIRA LTDA;PESSOA JURIDICA;ICMS;"=""4011400644557""";"=""20260000010687""";14337541;1437;Efetivada;02/06/2026 15:49:41;08/06/2026 18:00:01;09/06/2026;120;R$ 770,87;R$ 191.310,78;R$ 92.503,96;STT;"=""00001288130 - JOILSON JOSE DA SILVA""";Não atribuído
"=""00508716000102""";PONTES E OLIVEIRA LTDA;PESSOA JURIDICA;ICMS;"=""2087316600039""";"=""20260000010688""";14337550;1437;Efetivada;02/06/2026 15:49:41;09/06/2026 12:00:00;09/06/2026;119;R$ 300,10;R$ 72.860,32;R$ 35.712,35;STT;"=""00001288130 - JOILSON JOSE DA SILVA""";Não atribuído
"=""00508716000102""";PONTES E OLIVEIRA LTDA;PESSOA JURIDICA;ICMS;"=""4011502442783""";"=""20260000010689""";14337568;1437;Efetivada;02/06/2026 15:49:41;09/06/2026 12:00:00;09/06/2026;120;R$ 1.141,25;R$ 265.497,52;R$ 136.950,00;STT;"=""00001288130 - JOILSON JOSE DA SILVA""";Não atribuído
"=""00517375150""";FABIO DA SILVA LOPES;PESSOA FISICA;IPVA;"=""2367731422270""";"=""20260000000068""";13660047;50;Efetivada;02/02/2026 16:40:07;04/02/2026 18:03:08;09/02/2026;1;R$ 1.182,72;R$ 1.993,49;R$ 1.182,72;EXPRESSO;-;"=""86123360159 - VERONICA ISSI SIMOES BASTOS"""
"=""00517393131""";WIDNEY MARTINS DO CARMO;PESSOA FISICA;IPVA;"=""2360350622276""";"=""20260000003012""";13848950;673;Efetivada;24/02/2026 12:34:25;24/02/2026 18:12:50;27/02/2026;3;R$ 348,55;R$ 1.762,46;R$ 1.045,65;EXPRESSO;-;Não atribuído
"=""00517393131""";WIDNEY MARTINS DO CARMO;PESSOA FISICA;IPVA;"=""2304342322241""";"=""20260000003011""";13848941;673;Efetivada;24/02/2026 12:34:25;24/02/2026 18:12:56;27/02/2026;2;R$ 420,51;R$ 1.537,42;R$ 841,01;EXPRESSO;-;Não atribuído
"=""00519151119""";LILIANE PEREIRA BUENO;PESSOA FISICA;IPVA;"=""2353128222221""";"=""20260000005935""";14032163;1131;Efetivada;24/03/2026 10:12:10;30/03/2026 18:08:39;31/03/2026;5;R$ 353,66;R$ 3.001,70;R$ 1.768,29;EXPRESSO;-;"=""70458480134 - RENATA VITORIA BONIFACIO E SOUZA"""
"=""00520155130""";ARY KENNIS RODRIGUES DA SILVA;PESSOA FISICA;IPVA;"=""2268735422209""";"=""20260000004928""";13947028;983;Efetivada;09/03/2026 14:43:03;16/03/2026 18:04:09;16/03/2026;4;R$ 307,12;R$ 2.260,46;R$ 1.228,46;STT;"=""04364786179 - SARAH BADI CARVALHO""";Não atribuído
"=""00520155130""";ARY KENNIS RODRIGUES DA SILVA;PESSOA FISICA;IPVA;"=""2355151022248""";"=""20260000004929""";13947036;983;Efetivada;09/03/2026 14:43:03;17/03/2026 06:03:51;16/03/2026;4;R$ 340,61;R$ 2.312,78;R$ 1.362,45;STT;"=""04364786179 - SARAH BADI CARVALHO""";Não atribuído
"=""00521415195""";ARIELLY ROSA NEVES;PESSOA FISICA;IPVA;"=""2348180022282""";"=""20260000005268""";13966820;1036;Efetivada;11/03/2026 17:05:40;18/03/2026 12:05:24;18/03/2026;5;R$ 304,94;R$ 2.606,89;R$ 1.524,72;EXPRESSO;-;"=""70458480134 - RENATA VITORIA BONIFACIO E SOUZA"""
"=""00526031131""";ROGERIO DIAS MARQUES;PESSOA FISICA;IPVA;"=""2321907522206""";"=""20260000001727""";13775278;418;Efetivada;12/02/2026 13:13:20;13/02/2026 18:10:57;19/02/2026;1;R$ 128,19;R$ 232,01;R$ 128,19;EXPRESSO;-;"=""70458480134 - RENATA VITORIA BONIFACIO E SOUZA"""
"=""00577163159""";WINDSON PEREIRA DE OLIVEIRA;PESSOA FISICA;IPVA;"=""2042651122283""";"=""20260000007913""";14290669;1339;Efetivada;25/05/2026 13:34:55;27/05/2026 06:06:53;29/05/2026;1;R$ 86,73;R$ 167,41;R$ 86,73;EXPRESSO;-;"=""00001288130 - JOILSON JOSE DA SILVA"""
"=""00577163159""";WINDSON PEREIRA DE OLIVEIRA;PESSOA FISICA;IPVA;"=""2309996822236""";"=""20260000007914""";14290685;1339;Efetivada;25/05/2026 13:34:55;27/05/2026 06:07:27;29/05/2026;1;R$ 83,61;R$ 155,70;R$ 83,61;EXPRESSO;-;"=""00001288130 - JOILSON JOSE DA SILVA"""
"=""00577163159""";WINDSON PEREIRA DE OLIVEIRA;PESSOA FISICA;IPVA;"=""2382593022283""";"=""20260000007915""";14290677;1339;Efetivada;25/05/2026 13:34:55;27/05/2026 06:07:33;29/05/2026;1;R$ 94,20;R$ 161,35;R$ 94,20;EXPRESSO;-;"=""00001288130 - JOILSON JOSE DA SILVA"""
"=""00600541150""";EDINEI MATIAS DA SILVA ;PESSOA FISICA;ICMS;"=""4011701481002""";"=""20260000000145""";13695495;87;Efetivada;03/02/2026 11:42:52;06/02/2026 18:08:22;10/02/2026;145;R$ 786,91;R$ 372.837,72;R$ 114.101,40;EXPRESSO;-;"=""86123360159 - VERONICA ISSI SIMOES BASTOS"""
"=""00604732155""";MARIA HELENA PEIXOTO DE SOUSA CASTRO;PESSOA FISICA;IPVA;"=""2351798722287""";"=""20260000000031""";13658905;35;Efetivada;02/02/2026 15:15:15;23/04/2026 18:01:53;09/02/2026;4;R$ 360,49;R$ 2.430,43;R$ 1.441,95;EXPRESSO;-;"=""86123360159 - VERONICA ISSI SIMOES BASTOS"""
"=""00709437102""";VITOR FRANZINI;PESSOA FISICA;IPVA;"=""2296115222268""";"=""20260000004886""";13943340;970;Efetivada;09/03/2026 10:04:17;09/03/2026 12:12:41;16/03/2026;1;R$ 158,01;R$ 289,91;R$ 158,01;STT;"=""03279141141 - VANESSA FRANCO DE OLIVEIRA""";Não atribuído
"=""00709437102""";VITOR FRANZINI;PESSOA FISICA;IPVA;"=""2382212722241""";"=""20260000004887""";13943359;970;Efetivada;09/03/2026 10:04:17;09/03/2026 12:12:43;16/03/2026;1;R$ 202,05;R$ 340,51;R$ 202,05;STT;"=""03279141141 - VANESSA FRANCO DE OLIVEIRA""";Não atribuído
"=""00737029781""";SANDRO ALMADA COSTA;PESSOA FISICA;IPVA;"=""2318279122295""";"=""20260000004149""";13902997;841;Efetivada;03/03/2026 10:25:18;11/03/2026 12:00:26;10/03/2026;11;R$ 316,62;R$ 6.345,04;R$ 3.482,78;STT;"=""70458480134 - RENATA VITORIA BONIFACIO E SOUZA""";Não atribuído
"=""00737029781""";SANDRO ALMADA COSTA;PESSOA FISICA;IPVA;"=""2391761622229""";"=""20260000004150""";13902989;841;Efetivada;03/03/2026 10:25:18;11/03/2026 12:00:26;10/03/2026;15;R$ 301,40;R$ 7.558,39;R$ 4.521,01;STT;"=""70458480134 - RENATA VITORIA BONIFACIO E SOUZA""";Não atribuído
"=""00740391135""";ARCEU MORAIS LEITE;PESSOA FISICA;ICMS;"=""4011902198863""";"=""20260000001746""";13767100;426;Efetivada;12/02/2026 14:53:12;19/02/2026 06:03:00;19/02/2026;1;R$ 255,00;R$ 794,26;R$ 255,00;EXPRESSO;-;Não atribuído
"=""00744195101""";TARLEYS MILHOMEM DOS SANTOS;PESSOA FISICA;IPVA;"=""2049143722259""";"=""20260000002232""";13805096;534;Efetivada;18/02/2026 22:13:08;25/02/2026 18:01:10;25/02/2026;1;R$ 278,04;R$ 523,03;R$ 278,04;EXPRESSO;-;"=""70458480134 - RENATA VITORIA BONIFACIO E SOUZA"""
"=""00744195101""";TARLEYS MILHOMEM DOS SANTOS;PESSOA FISICA;IPVA;"=""2183797522263""";"=""20260000002233""";13805100;534;Efetivada;18/02/2026 22:13:08;25/02/2026 18:01:16;25/02/2026;1;R$ 264,37;R$ 488,88;R$ 264,37;EXPRESSO;-;"=""70458480134 - RENATA VITORIA BONIFACIO E SOUZA"""
"=""00744195101""";TARLEYS MILHOMEM DOS SANTOS;PESSOA FISICA;IPVA;"=""2299449022288""";"=""20260000002234""";13805118;534;Efetivada;18/02/2026 22:13:08;25/02/2026 18:01:17;25/02/2026;1;R$ 126,30;R$ 230,89;R$ 126,30;EXPRESSO;-;"=""70458480134 - RENATA VITORIA BONIFACIO E SOUZA"""
"=""00744195101""";TARLEYS MILHOMEM DOS SANTOS;PESSOA FISICA;IPVA;"=""2322778322263""";"=""20260000002235""";13805126;534;Efetivada;18/02/2026 22:13:08;25/02/2026 18:01:23;25/02/2026;1;R$ 260,87;R$ 472,12;R$ 260,87;EXPRESSO;-;"=""70458480134 - RENATA VITORIA BONIFACIO E SOUZA"""
"=""00744195101""";TARLEYS MILHOMEM DOS SANTOS;PESSOA FISICA;IPVA;"=""2395531522284""";"=""20260000002236""";13805134;534;Efetivada;18/02/2026 22:13:08;25/02/2026 18:01:23;25/02/2026;1;R$ 288,98;R$ 479,64;R$ 288,98;EXPRESSO;-;"=""70458480134 - RENATA VITORIA BONIFACIO E SOUZA"""
"=""00749564000121""";ANDERSON PIVETA LTDA;PESSOA JURIDICA;ICMS;"=""4012200686009""";"=""20260000002177""";13801821;518;Efetivada;18/02/2026 14:26:37;19/02/2026 18:05:31;25/02/2026;145;R$ 301,15;R$ 134.447,90;R$ 43.666,10;STT;"=""00001288130 - JOILSON JOSE DA SILVA""";"=""86123360159 - VERONICA ISSI SIMOES BASTOS"""
"=""00749564000121""";ANDERSON PIVETA LTDA;PESSOA JURIDICA;Pena Pecuniária;"=""4012200553807""";"=""20260000002178""";13801848;518;Efetivada;18/02/2026 14:26:37;19/02/2026 18:05:37;25/02/2026;5;R$ 305,11;R$ 5.085,12;R$ 1.525,54;STT;"=""00001288130 - JOILSON JOSE DA SILVA""";"=""86123360159 - VERONICA ISSI SIMOES BASTOS"""
"=""00749564000121""";ANDERSON PIVETA LTDA;PESSOA JURIDICA;Pena Pecuniária;"=""4012200687080""";"=""20260000002179""";13801830;518;Efetivada;18/02/2026 14:26:37;19/02/2026 18:05:38;25/02/2026;17;R$ 317,29;R$ 17.979,71;R$ 5.393,91;STT;"=""00001288130 - JOILSON JOSE DA SILVA""";"=""86123360159 - VERONICA ISSI SIMOES BASTOS"""
"=""00749564000121""";ANDERSON PIVETA LTDA;PESSOA JURIDICA;Pena Pecuniária;"=""4012200672644""";"=""20260000002180""";13801856;518;Efetivada;18/02/2026 14:26:37;19/02/2026 18:05:43;25/02/2026;9;R$ 303,63;R$ 9.108,83;R$ 2.732,65;STT;"=""00001288130 - JOILSON JOSE DA SILVA""";"=""86123360159 - VERONICA ISSI SIMOES BASTOS"""
"=""00758173148""";DANIEL PEREIRA DA SILVA JACOB;PESSOA FISICA;IPVA;"=""2387076822236""";"=""20260000003912""";13885090;786;Efetivada;27/02/2026 16:50:17;28/02/2026 06:09:17;27/02/2026;3;R$ 325,73;R$ 1.635,10;R$ 977,18;EXPRESSO;-;"=""00001288130 - JOILSON JOSE DA SILVA"""
"=""00758173148""";DANIEL PEREIRA DA SILVA JACOB;PESSOA FISICA;IPVA;"=""2313557422282""";"=""20260000007012""";14264587;1300;Efetivada;15/05/2026 09:59:25;18/05/2026 18:02:37;22/05/2026;2;R$ 429,75;R$ 1.595,67;R$ 859,50;EXPRESSO;-;"=""00001288130 - JOILSON JOSE DA SILVA"""
"=""00774712104""";WASHINGTON TEIXEIRA SILVA;PESSOA FISICA;IPVA;"=""2348355322212""";"=""20260000003443""";13870092;732;Efetivada;25/02/2026 16:15:23;27/02/2026 18:06:29;27/02/2026;1;R$ 1.667,44;R$ 2.830,91;R$ 1.667,44;EXPRESSO;-;"=""70458480134 - RENATA VITORIA BONIFACIO E SOUZA"""
"=""00776311107""";RAFAEL MONTEIRO DE LIMA;PESSOA FISICA;IPVA;"=""2380545922249""";"=""20260000004947""";13948059;986;Efetivada;09/03/2026 15:51:30;09/04/2026 12:50:56;16/03/2026;1;R$ 977,18;R$ 1.646,82;R$ 977,18;EXPRESSO;-;Não atribuído
"=""00816506124""";SUEILA MATIAS SOUZA;PESSOA FISICA;IPVA;"=""2062242822224""";"=""20260000000086""";13660128;57;Efetivada;02/02/2026 17:15:02;05/02/2026 18:02:55;09/02/2026;1;R$ 126,93;R$ 235,33;R$ 126,93;EXPRESSO;-;"=""86123360159 - VERONICA ISSI SIMOES BASTOS"""
"=""00816506124""";SUEILA MATIAS SOUZA;PESSOA FISICA;IPVA;"=""2284177722228""";"=""20260000000087""";13660136;57;Efetivada;02/02/2026 17:15:02;05/02/2026 18:03:01;09/02/2026;1;R$ 124,92;R$ 228,35;R$ 124,92;EXPRESSO;-;"=""86123360159 - VERONICA ISSI SIMOES BASTOS"""
"=""00816506124""";SUEILA MATIAS SOUZA;PESSOA FISICA;IPVA;"=""2344907822292""";"=""20260000000088""";13660152;57;Efetivada;02/02/2026 17:15:02;05/02/2026 18:03:02;09/02/2026;1;R$ 157,77;R$ 267,84;R$ 157,77;EXPRESSO;-;"=""86123360159 - VERONICA ISSI SIMOES BASTOS"""
"=""00838421105""";EDUARDO TAVEIRA LEAL;PESSOA FISICA;IPVA;"=""2267389222229""";"=""20260000001793""";13775529;440;Efetivada;13/02/2026 07:06:41;13/02/2026 18:11:10;20/02/2026;1;R$ 390,39;R$ 713,66;R$ 390,39;EXPRESSO;-;"=""86123360159 - VERONICA ISSI SIMOES BASTOS"""
"=""00838421105""";EDUARDO TAVEIRA LEAL;PESSOA FISICA;IPVA;"=""2343072522295""";"=""20260000001794""";13775537;440;Efetivada;13/02/2026 07:06:41;13/02/2026 18:11:10;20/02/2026;1;R$ 480,39;R$ 815,59;R$ 480,39;EXPRESSO;-;"=""86123360159 - VERONICA ISSI SIMOES BASTOS"""
"=""00844443123""";JULIANA FERREIRA DOS SANTOS;PESSOA FISICA;IPVA;"=""2272978322259""";"=""20260000000291""";13659650;127;Efetivada;04/02/2026 09:00:27;04/02/2026 12:02:47;11/02/2026;1;R$ 333,57;R$ 609,78;R$ 333,57;STT;"=""13670181709 - LARISSA BELTRAO DE CARVALHO""";Não atribuído
"=""00844443123""";JULIANA FERREIRA DOS SANTOS;PESSOA FISICA;IPVA;"=""2029174922255""";"=""20260000000292""";13659634;127;Efetivada;04/02/2026 09:00:27;04/02/2026 12:02:48;11/02/2026;1;R$ 394,08;R$ 750,63;R$ 394,08;STT;"=""13670181709 - LARISSA BELTRAO DE CARVALHO""";Não atribuído
"=""00844443123""";JULIANA FERREIRA DOS SANTOS;PESSOA FISICA;IPVA;"=""2072003522294""";"=""20260000000290""";13659642;127;Efetivada;04/02/2026 09:00:27;04/02/2026 12:02:54;11/02/2026;1;R$ 374,01;R$ 693,43;R$ 374,01;STT;"=""13670181709 - LARISSA BELTRAO DE CARVALHO""";Não atribuído
"=""00852242190""";MARIA DE SOUZA ARES;PESSOA FISICA;ICMS;"=""4011801642725""";"=""20260000006328""";14114690;1191;Efetivada;09/04/2026 09:22:53;15/04/2026 18:03:16;16/04/2026;145;R$ 452,98;R$ 218.940,29;R$ 65.682,09;STT;"=""03447962135 - LUCAS CARDOSO FRANCO""";Não atribuído
"=""00914416000115""";PAULOMAQ PRODUTOS AGROPECUÁRIOS LTDA.;PESSOA JURIDICA;ICMS;"=""4011303473069""";"=""20260000006817""";14210134;1263;Efetivada;04/05/2026 14:34:19;06/05/2026 12:03:21;11/05/2026;1;R$ 37.844,52;R$ 79.851,36;R$ 37.844,52;STT;"=""70458480134 - RENATA VITORIA BONIFACIO E SOUZA""";Não atribuído
"=""00918101166""";RAFAEL ALCANTARA DOS SANTOS ;PESSOA FISICA;IPVA;"=""2308773222222""";"=""20260000004091""";13898159;828;Efetivada;02/03/2026 16:58:11;03/03/2026 06:07:50;09/03/2026;2;R$ 381,70;R$ 1.404,68;R$ 763,39;EXPRESSO;-;Não atribuído
"=""00918101166""";RAFAEL ALCANTARA DOS SANTOS ;PESSOA FISICA;IPVA;"=""2345257322221""";"=""20260000004092""";13898167;828;Efetivada;02/03/2026 16:58:11;03/03/2026 06:07:51;09/03/2026;2;R$ 443,01;R$ 1.514,87;R$ 886,02;EXPRESSO;-;Não atribuído
"=""00920562108""";DAIANY TAVARES BARBOSA;PESSOA FISICA;IPVA;"=""2350992222270""";"=""20260000006891""";14227525;1279;Efetivada;07/05/2026 15:53:11;08/05/2026 06:02:17;14/05/2026;1;R$ 1.163,07;R$ 2.020,66;R$ 1.163,07;STT;"=""86123360159 - VERONICA ISSI SIMOES BASTOS""";Não atribuído
"=""00924967170""";RICARDO SALES DE OLIVEIRA;PESSOA FISICA;IPVA;"=""2181388622281""";"=""20260000003709""";13880187;765;Efetivada;27/02/2026 11:51:01;28/02/2026 06:05:54;27/02/2026;1;R$ 923,84;R$ 1.708,42;R$ 923,84;STT;"=""86123360159 - VERONICA ISSI SIMOES BASTOS""";Não atribuído
"=""00924967170""";RICARDO SALES DE OLIVEIRA;PESSOA FISICA;IPVA;"=""2317955522220""";"=""20260000003710""";13880179;765;Efetivada;27/02/2026 11:51:01;28/02/2026 06:05:59;27/02/2026;1;R$ 878,75;R$ 1.590,39;R$ 878,75;STT;"=""86123360159 - VERONICA ISSI SIMOES BASTOS""";Não atribuído
"=""00924967170""";RICARDO SALES DE OLIVEIRA;PESSOA FISICA;IPVA;"=""2390591722211""";"=""20260000003711""";13880195;765;Efetivada;27/02/2026 11:51:01;28/02/2026 06:06:00;27/02/2026;1;R$ 1.185,56;R$ 1.967,84;R$ 1.185,56;STT;"=""86123360159 - VERONICA ISSI SIMOES BASTOS""";Não atribuído
"=""00935676180""";ABRAAO ALCANTARA DE SOUSA;PESSOA FISICA;IPVA;"=""2324170622239""";"=""20260000001588""";13776215;382;Efetivada;11/02/2026 13:25:57;19/02/2026 06:04:42;18/02/2026;6;R$ 305,94;R$ 3.322,15;R$ 1.835,61;STT;"=""13670181709 - LARISSA BELTRAO DE CARVALHO""";"=""70458480134 - RENATA VITORIA BONIFACIO E SOUZA"""
"=""00935676180""";ABRAAO ALCANTARA DE SOUSA;PESSOA FISICA;IPVA;"=""2335088222295""";"=""20260000001589""";13776223;382;Efetivada;11/02/2026 13:25:57;19/02/2026 06:04:42;18/02/2026;8;R$ 330,29;R$ 4.385,78;R$ 2.642,29;STT;"=""13670181709 - LARISSA BELTRAO DE CARVALHO""";"=""70458480134 - RENATA VITORIA BONIFACIO E SOUZA"""
"=""00935676180""";ABRAAO ALCANTARA DE SOUSA;PESSOA FISICA;IPVA;"=""2279861222243""";"=""20260000001625""";13776398;392;Efetivada;11/02/2026 17:23:26;19/02/2026 06:04:48;18/02/2026;1;R$ 137,67;R$ 251,66;R$ 137,67;EXPRESSO;-;"=""70458480134 - RENATA VITORIA BONIFACIO E SOUZA"""
"=""00935676180""";ABRAAO ALCANTARA DE SOUSA;PESSOA FISICA;IPVA;"=""2348258322220""";"=""20260000001626""";13776380;392;Efetivada;11/02/2026 17:23:26;19/02/2026 06:04:49;18/02/2026;1;R$ 175,98;R$ 298,78;R$ 175,98;EXPRESSO;-;"=""70458480134 - RENATA VITORIA BONIFACIO E SOUZA"""
"=""00943227160""";WENDERSON PEREIRA GOMES;PESSOA FISICA;IPVA;"=""2313860022260""";"=""20260000002172""";13830660;517;Efetivada;18/02/2026 13:50:41;23/02/2026 18:09:08;25/02/2026;1;R$ 98,34;R$ 178,68;R$ 98,34;EXPRESSO;-;"=""70458480134 - RENATA VITORIA BONIFACIO E SOUZA"""
"=""00943227160""";WENDERSON PEREIRA GOMES;PESSOA FISICA;IPVA;"=""2386683322203""";"=""20260000002173""";13830651;517;Efetivada;18/02/2026 13:50:41;23/02/2026 18:09:14;25/02/2026;1;R$ 127,02;R$ 212,53;R$ 127,02;EXPRESSO;-;"=""70458480134 - RENATA VITORIA BONIFACIO E SOUZA"""
"=""00966743180""";LUCAS MARRA REZENDE;PESSOA FISICA;IPVA;"=""2370833122283""";"=""20260000003203""";13860895;709;Efetivada;25/02/2026 11:54:35;25/02/2026 18:11:18;27/02/2026;9;R$ 302,01;R$ 4.548,12;R$ 2.718,10;EXPRESSO;-;"=""70458480134 - RENATA VITORIA BONIFACIO E SOUZA"""
"=""01045977390""";LEADSON ALVES DE SOUSA;PESSOA FISICA;IPVA;"=""2363452522291""";"=""20260000001084""";13712624;268;Efetivada;07/02/2026 09:02:05;09/02/2026 12:10:09;13/02/2026;1;R$ 518,10;R$ 873,26;R$ 518,10;EXPRESSO;-;"=""86123360159 - VERONICA ISSI SIMOES BASTOS"""
"=""01045977390""";LEADSON ALVES DE SOUSA;PESSOA FISICA;IPVA;"=""2309257322276""";"=""20260000001083""";13712616;268;Efetivada;07/02/2026 09:02:05;09/02/2026 18:07:59;13/02/2026;1;R$ 409,20;R$ 748,05;R$ 409,20;EXPRESSO;-;"=""86123360159 - VERONICA ISSI SIMOES BASTOS"""
"=""01077566174""";CIBELLE DE OLIVEIRA XAVIER;PESSOA FISICA;IPVA;"=""2360585022236""";"=""20260000002406""";13821075;570;Efetivada;20/02/2026 11:53:25;28/02/2026 12:01:11;27/02/2026;1;R$ 320,27;R$ 539,81;R$ 320,27;STT;"=""70458480134 - RENATA VITORIA BONIFACIO E SOUZA""";Não atribuído
"=""01077566174""";CIBELLE DE OLIVEIRA XAVIER;PESSOA FISICA;IPVA;"=""2291342022293""";"=""20260000004269""";13905112;849;Efetivada;03/03/2026 13:14:13;09/04/2026 12:50:53;10/03/2026;1;R$ 260,27;R$ 478,90;R$ 260,27;STT;"=""00001288130 - JOILSON JOSE DA SILVA""";Não atribuído
"=""01125643137""";NARCELOS BORGES GUERREIRO;PESSOA FISICA;ICMS;"=""4012401060107""";"=""20250000000014""";13368486;13;Efetivada;03/12/2025 16:11:26;;10/12/2025;145;R$ 2.243,73;R$ 725.949,66;R$ 325.340,32;STT;"=""13670181709 - LARISSA BELTRAO DE CARVALHO""";Não atribuído
"=""01129119190""";FERNANDO FRANCO DE CARVALHO MARQUES;PESSOA FISICA;IPVA;"=""2348743522200""";"=""20260000005651""";14016575;1104;Efetivada;20/03/2026 13:38:39;28/03/2026 12:01:04;27/03/2026;2;R$ 339,24;R$ 1.160,02;R$ 678,48;EXPRESSO;-;"=""70458480134 - RENATA VITORIA BONIFACIO E SOUZA"""
"=""01129119190""";FERNANDO FRANCO DE CARVALHO MARQUES;PESSOA FISICA;IPVA;"=""2291247322250""";"=""20260000005650""";14016567;1104;Efetivada;20/03/2026 13:38:39;01/04/2026 18:00:19;27/03/2026;1;R$ 462,45;R$ 850,94;R$ 462,45;EXPRESSO;-;"=""70458480134 - RENATA VITORIA BONIFACIO E SOUZA"""
"=""01178069192""";WANDERSON OLIVEIRA DA SILVA;PESSOA FISICA;IPVA;"=""2336520622287""";"=""20260000000025""";13627759;31;Efetivada;02/02/2026 15:04:46;02/02/2026 18:00:13;09/02/2026;1;R$ 1.848,15;R$ 3.067,63;R$ 1.848,15;EXPRESSO;-;"=""00001288130 - JOILSON JOSE DA SILVA"""
"=""01212903102""";SAARAH CANDIDO NASCIMENTO;PESSOA FISICA;IPVA;"=""2390180422265""";"=""20260000004990""";13949365;996;Efetivada;09/03/2026 19:34:08;23/04/2026 18:32:27;16/03/2026;1;R$ 643,35;R$ 1.075,58;R$ 643,35;EXPRESSO;-;"=""70458480134 - RENATA VITORIA BONIFACIO E SOUZA"""
"=""01243831146""";RENATA KIKUDA SANTOS;PESSOA FISICA;IPVA;"=""2379820222229""";"=""20260000001855""";13772597;444;Efetivada;13/02/2026 08:13:44;21/02/2026 12:01:18;20/02/2026;1;R$ 2.394,66;R$ 4.006,92;R$ 2.394,66;STT;"=""13670181709 - LARISSA BELTRAO DE CARVALHO""";Não atribuído
"=""01253549000150""";RESTAURANTE E LANCHONETE DAIAG LTDA;PESSOA JURIDICA;Pena Pecuniária;"=""4011900004000""";"=""20260000004935""";13958445;984;Efetivada;09/03/2026 14:51:08;11/03/2026 18:10:17;16/03/2026;38;R$ 302,45;R$ 38.310,82;R$ 11.493,25;EXPRESSO;-;"=""70458480134 - RENATA VITORIA BONIFACIO E SOUZA"""
"=""01253549000150""";RESTAURANTE E LANCHONETE DAIAG LTDA;PESSOA JURIDICA;Pena Pecuniária;"=""4011900004344""";"=""20260000004932""";13958461;984;Efetivada;09/03/2026 14:51:08;12/03/2026 12:08:25;16/03/2026;4;R$ 303,19;R$ 4.042,55;R$ 1.212,76;EXPRESSO;-;"=""70458480134 - RENATA VITORIA BONIFACIO E SOUZA"""
"=""01253549000150""";RESTAURANTE E LANCHONETE DAIAG LTDA;PESSOA JURIDICA;Pena Pecuniária;"=""4011802957843""";"=""20260000004933""";13958470;984;Efetivada;09/03/2026 14:51:08;09/04/2026 12:50:56;16/03/2026;1;R$ 323,41;R$ 1.078,03;R$ 323,41;EXPRESSO;-;"=""70458480134 - RENATA VITORIA BONIFACIO E SOUZA"""
"=""01253549000150""";RESTAURANTE E LANCHONETE DAIAG LTDA;PESSOA JURIDICA;Pena Pecuniária;"=""4011803050620""";"=""20260000004934""";13958437;984;Efetivada;09/03/2026 14:51:08;09/04/2026 12:50:56;16/03/2026;1;R$ 447,64;R$ 1.492,12;R$ 447,64;EXPRESSO;-;"=""70458480134 - RENATA VITORIA BONIFACIO E SOUZA"""
"=""01258140110""";RAFAEL JAIME COIMBRA SANTOS;PESSOA FISICA;IPVA;"=""2350284622253""";"=""20260000002669""";13834517;614;Efetivada;23/02/2026 10:07:39;24/02/2026 06:09:39;27/02/2026;3;R$ 333,26;R$ 1.697,40;R$ 999,79;STT;"=""70458480134 - RENATA VITORIA BONIFACIO E SOUZA""";Não atribuído
"=""01258140110""";RAFAEL JAIME COIMBRA SANTOS;PESSOA FISICA;IPVA;"=""2293947722207""";"=""20260000003123""";13859021;694;Efetivada;24/02/2026 20:23:36;26/02/2026 12:07:51;27/02/2026;1;R$ 820,31;R$ 1.499,58;R$ 820,31;EXPRESSO;-;"=""70458480134 - RENATA VITORIA BONIFACIO E SOUZA"""
"=""01258865190""";DJAVAN DOS SANTOS MENDES;PESSOA FISICA;IPVA;"=""2370067722289""";"=""20260000001543""";13869523;373;Efetivada;11/02/2026 11:35:09;26/02/2026 12:11:49;27/02/2026;1;R$ 1.164,15;R$ 1.962,20;R$ 1.164,15;EXPRESSO;-;"=""86123360159 - VERONICA ISSI SIMOES BASTOS"""
"=""01272084108""";DEUSAMAR MARTINS;PESSOA FISICA;ICMS;"=""4012200771200""";"=""20260000003589""";13871080;743;Efetivada;26/02/2026 11:39:00;26/02/2026 18:11:41;27/02/2026;1;R$ 1.171,18;R$ 3.414,44;R$ 1.171,18;STT;"=""03447962135 - LUCAS CARDOSO FRANCO""";Não atribuído
"=""01305012127""";CARLUCIA CRISTINA DE CARVALHO;PESSOA FISICA;IPVA;"=""2374721522215""";"=""20260000006177""";14062836;1159;Efetivada;29/03/2026 12:57:18;09/04/2026 12:51:03;31/03/2026;1;R$ 334,43;R$ 563,60;R$ 334,43;EXPRESSO;-;"=""86123360159 - VERONICA ISSI SIMOES BASTOS"""
"=""01326271164""";REMILSON LISBOA JUNIOR;PESSOA FISICA;IPVA;"=""2361228622214""";"=""20260000000453""";13683284;156;Efetivada;04/02/2026 15:38:07;05/02/2026 18:09:04;11/02/2026;7;R$ 328,22;R$ 3.872,56;R$ 2.297,55;EXPRESSO;-;"=""86123360159 - VERONICA ISSI SIMOES BASTOS"""
"=""01328475158""";JULDSON QUEIROZ ROCHA;PESSOA FISICA;ICMS;"=""4011802616779""";"=""20260000000517""";13757083;170;Efetivada;04/02/2026 20:14:33;12/02/2026 06:07:29;11/02/2026;24;R$ 308,21;R$ 23.606,84;R$ 7.397,11;EXPRESSO;-;"=""86123360159 - VERONICA ISSI SIMOES BASTOS"""
"=""01328475158""";JULDSON QUEIROZ ROCHA;PESSOA FISICA;ICMS;"=""4011802612862""";"=""20260000000518""";13757091;170;Efetivada;04/02/2026 20:14:33;12/02/2026 06:07:41;11/02/2026;88;R$ 300,41;R$ 88.121,39;R$ 26.436,42;EXPRESSO;-;"=""86123360159 - VERONICA ISSI SIMOES BASTOS"""
"=""01362592196""";JALLES BARBOSA DE OLIVEIRA;PESSOA FISICA;IPVA;"=""2395252922235""";"=""20260000004641""";13925148;919;Efetivada;05/03/2026 11:57:24;09/03/2026 06:06:35;12/03/2026;3;R$ 341,75;R$ 1.714,05;R$ 1.025,25;EXPRESSO;-;"=""70458480134 - RENATA VITORIA BONIFACIO E SOUZA"""
"=""01381630146""";GILMAR RIBEIRO;PESSOA FISICA;IPVA;"=""2303324022284""";"=""20260000002368""";13818708;563;Efetivada;20/02/2026 08:47:51;28/02/2026 12:00:57;27/02/2026;1;R$ 390,39;R$ 711,60;R$ 390,39;EXPRESSO;-;"=""70458480134 - RENATA VITORIA BONIFACIO E SOUZA"""
"=""01381630146""";GILMAR RIBEIRO;PESSOA FISICA;IPVA;"=""2379172822232""";"=""20260000002369""";13818694;563;Efetivada;20/02/2026 08:47:51;28/02/2026 12:00:58;27/02/2026;1;R$ 480,39;R$ 803,83;R$ 480,39;EXPRESSO;-;"=""70458480134 - RENATA VITORIA BONIFACIO E SOUZA"""
"=""01404993185""";GUSTAVO JOSE PAGNONCELLI FRANCO ZANATTA;PESSOA FISICA;IPVA;"=""2337219522234""";"=""20260000000901""";13711989;240;Efetivada;06/02/2026 12:01:05;09/02/2026 12:09:10;13/02/2026;1;R$ 1.431,98;R$ 2.376,85;R$ 1.431,98;EXPRESSO;-;"=""86123360159 - VERONICA ISSI SIMOES BASTOS"""
"=""01404993185""";GUSTAVO JOSE PAGNONCELLI FRANCO ZANATTA;PESSOA FISICA;IPVA;"=""2325465522276""";"=""20260000000900""";13711997;240;Efetivada;06/02/2026 12:01:05;09/02/2026 12:09:17;13/02/2026;1;R$ 1.229,17;R$ 2.224,59;R$ 1.229,17;EXPRESSO;-;"=""86123360159 - VERONICA ISSI SIMOES BASTOS"""
"=""01406448141""";RAQUEL BRITO FERREIRA DE AZEVEDO;PESSOA FISICA;IPVA;"=""2373232422295""";"=""20260000003961""";13891049;800;Efetivada;02/03/2026 08:52:35;09/03/2026 12:00:00;09/03/2026;3;R$ 324,89;R$ 1.642,61;R$ 974,68;EXPRESSO;-;"=""70458480134 - RENATA VITORIA BONIFACIO E SOUZA"""
"=""01407897152""";JOAO GERALDO CHAVES NETTO;PESSOA FISICA;IPVA;"=""2373998122209""";"=""20260000004109""";13900650;833;Efetivada;03/03/2026 00:38:12;06/03/2026 12:01:24;10/03/2026;2;R$ 577,77;R$ 1.947,40;R$ 1.155,54;EXPRESSO;-;"=""70458480134 - RENATA VITORIA BONIFACIO E SOUZA"""
"=""01438959150""";GLEICYANE DA CONCEICAO FERREIRA;PESSOA FISICA;IPVA;"=""2333933422209""";"=""20260000001871""";13773704;450;Efetivada;13/02/2026 09:20:12;13/02/2026 12:10:12;20/02/2026;6;R$ 334,14;R$ 3.327,70;R$ 2.004,83;STT;"=""03447962135 - LUCAS CARDOSO FRANCO""";Não atribuído
"=""01438959150""";GLEICYANE DA CONCEICAO FERREIRA;PESSOA FISICA;IPVA;"=""2327146022221""";"=""20260000005494""";13996657;1075;Efetivada;17/03/2026 14:15:15;17/03/2026 18:11:09;24/03/2026;5;R$ 329,77;R$ 3.003,92;R$ 1.648,84;STT;"=""04364786179 - SARAH BADI CARVALHO""";Não atribuído
"=""01449073000128""";SARICO MATERIAIS PARA CONSTRUCAO LTDA;PESSOA JURIDICA;ICMS;"=""2228142000055""";"=""20260000003144""";13857568;699;Efetivada;25/02/2026 09:40:42;28/02/2026 06:03:06;27/02/2026;120;R$ 361,91;R$ 67.128,12;R$ 43.429,00;EXPRESSO;-;Não atribuído
"=""01449073000128""";SARICO MATERIAIS PARA CONSTRUCAO LTDA;PESSOA JURIDICA;ICMS;"=""2096459700060""";"=""20260000003148""";13857584;699;Efetivada;25/02/2026 09:40:42;28/02/2026 06:03:12;27/02/2026;120;R$ 309,56;R$ 72.952,08;R$ 37.147,61;EXPRESSO;-;Não atribuído
"=""01449073000128""";SARICO MATERIAIS PARA CONSTRUCAO LTDA;PESSOA JURIDICA;ICMS;"=""2088747300059""";"=""20260000003147""";13857576;699;Efetivada;25/02/2026 09:40:42;28/02/2026 06:03:13;27/02/2026;120;R$ 771,13;R$ 183.809,49;R$ 92.535,08;EXPRESSO;-;Não atribuído
"=""01449073000128""";SARICO MATERIAIS PARA CONSTRUCAO LTDA;PESSOA JURIDICA;ICMS;"=""2085590800086""";"=""20260000003151""";13857592;699;Efetivada;25/02/2026 09:40:42;28/02/2026 06:03:18;27/02/2026;79;R$ 300,47;R$ 48.347,18;R$ 23.737,49;EXPRESSO;-;Não atribuído
"=""01449073000128""";SARICO MATERIAIS PARA CONSTRUCAO LTDA;PESSOA JURIDICA;ICMS;"=""4012101564002""";"=""20260000003155""";13857606;699;Efetivada;25/02/2026 09:40:42;28/02/2026 06:03:20;27/02/2026;120;R$ 680,59;R$ 124.663,00;R$ 81.670,31;EXPRESSO;-;Não atribuído
"=""01449073000128""";SARICO MATERIAIS PARA CONSTRUCAO LTDA;PESSOA JURIDICA;ICMS;"=""2228151100008""";"=""20260000003154""";13857649;699;Efetivada;25/02/2026 09:40:42;28/02/2026 06:03:25;27/02/2026;120;R$ 661,60;R$ 123.875,17;R$ 79.392,00;EXPRESSO;-;Não atribuído
"=""01449073000128""";SARICO MATERIAIS PARA CONSTRUCAO LTDA;PESSOA JURIDICA;ICMS;"=""4012000733747""";"=""20260000003146""";13857630;699;Efetivada;25/02/2026 09:40:42;28/02/2026 06:03:26;27/02/2026;58;R$ 301,39;R$ 27.335,98;R$ 17.480,48;EXPRESSO;-;Não atribuído
"=""01449073000128""";SARICO MATERIAIS PARA CONSTRUCAO LTDA;PESSOA JURIDICA;ICMS;"=""2227662700029""";"=""20260000003143""";13857614;699;Efetivada;25/02/2026 09:40:42;28/02/2026 06:03:31;27/02/2026;80;R$ 300,24;R$ 38.058,11;R$ 24.019,00;EXPRESSO;-;Não atribuído
"=""01449073000128""";SARICO MATERIAIS PARA CONSTRUCAO LTDA;PESSOA JURIDICA;ICMS;"=""2228074700000""";"=""20260000003145""";13857622;699;Efetivada;25/02/2026 09:40:42;28/02/2026 06:03:33;27/02/2026;120;R$ 409,94;R$ 77.234,86;R$ 49.193,00;EXPRESSO;-;Não atribuído
"=""01449073000128""";SARICO MATERIAIS PARA CONSTRUCAO LTDA;PESSOA JURIDICA;ICMS;"=""2088747400002""";"=""20260000003150""";13857673;699;Efetivada;25/02/2026 09:40:42;28/02/2026 06:03:38;27/02/2026;69;R$ 301,15;R$ 41.810,50;R$ 20.779,54;EXPRESSO;-;Não atribuído
"=""01449073000128""";SARICO MATERIAIS PARA CONSTRUCAO LTDA;PESSOA JURIDICA;ICMS;"=""4011400646924""";"=""20260000003149""";13857690;699;Efetivada;25/02/2026 09:40:42;28/02/2026 06:03:40;27/02/2026;120;R$ 322,39;R$ 78.319,94;R$ 38.686,43;EXPRESSO;-;Não atribuído
"=""01449073000128""";SARICO MATERIAIS PARA CONSTRUCAO LTDA;PESSOA JURIDICA;ICMS;"=""2227760300041""";"=""20260000003152""";13857681;699;Efetivada;25/02/2026 09:40:42;28/02/2026 06:03:45;27/02/2026;105;R$ 300,10;R$ 49.784,22;R$ 31.511,00;EXPRESSO;-;Não atribuído
"=""01449073000128""";SARICO MATERIAIS PARA CONSTRUCAO LTDA;PESSOA JURIDICA;ICMS;"=""4012200154503""";"=""20260000003158""";13857665;699;Efetivada;25/02/2026 09:40:42;28/02/2026 06:03:46;27/02/2026;109;R$ 302,17;R$ 49.784,26;R$ 32.936,75;EXPRESSO;-;Não atribuído
"=""01449073000128""";SARICO MATERIAIS PARA CONSTRUCAO LTDA;PESSOA JURIDICA;ICMS;"=""4012100897024""";"=""20260000003157""";13857657;699;Efetivada;25/02/2026 09:40:42;28/02/2026 06:03:51;27/02/2026;81;R$ 303,17;R$ 37.733,69;R$ 24.556,94;EXPRESSO;-;Não atribuído
"=""01449073000128""";SARICO MATERIAIS PARA CONSTRUCAO LTDA;PESSOA JURIDICA;ICMS;"=""4012100546310""";"=""20260000003153""";13857703;699;Efetivada;25/02/2026 09:40:42;28/02/2026 06:03:53;27/02/2026;49;R$ 301,86;R$ 22.773,08;R$ 14.791,00;EXPRESSO;-;Não atribuído
"=""01449073000128""";SARICO MATERIAIS PARA CONSTRUCAO LTDA;PESSOA JURIDICA;ICMS;"=""4012100381729""";"=""20260000003156""";13857711;699;Efetivada;25/02/2026 09:40:42;28/02/2026 06:03:58;27/02/2026;28;R$ 309,24;R$ 13.351,91;R$ 8.658,83;EXPRESSO;-;Não atribuído
"=""01450095135""";DEBORA CRISTINA PEREIRA ROCHA;PESSOA FISICA;IPVA;"=""2319350322261""";"=""20260000004141""";13904019;838;Efetivada;03/03/2026 10:10:44;03/03/2026 18:06:31;10/03/2026;1;R$ 95,22;R$ 173,46;R$ 95,22;EXPRESSO;-;"=""70458480134 - RENATA VITORIA BONIFACIO E SOUZA"""
"=""01485824192""";HELOA FERNANDES SIQUEIRA;PESSOA FISICA;IPVA;"=""2344745022253""";"=""20260000004826""";13942433;956;Efetivada;07/03/2026 08:47:20;10/03/2026 12:07:11;13/03/2026;1;R$ 534,57;R$ 913,98;R$ 534,57;EXPRESSO;-;"=""70458480134 - RENATA VITORIA BONIFACIO E SOUZA"""
"=""01485840716""";RENATO DE CASTRO PIMENTEL;PESSOA FISICA;IPVA;"=""2272777322251""";"=""20260000006535""";14154285;1215;Efetivada;17/04/2026 11:23:18;18/04/2026 06:03:42;27/04/2026;2;R$ 444,02;R$ 1.646,94;R$ 888,03;EXPRESSO;-;"=""70458480134 - RENATA VITORIA BONIFACIO E SOUZA"""
"=""01485840716""";RENATO DE CASTRO PIMENTEL;PESSOA FISICA;IPVA;"=""2317976522246""";"=""20260000006536""";14154293;1215;Efetivada;17/04/2026 11:23:18;18/04/2026 06:03:49;27/04/2026;4;R$ 359,03;R$ 2.637,19;R$ 1.436,10;EXPRESSO;-;"=""70458480134 - RENATA VITORIA BONIFACIO E SOUZA"""
"=""01485840716""";RENATO DE CASTRO PIMENTEL;PESSOA FISICA;IPVA;"=""2391088222202""";"=""20260000006537""";14154307;1215;Efetivada;17/04/2026 11:23:18;18/04/2026 06:03:56;27/04/2026;5;R$ 348,30;R$ 2.936,79;R$ 1.741,50;EXPRESSO;-;"=""70458480134 - RENATA VITORIA BONIFACIO E SOUZA"""
"=""01488660182""";JORGE ANTONIO DA SILVA;PESSOA FISICA;ITCD;"=""4012100970988""";"=""20260000005952""";14033089;1133;Efetivada;24/03/2026 14:58:41;01/04/2026 18:06:50;31/03/2026;1;R$ 607,70;R$ 2.025,66;R$ 607,70;STT;"=""03279141141 - VANESSA FRANCO DE OLIVEIRA""";Não atribuído
"=""01496413000171""";JOSE PAULO RESENDE,;PESSOA JURIDICA;ICMS;"=""4011601035612""";"=""20260000003113""";13859595;690;Efetivada;24/02/2026 18:30:13;27/02/2026 18:05:26;27/02/2026;23;R$ 303,59;R$ 12.665,18;R$ 6.982,68;EXPRESSO;-;"=""70458480134 - RENATA VITORIA BONIFACIO E SOUZA"""
"=""01506507107""";POLIANA ALMEIDA SOARES;PESSOA FISICA;IPVA;"=""2335735022251""";"=""20260000001469""";13771884;363;Efetivada;11/02/2026 09:29:09;18/02/2026 12:05:03;18/02/2026;1;R$ 480,39;R$ 797,37;R$ 480,39;EXPRESSO;-;"=""86123360159 - VERONICA ISSI SIMOES BASTOS"""
"=""01506507107""";POLIANA ALMEIDA SOARES;PESSOA FISICA;IPVA;"=""2324489022232""";"=""20260000001468""";13771892;363;Efetivada;11/02/2026 09:29:09;18/02/2026 12:05:08;18/02/2026;1;R$ 390,39;R$ 706,55;R$ 390,39;EXPRESSO;-;"=""86123360159 - VERONICA ISSI SIMOES BASTOS"""
"=""01515226182""";CESAR AUGUSTO CHICAROLI SILVEIRA;PESSOA FISICA;IPVA;"=""2100060422286""";"=""20260000000128""";13679023;78;Efetivada;03/02/2026 09:55:20;05/02/2026 18:06:16;10/02/2026;6;R$ 326,64;R$ 3.633,64;R$ 1.959,83;EXPRESSO;-;"=""86123360159 - VERONICA ISSI SIMOES BASTOS"""
"=""01515226182""";CESAR AUGUSTO CHICAROLI SILVEIRA;PESSOA FISICA;IPVA;"=""2308699922220""";"=""20260000000129""";13679031;78;Efetivada;03/02/2026 09:55:20;05/02/2026 18:06:16;10/02/2026;6;R$ 311,09;R$ 3.412,17;R$ 1.866,53;EXPRESSO;-;"=""86123360159 - VERONICA ISSI SIMOES BASTOS"""
"=""01515226182""";CESAR AUGUSTO CHICAROLI SILVEIRA;PESSOA FISICA;IPVA;"=""2350887222230""";"=""20260000000130""";13679040;78;Efetivada;03/02/2026 09:55:20;05/02/2026 18:06:22;10/02/2026;7;R$ 314,14;R$ 3.733,37;R$ 2.199,00;EXPRESSO;-;"=""86123360159 - VERONICA ISSI SIMOES BASTOS"""
"=""01534080000128""";NOVO MUNDO S.A.;PESSOA JURIDICA;ICMS;"=""2000528966600""";"=""20260000007448""";14285576;1316;Efetivada;22/05/2026 16:07:08;28/05/2026 06:03:15;29/05/2026;6;R$ 336,73;R$ 2.967,99;R$ 2.020,37;STT;"=""86123360159 - VERONICA ISSI SIMOES BASTOS""";Não atribuído
"=""01534080000128""";NOVO MUNDO S.A.;PESSOA JURIDICA;ICMS;"=""2006577766643""";"=""20260000007449""";14285568;1316;Efetivada;22/05/2026 16:07:08;28/05/2026 06:03:21;29/05/2026;1;R$ 373,33;R$ 493,82;R$ 373,33;STT;"=""86123360159 - VERONICA ISSI SIMOES BASTOS""";Não atribuído
"=""01534080000128""";NOVO MUNDO S.A.;PESSOA JURIDICA;ICMS;"=""4022400009296""";"=""20260000007444""";14285592;1316;Efetivada;22/05/2026 16:07:08;28/05/2026 06:03:28;29/05/2026;39;R$ 301,18;R$ 15.228,10;R$ 11.745,91;STT;"=""86123360159 - VERONICA ISSI SIMOES BASTOS""";Não atribuído
"=""01534080000128""";NOVO MUNDO S.A.;PESSOA JURIDICA;ICMS;"=""2000528566696""";"=""20260000007445""";14285606;1316;Efetivada;22/05/2026 16:07:08;28/05/2026 06:03:35;29/05/2026;12;R$ 310,33;R$ 5.662,32;R$ 3.723,95;STT;"=""86123360159 - VERONICA ISSI SIMOES BASTOS""";Não atribuído
"=""01534080000128""";NOVO MUNDO S.A.;PESSOA JURIDICA;ICMS;"=""2000528866657""";"=""20260000007447""";14285584;1316;Efetivada;22/05/2026 16:07:08;28/05/2026 06:03:41;29/05/2026;3;R$ 325,60;R$ 1.445,12;R$ 976,80;STT;"=""86123360159 - VERONICA ISSI SIMOES BASTOS""";Não atribuído
"=""01534080000128""";NOVO MUNDO S.A.;PESSOA JURIDICA;ICMS;"=""2000528766601""";"=""20260000007446""";14285614;1316;Efetivada;22/05/2026 16:07:08;28/05/2026 06:03:55;29/05/2026;3;R$ 324,48;R$ 1.460,00;R$ 973,43;STT;"=""86123360159 - VERONICA ISSI SIMOES BASTOS""";Não atribuído
"=""01534080000390""";NOVO MUNDO S.A;PESSOA JURIDICA;ICMS;"=""4022400004227""";"=""20260000009551""";14306883;1401;Efetivada;27/05/2026 18:56:04;28/05/2026 18:00:15;29/05/2026;145;R$ 569,37;R$ 107.135,98;R$ 82.558,00;STT;"=""86123360159 - VERONICA ISSI SIMOES BASTOS""";Não atribuído
"=""01534080000390""";NOVO MUNDO S.A;PESSOA JURIDICA;ICMS;"=""2000001366654""";"=""20260000009553""";14306840;1401;Efetivada;27/05/2026 18:56:04;28/05/2026 18:00:15;29/05/2026;55;R$ 303,70;R$ 24.537,80;R$ 16.703,30;STT;"=""86123360159 - VERONICA ISSI SIMOES BASTOS""";Não atribuído
"=""01534080000390""";NOVO MUNDO S.A;PESSOA JURIDICA;ICMS;"=""2000001566661""";"=""20260000009555""";14306921;1401;Efetivada;27/05/2026 18:56:04;28/05/2026 18:00:15;29/05/2026;33;R$ 302,85;R$ 14.469,24;R$ 9.993,97;STT;"=""86123360159 - VERONICA ISSI SIMOES BASTOS""";Não atribuído
"=""01534080000390""";NOVO MUNDO S.A;PESSOA JURIDICA;ICMS;"=""2003917266604""";"=""20260000009557""";14306859;1401;Efetivada;27/05/2026 18:56:04;28/05/2026 18:00:15;29/05/2026;41;R$ 307,19;R$ 17.821,88;R$ 12.594,63;STT;"=""86123360159 - VERONICA ISSI SIMOES BASTOS""";Não atribuído
"=""01534080000390""";NOVO MUNDO S.A;PESSOA JURIDICA;ICMS;"=""2005898366609""";"=""20260000009559""";14306867;1401;Efetivada;27/05/2026 18:56:04;28/05/2026 18:00:15;29/05/2026;43;R$ 303,89;R$ 17.667,37;R$ 13.067,20;STT;"=""86123360159 - VERONICA ISSI SIMOES BASTOS""";Não atribuído
"=""01534080000390""";NOVO MUNDO S.A;PESSOA JURIDICA;ICMS;"=""2006222666609""";"=""20260000009560""";14306875;1401;Efetivada;27/05/2026 18:56:04;28/05/2026 18:00:15;29/05/2026;25;R$ 302,17;R$ 10.097,53;R$ 7.554,19;STT;"=""86123360159 - VERONICA ISSI SIMOES BASTOS""";Não atribuído
"=""01534080000390""";NOVO MUNDO S.A;PESSOA JURIDICA;ICMS;"=""4022300062748""";"=""20260000009550""";14306891;1401;Efetivada;27/05/2026 18:56:04;28/05/2026 18:00:16;29/05/2026;55;R$ 304,43;R$ 22.340,14;R$ 16.743,52;STT;"=""86123360159 - VERONICA ISSI SIMOES BASTOS""";Não atribuído
"=""01534080000390""";NOVO MUNDO S.A;PESSOA JURIDICA;ICMS;"=""2000001266609""";"=""20260000009552""";14306905;1401;Efetivada;27/05/2026 18:56:04;28/05/2026 18:00:16;29/05/2026;62;R$ 304,04;R$ 28.094,42;R$ 18.850,27;STT;"=""86123360159 - VERONICA ISSI SIMOES BASTOS""";Não atribuído
"=""01534080000390""";NOVO MUNDO S.A;PESSOA JURIDICA;ICMS;"=""2000001466608""";"=""20260000009554""";14306913;1401;Efetivada;27/05/2026 18:56:04;28/05/2026 18:00:16;29/05/2026;77;R$ 303,68;R$ 34.115,24;R$ 23.383,27;STT;"=""86123360159 - VERONICA ISSI SIMOES BASTOS""";Não atribuído
"=""01534080000390""";NOVO MUNDO S.A;PESSOA JURIDICA;ICMS;"=""2000001666615""";"=""20260000009556""";14306930;1401;Efetivada;27/05/2026 18:56:04;28/05/2026 18:00:16;29/05/2026;34;R$ 307,12;R$ 15.019,26;R$ 10.442,24;STT;"=""86123360159 - VERONICA ISSI SIMOES BASTOS""";Não atribuído
"=""01534080000390""";NOVO MUNDO S.A;PESSOA JURIDICA;ICMS;"=""2004781866689""";"=""20260000009558""";14306948;1401;Efetivada;27/05/2026 18:56:04;29/05/2026 12:00:19;29/05/2026;6;R$ 305,67;R$ 2.528,99;R$ 1.834,04;STT;"=""86123360159 - VERONICA ISSI SIMOES BASTOS""";Não atribuído
"=""01534080000390""";NOVO MUNDO S.A;PESSOA JURIDICA;ICMS;"=""2006532566661""";"=""20260000009561""";14306956;1401;Efetivada;27/05/2026 18:56:04;29/05/2026 12:00:19;29/05/2026;26;R$ 305,52;R$ 10.507,42;R$ 7.943,57;STT;"=""86123360159 - VERONICA ISSI SIMOES BASTOS""";Não atribuído
"=""01534080000985""";NOVO MUNDO S.A;PESSOA JURIDICA;ICMS;"=""4022300062829""";"=""20260000007480""";14285789;1318;Efetivada;22/05/2026 16:45:18;28/05/2026 06:04:01;29/05/2026;145;R$ 636,67;R$ 122.581,06;R$ 92.317,40;STT;"=""86123360159 - VERONICA ISSI SIMOES BASTOS""";Não atribuído
"=""01534080000985""";NOVO MUNDO S.A;PESSOA JURIDICA;ICMS;"=""2000037566645""";"=""20260000007481""";14285770;1318;Efetivada;22/05/2026 16:45:18;28/05/2026 06:04:08;29/05/2026;6;R$ 323,88;R$ 2.914,61;R$ 1.943,25;STT;"=""86123360159 - VERONICA ISSI SIMOES BASTOS""";Não atribuído
"=""01534080001523""";NOVO MUNDO S.A.;PESSOA JURIDICA;ICMS;"=""2005041566604""";"=""20260000007492""";14285843;1319;Efetivada;22/05/2026 16:47:54;28/05/2026 06:04:14;29/05/2026;7;R$ 308,08;R$ 2.973,70;R$ 2.156,55;STT;"=""86123360159 - VERONICA ISSI SIMOES BASTOS""";Não atribuído
"=""01534080001523""";NOVO MUNDO S.A.;PESSOA JURIDICA;ICMS;"=""4022400004308""";"=""20260000007484""";14285851;1319;Efetivada;22/05/2026 16:47:54;28/05/2026 06:04:21;29/05/2026;145;R$ 406,61;R$ 76.444,14;R$ 58.958,02;STT;"=""86123360159 - VERONICA ISSI SIMOES BASTOS""";Não atribuído
"=""01534080001523""";NOVO MUNDO S.A.;PESSOA JURIDICA;ICMS;"=""2003605566661""";"=""20260000007488""";14285827;1319;Efetivada;22/05/2026 16:47:54;28/05/2026 06:04:28;29/05/2026;7;R$ 331,28;R$ 3.309,52;R$ 2.318,97;STT;"=""86123360159 - VERONICA ISSI SIMOES BASTOS""";Não atribuído
"=""01534080001523""";NOVO MUNDO S.A.;PESSOA JURIDICA;ICMS;"=""2000027166695""";"=""20260000007487""";14285819;1319;Efetivada;22/05/2026 16:47:54;28/05/2026 06:04:35;29/05/2026;15;R$ 315,10;R$ 6.798,27;R$ 4.726,55;STT;"=""86123360159 - VERONICA ISSI SIMOES BASTOS""";Não atribuído
"=""01534080001523""";NOVO MUNDO S.A.;PESSOA JURIDICA;ICMS;"=""2004641466696""";"=""20260000007491""";14285835;1319;Efetivada;22/05/2026 16:47:54;28/05/2026 06:04:42;29/05/2026;7;R$ 334,86;R$ 3.261,99;R$ 2.344,00;STT;"=""86123360159 - VERONICA ISSI SIMOES BASTOS""";Não atribuído
"=""01534080001523""";NOVO MUNDO S.A.;PESSOA JURIDICA;ICMS;"=""2005819566677""";"=""20260000007493""";14285886;1319;Efetivada;22/05/2026 16:47:54;28/05/2026 06:04:48;29/05/2026;16;R$ 302,06;R$ 6.534,37;R$ 4.832,98;STT;"=""86123360159 - VERONICA ISSI SIMOES BASTOS""";Não atribuído
"=""01534080001523""";NOVO MUNDO S.A.;PESSOA JURIDICA;ICMS;"=""2003986566689""";"=""20260000007489""";14285878;1319;Efetivada;22/05/2026 16:47:54;28/05/2026 06:04:55;29/05/2026;11;R$ 305,03;R$ 4.747,91;R$ 3.355,33;STT;"=""86123360159 - VERONICA ISSI SIMOES BASTOS""";Não atribuído
"=""01534080001523""";NOVO MUNDO S.A.;PESSOA JURIDICA;ICMS;"=""2000027066631""";"=""20260000007486""";14285860;1319;Efetivada;22/05/2026 16:47:54;28/05/2026 06:05:02;29/05/2026;26;R$ 311,14;R$ 11.712,14;R$ 8.089,63;STT;"=""86123360159 - VERONICA ISSI SIMOES BASTOS""";Não atribuído
"=""01534080001523""";NOVO MUNDO S.A.;PESSOA JURIDICA;ICMS;"=""2004288166683""";"=""20260000007490""";14285894;1319;Efetivada;22/05/2026 16:47:54;28/05/2026 06:05:09;29/05/2026;12;R$ 300,54;R$ 5.060,48;R$ 3.606,51;STT;"=""86123360159 - VERONICA ISSI SIMOES BASTOS""";Não atribuído
"=""01534080001523""";NOVO MUNDO S.A.;PESSOA JURIDICA;ICMS;"=""2000026966680""";"=""20260000007485""";14285908;1319;Efetivada;22/05/2026 16:47:54;28/05/2026 06:05:16;29/05/2026;49;R$ 304,64;R$ 21.778,39;R$ 14.927,36;STT;"=""86123360159 - VERONICA ISSI SIMOES BASTOS""";Não atribuído
"=""01534080002252""";NOVO MUNDO S.A;PESSOA JURIDICA;ICMS;"=""4022300062900""";"=""20260000009574""";14306964;1402;Efetivada;27/05/2026 18:59:16;29/05/2026 12:00:20;29/05/2026;45;R$ 302,12;R$ 18.193,67;R$ 13.595,57;STT;"=""86123360159 - VERONICA ISSI SIMOES BASTOS""";Não atribuído
"=""01534080002252""";NOVO MUNDO S.A;PESSOA JURIDICA;ICMS;"=""2000039866603""";"=""20260000009577""";14307022;1402;Efetivada;27/05/2026 18:59:16;29/05/2026 12:00:20;29/05/2026;24;R$ 300,21;R$ 10.659,71;R$ 7.205,05;STT;"=""86123360159 - VERONICA ISSI SIMOES BASTOS""";Não atribuído
"=""01534080002252""";NOVO MUNDO S.A;PESSOA JURIDICA;ICMS;"=""2000039966659""";"=""20260000009578""";14307030;1402;Efetivada;27/05/2026 18:59:16;29/05/2026 12:00:20;29/05/2026;41;R$ 302,95;R$ 18.247,12;R$ 12.421,14;STT;"=""86123360159 - VERONICA ISSI SIMOES BASTOS""";Não atribuído
"=""01534080002252""";NOVO MUNDO S.A;PESSOA JURIDICA;ICMS;"=""2004780666627""";"=""20260000009585""";14307014;1402;Efetivada;27/05/2026 18:59:16;29/05/2026 12:00:20;29/05/2026;11;R$ 307,94;R$ 4.670,92;R$ 3.387,38;STT;"=""86123360159 - VERONICA ISSI SIMOES BASTOS""";Não atribuído
"=""01534080002252""";NOVO MUNDO S.A;PESSOA JURIDICA;ICMS;"=""4022400004499""";"=""20260000009575""";14307049;1402;Efetivada;27/05/2026 18:59:16;29/05/2026 12:00:21;29/05/2026;145;R$ 354,27;R$ 66.698,41;R$ 51.368,72;STT;"=""86123360159 - VERONICA ISSI SIMOES BASTOS""";Não atribuído
"=""01534080002252""";NOVO MUNDO S.A;PESSOA JURIDICA;ICMS;"=""2000039766641""";"=""20260000009576""";14307057;1402;Efetivada;27/05/2026 18:59:16;29/05/2026 12:00:21;29/05/2026;37;R$ 307,31;R$ 16.946,59;R$ 11.370,51;STT;"=""86123360159 - VERONICA ISSI SIMOES BASTOS""";Não atribuído
"=""01534080002252""";NOVO MUNDO S.A;PESSOA JURIDICA;ICMS;"=""2000040166644""";"=""20260000009580""";14307065;1402;Efetivada;27/05/2026 18:59:16;29/05/2026 12:00:22;29/05/2026;21;R$ 302,55;R$ 9.198,55;R$ 6.353,48;STT;"=""86123360159 - VERONICA ISSI SIMOES BASTOS""";Não atribuído
"=""01534080002252""";NOVO MUNDO S.A;PESSOA JURIDICA;ICMS;"=""2000040266606""";"=""20260000009581""";14306972;1402;Efetivada;27/05/2026 18:59:16;29/05/2026 12:00:22;29/05/2026;31;R$ 300,03;R$ 13.377,74;R$ 9.300,96;STT;"=""86123360159 - VERONICA ISSI SIMOES BASTOS""";Não atribuído
"=""01534080002252""";NOVO MUNDO S.A;PESSOA JURIDICA;ICMS;"=""2003583666693""";"=""20260000009582""";14306980;1402;Efetivada;27/05/2026 18:59:16;29/05/2026 12:00:22;29/05/2026;10;R$ 313,88;R$ 4.479,49;R$ 3.138,76;STT;"=""86123360159 - VERONICA ISSI SIMOES BASTOS""";Não atribuído
"=""01534080002252""";NOVO MUNDO S.A;PESSOA JURIDICA;ICMS;"=""2003997466605""";"=""20260000009583""";14306999;1402;Efetivada;27/05/2026 18:59:16;29/05/2026 12:00:22;29/05/2026;8;R$ 323,00;R$ 3.656,42;R$ 2.583,99;STT;"=""86123360159 - VERONICA ISSI SIMOES BASTOS""";Não atribuído
"=""01534080002252""";NOVO MUNDO S.A;PESSOA JURIDICA;ICMS;"=""2004304166638""";"=""20260000009584""";14307006;1402;Efetivada;27/05/2026 18:59:16;29/05/2026 12:00:22;29/05/2026;9;R$ 300,52;R$ 3.795,02;R$ 2.704,64;STT;"=""86123360159 - VERONICA ISSI SIMOES BASTOS""";Não atribuído
"=""01534080002252""";NOVO MUNDO S.A;PESSOA JURIDICA;ICMS;"=""2000040066690""";"=""20260000009579""";14307090;1402;Efetivada;27/05/2026 18:59:16;29/05/2026 12:00:23;29/05/2026;41;R$ 306,93;R$ 18.359,94;R$ 12.584,28;STT;"=""86123360159 - VERONICA ISSI SIMOES BASTOS""";Não atribuído
"=""01534080002252""";NOVO MUNDO S.A;PESSOA JURIDICA;ICMS;"=""2005104666678""";"=""20260000009586""";14307073;1402;Efetivada;27/05/2026 18:59:16;29/05/2026 12:00:23;29/05/2026;1;R$ 317,85;R$ 433,93;R$ 317,85;STT;"=""86123360159 - VERONICA ISSI SIMOES BASTOS""";Não atribuído
"=""01534080002252""";NOVO MUNDO S.A;PESSOA JURIDICA;ICMS;"=""2006019166656""";"=""20260000009587""";14307081;1402;Efetivada;27/05/2026 18:59:16;29/05/2026 12:00:23;29/05/2026;30;R$ 300,95;R$ 12.206,97;R$ 9.028,57;STT;"=""86123360159 - VERONICA ISSI SIMOES BASTOS""";Não atribuído
"=""01534080002252""";NOVO MUNDO S.A;PESSOA JURIDICA;ICMS;"=""2006196066689""";"=""20260000009588""";14307103;1402;Efetivada;27/05/2026 18:59:16;29/05/2026 12:00:23;29/05/2026;30;R$ 301,94;R$ 12.108,01;R$ 9.058,28;STT;"=""86123360159 - VERONICA ISSI SIMOES BASTOS""";Não atribuído
"=""01534080002252""";NOVO MUNDO S.A;PESSOA JURIDICA;ICMS;"=""2006531066649""";"=""20260000009589""";14307111;1402;Efetivada;27/05/2026 18:59:16;29/05/2026 12:00:24;29/05/2026;12;R$ 323,71;R$ 5.138,26;R$ 3.884,51;STT;"=""86123360159 - VERONICA ISSI SIMOES BASTOS""";Não atribuído
"=""01534080002503""";NOVO MUNDO S.A;PESSOA JURIDICA;ICMS;"=""4022300063124""";"=""20260000009606""";14307189;1403;Efetivada;27/05/2026 19:06:30;29/05/2026 12:00:24;29/05/2026;51;R$ 301,24;R$ 20.543,68;R$ 15.363,49;STT;"=""86123360159 - VERONICA ISSI SIMOES BASTOS""";Não atribuído
"=""01534080002503""";NOVO MUNDO S.A;PESSOA JURIDICA;ICMS;"=""2000042866619""";"=""20260000009610""";14307219;1403;Efetivada;27/05/2026 19:06:30;29/05/2026 12:00:24;29/05/2026;68;R$ 303,64;R$ 30.773,21;R$ 20.647,63;STT;"=""86123360159 - VERONICA ISSI SIMOES BASTOS""";Não atribuído
"=""01534080002503""";NOVO MUNDO S.A;PESSOA JURIDICA;ICMS;"=""4022400004570""";"=""20260000009607""";14307197;1403;Efetivada;27/05/2026 19:06:30;29/05/2026 12:00:25;29/05/2026;145;R$ 576,27;R$ 108.494,79;R$ 83.558,76;STT;"=""86123360159 - VERONICA ISSI SIMOES BASTOS""";Não atribuído
"=""01534080002503""";NOVO MUNDO S.A;PESSOA JURIDICA;ICMS;"=""2000042666601""";"=""20260000009608""";14307200;1403;Efetivada;27/05/2026 19:06:30;29/05/2026 12:00:25;29/05/2026;31;R$ 308,68;R$ 14.447,75;R$ 9.569,08;STT;"=""86123360159 - VERONICA ISSI SIMOES BASTOS""";Não atribuído
"=""01534080002503""";NOVO MUNDO S.A;PESSOA JURIDICA;ICMS;"=""2000042966672""";"=""20260000009611""";14307260;1403;Efetivada;27/05/2026 19:06:30;29/05/2026 12:00:25;29/05/2026;54;R$ 301,26;R$ 24.068,23;R$ 16.268,05;STT;"=""86123360159 - VERONICA ISSI SIMOES BASTOS""";Não atribuído
"=""01534080002503""";NOVO MUNDO S.A;PESSOA JURIDICA;ICMS;"=""2005019666600""";"=""20260000009620""";14307235;1403;Efetivada;27/05/2026 19:06:30;29/05/2026 12:00:26;29/05/2026;12;R$ 314,78;R$ 5.208,65;R$ 3.777,34;STT;"=""86123360159 - VERONICA ISSI SIMOES BASTOS""";Não atribuído
"=""01534080002503""";NOVO MUNDO S.A;PESSOA JURIDICA;ICMS;"=""2005939366667""";"=""20260000009622""";14307243;1403;Efetivada;27/05/2026 19:06:30;29/05/2026 12:00:26;29/05/2026;49;R$ 301,07;R$ 19.945,57;R$ 14.752,21;STT;"=""86123360159 - VERONICA ISSI SIMOES BASTOS""";Não atribuído
"=""01534080002503""";NOVO MUNDO S.A;PESSOA JURIDICA;ICMS;"=""2006547966644""";"=""20260000009624""";14307251;1403;Efetivada;27/05/2026 19:06:30;29/05/2026 12:00:26;29/05/2026;34;R$ 300,50;R$ 13.514,42;R$ 10.216,84;STT;"=""86123360159 - VERONICA ISSI SIMOES BASTOS""";Não atribuído
"=""01534080002503""";NOVO MUNDO S.A;PESSOA JURIDICA;ICMS;"=""2000043066624""";"=""20260000009612""";14307227;1403;Efetivada;27/05/2026 19:06:30;29/05/2026 12:00:27;29/05/2026;58;R$ 304,27;R$ 25.925,12;R$ 17.647,68;STT;"=""86123360159 - VERONICA ISSI SIMOES BASTOS""";Não atribuído
"=""01534080002503""";NOVO MUNDO S.A;PESSOA JURIDICA;ICMS;"=""2005256266656""";"=""20260000009621""";14307308;1403;Efetivada;27/05/2026 19:06:30;29/05/2026 12:00:27;29/05/2026;22;R$ 300,07;R$ 9.012,61;R$ 6.601,49;STT;"=""86123360159 - VERONICA ISSI SIMOES BASTOS""";Não atribuído
"=""01534080002503""";NOVO MUNDO S.A;PESSOA JURIDICA;ICMS;"=""2006334966612""";"=""20260000009623""";14307316;1403;Efetivada;27/05/2026 19:06:30;29/05/2026 12:00:27;29/05/2026;49;R$ 303,07;R$ 19.850,55;R$ 14.850,65;STT;"=""86123360159 - VERONICA ISSI SIMOES BASTOS""";Não atribuído
"=""01534080002503""";NOVO MUNDO S.A;PESSOA JURIDICA;ICMS;"=""2000043366695""";"=""20260000009615""";14307286;1403;Efetivada;27/05/2026 19:06:30;29/05/2026 12:00:28;29/05/2026;25;R$ 301,88;R$ 10.855,11;R$ 7.547,10;STT;"=""86123360159 - VERONICA ISSI SIMOES BASTOS""";Não atribuído
"=""01534080002503""";NOVO MUNDO S.A;PESSOA JURIDICA;ICMS;"=""2004235266616""";"=""20260000009618""";14307294;1403;Efetivada;27/05/2026 19:06:30;29/05/2026 12:00:28;29/05/2026;29;R$ 306,08;R$ 12.454,93;R$ 8.876,36;STT;"=""86123360159 - VERONICA ISSI SIMOES BASTOS""";Não atribuído
"=""01534080002503""";NOVO MUNDO S.A;PESSOA JURIDICA;ICMS;"=""2000043166688""";"=""20260000009613""";14307367;1403;Efetivada;27/05/2026 19:06:30;29/05/2026 12:00:29;29/05/2026;85;R$ 300,37;R$ 37.249,82;R$ 25.531,78;STT;"=""86123360159 - VERONICA ISSI SIMOES BASTOS""";Não atribuído
"=""01534080002503""";NOVO MUNDO S.A;PESSOA JURIDICA;ICMS;"=""2000043266631""";"=""20260000009614""";14307278;1403;Efetivada;27/05/2026 19:06:30;29/05/2026 12:00:29;29/05/2026;34;R$ 308,71;R$ 15.196,16;R$ 10.496,05;STT;"=""86123360159 - VERONICA ISSI SIMOES BASTOS""";Não atribuído
"=""01534080002503""";NOVO MUNDO S.A;PESSOA JURIDICA;ICMS;"=""2003544666696""";"=""20260000009616""";14307332;1403;Efetivada;27/05/2026 19:06:30;29/05/2026 12:00:29;29/05/2026;18;R$ 308,59;R$ 7.927,34;R$ 5.554,65;STT;"=""86123360159 - VERONICA ISSI SIMOES BASTOS""";Não atribuído
"=""01534080002503""";NOVO MUNDO S.A;PESSOA JURIDICA;ICMS;"=""2004616666610""";"=""20260000009619""";14307359;1403;Efetivada;27/05/2026 19:06:30;29/05/2026 12:00:29;29/05/2026;12;R$ 311,83;R$ 5.207,50;R$ 3.742,00;STT;"=""86123360159 - VERONICA ISSI SIMOES BASTOS""";Não atribuído
"=""01534080002503""";NOVO MUNDO S.A;PESSOA JURIDICA;ICMS;"=""2000042766665""";"=""20260000009609""";14307324;1403;Efetivada;27/05/2026 19:06:30;29/05/2026 12:00:30;29/05/2026;24;R$ 308,62;R$ 11.109,53;R$ 7.406,96;STT;"=""86123360159 - VERONICA ISSI SIMOES BASTOS""";Não atribuído
"=""01534080002503""";NOVO MUNDO S.A;PESSOA JURIDICA;ICMS;"=""2003915366679""";"=""20260000009617""";14307340;1403;Efetivada;27/05/2026 19:06:30;29/05/2026 12:00:30;29/05/2026;43;R$ 302,17;R$ 18.385,81;R$ 12.993,15;STT;"=""86123360159 - VERONICA ISSI SIMOES BASTOS""";Não atribuído
"=""01534080004972""";NOVO MUNDO S.A;PESSOA JURIDICA;ICMS;"=""2000076966667""";"=""20260000009648""";14343320;1404;Efetivada;27/05/2026 19:08:51;11/06/2026 12:00:05;10/06/2026;90;R$ 300,43;R$ 40.298,00;R$ 27.038,39;STT;"=""86123360159 - VERONICA ISSI SIMOES BASTOS""";Não atribuído
"=""01534080004972""";NOVO MUNDO S.A;PESSOA JURIDICA;ICMS;"=""2000077066619""";"=""20260000009649""";14343339;1404;Efetivada;27/05/2026 19:08:51;11/06/2026 12:00:06;10/06/2026;59;R$ 303,03;R$ 26.451,64;R$ 17.879,02;STT;"=""86123360159 - VERONICA ISSI SIMOES BASTOS""";Não atribuído
"=""01534080004972""";NOVO MUNDO S.A;PESSOA JURIDICA;ICMS;"=""2000077166672""";"=""20260000009650""";14343347;1404;Efetivada;27/05/2026 19:08:51;11/06/2026 12:00:06;10/06/2026;75;R$ 303,16;R$ 33.402,08;R$ 22.737,37;STT;"=""86123360159 - VERONICA ISSI SIMOES BASTOS""";Não atribuído
"=""01534080004972""";NOVO MUNDO S.A;PESSOA JURIDICA;ICMS;"=""2004826966679""";"=""20260000009657""";14343371;1404;Efetivada;27/05/2026 19:08:51;11/06/2026 12:00:06;10/06/2026;11;R$ 302,04;R$ 4.581,31;R$ 3.322,40;STT;"=""86123360159 - VERONICA ISSI SIMOES BASTOS""";Não atribuído
"=""01534080004972""";NOVO MUNDO S.A;PESSOA JURIDICA;ICMS;"=""2000076866603""";"=""20260000009647""";14343355;1404;Efetivada;27/05/2026 19:08:51;11/06/2026 12:00:07;10/06/2026;43;R$ 306,13;R$ 19.743,93;R$ 13.163,69;STT;"=""86123360159 - VERONICA ISSI SIMOES BASTOS""";Não atribuído
"=""01534080004972""";NOVO MUNDO S.A;PESSOA JURIDICA;ICMS;"=""2000077466633""";"=""20260000009653""";14343363;1404;Efetivada;27/05/2026 19:08:51;11/06/2026 12:00:07;10/06/2026;11;R$ 315,86;R$ 4.997,34;R$ 3.474,44;STT;"=""86123360159 - VERONICA ISSI SIMOES BASTOS""";Não atribuído
"=""01534080004972""";NOVO MUNDO S.A;PESSOA JURIDICA;ICMS;"=""2003911166683""";"=""20260000009655""";14343380;1404;Efetivada;27/05/2026 19:08:51;11/06/2026 12:00:07;10/06/2026;46;R$ 305,46;R$ 19.883,10;R$ 14.051,28;STT;"=""86123360159 - VERONICA ISSI SIMOES BASTOS""";Não atribuído
"=""01534080004972""";NOVO MUNDO S.A;PESSOA JURIDICA;ICMS;"=""2000077266626""";"=""20260000009651""";14343428;1404;Efetivada;27/05/2026 19:08:51;11/06/2026 12:00:08;10/06/2026;93;R$ 300,20;R$ 40.731,57;R$ 27.918,24;STT;"=""86123360159 - VERONICA ISSI SIMOES BASTOS""";Não atribuído
"=""01534080004972""";NOVO MUNDO S.A;PESSOA JURIDICA;ICMS;"=""2005144266603""";"=""20260000009658""";14343401;1404;Efetivada;27/05/2026 19:08:51;11/06/2026 12:00:08;10/06/2026;27;R$ 307,29;R$ 11.327,20;R$ 8.296,87;STT;"=""86123360159 - VERONICA ISSI SIMOES BASTOS""";Não atribuído
"=""01534080004972""";NOVO MUNDO S.A;PESSOA JURIDICA;ICMS;"=""2007776966683""";"=""20260000009664""";14343398;1404;Efetivada;27/05/2026 19:08:51;11/06/2026 12:00:08;10/06/2026;8;R$ 314,31;R$ 3.218,95;R$ 2.514,50;STT;"=""86123360159 - VERONICA ISSI SIMOES BASTOS""";Não atribuído
"=""01534080004972""";NOVO MUNDO S.A;PESSOA JURIDICA;ICMS;"=""4022400004812""";"=""20260000009645""";14343436;1404;Efetivada;27/05/2026 19:08:51;11/06/2026 12:00:09;10/06/2026;145;R$ 596,76;R$ 112.100,55;R$ 86.530,40;STT;"=""86123360159 - VERONICA ISSI SIMOES BASTOS""";Não atribuído
"=""01534080004972""";NOVO MUNDO S.A;PESSOA JURIDICA;ICMS;"=""2000076766650""";"=""20260000009646""";14343444;1404;Efetivada;27/05/2026 19:08:51;11/06/2026 12:00:09;10/06/2026;54;R$ 300,48;R$ 24.498,66;R$ 16.226,01;STT;"=""86123360159 - VERONICA ISSI SIMOES BASTOS""";Não atribuído
"=""01534080004972""";NOVO MUNDO S.A;PESSOA JURIDICA;ICMS;"=""2004223866613""";"=""20260000009656""";14343410;1404;Efetivada;27/05/2026 19:08:51;11/06/2026 12:00:09;10/06/2026;34;R$ 306,50;R$ 14.622,33;R$ 10.421,02;STT;"=""86123360159 - VERONICA ISSI SIMOES BASTOS""";Não atribuído
"=""01534080004972""";NOVO MUNDO S.A;PESSOA JURIDICA;ICMS;"=""2005995166694""";"=""20260000009659""";14343479;1404;Efetivada;27/05/2026 19:08:51;11/06/2026 12:00:10;10/06/2026;72;R$ 301,69;R$ 29.368,22;R$ 21.721,42;STT;"=""86123360159 - VERONICA ISSI SIMOES BASTOS""";Não atribuído
"=""01534080004972""";NOVO MUNDO S.A;PESSOA JURIDICA;ICMS;"=""2006224766643""";"=""20260000009660""";14343509;1404;Efetivada;27/05/2026 19:08:51;11/06/2026 12:00:10;10/06/2026;15;R$ 313,12;R$ 6.278,03;R$ 4.696,74;STT;"=""86123360159 - VERONICA ISSI SIMOES BASTOS""";Não atribuído
"=""01534080004972""";NOVO MUNDO S.A;PESSOA JURIDICA;ICMS;"=""2007222666615""";"=""20260000009662""";14343487;1404;Efetivada;27/05/2026 19:08:51;11/06/2026 12:00:10;10/06/2026;12;R$ 323,96;R$ 5.085,33;R$ 3.887,52;STT;"=""86123360159 - VERONICA ISSI SIMOES BASTOS""";Não atribuído
"=""01534080004972""";NOVO MUNDO S.A;PESSOA JURIDICA;ICMS;"=""4022300063396""";"=""20260000009644""";14343460;1404;Efetivada;27/05/2026 19:08:51;11/06/2026 12:00:11;10/06/2026;92;R$ 302,17;R$ 37.343,00;R$ 27.799,18;STT;"=""86123360159 - VERONICA ISSI SIMOES BASTOS""";Não atribuído
"=""01534080004972""";NOVO MUNDO S.A;PESSOA JURIDICA;ICMS;"=""2000077366680""";"=""20260000009652""";14343452;1404;Efetivada;27/05/2026 19:08:51;11/06/2026 12:00:11;10/06/2026;40;R$ 306,68;R$ 17.760,67;R$ 12.267,37;STT;"=""86123360159 - VERONICA ISSI SIMOES BASTOS""";Não atribuído
"=""01534080004972""";NOVO MUNDO S.A;PESSOA JURIDICA;ICMS;"=""2003483066635""";"=""20260000009654""";14343495;1404;Efetivada;27/05/2026 19:08:51;11/06/2026 12:00:11;10/06/2026;42;R$ 301,26;R$ 18.057,79;R$ 12.652,97;STT;"=""86123360159 - VERONICA ISSI SIMOES BASTOS""";Não atribuído
"=""01534080004972""";NOVO MUNDO S.A;PESSOA JURIDICA;ICMS;"=""2006581966619""";"=""20260000009661""";14343517;1404;Efetivada;27/05/2026 19:08:51;11/06/2026 12:00:11;10/06/2026;18;R$ 303,35;R$ 7.222,63;R$ 5.460,28;STT;"=""86123360159 - VERONICA ISSI SIMOES BASTOS""";Não atribuído
"=""01534080004972""";NOVO MUNDO S.A;PESSOA JURIDICA;ICMS;"=""2007367166648""";"=""20260000009663""";14343525;1404;Efetivada;27/05/2026 19:08:51;11/06/2026 12:00:12;10/06/2026;6;R$ 348,51;R$ 2.703,22;R$ 2.091,06;STT;"=""86123360159 - VERONICA ISSI SIMOES BASTOS""";Não atribuído
"=""01534080007050""";NOVO MUNDO S.A.;PESSOA JURIDICA;ICMS;"=""2000166466680""";"=""20260000007649""";14286289;1324;Efetivada;22/05/2026 17:54:26;28/05/2026 06:05:22;29/05/2026;9;R$ 308,84;R$ 4.142,64;R$ 2.779,57;STT;"=""86123360159 - VERONICA ISSI SIMOES BASTOS""";Não atribuído
"=""01534080007050""";NOVO MUNDO S.A.;PESSOA JURIDICA;ICMS;"=""2000166666697""";"=""20260000007651""";14286319;1324;Efetivada;22/05/2026 17:54:26;28/05/2026 06:05:29;29/05/2026;145;R$ 326,98;R$ 69.649,62;R$ 47.411,67;STT;"=""86123360159 - VERONICA ISSI SIMOES BASTOS""";Não atribuído
"=""01534080007050""";NOVO MUNDO S.A.;PESSOA JURIDICA;ICMS;"=""2000166566633""";"=""20260000007650""";14286300;1324;Efetivada;22/05/2026 17:54:26;28/05/2026 06:05:36;29/05/2026;12;R$ 305,30;R$ 5.420,26;R$ 3.663,64;STT;"=""86123360159 - VERONICA ISSI SIMOES BASTOS""";Não atribuído
"=""01534080007050""";NOVO MUNDO S.A.;PESSOA JURIDICA;ICMS;"=""4022400005118""";"=""20260000007648""";14286297;1324;Efetivada;22/05/2026 17:54:26;28/05/2026 06:05:42;29/05/2026;145;R$ 313,66;R$ 59.232,78;R$ 45.479,98;STT;"=""86123360159 - VERONICA ISSI SIMOES BASTOS""";Não atribuído
"=""01534080007483""";NOVO MUNDO S.A;PESSOA JURIDICA;ICMS;"=""4022400005541""";"=""20260000007706""";14286785;1327;Efetivada;22/05/2026 18:05:52;28/05/2026 18:00:02;29/05/2026;137;R$ 301,28;R$ 53.496,54;R$ 41.275,43;STT;"=""86123360159 - VERONICA ISSI SIMOES BASTOS""";Não atribuído
"=""01534080007483""";NOVO MUNDO S.A;PESSOA JURIDICA;ICMS;"=""2000177366606""";"=""20260000007707""";14286793;1327;Efetivada;22/05/2026 18:05:52;28/05/2026 18:00:02;29/05/2026;8;R$ 308,67;R$ 3.653,37;R$ 2.469,38;STT;"=""86123360159 - VERONICA ISSI SIMOES BASTOS""";Não atribuído
"=""01534080007483""";NOVO MUNDO S.A;PESSOA JURIDICA;ICMS;"=""2000177466660""";"=""20260000007708""";14286777;1327;Efetivada;22/05/2026 18:05:52;28/05/2026 18:00:03;29/05/2026;145;R$ 349,38;R$ 74.420,90;R$ 50.659,55;STT;"=""86123360159 - VERONICA ISSI SIMOES BASTOS""";Não atribuído
"=""01534080007645""";NOVO MUNDO S.A.;PESSOA JURIDICA;ICMS;"=""4022300063639""";"=""20260000007712""";14286823;1328;Efetivada;22/05/2026 18:10:54;28/05/2026 18:00:03;29/05/2026;19;R$ 300,80;R$ 7.620,17;R$ 5.715,16;STT;"=""86123360159 - VERONICA ISSI SIMOES BASTOS""";Não atribuído
"=""01534080007645""";NOVO MUNDO S.A.;PESSOA JURIDICA;ICMS;"=""4022400005460""";"=""20260000007713""";14286831;1328;Efetivada;22/05/2026 18:10:54;28/05/2026 18:00:03;29/05/2026;144;R$ 301,89;R$ 56.365,74;R$ 43.472,40;STT;"=""86123360159 - VERONICA ISSI SIMOES BASTOS""";Não atribuído
"=""01534080007645""";NOVO MUNDO S.A.;PESSOA JURIDICA;ICMS;"=""2000175966649""";"=""20260000007714""";14286840;1328;Efetivada;22/05/2026 18:10:54;28/05/2026 18:00:03;29/05/2026;145;R$ 323,09;R$ 68.822,34;R$ 46.848,53;STT;"=""86123360159 - VERONICA ISSI SIMOES BASTOS""";Não atribuído
"=""01534080008889""";NOVO MUNDO S A;PESSOA JURIDICA;ICMS;"=""4022400005894""";"=""20260000007794""";14288001;1332;Efetivada;23/05/2026 09:28:06;28/05/2026 18:00:03;29/05/2026;145;R$ 308,78;R$ 58.031,81;R$ 44.772,79;STT;"=""86123360159 - VERONICA ISSI SIMOES BASTOS""";Não atribuído
"=""01534080008889""";NOVO MUNDO S A;PESSOA JURIDICA;ICMS;"=""2000205766600""";"=""20260000007795""";14288010;1332;Efetivada;23/05/2026 09:28:06;28/05/2026 18:00:04;29/05/2026;145;R$ 355,83;R$ 75.796,33;R$ 51.595,83;STT;"=""86123360159 - VERONICA ISSI SIMOES BASTOS""";Não atribuído
"=""01534080009427""";NOVO MUNDO S.A.;PESSOA JURIDICA;ICMS;"=""4022300064287""";"=""20260000007834""";14288109;1334;Efetivada;23/05/2026 09:35:59;28/05/2026 18:00:04;29/05/2026;145;R$ 333,26;R$ 64.186,01;R$ 48.322,18;STT;"=""86123360159 - VERONICA ISSI SIMOES BASTOS""";Não atribuído
"=""01534080009427""";NOVO MUNDO S.A.;PESSOA JURIDICA;ICMS;"=""4022400006602""";"=""20260000007835""";14288117;1334;Efetivada;23/05/2026 09:35:59;28/05/2026 18:00:04;29/05/2026;32;R$ 306,29;R$ 12.851,37;R$ 9.801,23;STT;"=""86123360159 - VERONICA ISSI SIMOES BASTOS""";Não atribuído
"=""01534080010514""";NOVO MUNDO S.A.;PESSOA JURIDICA;ICMS;"=""4022300064104""";"=""20260000008177""";14292203;1347;Efetivada;26/05/2026 10:18:57;29/05/2026 12:00:03;29/05/2026;57;R$ 300,67;R$ 22.942,08;R$ 17.138,12;STT;"=""86123360159 - VERONICA ISSI SIMOES BASTOS""";Não atribuído
"=""01534080010514""";NOVO MUNDO S.A.;PESSOA JURIDICA;ICMS;"=""4022400006270""";"=""20260000008178""";14292190;1347;Efetivada;26/05/2026 10:18:57;29/05/2026 12:00:03;29/05/2026;145;R$ 525,60;R$ 99.705,33;R$ 76.212,26;STT;"=""86123360159 - VERONICA ISSI SIMOES BASTOS""";Não atribuído
"=""01534080011081""";NOVO MUNDO S.A.;PESSOA JURIDICA;ICMS;"=""4022400006785""";"=""20260000009756""";14307847;1407;Efetivada;27/05/2026 19:19:05;29/05/2026 12:00:30;29/05/2026;3;R$ 394,82;R$ 1.531,61;R$ 1.184,45;STT;"=""86123360159 - VERONICA ISSI SIMOES BASTOS""";Não atribuído
"=""01534080011081""";NOVO MUNDO S.A.;PESSOA JURIDICA;ICMS;"=""2000285566696""";"=""20260000009757""";14307855;1407;Efetivada;27/05/2026 19:19:05;29/05/2026 12:00:30;29/05/2026;39;R$ 304,56;R$ 17.448,94;R$ 11.877,80;STT;"=""86123360159 - VERONICA ISSI SIMOES BASTOS""";Não atribuído
"=""01534080011081""";NOVO MUNDO S.A.;PESSOA JURIDICA;ICMS;"=""2007051966695""";"=""20260000009758""";14307863;1407;Efetivada;27/05/2026 19:19:05;29/05/2026 12:00:30;29/05/2026;3;R$ 393,83;R$ 1.545,53;R$ 1.181,49;STT;"=""86123360159 - VERONICA ISSI SIMOES BASTOS""";Não atribuído
"=""01534080013530""";NOVO MUNDO S.A.;PESSOA JURIDICA;ICMS;"=""4012300482898""";"=""20260000008699""";14294958;1374;Efetivada;26/05/2026 16:51:36;29/05/2026 12:00:11;29/05/2026;97;R$ 300,20;R$ 40.304,38;R$ 29.119,56;STT;"=""86123360159 - VERONICA ISSI SIMOES BASTOS""";Não atribuído
"=""01534080013530""";NOVO MUNDO S.A.;PESSOA JURIDICA;ICMS;"=""2000441866680""";"=""20260000008702""";14294974;1374;Efetivada;26/05/2026 16:51:36;29/05/2026 12:00:11;29/05/2026;46;R$ 301,38;R$ 21.079,57;R$ 13.863,41;STT;"=""86123360159 - VERONICA ISSI SIMOES BASTOS""";Não atribuído
"=""01534080013530""";NOVO MUNDO S.A.;PESSOA JURIDICA;ICMS;"=""2000442066695""";"=""20260000008704""";14294982;1374;Efetivada;26/05/2026 16:51:36;29/05/2026 12:00:11;29/05/2026;58;R$ 303,78;R$ 26.426,32;R$ 17.618,97;STT;"=""86123360159 - VERONICA ISSI SIMOES BASTOS""";Não atribuído
"=""01534080013530""";NOVO MUNDO S.A.;PESSOA JURIDICA;ICMS;"=""4022400007676""";"=""20260000008701""";14294990;1374;Efetivada;26/05/2026 16:51:36;29/05/2026 12:00:12;29/05/2026;145;R$ 723,56;R$ 135.700,57;R$ 104.916,49;STT;"=""86123360159 - VERONICA ISSI SIMOES BASTOS""";Não atribuído
"=""01534080013530""";NOVO MUNDO S.A.;PESSOA JURIDICA;ICMS;"=""2000441966633""";"=""20260000008703""";14295016;1374;Efetivada;26/05/2026 16:51:36;29/05/2026 12:00:12;29/05/2026;80;R$ 302,08;R$ 36.487,61;R$ 24.166,56;STT;"=""86123360159 - VERONICA ISSI SIMOES BASTOS""";Não atribuído
"=""01534080013530""";NOVO MUNDO S.A.;PESSOA JURIDICA;ICMS;"=""2000442166649""";"=""20260000008705""";14295008;1374;Efetivada;26/05/2026 16:51:36;29/05/2026 12:00:12;29/05/2026;145;R$ 448,39;R$ 96.899,91;R$ 65.016,06;STT;"=""86123360159 - VERONICA ISSI SIMOES BASTOS""";Não atribuído
"=""01534080013530""";NOVO MUNDO S.A.;PESSOA JURIDICA;ICMS;"=""4022300066573""";"=""20260000008700""";14294966;1374;Efetivada;26/05/2026 16:51:36;30/05/2026 07:50:19;29/05/2026;145;R$ 302,07;R$ 58.556,50;R$ 43.800,62;STT;"=""86123360159 - VERONICA ISSI SIMOES BASTOS""";Não atribuído
"=""01534080013610""";NOVO MUNDO S.A.;PESSOA JURIDICA;ICMS;"=""4022400007838""";"=""20260000008225""";14292432;1350;Efetivada;26/05/2026 10:38:54;29/05/2026 12:00:03;29/05/2026;144;R$ 301,31;R$ 56.222,40;R$ 43.389,27;STT;"=""86123360159 - VERONICA ISSI SIMOES BASTOS""";Não atribuído
"=""01534080013610""";NOVO MUNDO S.A.;PESSOA JURIDICA;ICMS;"=""2000444566652""";"=""20260000008228""";14292424;1350;Efetivada;26/05/2026 10:38:54;29/05/2026 12:00:03;29/05/2026;144;R$ 301,08;R$ 63.691,66;R$ 43.355,99;STT;"=""86123360159 - VERONICA ISSI SIMOES BASTOS""";Não atribuído
"=""01534080013610""";NOVO MUNDO S.A.;PESSOA JURIDICA;ICMS;"=""2000444366645""";"=""20260000008226""";14292440;1350;Efetivada;26/05/2026 10:38:54;29/05/2026 12:00:04;29/05/2026;32;R$ 305,09;R$ 14.550,43;R$ 9.762,78;STT;"=""86123360159 - VERONICA ISSI SIMOES BASTOS""";Não atribuído
"=""01534080013610""";NOVO MUNDO S.A.;PESSOA JURIDICA;ICMS;"=""2000444466607""";"=""20260000008227""";14292459;1350;Efetivada;26/05/2026 10:38:54;29/05/2026 12:00:04;29/05/2026;12;R$ 307,70;R$ 5.462,78;R$ 3.692,38;STT;"=""86123360159 - VERONICA ISSI SIMOES BASTOS""";Não atribuído
"=""01534080013700""";NOVO MUNDO S.A.;PESSOA JURIDICA;ICMS;"=""4022400008214""";"=""20260000008233""";14292475;1351;Efetivada;26/05/2026 10:41:42;29/05/2026 12:00:04;29/05/2026;145;R$ 332,60;R$ 62.626,06;R$ 48.226,41;STT;"=""86123360159 - VERONICA ISSI SIMOES BASTOS""";Não atribuído
"=""01534080013700""";NOVO MUNDO S.A.;PESSOA JURIDICA;ICMS;"=""2000462266673""";"=""20260000008234""";14292483;1351;Efetivada;26/05/2026 10:41:42;29/05/2026 12:00:05;29/05/2026;145;R$ 336,79;R$ 71.739,37;R$ 48.834,19;STT;"=""86123360159 - VERONICA ISSI SIMOES BASTOS""";Não atribuído
"=""01534080014340""";NOVO MUNDO S.A.;PESSOA JURIDICA;ICMS;"=""2000465566678""";"=""20260000008240""";14292530;1352;Efetivada;26/05/2026 10:44:39;29/05/2026 12:00:05;29/05/2026;145;R$ 397,56;R$ 84.684,83;R$ 57.646,40;STT;"=""86123360159 - VERONICA ISSI SIMOES BASTOS""";Não atribuído
"=""01534080014340""";NOVO MUNDO S.A.;PESSOA JURIDICA;ICMS;"=""2000465366660""";"=""20260000008238""";14292521;1352;Efetivada;26/05/2026 10:44:39;29/05/2026 12:00:06;29/05/2026;33;R$ 307,75;R$ 16.219,51;R$ 10.155,74;STT;"=""86123360159 - VERONICA ISSI SIMOES BASTOS""";Não atribuído
"=""01534080014340""";NOVO MUNDO S.A.;PESSOA JURIDICA;ICMS;"=""2000465466614""";"=""20260000008239""";14292548;1352;Efetivada;26/05/2026 10:44:39;29/05/2026 12:00:06;29/05/2026;20;R$ 305,18;R$ 9.096,86;R$ 6.103,65;STT;"=""86123360159 - VERONICA ISSI SIMOES BASTOS""";Não atribuído
"=""01534080014340""";NOVO MUNDO S.A.;PESSOA JURIDICA;ICMS;"=""4022400008567""";"=""20260000008237""";14292513;1352;Efetivada;26/05/2026 10:44:39;30/05/2026 12:00:02;29/05/2026;133;R$ 301,08;R$ 51.841,40;R$ 40.044,04;STT;"=""86123360159 - VERONICA ISSI SIMOES BASTOS""";Não atribuído
"=""01534080014420""";NOVO MUNDO S.A.;PESSOA JURIDICA;ICMS;"=""4022400008133""";"=""20260000008245""";14292580;1353;Efetivada;26/05/2026 10:46:45;29/05/2026 12:00:06;29/05/2026;114;R$ 300,06;R$ 44.270,42;R$ 34.206,73;STT;"=""86123360159 - VERONICA ISSI SIMOES BASTOS""";Não atribuído
"=""01534080014420""";NOVO MUNDO S.A.;PESSOA JURIDICA;ICMS;"=""2000465166653""";"=""20260000008246""";14292572;1353;Efetivada;26/05/2026 10:46:45;29/05/2026 12:00:06;29/05/2026;145;R$ 406,88;R$ 86.669,04;R$ 58.997,07;STT;"=""86123360159 - VERONICA ISSI SIMOES BASTOS""";Não atribuído
"=""01534080014692""";NOVO MUNDO S.A.;PESSOA JURIDICA;ICMS;"=""2000486566693""";"=""20260000008251""";14292629;1354;Efetivada;26/05/2026 10:49:56;29/05/2026 12:00:06;29/05/2026;51;R$ 301,06;R$ 23.181,88;R$ 15.353,87;EXPRESSO;-;Não atribuído
"=""01534080014692""";NOVO MUNDO S.A.;PESSOA JURIDICA;ICMS;"=""4022300066301""";"=""20260000008249""";14292645;1354;Efetivada;26/05/2026 10:49:56;29/05/2026 12:00:07;29/05/2026;18;R$ 306,84;R$ 7.393,29;R$ 5.523,09;EXPRESSO;-;Não atribuído
"=""01534080014692""";NOVO MUNDO S.A.;PESSOA JURIDICA;ICMS;"=""4022400008729""";"=""20260000008250""";14292637;1354;Efetivada;26/05/2026 10:49:56;29/05/2026 12:00:07;29/05/2026;81;R$ 300,83;R$ 31.654,14;R$ 24.367,22;EXPRESSO;-;Não atribuído
"=""01534080015311""";NOVO MUNDO S.A.;PESSOA JURIDICA;ICMS;"=""2000503266621""";"=""20260000008257""";14292653;1355;Efetivada;26/05/2026 10:52:48;29/05/2026 12:00:07;29/05/2026;145;R$ 385,16;R$ 82.043,31;R$ 55.848,26;STT;"=""86123360159 - VERONICA ISSI SIMOES BASTOS""";Não atribuído
"=""01534080015311""";NOVO MUNDO S.A.;PESSOA JURIDICA;ICMS;"=""4022400009105""";"=""20260000008255""";14292670;1355;Efetivada;26/05/2026 10:52:48;29/05/2026 12:00:08;29/05/2026;145;R$ 374,41;R$ 70.418,72;R$ 54.289,72;STT;"=""86123360159 - VERONICA ISSI SIMOES BASTOS""";Não atribuído
"=""01534080015311""";NOVO MUNDO S.A.;PESSOA JURIDICA;ICMS;"=""2000503166678""";"=""20260000008256""";14292661;1355;Efetivada;26/05/2026 10:52:48;29/05/2026 12:00:08;29/05/2026;9;R$ 328,19;R$ 4.369,94;R$ 2.953,72;STT;"=""86123360159 - VERONICA ISSI SIMOES BASTOS""";Não atribuído
"=""01534080015400""";NOVO MUNDO S.A.;PESSOA JURIDICA;ICMS;"=""2000000366600""";"=""20260000009984""";14343606;1414;Efetivada;27/05/2026 19:39:52;11/06/2026 12:00:12;10/06/2026;130;R$ 301,64;R$ 58.443,40;R$ 39.213,25;STT;"=""86123360159 - VERONICA ISSI SIMOES BASTOS""";Não atribuído
"=""01534080015400""";NOVO MUNDO S.A.;PESSOA JURIDICA;ICMS;"=""2004584566607""";"=""20260000009993""";14343584;1414;Efetivada;27/05/2026 19:39:52;11/06/2026 12:00:12;10/06/2026;20;R$ 314,55;R$ 8.754,80;R$ 6.291,00;STT;"=""86123360159 - VERONICA ISSI SIMOES BASTOS""";Não atribuído
"=""01534080015400""";NOVO MUNDO S.A.;PESSOA JURIDICA;ICMS;"=""4022400004146""";"=""20260000009981""";14343592;1414;Efetivada;27/05/2026 19:39:52;11/06/2026 12:00:13;10/06/2026;145;R$ 979,56;R$ 184.068,28;R$ 142.035,48;STT;"=""86123360159 - VERONICA ISSI SIMOES BASTOS""";Não atribuído
"=""01534080015400""";NOVO MUNDO S.A.;PESSOA JURIDICA;ICMS;"=""2000000166600""";"=""20260000009982""";14343657;1414;Efetivada;27/05/2026 19:39:52;11/06/2026 12:00:13;10/06/2026;19;R$ 310,88;R$ 8.918,22;R$ 5.906,75;STT;"=""86123360159 - VERONICA ISSI SIMOES BASTOS""";Não atribuído
"=""01534080015400""";NOVO MUNDO S.A.;PESSOA JURIDICA;ICMS;"=""2000000566617""";"=""20260000009986""";14343614;1414;Efetivada;27/05/2026 19:39:52;11/06/2026 12:00:13;10/06/2026;48;R$ 300,94;R$ 21.220,55;R$ 14.445,20;STT;"=""86123360159 - VERONICA ISSI SIMOES BASTOS""";Não atribuído
"=""01534080015400""";NOVO MUNDO S.A.;PESSOA JURIDICA;ICMS;"=""2000000466663""";"=""20260000009985""";14343665;1414;Efetivada;27/05/2026 19:39:52;11/06/2026 12:00:14;10/06/2026;76;R$ 302,45;R$ 34.008,03;R$ 22.986,50;STT;"=""86123360159 - VERONICA ISSI SIMOES BASTOS""";Não atribuído
"=""01534080015400""";NOVO MUNDO S.A.;PESSOA JURIDICA;ICMS;"=""2000000666670""";"=""20260000009987""";14343622;1414;Efetivada;27/05/2026 19:39:52;11/06/2026 12:00:14;10/06/2026;145;R$ 354,47;R$ 74.988,43;R$ 51.398,57;STT;"=""86123360159 - VERONICA ISSI SIMOES BASTOS""";Não atribuído
"=""01534080015400""";NOVO MUNDO S.A.;PESSOA JURIDICA;ICMS;"=""2000000866688""";"=""20260000009989""";14343630;1414;Efetivada;27/05/2026 19:39:52;11/06/2026 12:00:14;10/06/2026;120;R$ 300,65;R$ 51.891,66;R$ 36.077,98;STT;"=""86123360159 - VERONICA ISSI SIMOES BASTOS""";Não atribuído
"=""01534080015400""";NOVO MUNDO S.A.;PESSOA JURIDICA;ICMS;"=""2005332366687""";"=""20260000009995""";14343649;1414;Efetivada;27/05/2026 19:39:52;11/06/2026 12:00:14;10/06/2026;44;R$ 300,95;R$ 18.078,50;R$ 13.242,00;STT;"=""86123360159 - VERONICA ISSI SIMOES BASTOS""";Não atribuído
"=""01534080015400""";NOVO MUNDO S.A.;PESSOA JURIDICA;ICMS;"=""2003866666635""";"=""20260000009991""";14343673;1414;Efetivada;27/05/2026 19:39:52;11/06/2026 12:00:15;10/06/2026;98;R$ 302,53;R$ 41.953,38;R$ 29.648,21;STT;"=""86123360159 - VERONICA ISSI SIMOES BASTOS""";Não atribuído
"=""01534080015400""";NOVO MUNDO S.A.;PESSOA JURIDICA;ICMS;"=""2004207966684""";"=""20260000009992""";14343681;1414;Efetivada;27/05/2026 19:39:52;11/06/2026 12:00:15;10/06/2026;45;R$ 305,55;R$ 19.292,95;R$ 13.749,66;STT;"=""86123360159 - VERONICA ISSI SIMOES BASTOS""";Não atribuído
"=""01534080015400""";NOVO MUNDO S.A.;PESSOA JURIDICA;ICMS;"=""2005994166640""";"=""20260000009996""";14343690;1414;Efetivada;27/05/2026 19:39:52;11/06/2026 12:00:15;10/06/2026;80;R$ 301,19;R$ 32.578,06;R$ 24.095,50;STT;"=""86123360159 - VERONICA ISSI SIMOES BASTOS""";Não atribuído
"=""01534080015400""";NOVO MUNDO S.A.;PESSOA JURIDICA;ICMS;"=""2007457666607""";"=""20260000009999""";14343720;1414;Efetivada;27/05/2026 19:39:52;11/06/2026 12:00:15;10/06/2026;13;R$ 306,24;R$ 5.146,54;R$ 3.981,06;STT;"=""86123360159 - VERONICA ISSI SIMOES BASTOS""";Não atribuído
"=""01534080015400""";NOVO MUNDO S.A.;PESSOA JURIDICA;ICMS;"=""2000000266656""";"=""20260000009983""";14343738;1414;Efetivada;27/05/2026 19:39:52;11/06/2026 12:00:16;10/06/2026;83;R$ 303,01;R$ 37.722,25;R$ 25.150,19;STT;"=""86123360159 - VERONICA ISSI SIMOES BASTOS""";Não atribuído
"=""01534080015400""";NOVO MUNDO S.A.;PESSOA JURIDICA;ICMS;"=""2006277566657""";"=""20260000009997""";14343703;1414;Efetivada;27/05/2026 19:39:52;11/06/2026 12:00:16;10/06/2026;41;R$ 300,06;R$ 16.444,22;R$ 12.302,29;STT;"=""86123360159 - VERONICA ISSI SIMOES BASTOS""";Não atribuído
"=""01534080015400""";NOVO MUNDO S.A.;PESSOA JURIDICA;ICMS;"=""2006579866696""";"=""20260000009998""";14343711;1414;Efetivada;27/05/2026 19:39:52;11/06/2026 12:00:16;10/06/2026;64;R$ 303,16;R$ 25.664,36;R$ 19.402,14;STT;"=""86123360159 - VERONICA ISSI SIMOES BASTOS""";Não atribuído
"=""01534080015400""";NOVO MUNDO S.A.;PESSOA JURIDICA;ICMS;"=""4022300062667""";"=""20260000009980""";14343754;1414;Efetivada;27/05/2026 19:39:52;11/06/2026 12:00:17;10/06/2026;145;R$ 305,31;R$ 59.340,83;R$ 44.270,45;STT;"=""86123360159 - VERONICA ISSI SIMOES BASTOS""";Não atribuído
"=""01534080015400""";NOVO MUNDO S.A.;PESSOA JURIDICA;ICMS;"=""2000000766624""";"=""20260000009988""";14343762;1414;Efetivada;27/05/2026 19:39:52;11/06/2026 12:00:17;10/06/2026;26;R$ 305,38;R$ 11.495,30;R$ 7.939,86;STT;"=""86123360159 - VERONICA ISSI SIMOES BASTOS""";Não atribuído
"=""01534080015400""";NOVO MUNDO S.A.;PESSOA JURIDICA;ICMS;"=""2003488866605""";"=""20260000009990""";14343770;1414;Efetivada;27/05/2026 19:39:52;11/06/2026 12:00:17;10/06/2026;39;R$ 301,49;R$ 16.780,55;R$ 11.758,02;STT;"=""86123360159 - VERONICA ISSI SIMOES BASTOS""";Não atribuído
"=""01534080015400""";NOVO MUNDO S.A.;PESSOA JURIDICA;ICMS;"=""2004928966694""";"=""20260000009994""";14343746;1414;Efetivada;27/05/2026 19:39:52;11/06/2026 12:00:17;10/06/2026;6;R$ 340,04;R$ 2.813,31;R$ 2.040,23;STT;"=""86123360159 - VERONICA ISSI SIMOES BASTOS""";Não atribuído
"=""01534080015745""";NOVO MUNDO S.A.;PESSOA JURIDICA;ICMS;"=""2000523966688""";"=""20260000008263""";14292734;1356;Efetivada;26/05/2026 10:54:39;29/05/2026 12:00:08;29/05/2026;7;R$ 334,23;R$ 3.486,97;R$ 2.339,64;STT;"=""86123360159 - VERONICA ISSI SIMOES BASTOS""";Não atribuído
"=""01534080015745""";NOVO MUNDO S.A.;PESSOA JURIDICA;ICMS;"=""2000524066630""";"=""20260000008264""";14292750;1356;Efetivada;26/05/2026 10:54:39;29/05/2026 12:00:08;29/05/2026;16;R$ 304,39;R$ 7.205,30;R$ 4.870,18;STT;"=""86123360159 - VERONICA ISSI SIMOES BASTOS""";Não atribuído
"=""01534080015745""";NOVO MUNDO S.A.;PESSOA JURIDICA;ICMS;"=""2000524166693""";"=""20260000008265""";14292742;1356;Efetivada;26/05/2026 10:54:39;29/05/2026 12:00:08;29/05/2026;145;R$ 306,09;R$ 65.200,60;R$ 44.383,15;STT;"=""86123360159 - VERONICA ISSI SIMOES BASTOS""";Não atribuído
"=""01534080015745""";NOVO MUNDO S.A.;PESSOA JURIDICA;ICMS;"=""4022300064953""";"=""20260000008261""";14292718;1356;Efetivada;26/05/2026 10:54:39;29/05/2026 12:00:09;29/05/2026;9;R$ 320,84;R$ 3.847,04;R$ 2.887,53;STT;"=""86123360159 - VERONICA ISSI SIMOES BASTOS""";Não atribuído
"=""01534080015745""";NOVO MUNDO S.A.;PESSOA JURIDICA;ICMS;"=""4022400008303""";"=""20260000008262""";14292726;1356;Efetivada;26/05/2026 10:54:39;29/05/2026 12:00:09;29/05/2026;114;R$ 302,07;R$ 44.557,37;R$ 34.435,61;STT;"=""86123360159 - VERONICA ISSI SIMOES BASTOS""";Não atribuído
"=""01534080016040""";NOVO MUNDO S.A.;PESSOA JURIDICA;ICMS;"=""4022400009377""";"=""20260000008271""";14292785;1357;Efetivada;26/05/2026 10:56:34;30/05/2026 12:00:02;29/05/2026;145;R$ 314,84;R$ 59.126,59;R$ 45.651,22;STT;"=""86123360159 - VERONICA ISSI SIMOES BASTOS""";Não atribuído
"=""01534080016040""";NOVO MUNDO S.A.;PESSOA JURIDICA;ICMS;"=""2000537966600""";"=""20260000008272""";14292777;1357;Efetivada;26/05/2026 10:56:34;30/05/2026 12:00:02;29/05/2026;26;R$ 304,88;R$ 11.727,52;R$ 7.926,80;STT;"=""86123360159 - VERONICA ISSI SIMOES BASTOS""";Não atribuído
"=""01534080016040""";NOVO MUNDO S.A.;PESSOA JURIDICA;ICMS;"=""2000538066653""";"=""20260000008273""";14292793;1357;Efetivada;26/05/2026 10:56:34;30/05/2026 12:00:02;29/05/2026;145;R$ 322,34;R$ 68.662,31;R$ 46.739,59;STT;"=""86123360159 - VERONICA ISSI SIMOES BASTOS""";Não atribuído
"=""01534080017608""";NOVO MUNDO S.A.;PESSOA JURIDICA;ICMS;"=""2000680166654""";"=""20260000010283""";14309262;1423;Efetivada;27/05/2026 19:57:59;29/05/2026 12:00:30;29/05/2026;11;R$ 304,74;R$ 4.996,05;R$ 3.352,17;STT;"=""86123360159 - VERONICA ISSI SIMOES BASTOS""";Não atribuído
"=""01534080017608""";NOVO MUNDO S.A.;PESSOA JURIDICA;ICMS;"=""4022400008486""";"=""20260000010282""";14309254;1423;Efetivada;27/05/2026 19:57:59;29/05/2026 12:00:31;29/05/2026;145;R$ 334,58;R$ 63.042,94;R$ 48.514,77;STT;"=""86123360159 - VERONICA ISSI SIMOES BASTOS""";Não atribuído
"=""01534080017608""";NOVO MUNDO S.A.;PESSOA JURIDICA;ICMS;"=""2000680266608""";"=""20260000010284""";14309319;1423;Efetivada;27/05/2026 19:57:59;29/05/2026 12:00:31;29/05/2026;16;R$ 308,96;R$ 7.313,67;R$ 4.943,43;STT;"=""86123360159 - VERONICA ISSI SIMOES BASTOS""";Não atribuído
"=""01534080017608""";NOVO MUNDO S.A.;PESSOA JURIDICA;ICMS;"=""2000680366661""";"=""20260000010285""";14309327;1423;Efetivada;27/05/2026 19:57:59;29/05/2026 12:00:31;29/05/2026;22;R$ 312,81;R$ 10.109,61;R$ 6.881,79;STT;"=""86123360159 - VERONICA ISSI SIMOES BASTOS""";Não atribuído
"=""01534080017608""";NOVO MUNDO S.A.;PESSOA JURIDICA;ICMS;"=""2000680466615""";"=""20260000010286""";14309335;1423;Efetivada;27/05/2026 19:57:59;29/05/2026 12:00:31;29/05/2026;34;R$ 302,11;R$ 14.985,90;R$ 10.271,64;STT;"=""86123360159 - VERONICA ISSI SIMOES BASTOS""";Não atribuído
"=""01534080017608""";NOVO MUNDO S.A.;PESSOA JURIDICA;ICMS;"=""2004286666662""";"=""20260000010290""";14309351;1423;Efetivada;27/05/2026 19:57:59;29/05/2026 12:00:31;29/05/2026;12;R$ 308,04;R$ 5.186,76;R$ 3.696,50;STT;"=""86123360159 - VERONICA ISSI SIMOES BASTOS""";Não atribuído
"=""01534080017608""";NOVO MUNDO S.A.;PESSOA JURIDICA;ICMS;"=""2000680566679""";"=""20260000010287""";14309270;1423;Efetivada;27/05/2026 19:57:59;29/05/2026 12:00:32;29/05/2026;11;R$ 325,65;R$ 5.186,21;R$ 3.582,16;STT;"=""86123360159 - VERONICA ISSI SIMOES BASTOS""";Não atribuído
"=""01534080017608""";NOVO MUNDO S.A.;PESSOA JURIDICA;ICMS;"=""2000680666622""";"=""20260000010288""";14309343;1423;Efetivada;27/05/2026 19:57:59;29/05/2026 12:00:32;29/05/2026;4;R$ 342,19;R$ 1.968,65;R$ 1.368,74;STT;"=""86123360159 - VERONICA ISSI SIMOES BASTOS""";Não atribuído
"=""01534080017608""";NOVO MUNDO S.A.;PESSOA JURIDICA;ICMS;"=""2003969266680""";"=""20260000010289""";14309297;1423;Efetivada;27/05/2026 19:57:59;29/05/2026 12:00:32;29/05/2026;15;R$ 314,14;R$ 6.667,79;R$ 4.712,10;STT;"=""86123360159 - VERONICA ISSI SIMOES BASTOS""";Não atribuído
"=""01534080017608""";NOVO MUNDO S.A.;PESSOA JURIDICA;ICMS;"=""2005999366680""";"=""20260000010291""";14309289;1423;Efetivada;27/05/2026 19:57:59;29/05/2026 12:00:32;29/05/2026;14;R$ 315,61;R$ 5.973,98;R$ 4.418,50;STT;"=""86123360159 - VERONICA ISSI SIMOES BASTOS""";Não atribuído
"=""01534080017608""";NOVO MUNDO S.A.;PESSOA JURIDICA;ICMS;"=""2006341866660""";"=""20260000010292""";14309300;1423;Efetivada;27/05/2026 19:57:59;29/05/2026 12:00:32;29/05/2026;30;R$ 309,76;R$ 12.421,38;R$ 9.292,72;STT;"=""86123360159 - VERONICA ISSI SIMOES BASTOS""";Não atribuído
"=""01534080018337""";NOVO MUNDO S.A.;PESSOA JURIDICA;ICMS;"=""4022400009610""";"=""20260000008299""";14292840;1359;Efetivada;26/05/2026 11:00:59;29/05/2026 12:00:09;29/05/2026;124;R$ 301,14;R$ 48.405,28;R$ 37.341,48;STT;"=""86123360159 - VERONICA ISSI SIMOES BASTOS""";Não atribuído
"=""01534080018337""";NOVO MUNDO S.A.;PESSOA JURIDICA;ICMS;"=""2000700866672""";"=""20260000008300""";14292831;1359;Efetivada;26/05/2026 11:00:59;29/05/2026 12:00:09;29/05/2026;78;R$ 300,30;R$ 35.365,83;R$ 23.423,57;STT;"=""86123360159 - VERONICA ISSI SIMOES BASTOS""";Não atribuído
"=""01534080019309""";NOVO MUNDO S.A. EM RECUPERAÇÃO JUDICIAL;PESSOA JURIDICA;ICMS;"=""2000749366657""";"=""20260000009427""";14301962;1397;Efetivada;27/05/2026 13:01:06;29/05/2026 12:00:14;29/05/2026;50;R$ 305,69;R$ 22.779,99;R$ 15.284,50;STT;"=""86123360159 - VERONICA ISSI SIMOES BASTOS""";Não atribuído
"=""01534080019309""";NOVO MUNDO S.A. EM RECUPERAÇÃO JUDICIAL;PESSOA JURIDICA;ICMS;"=""2000749466600""";"=""20260000009428""";14301970;1397;Efetivada;27/05/2026 13:01:06;29/05/2026 12:00:14;29/05/2026;47;R$ 300,74;R$ 20.912,17;R$ 14.134,83;STT;"=""86123360159 - VERONICA ISSI SIMOES BASTOS""";Não atribuído
"=""01534080019309""";NOVO MUNDO S.A. EM RECUPERAÇÃO JUDICIAL;PESSOA JURIDICA;ICMS;"=""2000749866625""";"=""20260000009432""";14301920;1397;Efetivada;27/05/2026 13:01:06;29/05/2026 12:00:14;29/05/2026;53;R$ 304,70;R$ 23.227,51;R$ 16.149,06;STT;"=""86123360159 - VERONICA ISSI SIMOES BASTOS""";Não atribuído
"=""01534080019309""";NOVO MUNDO S.A. EM RECUPERAÇÃO JUDICIAL;PESSOA JURIDICA;ICMS;"=""2003584766691""";"=""20260000009433""";14301938;1397;Efetivada;27/05/2026 13:01:06;29/05/2026 12:00:14;29/05/2026;10;R$ 308,64;R$ 4.404,70;R$ 3.086,35;STT;"=""86123360159 - VERONICA ISSI SIMOES BASTOS""";Não atribuído
"=""01534080019309""";NOVO MUNDO S.A. EM RECUPERAÇÃO JUDICIAL;PESSOA JURIDICA;ICMS;"=""2000749066696""";"=""20260000009424""";14301946;1397;Efetivada;27/05/2026 13:01:06;29/05/2026 12:00:15;29/05/2026;29;R$ 306,90;R$ 13.532,90;R$ 8.900,20;STT;"=""86123360159 - VERONICA ISSI SIMOES BASTOS""";Não atribuído
"=""01534080019309""";NOVO MUNDO S.A. EM RECUPERAÇÃO JUDICIAL;PESSOA JURIDICA;ICMS;"=""2000749266601""";"=""20260000009426""";14301954;1397;Efetivada;27/05/2026 13:01:06;29/05/2026 12:00:15;29/05/2026;47;R$ 301,07;R$ 21.223,51;R$ 14.150,15;STT;"=""86123360159 - VERONICA ISSI SIMOES BASTOS""";Não atribuído
"=""01534080019309""";NOVO MUNDO S.A. EM RECUPERAÇÃO JUDICIAL;PESSOA JURIDICA;ICMS;"=""2000749566664""";"=""20260000009429""";14301989;1397;Efetivada;27/05/2026 13:01:06;29/05/2026 12:00:15;29/05/2026;48;R$ 300,21;R$ 21.168,94;R$ 14.410,07;STT;"=""86123360159 - VERONICA ISSI SIMOES BASTOS""";Não atribuído
"=""01534080019309""";NOVO MUNDO S.A. EM RECUPERAÇÃO JUDICIAL;PESSOA JURIDICA;ICMS;"=""2000749766671""";"=""20260000009431""";14301997;1397;Efetivada;27/05/2026 13:01:06;29/05/2026 12:00:15;29/05/2026;43;R$ 306,18;R$ 19.061,15;R$ 13.165,61;STT;"=""86123360159 - VERONICA ISSI SIMOES BASTOS""";Não atribuído
"=""01534080019309""";NOVO MUNDO S.A. EM RECUPERAÇÃO JUDICIAL;PESSOA JURIDICA;ICMS;"=""2000749166640""";"=""20260000009425""";14302004;1397;Efetivada;27/05/2026 13:01:06;29/05/2026 12:00:16;29/05/2026;22;R$ 311,21;R$ 10.337,39;R$ 6.846,69;STT;"=""86123360159 - VERONICA ISSI SIMOES BASTOS""";Não atribuído
"=""01534080019309""";NOVO MUNDO S.A. EM RECUPERAÇÃO JUDICIAL;PESSOA JURIDICA;ICMS;"=""2004273166615""";"=""20260000009435""";14302012;1397;Efetivada;27/05/2026 13:01:06;29/05/2026 12:00:16;29/05/2026;15;R$ 311,11;R$ 6.547,98;R$ 4.666,61;STT;"=""86123360159 - VERONICA ISSI SIMOES BASTOS""";Não atribuído
"=""01534080019309""";NOVO MUNDO S.A. EM RECUPERAÇÃO JUDICIAL;PESSOA JURIDICA;ICMS;"=""2006198166621""";"=""20260000009438""";14302020;1397;Efetivada;27/05/2026 13:01:06;29/05/2026 12:00:16;29/05/2026;7;R$ 325,06;R$ 3.041,53;R$ 2.275,44;STT;"=""86123360159 - VERONICA ISSI SIMOES BASTOS""";Não atribuído
"=""01534080019309""";NOVO MUNDO S.A. EM RECUPERAÇÃO JUDICIAL;PESSOA JURIDICA;ICMS;"=""4022300065682""";"=""20260000009422""";14302039;1397;Efetivada;27/05/2026 13:01:06;29/05/2026 12:00:17;29/05/2026;88;R$ 303,33;R$ 35.773,01;R$ 26.693,40;STT;"=""86123360159 - VERONICA ISSI SIMOES BASTOS""";Não atribuído
"=""01534080019309""";NOVO MUNDO S.A. EM RECUPERAÇÃO JUDICIAL;PESSOA JURIDICA;ICMS;"=""4022400009881""";"=""20260000009423""";14302047;1397;Efetivada;27/05/2026 13:01:06;29/05/2026 12:00:17;29/05/2026;145;R$ 412,69;R$ 77.232,50;R$ 59.839,76;STT;"=""86123360159 - VERONICA ISSI SIMOES BASTOS""";Não atribuído
"=""01534080019309""";NOVO MUNDO S.A. EM RECUPERAÇÃO JUDICIAL;PESSOA JURIDICA;ICMS;"=""2000749666618""";"=""20260000009430""";14302055;1397;Efetivada;27/05/2026 13:01:06;29/05/2026 12:00:17;29/05/2026;58;R$ 300,59;R$ 25.435,62;R$ 17.434,08;STT;"=""86123360159 - VERONICA ISSI SIMOES BASTOS""";Não atribuído
"=""01534080019309""";NOVO MUNDO S.A. EM RECUPERAÇÃO JUDICIAL;PESSOA JURIDICA;ICMS;"=""2003901566662""";"=""20260000009434""";14302063;1397;Efetivada;27/05/2026 13:01:06;29/05/2026 12:00:18;29/05/2026;55;R$ 304,11;R$ 23.668,29;R$ 16.726,25;STT;"=""86123360159 - VERONICA ISSI SIMOES BASTOS""";Não atribuído
"=""01534080019309""";NOVO MUNDO S.A. EM RECUPERAÇÃO JUDICIAL;PESSOA JURIDICA;ICMS;"=""2004671666600""";"=""20260000009436""";14302071;1397;Efetivada;27/05/2026 13:01:06;29/05/2026 12:00:18;29/05/2026;4;R$ 304,50;R$ 1.695,01;R$ 1.218,00;STT;"=""86123360159 - VERONICA ISSI SIMOES BASTOS""";Não atribuído
"=""01534080019309""";NOVO MUNDO S.A. EM RECUPERAÇÃO JUDICIAL;PESSOA JURIDICA;ICMS;"=""2005796566609""";"=""20260000009437""";14302080;1397;Efetivada;27/05/2026 13:01:06;29/05/2026 12:00:19;29/05/2026;3;R$ 396,63;R$ 1.608,77;R$ 1.189,89;STT;"=""86123360159 - VERONICA ISSI SIMOES BASTOS""";Não atribuído
"=""01534080019309""";NOVO MUNDO S.A. EM RECUPERAÇÃO JUDICIAL;PESSOA JURIDICA;ICMS;"=""2006544366689""";"=""20260000009439""";14302098;1397;Efetivada;27/05/2026 13:01:06;29/05/2026 12:00:19;29/05/2026;19;R$ 311,42;R$ 7.826,82;R$ 5.917,04;STT;"=""86123360159 - VERONICA ISSI SIMOES BASTOS""";Não atribuído
"=""01534080020587""";NOVO MUNDO S.A.;PESSOA JURIDICA;ICMS;"=""2000787166600""";"=""20260000008305""";14292920;1361;Efetivada;26/05/2026 11:06:07;29/05/2026 12:00:10;29/05/2026;109;R$ 302,24;R$ 52.613,86;R$ 32.943,80;STT;"=""86123360159 - VERONICA ISSI SIMOES BASTOS""";Não atribuído
"=""01534080021125"""; NOVO MUNDO S.A.;PESSOA JURIDICA;ICMS;"=""4022400010030""";"=""20260000008307""";14292947;1362;Efetivada;26/05/2026 11:08:19;29/05/2026 12:00:10;29/05/2026;112;R$ 302,01;R$ 43.771,71;R$ 33.825,11;STT;"=""86123360159 - VERONICA ISSI SIMOES BASTOS""";Não atribuído
"=""01534080021125"""; NOVO MUNDO S.A.;PESSOA JURIDICA;ICMS;"=""2000979566623""";"=""20260000008308""";14292939;1362;Efetivada;26/05/2026 11:08:19;29/05/2026 12:00:10;29/05/2026;137;R$ 301,12;R$ 60.602,63;R$ 41.253,24;STT;"=""86123360159 - VERONICA ISSI SIMOES BASTOS""";Não atribuído
"=""01534080021710""";NOVO MUNDO S.A.;PESSOA JURIDICA;ICMS;"=""4022400010707""";"=""20260000008311""";14292971;1363;Efetivada;26/05/2026 11:11:48;29/05/2026 12:00:10;29/05/2026;145;R$ 311,36;R$ 58.409,70;R$ 45.146,90;STT;"=""86123360159 - VERONICA ISSI SIMOES BASTOS""";Não atribuído
"=""01534080023330""";NOVO MUNDO S.A.;PESSOA JURIDICA;ICMS;"=""2002896866634""";"=""20260000010671""";14343215;1435;Efetivada;27/05/2026 20:21:54;11/06/2026 12:00:01;10/06/2026;19;R$ 304,94;R$ 8.511,44;R$ 5.793,89;STT;"=""86123360159 - VERONICA ISSI SIMOES BASTOS""";Não atribuído
"=""01534080023330""";NOVO MUNDO S.A.;PESSOA JURIDICA;ICMS;"=""2002896666627""";"=""20260000010669""";14343207;1435;Efetivada;27/05/2026 20:21:54;11/06/2026 12:00:02;10/06/2026;56;R$ 301,38;R$ 25.153,97;R$ 16.877,33;STT;"=""86123360159 - VERONICA ISSI SIMOES BASTOS""";Não atribuído
"=""01534080023330""";NOVO MUNDO S.A.;PESSOA JURIDICA;ICMS;"=""2002896766680""";"=""20260000010670""";14343223;1435;Efetivada;27/05/2026 20:21:54;11/06/2026 12:00:02;10/06/2026;12;R$ 309,92;R$ 5.502,14;R$ 3.718,98;STT;"=""86123360159 - VERONICA ISSI SIMOES BASTOS""";Não atribuído
"=""01534080023330""";NOVO MUNDO S.A.;PESSOA JURIDICA;ICMS;"=""2006562866639""";"=""20260000010679""";14343231;1435;Efetivada;27/05/2026 20:21:54;11/06/2026 12:00:02;10/06/2026;26;R$ 300,64;R$ 10.339,58;R$ 7.816,68;STT;"=""86123360159 - VERONICA ISSI SIMOES BASTOS""";Não atribuído
"=""01534080023330""";NOVO MUNDO S.A.;PESSOA JURIDICA;ICMS;"=""2002896966698""";"=""20260000010672""";14343266;1435;Efetivada;27/05/2026 20:21:54;11/06/2026 12:00:03;10/06/2026;50;R$ 300,64;R$ 21.930,95;R$ 15.031,92;STT;"=""86123360159 - VERONICA ISSI SIMOES BASTOS""";Não atribuído
"=""01534080023330""";NOVO MUNDO S.A.;PESSOA JURIDICA;ICMS;"=""2004309366678""";"=""20260000010676""";14343240;1435;Efetivada;27/05/2026 20:21:54;11/06/2026 12:00:03;10/06/2026;8;R$ 305,20;R$ 3.425,93;R$ 2.441,59;STT;"=""86123360159 - VERONICA ISSI SIMOES BASTOS""";Não atribuído
"=""01534080023330""";NOVO MUNDO S.A.;PESSOA JURIDICA;ICMS;"=""4022400010545""";"=""20260000010668""";14343258;1435;Efetivada;27/05/2026 20:21:54;11/06/2026 12:00:04;10/06/2026;145;R$ 489,89;R$ 92.573,44;R$ 71.034,21;STT;"=""86123360159 - VERONICA ISSI SIMOES BASTOS""";Não atribuído
"=""01534080023330""";NOVO MUNDO S.A.;PESSOA JURIDICA;ICMS;"=""2003926666610""";"=""20260000010675""";14343290;1435;Efetivada;27/05/2026 20:21:54;11/06/2026 12:00:04;10/06/2026;34;R$ 307,90;R$ 14.813,31;R$ 10.468,49;STT;"=""86123360159 - VERONICA ISSI SIMOES BASTOS""";Não atribuído
"=""01534080023330""";NOVO MUNDO S.A.;PESSOA JURIDICA;ICMS;"=""2006007466692""";"=""20260000010677""";14343304;1435;Efetivada;27/05/2026 20:21:54;11/06/2026 12:00:04;10/06/2026;37;R$ 300,31;R$ 15.023,37;R$ 11.111,64;STT;"=""86123360159 - VERONICA ISSI SIMOES BASTOS""";Não atribuído
"=""01534080023330""";NOVO MUNDO S.A.;PESSOA JURIDICA;ICMS;"=""2006381266680""";"=""20260000010678""";14343312;1435;Efetivada;27/05/2026 20:21:54;11/06/2026 12:00:04;10/06/2026;17;R$ 308,89;R$ 7.019,09;R$ 5.251,14;STT;"=""86123360159 - VERONICA ISSI SIMOES BASTOS""";Não atribuído
"=""01534080023330""";NOVO MUNDO S.A.;PESSOA JURIDICA;ICMS;"=""2002897066640""";"=""20260000010673""";14343274;1435;Efetivada;27/05/2026 20:21:54;11/06/2026 12:00:05;10/06/2026;32;R$ 301,84;R$ 13.984,21;R$ 9.658,95;STT;"=""86123360159 - VERONICA ISSI SIMOES BASTOS""";Não atribuído
"=""01534080023330""";NOVO MUNDO S.A.;PESSOA JURIDICA;ICMS;"=""2002897166601""";"=""20260000010674""";14343282;1435;Efetivada;27/05/2026 20:21:54;11/06/2026 12:00:05;10/06/2026;13;R$ 319,01;R$ 5.964,82;R$ 4.147,08;STT;"=""86123360159 - VERONICA ISSI SIMOES BASTOS""";Não atribuído
"=""01552636178""";RODRIGO GOMES ALVES;PESSOA FISICA;IPVA;"=""2333511022200""";"=""20260000004790""";13974092;947;Efetivada;06/03/2026 13:45:10;06/04/2026 16:30:43;13/03/2026;1;R$ 5.647,76;R$ 9.442,14;R$ 5.647,76;EXPRESSO;-;"=""70458480134 - RENATA VITORIA BONIFACIO E SOUZA"""
"=""01552636178""";RODRIGO GOMES ALVES;PESSOA FISICA;IPVA;"=""2326867422231""";"=""20260000004789""";13974084;947;Efetivada;06/03/2026 13:45:10;06/04/2026 16:30:49;13/03/2026;1;R$ 4.234,41;R$ 7.714,40;R$ 4.234,41;EXPRESSO;-;"=""70458480134 - RENATA VITORIA BONIFACIO E SOUZA"""
"=""01552636178""";RODRIGO GOMES ALVES;PESSOA FISICA;IPVA;"=""2177017522272""";"=""20260000004788""";13974076;947;Efetivada;06/03/2026 13:45:10;06/04/2026 16:30:56;13/03/2026;1;R$ 4.524,30;R$ 8.414,10;R$ 4.524,30;EXPRESSO;-;"=""70458480134 - RENATA VITORIA BONIFACIO E SOUZA"""
"=""01587503140""";RODRIGO CABRAL DE CARVALHO;PESSOA FISICA;IPVA;"=""2341841122200""";"=""20260000005472""";13992880;1068;Efetivada;16/03/2026 16:39:53;18/03/2026 18:08:03;23/03/2026;2;R$ 349,89;R$ 1.196,46;R$ 699,78;EXPRESSO;-;"=""70458480134 - RENATA VITORIA BONIFACIO E SOUZA"""
"=""01600942164""";ANGELICA ANTUNES CRUVINEL DE OLIVEIRA;PESSOA FISICA;IPVA;"=""2326547722242""";"=""20260000005509""";13999605;1079;Efetivada;17/03/2026 18:00:02;09/04/2026 12:51:00;24/03/2026;1;R$ 4.896,17;R$ 8.920,03;R$ 4.896,17;EXPRESSO;-;"=""70458480134 - RENATA VITORIA BONIFACIO E SOUZA"""
"=""01600942164""";ANGELICA ANTUNES CRUVINEL DE OLIVEIRA;PESSOA FISICA;IPVA;"=""2333525022224""";"=""20260000005510""";13999613;1079;Efetivada;17/03/2026 18:00:02;09/04/2026 12:51:00;24/03/2026;1;R$ 6.262,68;R$ 10.470,20;R$ 6.262,68;EXPRESSO;-;"=""70458480134 - RENATA VITORIA BONIFACIO E SOUZA"""
"=""01612795000313""";BRASAL REFRIGERANTES S.A.;PESSOA JURIDICA;Pena Pecuniária;"=""4012000844654""";"=""20260000002421""";13826247;574;Efetivada;20/02/2026 15:29:24;25/02/2026 12:03:40;27/02/2026;1;R$ 7.245,72;R$ 20.702,07;R$ 7.245,72;STT;"=""04364786179 - SARAH BADI CARVALHO""";"=""70458480134 - RENATA VITORIA BONIFACIO E SOUZA"""
"=""01612795000747""";BRASAL REFRIGERANTES S.A.;PESSOA JURIDICA;Pena Pecuniária;"=""4012000944446""";"=""20260000002423""";13826263;575;Efetivada;20/02/2026 15:35:01;25/02/2026 12:03:47;27/02/2026;1;R$ 3.839,74;R$ 10.970,70;R$ 3.839,74;EXPRESSO;-;"=""70458480134 - RENATA VITORIA BONIFACIO E SOUZA"""
"=""01618811142""";IONE CAMILO DO NASCIMENTO CARDOSO;PESSOA FISICA;IPVA;"=""2389279822261""";"=""20260000000040""";13640526;38;Efetivada;02/02/2026 15:30:45;03/02/2026 18:00:45;09/02/2026;1;R$ 801,27;R$ 1.340,74;R$ 801,27;EXPRESSO;-;"=""00001288130 - JOILSON JOSE DA SILVA"""
"=""01704905133""";FABRICIO JOSE FAGUNDES;PESSOA FISICA;ICMS;"=""4012101381935""";"=""20260000000127""";13712837;77;Efetivada;03/02/2026 09:50:38;10/02/2026 06:06:57;10/02/2026;1;R$ 11.626,65;R$ 35.321,76;R$ 11.626,65;EXPRESSO;-;"=""86123360159 - VERONICA ISSI SIMOES BASTOS"""
"=""01715382188""";PRISCILLA RHAYANE PEREIRA;PESSOA FISICA;IPVA;"=""2010200822240""";"=""20260000000131""";13660853;79;Efetivada;03/02/2026 10:17:24;09/02/2026 12:02:10;10/02/2026;1;R$ 91,56;R$ 175,83;R$ 91,56;EXPRESSO;-;"=""86123360159 - VERONICA ISSI SIMOES BASTOS"""
"=""01715382188""";PRISCILLA RHAYANE PEREIRA;PESSOA FISICA;IPVA;"=""2341668222295""";"=""20260000000134""";13660845;79;Efetivada;03/02/2026 10:17:24;09/02/2026 12:02:16;10/02/2026;1;R$ 106,80;R$ 181,32;R$ 106,80;EXPRESSO;-;"=""86123360159 - VERONICA ISSI SIMOES BASTOS"""
"=""01715382188""";PRISCILLA RHAYANE PEREIRA;PESSOA FISICA;IPVA;"=""2064627422206""";"=""20260000000132""";13660837;79;Efetivada;03/02/2026 10:17:24;09/02/2026 12:02:17;10/02/2026;1;R$ 89,79;R$ 166,47;R$ 89,79;EXPRESSO;-;"=""86123360159 - VERONICA ISSI SIMOES BASTOS"""
"=""01715382188""";PRISCILLA RHAYANE PEREIRA;PESSOA FISICA;IPVA;"=""2265126922266""";"=""20260000000133""";13660829;79;Efetivada;03/02/2026 10:17:24;09/02/2026 12:02:23;10/02/2026;1;R$ 87,63;R$ 160,20;R$ 87,63;EXPRESSO;-;"=""86123360159 - VERONICA ISSI SIMOES BASTOS"""
"=""01748159135""";JOAO VICTOR BOTELHO DA SILVA;PESSOA FISICA;IPVA;"=""2305473522250""";"=""20260000004320""";13909568;862;Efetivada;03/03/2026 16:41:21;04/03/2026 06:07:06;10/03/2026;1;R$ 169,77;R$ 311,48;R$ 169,77;EXPRESSO;-;"=""70458480134 - RENATA VITORIA BONIFACIO E SOUZA"""
"=""01748159135""";JOAO VICTOR BOTELHO DA SILVA;PESSOA FISICA;IPVA;"=""2379956222239""";"=""20260000004321""";13909576;862;Efetivada;03/03/2026 16:41:21;04/03/2026 12:07:03;10/03/2026;1;R$ 199,92;R$ 336,91;R$ 199,92;EXPRESSO;-;"=""70458480134 - RENATA VITORIA BONIFACIO E SOUZA"""
"=""01757840192""";PATRICIA MARTINS SILVA;PESSOA FISICA;IPVA;"=""2293799122290""";"=""20260000000136""";13678434;81;Efetivada;03/02/2026 10:48:33;05/02/2026 12:06:03;10/02/2026;8;R$ 312,26;R$ 4.566,73;R$ 2.498,10;EXPRESSO;-;"=""86123360159 - VERONICA ISSI SIMOES BASTOS"""
"=""01775571173"""; MARCELO SANGLARD SEABRA ;PESSOA FISICA;IPVA;"=""2098589522266""";"=""20260000006826""";14210983;1266;Efetivada;04/05/2026 15:34:28;06/05/2026 12:03:28;11/05/2026;2;R$ 300,90;R$ 1.139,59;R$ 601,80;EXPRESSO;-;Não atribuído
"=""01775571173"""; MARCELO SANGLARD SEABRA ;PESSOA FISICA;IPVA;"=""2368317322221""";"=""20260000006828""";14210975;1266;Efetivada;04/05/2026 15:34:28;06/05/2026 12:03:35;11/05/2026;2;R$ 374,83;R$ 1.293,23;R$ 749,65;EXPRESSO;-;Não atribuído
"=""01775571173"""; MARCELO SANGLARD SEABRA ;PESSOA FISICA;IPVA;"=""2306182422223""";"=""20260000006827""";14210991;1266;Efetivada;04/05/2026 15:34:28;06/05/2026 12:03:41;11/05/2026;1;R$ 580,22;R$ 1.083,65;R$ 580,22;EXPRESSO;-;Não atribuído
"=""01784987182""";RONALDO FLEURY LOBO DE ABREU ;PESSOA FISICA;ITCD;"=""4011603373337""";"=""20250000000039""";13446630;22;Efetivada;29/12/2025 09:52:53;29/12/2025 18:00:00;29/12/2025;145;R$ 1.151,67;R$ 503.945,59;R$ 166.991,83;STT;"=""86123360159 - VERONICA ISSI SIMOES BASTOS""";Não atribuído
"=""01784987182""";RONALDO FLEURY LOBO DE ABREU ;PESSOA FISICA;ITCD;"=""4011603372950""";"=""20260000000002""";13465945;24;Efetivada;06/01/2026 08:10:41;07/01/2026 12:00:00;13/01/2026;145;R$ 1.142,64;R$ 503.026,06;R$ 165.682,42;STT;"=""86123360159 - VERONICA ISSI SIMOES BASTOS""";Não atribuído
"=""01797401130""";VANDERLEY CARLOS DOS SANTOS;PESSOA FISICA;IPVA;"=""2392840822261""";"=""20260000004912""";13944711;977;Efetivada;09/03/2026 11:34:29;23/04/2026 18:31:41;16/03/2026;1;R$ 1.349,06;R$ 2.255,40;R$ 1.349,06;STT;"=""03279141141 - VANESSA FRANCO DE OLIVEIRA""";Não atribuído
"=""01841095000139""";VALDIVANIA ALVES ARAUJO ;PESSOA JURIDICA;Pena Pecuniária;"=""2136907600059""";"=""20260000006493""";14142791;1210;Efetivada;15/04/2026 15:44:28;20/04/2026 12:00:53;23/04/2026;66;R$ 301,17;R$ 66.257,17;R$ 19.877,15;STT;"=""04364786179 - SARAH BADI CARVALHO""";Não atribuído
"=""01905272189""";WENDERSON PAULO DE SOUZA SILVA;PESSOA FISICA;ICMS;"=""4012001660972""";"=""20260000005661""";14024802;1108;Efetivada;23/03/2026 10:25:10;26/03/2026 18:14:30;30/03/2026;14;R$ 1.061,95;R$ 40.592,46;R$ 14.867,28;EXPRESSO;-;"=""00001288130 - JOILSON JOSE DA SILVA"""
"=""01954338155""";RAQUEL VITORINO DE OLIVEIRA;PESSOA FISICA;IPVA;"=""2323981522261""";"=""20260000006742""";14196476;1253;Efetivada;29/04/2026 15:58:18;30/04/2026 18:03:09;30/04/2026;4;R$ 347,50;R$ 2.552,55;R$ 1.390,01;STT;"=""00001288130 - JOILSON JOSE DA SILVA""";Não atribuído
"=""01954338155""";RAQUEL VITORINO DE OLIVEIRA;PESSOA FISICA;IPVA;"=""2334943922229""";"=""20260000006741""";14196484;1253;Efetivada;29/04/2026 15:58:18;30/04/2026 18:03:16;30/04/2026;5;R$ 357,21;R$ 3.011,92;R$ 1.786,05;STT;"=""00001288130 - JOILSON JOSE DA SILVA""";Não atribuído
"=""02029981184""";MONIQUE YARA GALVAO SILVA;PESSOA FISICA;IPVA;"=""2291414522270""";"=""20260000003690""";13883453;761;Efetivada;27/02/2026 10:49:10;28/02/2026 06:08:07;27/02/2026;1;R$ 523,50;R$ 956,99;R$ 523,50;EXPRESSO;-;"=""00001288130 - JOILSON JOSE DA SILVA"""
"=""02029981184""";MONIQUE YARA GALVAO SILVA;PESSOA FISICA;IPVA;"=""2373104022227""";"=""20260000003691""";13883445;761;Efetivada;27/02/2026 10:49:10;28/02/2026 06:08:13;27/02/2026;2;R$ 314,91;R$ 1.053,85;R$ 629,82;EXPRESSO;-;"=""00001288130 - JOILSON JOSE DA SILVA"""
"=""02030190160""";GICIELY CARLA CEZIMBRA MANFROI;PESSOA FISICA;IPVA;"=""2343450422287""";"=""20260000000897""";13699148;239;Efetivada;06/02/2026 11:44:52;07/02/2026 06:07:26;13/02/2026;9;R$ 306,42;R$ 4.682,06;R$ 2.757,79;STT;"=""00828686114 - GEOVANA REZENDE ABDON FRAGOSO OLIVEIRA""";Não atribuído
"=""02030190160""";GICIELY CARLA CEZIMBRA MANFROI;PESSOA FISICA;IPVA;"=""2268287222228""";"=""20260000000896""";13699130;239;Efetivada;06/02/2026 11:44:52;07/02/2026 06:07:33;13/02/2026;7;R$ 315,91;R$ 4.042,51;R$ 2.211,34;STT;"=""00828686114 - GEOVANA REZENDE ABDON FRAGOSO OLIVEIRA""";Não atribuído
"=""02043644181""";ERIVALDO BERNARDO DA SILVA;PESSOA FISICA;IPVA;"=""2335793822214""";"=""20260000001361""";13769235;333;Efetivada;10/02/2026 13:43:34;13/02/2026 18:08:47;18/02/2026;1;R$ 1.418,78;R$ 2.354,95;R$ 1.418,78;EXPRESSO;-;"=""70458480134 - RENATA VITORIA BONIFACIO E SOUZA"""
"=""02084774110""";GABRIEL RODRIGUES CAVALCANTE;PESSOA FISICA;IPVA;"=""2071774022299""";"=""20260000000659""";13691295;198;Efetivada;05/02/2026 14:02:48;11/02/2026 18:02:20;12/02/2026;1;R$ 105,42;R$ 195,44;R$ 105,42;EXPRESSO;-;"=""86123360159 - VERONICA ISSI SIMOES BASTOS"""
"=""02084774110""";GABRIEL RODRIGUES CAVALCANTE;PESSOA FISICA;IPVA;"=""2185929222225""";"=""20260000000660""";13691309;198;Efetivada;05/02/2026 14:02:48;11/02/2026 18:02:20;12/02/2026;2;R$ 373,02;R$ 1.378,50;R$ 746,04;EXPRESSO;-;"=""86123360159 - VERONICA ISSI SIMOES BASTOS"""
"=""02084774110""";GABRIEL RODRIGUES CAVALCANTE;PESSOA FISICA;IPVA;"=""2274086422240""";"=""20260000000661""";13691317;198;Efetivada;05/02/2026 14:02:48;11/02/2026 18:02:27;12/02/2026;1;R$ 103,05;R$ 188,38;R$ 103,05;EXPRESSO;-;"=""86123360159 - VERONICA ISSI SIMOES BASTOS"""
"=""02084774110""";GABRIEL RODRIGUES CAVALCANTE;PESSOA FISICA;IPVA;"=""2363298822219""";"=""20260000000664""";13691287;198;Efetivada;05/02/2026 14:02:48;11/02/2026 18:02:27;12/02/2026;1;R$ 132,39;R$ 223,14;R$ 132,39;EXPRESSO;-;"=""86123360159 - VERONICA ISSI SIMOES BASTOS"""
"=""02084774110""";GABRIEL RODRIGUES CAVALCANTE;PESSOA FISICA;IPVA;"=""2328108222209""";"=""20260000000662""";13691325;198;Efetivada;05/02/2026 14:02:48;11/02/2026 18:02:33;12/02/2026;2;R$ 368,19;R$ 1.332,73;R$ 736,38;EXPRESSO;-;"=""86123360159 - VERONICA ISSI SIMOES BASTOS"""
"=""02084774110""";GABRIEL RODRIGUES CAVALCANTE;PESSOA FISICA;IPVA;"=""2335976322261""";"=""20260000004451""";13915428;887;Efetivada;04/03/2026 12:05:39;06/03/2026 06:07:56;11/03/2026;3;R$ 304,03;R$ 1.524,86;R$ 912,09;EXPRESSO;-;"=""70458480134 - RENATA VITORIA BONIFACIO E SOUZA"""
"=""02088938000130""";SETE TAXI AÉREO LTDA.;PESSOA JURIDICA;ICMS;"=""4012201161929""";"=""20260000002119""";13794868;506;Efetivada;17/02/2026 16:03:53;23/02/2026 12:04:18;24/02/2026;4;R$ 301,05;R$ 3.440,55;R$ 1.204,19;EXPRESSO;-;"=""70458480134 - RENATA VITORIA BONIFACIO E SOUZA"""
"=""02088938000130""";SETE TAXI AÉREO LTDA.;PESSOA JURIDICA;ICMS;"=""4012200766622""";"=""20260000002120""";13794876;506;Efetivada;17/02/2026 16:03:53;23/02/2026 12:04:21;24/02/2026;3;R$ 338,02;R$ 2.897,35;R$ 1.014,07;EXPRESSO;-;"=""70458480134 - RENATA VITORIA BONIFACIO E SOUZA"""
"=""02088938000130""";SETE TAXI AÉREO LTDA.;PESSOA JURIDICA;ICMS;"=""4012000098626""";"=""20260000002112""";13794884;506;Efetivada;17/02/2026 16:03:53;23/02/2026 12:04:25;24/02/2026;105;R$ 300,14;R$ 50.083,04;R$ 31.515,20;EXPRESSO;-;"=""70458480134 - RENATA VITORIA BONIFACIO E SOUZA"""
"=""02088938000130""";SETE TAXI AÉREO LTDA.;PESSOA JURIDICA;ICMS;"=""4012200769990""";"=""20260000002117""";13794930;506;Efetivada;17/02/2026 16:03:53;23/02/2026 12:04:28;24/02/2026;17;R$ 314,62;R$ 15.281,74;R$ 5.348,61;EXPRESSO;-;"=""70458480134 - RENATA VITORIA BONIFACIO E SOUZA"""
"=""02088938000130""";SETE TAXI AÉREO LTDA.;PESSOA JURIDICA;ICMS;"=""4012200121923""";"=""20260000002114""";13794906;506;Efetivada;17/02/2026 16:03:53;23/02/2026 12:04:36;24/02/2026;3;R$ 382,45;R$ 3.278,14;R$ 1.147,35;EXPRESSO;-;"=""70458480134 - RENATA VITORIA BONIFACIO E SOUZA"""
"=""02088938000130""";SETE TAXI AÉREO LTDA.;PESSOA JURIDICA;ICMS;"=""4012000718608""";"=""20260000002115""";13794914;506;Efetivada;17/02/2026 16:03:53;23/02/2026 12:04:40;24/02/2026;21;R$ 311,65;R$ 10.515,60;R$ 6.544,66;EXPRESSO;-;"=""70458480134 - RENATA VITORIA BONIFACIO E SOUZA"""
"=""02088938000130""";SETE TAXI AÉREO LTDA.;PESSOA JURIDICA;ICMS;"=""4012100161524""";"=""20260000002116""";13794922;506;Efetivada;17/02/2026 16:03:53;23/02/2026 12:04:44;24/02/2026;10;R$ 324,32;R$ 5.071,77;R$ 3.243,24;EXPRESSO;-;"=""70458480134 - RENATA VITORIA BONIFACIO E SOUZA"""
"=""02088938000130""";SETE TAXI AÉREO LTDA.;PESSOA JURIDICA;ICMS;"=""4012200771111""";"=""20260000002118""";13794949;506;Efetivada;17/02/2026 16:03:53;23/02/2026 12:04:48;24/02/2026;120;R$ 795,97;R$ 272.040,67;R$ 95.516,39;EXPRESSO;-;"=""70458480134 - RENATA VITORIA BONIFACIO E SOUZA"""
"=""02088938000130""";SETE TAXI AÉREO LTDA.;PESSOA JURIDICA;ICMS;"=""4012201256040""";"=""20260000002113""";13794892;506;Efetivada;17/02/2026 16:03:53;23/02/2026 18:03:10;24/02/2026;120;R$ 1.394,00;R$ 258.602,91;R$ 167.279,87;EXPRESSO;-;"=""70458480134 - RENATA VITORIA BONIFACIO E SOUZA"""
"=""02135797154""";LORENNA MARTINS FORTI;PESSOA FISICA;IPVA;"=""2351733022256""";"=""20260000004778""";13933248;944;Efetivada;06/03/2026 12:27:37;11/03/2026 18:05:19;13/03/2026;4;R$ 309,70;R$ 2.118,01;R$ 1.238,79;EXPRESSO;-;"=""70458480134 - RENATA VITORIA BONIFACIO E SOUZA"""
"=""02164291000189""";E V DE OLIVEIRA SUPERMERCADO;PESSOA JURIDICA;IPVA;"=""2376603122221""";"=""20260000002722""";13836021;622;Efetivada;23/02/2026 11:03:25;23/02/2026 18:11:55;27/02/2026;1;R$ 1.311,86;R$ 2.195,10;R$ 1.311,86;STT;"=""03279141141 - VANESSA FRANCO DE OLIVEIRA""";Não atribuído
"=""02185041100""";ANA PAULA CAETANO DIB;PESSOA FISICA;ITCD;"=""4012100760908""";"=""20260000001859""";13773143;446;Efetivada;13/02/2026 08:46:33;18/02/2026 18:04:54;20/02/2026;4;R$ 535,23;R$ 4.919,60;R$ 2.140,91;EXPRESSO;-;Não atribuído
"=""02188723000191""";FRANGO BOM COMERCIO ATACADISTA DE FRANGOS LTDA.;PESSOA JURIDICA;ICMS;"=""4012001419493""";"=""20260000007329""";14275619;1308;Efetivada;20/05/2026 10:34:16;28/05/2026 06:01:57;27/05/2026;120;R$ 925,72;R$ 317.389,48;R$ 111.086,32;EXPRESSO;-;"=""00001288130 - JOILSON JOSE DA SILVA"""
"=""02188723000191""";FRANGO BOM COMERCIO ATACADISTA DE FRANGOS LTDA.;PESSOA JURIDICA;ICMS;"=""4011601615376""";"=""20260000007331""";14275538;1308;Efetivada;20/05/2026 10:34:16;28/05/2026 12:01:14;27/05/2026;101;R$ 301,67;R$ 56.254,16;R$ 30.468,20;EXPRESSO;-;"=""00001288130 - JOILSON JOSE DA SILVA"""
"=""02188723000191""";FRANGO BOM COMERCIO ATACADISTA DE FRANGOS LTDA.;PESSOA JURIDICA;ICMS;"=""4011801611501""";"=""20260000007332""";14275546;1308;Efetivada;20/05/2026 10:34:16;28/05/2026 12:01:14;27/05/2026;120;R$ 588,03;R$ 120.664,29;R$ 70.564,07;EXPRESSO;-;"=""00001288130 - JOILSON JOSE DA SILVA"""
"=""02188723000191""";FRANGO BOM COMERCIO ATACADISTA DE FRANGOS LTDA.;PESSOA JURIDICA;ICMS;"=""4011800789021""";"=""20260000007325""";14275562;1308;Efetivada;20/05/2026 10:34:16;28/05/2026 12:01:15;27/05/2026;120;R$ 838,00;R$ 173.817,45;R$ 100.559,70;EXPRESSO;-;"=""00001288130 - JOILSON JOSE DA SILVA"""
"=""02188723000191""";FRANGO BOM COMERCIO ATACADISTA DE FRANGOS LTDA.;PESSOA JURIDICA;ICMS;"=""2156076200062""";"=""20260000007333""";14275554;1308;Efetivada;20/05/2026 10:34:16;28/05/2026 12:01:15;27/05/2026;18;R$ 309,67;R$ 9.043,81;R$ 5.574,00;EXPRESSO;-;"=""00001288130 - JOILSON JOSE DA SILVA"""
"=""02188723000191""";FRANGO BOM COMERCIO ATACADISTA DE FRANGOS LTDA.;PESSOA JURIDICA;ICMS;"=""2227998100060""";"=""20260000007334""";14275589;1308;Efetivada;20/05/2026 10:34:16;28/05/2026 12:01:15;27/05/2026;9;R$ 302,44;R$ 4.377,25;R$ 2.722,00;EXPRESSO;-;"=""00001288130 - JOILSON JOSE DA SILVA"""
"=""02188723000191""";FRANGO BOM COMERCIO ATACADISTA DE FRANGOS LTDA.;PESSOA JURIDICA;ICMS;"=""4021700005182""";"=""20260000007326""";14275570;1308;Efetivada;20/05/2026 10:34:16;28/05/2026 12:01:16;27/05/2026;120;R$ 868,65;R$ 187.492,68;R$ 104.238,13;EXPRESSO;-;"=""00001288130 - JOILSON JOSE DA SILVA"""
"=""02188723000191""";FRANGO BOM COMERCIO ATACADISTA DE FRANGOS LTDA.;PESSOA JURIDICA;ICMS;"=""2144319400050""";"=""20260000007327""";14275600;1308;Efetivada;20/05/2026 10:34:16;28/05/2026 12:01:17;27/05/2026;100;R$ 300,14;R$ 49.810,25;R$ 30.013,94;EXPRESSO;-;"=""00001288130 - JOILSON JOSE DA SILVA"""
"=""02188723000191""";FRANGO BOM COMERCIO ATACADISTA DE FRANGOS LTDA.;PESSOA JURIDICA;ICMS;"=""4011701156861""";"=""20260000010691""";14342880;1438;Efetivada;03/06/2026 11:38:55;11/06/2026 12:00:00;10/06/2026;120;R$ 571,34;R$ 122.259,41;R$ 68.560,60;EXPRESSO;-;"=""00001288130 - JOILSON JOSE DA SILVA"""
"=""02188723000191""";FRANGO BOM COMERCIO ATACADISTA DE FRANGOS LTDA.;PESSOA JURIDICA;ICMS;"=""4011702565145""";"=""20260000010690""";14342898;1438;Efetivada;03/06/2026 11:38:55;11/06/2026 12:00:01;10/06/2026;120;R$ 1.494,86;R$ 316.358,43;R$ 179.383,35;EXPRESSO;-;"=""00001288130 - JOILSON JOSE DA SILVA"""
"=""02188723000191""";FRANGO BOM COMERCIO ATACADISTA DE FRANGOS LTDA.;PESSOA JURIDICA;IPVA;"=""2077837822253""";"=""20260000007330""";14275627;1308;Efetivada;20/05/2026 10:34:16;28/05/2026 06:02:01;27/05/2026;2;R$ 391,14;R$ 1.481,34;R$ 782,27;EXPRESSO;-;"=""00001288130 - JOILSON JOSE DA SILVA"""
"=""02188723000191""";FRANGO BOM COMERCIO ATACADISTA DE FRANGOS LTDA.;PESSOA JURIDICA;IPVA;"=""2018706422280""";"=""20260000007328""";14275597;1308;Efetivada;20/05/2026 10:34:16;28/05/2026 12:01:16;27/05/2026;1;R$ 532,76;R$ 1.041,63;R$ 532,76;EXPRESSO;-;"=""00001288130 - JOILSON JOSE DA SILVA"""
"=""02188723000191""";FRANGO BOM COMERCIO ATACADISTA DE FRANGOS LTDA.;PESSOA JURIDICA;IPVA;"=""2405579122201""";"=""20260000007346""";14275643;1309;Efetivada;20/05/2026 10:47:51;28/05/2026 06:02:08;27/05/2026;4;R$ 314,62;R$ 1.995,26;R$ 1.258,49;EXPRESSO;-;"=""00001288130 - JOILSON JOSE DA SILVA"""
"=""02188723000191""";FRANGO BOM COMERCIO ATACADISTA DE FRANGOS LTDA.;PESSOA JURIDICA;IPVA;"=""2349358722295""";"=""20260000007345""";14275635;1309;Efetivada;20/05/2026 10:47:51;28/05/2026 06:02:15;27/05/2026;3;R$ 367,35;R$ 1.914,65;R$ 1.102,05;EXPRESSO;-;"=""00001288130 - JOILSON JOSE DA SILVA"""
"=""02188723000272""";FRANGO BOM COMERCIO ATACADISTA DE FRANGOS LTDA ;PESSOA JURIDICA;ICMS;"=""4011801612141""";"=""20260000006989""";14251221;1294;Efetivada;13/05/2026 11:55:01;21/05/2026 12:00:20;20/05/2026;120;R$ 516,74;R$ 105.843,85;R$ 62.008,84;EXPRESSO;-;"=""00001288130 - JOILSON JOSE DA SILVA"""
"=""02188723000272""";FRANGO BOM COMERCIO ATACADISTA DE FRANGOS LTDA ;PESSOA JURIDICA;ICMS;"=""4012001836760""";"=""20260000006988""";14251205;1294;Efetivada;13/05/2026 11:55:01;21/05/2026 12:00:27;20/05/2026;106;R$ 301,54;R$ 91.323,75;R$ 31.963,31;EXPRESSO;-;"=""00001288130 - JOILSON JOSE DA SILVA"""
"=""02188723000272""";FRANGO BOM COMERCIO ATACADISTA DE FRANGOS LTDA ;PESSOA JURIDICA;ICMS;"=""4021700022273""";"=""20260000006987""";14251213;1294;Efetivada;13/05/2026 11:55:01;21/05/2026 12:00:34;20/05/2026;87;R$ 301,71;R$ 46.798,27;R$ 26.248,40;EXPRESSO;-;"=""00001288130 - JOILSON JOSE DA SILVA"""
"=""02188723000272""";FRANGO BOM COMERCIO ATACADISTA DE FRANGOS LTDA ;PESSOA JURIDICA;ICMS;"=""4011701209817""";"=""20260000006984""";14251230;1294;Efetivada;13/05/2026 11:55:01;21/05/2026 12:00:41;20/05/2026;86;R$ 301,84;R$ 45.970,28;R$ 25.958,10;EXPRESSO;-;"=""00001288130 - JOILSON JOSE DA SILVA"""
"=""02188723000272""";FRANGO BOM COMERCIO ATACADISTA DE FRANGOS LTDA ;PESSOA JURIDICA;ICMS;"=""4011800837280""";"=""20260000006985""";14251248;1294;Efetivada;13/05/2026 11:55:01;21/05/2026 12:00:56;20/05/2026;120;R$ 517,95;R$ 107.528,19;R$ 62.153,90;EXPRESSO;-;"=""00001288130 - JOILSON JOSE DA SILVA"""
"=""02188723000272""";FRANGO BOM COMERCIO ATACADISTA DE FRANGOS LTDA ;PESSOA JURIDICA;ICMS;"=""4011802060304""";"=""20260000006986""";14251256;1294;Efetivada;13/05/2026 11:55:01;21/05/2026 12:01:03;20/05/2026;108;R$ 300,39;R$ 54.848,87;R$ 32.441,86;EXPRESSO;-;"=""00001288130 - JOILSON JOSE DA SILVA"""
"=""02188723000272""";FRANGO BOM COMERCIO ATACADISTA DE FRANGOS LTDA ;PESSOA JURIDICA;ICMS;"=""4011700326593""";"=""20260000006990""";14251264;1294;Efetivada;13/05/2026 11:55:01;21/05/2026 12:01:10;20/05/2026;120;R$ 325,57;R$ 70.285,02;R$ 39.067,85;EXPRESSO;-;"=""00001288130 - JOILSON JOSE DA SILVA"""
"=""02188723000272""";FRANGO BOM COMERCIO ATACADISTA DE FRANGOS LTDA ;PESSOA JURIDICA;ICMS;"=""4011702576422""";"=""20260000010694""";14342928;1439;Efetivada;03/06/2026 11:43:11;11/06/2026 12:00:01;10/06/2026;120;R$ 745,56;R$ 157.775,75;R$ 89.467,36;EXPRESSO;-;"=""00001288130 - JOILSON JOSE DA SILVA"""
"=""02190902118""";BRENO ROCHA PRATA;PESSOA FISICA;IPVA;"=""2380548522268""";"=""20260000004850""";13942670;963;Efetivada;08/03/2026 18:05:00;13/03/2026 06:04:39;13/03/2026;5;R$ 328,54;R$ 2.768,39;R$ 1.642,69;EXPRESSO;-;"=""70458480134 - RENATA VITORIA BONIFACIO E SOUZA"""
"=""02198836106""";ELISENE SOUSA GONÇALVES;PESSOA FISICA;IPVA;"=""2335537522266""";"=""20260000001729""";13765485;419;Efetivada;12/02/2026 13:28:29;13/02/2026 18:07:26;19/02/2026;1;R$ 703,80;R$ 1.168,19;R$ 703,80;STT;"=""37486381168 - RONE FERNANDES SANTANA MELO""";Não atribuído
"=""02198836106""";ELISENE SOUSA GONÇALVES;PESSOA FISICA;IPVA;"=""2324399422266""";"=""20260000001730""";13765493;419;Efetivada;12/02/2026 13:28:29;13/02/2026 18:07:28;19/02/2026;1;R$ 581,64;R$ 1.052,67;R$ 581,64;STT;"=""37486381168 - RONE FERNANDES SANTANA MELO""";Não atribuído
"=""02236863101""";BRUNO RAPOUZEIRO SEIXAS;PESSOA FISICA;IPVA;"=""2337778322237""";"=""20260000005093""";13955942;1009;Efetivada;10/03/2026 14:41:19;11/03/2026 06:10:13;17/03/2026;11;R$ 320,76;R$ 5.898,90;R$ 3.528,40;EXPRESSO;-;"=""70458480134 - RENATA VITORIA BONIFACIO E SOUZA"""
"=""02269205000100""";COMERCIAL DE ALIMENTOS ITAMAR LTDA;PESSOA JURIDICA;ICMS;"=""4011002050665""";"=""20260000000012""";14081024;28;Efetivada;20/01/2026 12:16:08;17/04/2026 17:47:14;09/04/2026;145;R$ 2.432,47;R$ 916.346,74;R$ 352.708,11;STT;"=""13670181709 - LARISSA BELTRAO DE CARVALHO""";"=""86123360159 - VERONICA ISSI SIMOES BASTOS"""
"=""02269205000100""";COMERCIAL DE ALIMENTOS ITAMAR LTDA;PESSOA JURIDICA;ICMS;"=""4011103748048""";"=""20260000004469""";13917366;894;Efetivada;04/03/2026 15:50:30;11/03/2026 18:02:48;11/03/2026;145;R$ 422,74;R$ 204.324,38;R$ 61.297,31;STT;"=""86123360159 - VERONICA ISSI SIMOES BASTOS""";Não atribuído
"=""02269205000100""";COMERCIAL DE ALIMENTOS ITAMAR LTDA;PESSOA JURIDICA;ICMS;"=""4011003959306""";"=""20260000004470""";13917374;894;Efetivada;04/03/2026 15:50:30;11/03/2026 18:02:54;11/03/2026;145;R$ 485,75;R$ 180.810,27;R$ 70.434,33;STT;"=""86123360159 - VERONICA ISSI SIMOES BASTOS""";Não atribuído
"=""02269205000100""";COMERCIAL DE ALIMENTOS ITAMAR LTDA;PESSOA JURIDICA;ICMS;"=""4011201770846""";"=""20260000004474""";13917390;894;Efetivada;04/03/2026 15:50:30;11/03/2026 18:02:56;11/03/2026;145;R$ 772,26;R$ 243.070,31;R$ 111.977,85;STT;"=""86123360159 - VERONICA ISSI SIMOES BASTOS""";Não atribuído
"=""02269205000100""";COMERCIAL DE ALIMENTOS ITAMAR LTDA;PESSOA JURIDICA;ICMS;"=""4011001487989""";"=""20260000004473""";13917382;894;Efetivada;04/03/2026 15:50:30;11/03/2026 18:03:01;11/03/2026;145;R$ 628,00;R$ 220.409,10;R$ 91.059,33;STT;"=""86123360159 - VERONICA ISSI SIMOES BASTOS""";Não atribuído
"=""02269205000100""";COMERCIAL DE ALIMENTOS ITAMAR LTDA;PESSOA JURIDICA;ICMS;"=""4011001337820""";"=""20260000004475""";13917404;894;Efetivada;04/03/2026 15:50:30;11/03/2026 18:03:03;11/03/2026;145;R$ 2.097,61;R$ 753.575,43;R$ 304.153,21;STT;"=""86123360159 - VERONICA ISSI SIMOES BASTOS""";Não atribuído
"=""02269205000100""";COMERCIAL DE ALIMENTOS ITAMAR LTDA;PESSOA JURIDICA;ICMS;"=""4011002049063""";"=""20260000004471""";13917412;894;Efetivada;04/03/2026 15:50:30;11/03/2026 18:03:08;11/03/2026;145;R$ 427,10;R$ 161.873,34;R$ 61.929,91;STT;"=""86123360159 - VERONICA ISSI SIMOES BASTOS""";Não atribuído
"=""02269205000100""";COMERCIAL DE ALIMENTOS ITAMAR LTDA;PESSOA JURIDICA;ICMS;"=""4010800742043""";"=""20260000004467""";13917420;894;Efetivada;04/03/2026 15:50:30;11/03/2026 18:03:10;11/03/2026;145;R$ 675,67;R$ 257.151,21;R$ 97.972,77;STT;"=""86123360159 - VERONICA ISSI SIMOES BASTOS""";Não atribuído
"=""02269205000100""";COMERCIAL DE ALIMENTOS ITAMAR LTDA;PESSOA JURIDICA;ICMS;"=""2015804100062""";"=""20260000004468""";13917439;894;Efetivada;04/03/2026 15:50:30;11/03/2026 18:03:16;11/03/2026;145;R$ 343,80;R$ 117.582,00;R$ 49.851,43;STT;"=""86123360159 - VERONICA ISSI SIMOES BASTOS""";Não atribuído
"=""02269205000100""";COMERCIAL DE ALIMENTOS ITAMAR LTDA;PESSOA JURIDICA;ICMS;"=""4011201535332""";"=""20260000004472""";13917447;894;Efetivada;04/03/2026 15:50:30;11/03/2026 18:03:17;11/03/2026;145;R$ 661,03;R$ 208.540,65;R$ 95.849,91;STT;"=""86123360159 - VERONICA ISSI SIMOES BASTOS""";Não atribuído
"=""02269205000100""";COMERCIAL DE ALIMENTOS ITAMAR LTDA;PESSOA JURIDICA;ICMS;"=""3003022601792""";"=""20260000004487""";14021129;896;Efetivada;04/03/2026 16:02:13;27/03/2026 18:03:45;27/03/2026;145;R$ 429,28;R$ 185.021,35;R$ 62.245,42;STT;"=""86123360159 - VERONICA ISSI SIMOES BASTOS""";"=""86123360159 - VERONICA ISSI SIMOES BASTOS"""
"=""02269205000100""";COMERCIAL DE ALIMENTOS ITAMAR LTDA;PESSOA JURIDICA;ICMS;"=""3000814001684""";"=""20260000004486""";14021110;896;Efetivada;04/03/2026 16:02:13;27/03/2026 18:03:53;27/03/2026;145;R$ 655,48;R$ 290.746,02;R$ 95.043,98;STT;"=""86123360159 - VERONICA ISSI SIMOES BASTOS""";"=""86123360159 - VERONICA ISSI SIMOES BASTOS"""
"=""02269205000100""";COMERCIAL DE ALIMENTOS ITAMAR LTDA;PESSOA JURIDICA;ICMS;"=""3007246968633""";"=""20260000004488""";14021137;896;Efetivada;04/03/2026 16:02:13;27/03/2026 18:04:00;27/03/2026;145;R$ 1.452,89;R$ 601.911,63;R$ 210.669,07;STT;"=""86123360159 - VERONICA ISSI SIMOES BASTOS""";"=""86123360159 - VERONICA ISSI SIMOES BASTOS"""
"=""02269205000100""";COMERCIAL DE ALIMENTOS ITAMAR LTDA;PESSOA JURIDICA;ICMS;"=""3007138722840""";"=""20260000004489""";14021145;896;Efetivada;04/03/2026 16:02:13;27/03/2026 18:04:08;27/03/2026;145;R$ 2.308,60;R$ 956.418,47;R$ 334.746,46;STT;"=""86123360159 - VERONICA ISSI SIMOES BASTOS""";"=""86123360159 - VERONICA ISSI SIMOES BASTOS"""
"=""02269205000100""";COMERCIAL DE ALIMENTOS ITAMAR LTDA;PESSOA JURIDICA;ICMS;"=""3008147253880""";"=""20260000004492""";14021153;896;Efetivada;04/03/2026 16:02:13;27/03/2026 18:04:15;27/03/2026;145;R$ 382,52;R$ 178.570,69;R$ 55.465,43;STT;"=""86123360159 - VERONICA ISSI SIMOES BASTOS""";"=""86123360159 - VERONICA ISSI SIMOES BASTOS"""
"=""02269205000100""";COMERCIAL DE ALIMENTOS ITAMAR LTDA;PESSOA JURIDICA;ICMS;"=""3008147410799""";"=""20260000004490""";14021161;896;Efetivada;04/03/2026 16:02:13;27/03/2026 18:04:23;27/03/2026;119;R$ 301,46;R$ 115.559,03;R$ 35.873,93;STT;"=""86123360159 - VERONICA ISSI SIMOES BASTOS""";"=""86123360159 - VERONICA ISSI SIMOES BASTOS"""
"=""02269205000100""";COMERCIAL DE ALIMENTOS ITAMAR LTDA;PESSOA JURIDICA;ICMS;"=""3008147840491""";"=""20260000004494""";14021170;896;Efetivada;04/03/2026 16:02:13;27/03/2026 18:04:30;27/03/2026;142;R$ 301,45;R$ 124.413,53;R$ 42.806,07;STT;"=""86123360159 - VERONICA ISSI SIMOES BASTOS""";"=""86123360159 - VERONICA ISSI SIMOES BASTOS"""
"=""02269205000100""";COMERCIAL DE ALIMENTOS ITAMAR LTDA;PESSOA JURIDICA;ICMS;"=""3008146362880""";"=""20260000004495""";14021200;896;Efetivada;04/03/2026 16:02:13;27/03/2026 18:04:38;27/03/2026;145;R$ 2.930,53;R$ 1.365.686,20;R$ 424.926,27;STT;"=""86123360159 - VERONICA ISSI SIMOES BASTOS""";"=""86123360159 - VERONICA ISSI SIMOES BASTOS"""
"=""02269205000100""";COMERCIAL DE ALIMENTOS ITAMAR LTDA;PESSOA JURIDICA;ICMS;"=""3007157861981""";"=""20260000004491""";14021218;896;Efetivada;04/03/2026 16:02:13;27/03/2026 18:04:46;27/03/2026;145;R$ 1.443,30;R$ 597.937,04;R$ 209.277,96;STT;"=""86123360159 - VERONICA ISSI SIMOES BASTOS""";"=""86123360159 - VERONICA ISSI SIMOES BASTOS"""
"=""02269205000100""";COMERCIAL DE ALIMENTOS ITAMAR LTDA;PESSOA JURIDICA;ICMS;"=""3008148061194""";"=""20260000004493""";14021226;896;Efetivada;04/03/2026 16:02:13;27/03/2026 18:04:53;27/03/2026;145;R$ 403,65;R$ 170.719,24;R$ 58.528,90;STT;"=""86123360159 - VERONICA ISSI SIMOES BASTOS""";"=""86123360159 - VERONICA ISSI SIMOES BASTOS"""
"=""02269205000100""";COMERCIAL DE ALIMENTOS ITAMAR LTDA;PESSOA JURIDICA;ICMS;"=""3024195804272""";"=""20260000004496""";13917668;897;Efetivada;04/03/2026 16:08:02;11/03/2026 18:03:45;11/03/2026;145;R$ 1.811,94;R$ 706.675,00;R$ 262.731,87;STT;"=""86123360159 - VERONICA ISSI SIMOES BASTOS""";Não atribuído
"=""02269205000100""";COMERCIAL DE ALIMENTOS ITAMAR LTDA;PESSOA JURIDICA;ICMS;"=""4011001497356""";"=""20260000004497""";13917676;897;Efetivada;04/03/2026 16:08:02;11/03/2026 18:03:50;11/03/2026;145;R$ 1.753,64;R$ 648.039,91;R$ 254.277,47;STT;"=""86123360159 - VERONICA ISSI SIMOES BASTOS""";Não atribuído
"=""02269205000100""";COMERCIAL DE ALIMENTOS ITAMAR LTDA;PESSOA JURIDICA;ICMS;"=""4011001497780""";"=""20260000004501""";13917684;897;Efetivada;04/03/2026 16:08:02;11/03/2026 18:03:52;11/03/2026;145;R$ 2.304,89;R$ 854.446,85;R$ 334.209,25;STT;"=""86123360159 - VERONICA ISSI SIMOES BASTOS""";Não atribuído
"=""02269205000100""";COMERCIAL DE ALIMENTOS ITAMAR LTDA;PESSOA JURIDICA;ICMS;"=""4011202504740""";"=""20260000004499""";13917692;897;Efetivada;04/03/2026 16:08:02;11/03/2026 18:03:57;11/03/2026;145;R$ 2.138,47;R$ 668.458,22;R$ 310.077,50;STT;"=""86123360159 - VERONICA ISSI SIMOES BASTOS""";Não atribuído
"=""02269205000100""";COMERCIAL DE ALIMENTOS ITAMAR LTDA;PESSOA JURIDICA;ICMS;"=""4011104294636""";"=""20260000004500""";13917706;897;Efetivada;04/03/2026 16:08:02;11/03/2026 18:03:59;11/03/2026;145;R$ 1.691,40;R$ 543.535,40;R$ 245.252,98;STT;"=""86123360159 - VERONICA ISSI SIMOES BASTOS""";Não atribuído
"=""02269205000100""";COMERCIAL DE ALIMENTOS ITAMAR LTDA;PESSOA JURIDICA;ICMS;"=""4011103748633""";"=""20260000004502""";13917714;897;Efetivada;04/03/2026 16:08:02;11/03/2026 18:04:05;11/03/2026;145;R$ 2.172,05;R$ 776.625,36;R$ 314.947,65;STT;"=""86123360159 - VERONICA ISSI SIMOES BASTOS""";Não atribuído
"=""02269205000100""";COMERCIAL DE ALIMENTOS ITAMAR LTDA;PESSOA JURIDICA;ICMS;"=""4011003088763""";"=""20260000004498""";13917722;897;Efetivada;04/03/2026 16:08:02;11/03/2026 18:04:06;11/03/2026;145;R$ 6.011,20;R$ 2.312.646,99;R$ 871.623,33;STT;"=""86123360159 - VERONICA ISSI SIMOES BASTOS""";Não atribuído
"=""02269205000100""";COMERCIAL DE ALIMENTOS ITAMAR LTDA;PESSOA JURIDICA;Pena Pecuniária;"=""4012001304408""";"=""20260000002837""";13844768;647;Efetivada;24/02/2026 08:09:29;27/02/2026 18:03:21;27/02/2026;1;R$ 1.390,84;R$ 4.636,12;R$ 1.390,84;STT;"=""86123360159 - VERONICA ISSI SIMOES BASTOS""";Não atribuído
"=""02292171171""";POLLYANA MENDES SPIGOLONI ;PESSOA FISICA;IPVA;"=""2272910822248""";"=""20260000006538""";14162504;1216;Efetivada;18/04/2026 22:47:28;23/04/2026 12:01:14;27/04/2026;1;R$ 372,79;R$ 689,40;R$ 372,79;EXPRESSO;-;"=""70458480134 - RENATA VITORIA BONIFACIO E SOUZA"""
"=""02292171171""";POLLYANA MENDES SPIGOLONI ;PESSOA FISICA;IPVA;"=""2381919822297""";"=""20260000006539""";14162512;1216;Efetivada;18/04/2026 22:47:28;23/04/2026 12:01:21;27/04/2026;2;R$ 334,28;R$ 1.136,40;R$ 668,55;EXPRESSO;-;"=""70458480134 - RENATA VITORIA BONIFACIO E SOUZA"""
"=""02296588140""";GUSTAVO BATISTA E OLIVEIRA BARBOSA;PESSOA FISICA;IPVA;"=""2388065722217""";"=""20260000000164""";13670930;95;Efetivada;03/02/2026 14:05:03;06/02/2026 12:03:03;10/02/2026;2;R$ 378,51;R$ 1.266,69;R$ 757,02;EXPRESSO;-;"=""86123360159 - VERONICA ISSI SIMOES BASTOS"""
"=""02306421102""";ARLETE FERREIRA DA SILVA;PESSOA FISICA;IPVA;"=""2394849022272""";"=""20260000000545""";13711490;175;Efetivada;05/02/2026 09:31:23;12/02/2026 12:04:30;12/02/2026;1;R$ 274,38;R$ 455,41;R$ 274,38;EXPRESSO;-;"=""86123360159 - VERONICA ISSI SIMOES BASTOS"""
"=""02330299000178""";GLOBALCENTER MERCANTIL LTDA;PESSOA JURIDICA;ICMS;"=""2017099511172""";"=""20260000001030""";13706519;259;Efetivada;06/02/2026 17:41:45;14/02/2026 06:03:19;13/02/2026;1;R$ 1.962,20;R$ 3.739,39;R$ 1.962,20;STT;"=""86123360159 - VERONICA ISSI SIMOES BASTOS""";Não atribuído
"=""02330299000178""";GLOBALCENTER MERCANTIL LTDA;PESSOA JURIDICA;ICMS;"=""2017099311165""";"=""20260000001028""";13706535;259;Efetivada;06/02/2026 17:41:45;14/02/2026 06:03:32;13/02/2026;1;R$ 6.201,68;R$ 11.596,87;R$ 6.201,68;STT;"=""86123360159 - VERONICA ISSI SIMOES BASTOS""";Não atribuído
"=""02330299000178""";GLOBALCENTER MERCANTIL LTDA;PESSOA JURIDICA;ICMS;"=""2020333911135""";"=""20260000001039""";13706560;259;Efetivada;06/02/2026 17:41:45;14/02/2026 06:03:39;13/02/2026;1;R$ 10.725,07;R$ 20.256,26;R$ 10.725,07;STT;"=""86123360159 - VERONICA ISSI SIMOES BASTOS""";Não atribuído
"=""02330299000178""";GLOBALCENTER MERCANTIL LTDA;PESSOA JURIDICA;ICMS;"=""2017099411119""";"=""20260000001029""";13706543;259;Efetivada;06/02/2026 17:41:45;14/02/2026 06:03:46;13/02/2026;1;R$ 2.930,70;R$ 5.568,91;R$ 2.930,70;STT;"=""86123360159 - VERONICA ISSI SIMOES BASTOS""";Não atribuído
"=""02330299000178""";GLOBALCENTER MERCANTIL LTDA;PESSOA JURIDICA;ICMS;"=""4012200841420""";"=""20260000006921""";14230445;1283;Efetivada;08/05/2026 09:47:51;15/05/2026 18:00:49;15/05/2026;68;R$ 302,95;R$ 65.210,27;R$ 20.600,81;STT;"=""03279141141 - VANESSA FRANCO DE OLIVEIRA""";Não atribuído
"=""02330299000178""";GLOBALCENTER MERCANTIL LTDA;PESSOA JURIDICA;ICMS;"=""4012200447870""";"=""20260000006922""";14230453;1283;Efetivada;08/05/2026 09:47:51;15/05/2026 18:01:05;15/05/2026;145;R$ 3.119,90;R$ 1.279.720,99;R$ 452.385,02;STT;"=""03279141141 - VANESSA FRANCO DE OLIVEIRA""";Não atribuído
"=""02330299000178""";GLOBALCENTER MERCANTIL LTDA;PESSOA JURIDICA;ICMS;"=""4012200838046""";"=""20260000006920""";14230470;1283;Efetivada;08/05/2026 09:47:51;15/05/2026 18:01:13;15/05/2026;145;R$ 1.705,31;R$ 378.918,03;R$ 247.269,82;STT;"=""03279141141 - VANESSA FRANCO DE OLIVEIRA""";Não atribuído
"=""02330299000178""";GLOBALCENTER MERCANTIL LTDA;PESSOA JURIDICA;ICMS;"=""4012200387605""";"=""20260000006925""";14230500;1283;Efetivada;08/05/2026 09:47:51;15/05/2026 18:02:02;15/05/2026;133;R$ 301,14;R$ 133.504,97;R$ 40.051,49;STT;"=""03279141141 - VANESSA FRANCO DE OLIVEIRA""";Não atribuído
"=""02330299000178""";GLOBALCENTER MERCANTIL LTDA;PESSOA JURIDICA;ICMS;"=""4022000037063""";"=""20260000006919""";14230577;1283;Efetivada;08/05/2026 09:47:51;15/05/2026 18:02:33;15/05/2026;145;R$ 607,68;R$ 139.312,22;R$ 88.113,27;STT;"=""03279141141 - VANESSA FRANCO DE OLIVEIRA""";Não atribuído
"=""02330299000178""";GLOBALCENTER MERCANTIL LTDA;PESSOA JURIDICA;Pena Pecuniária;"=""4012200399700""";"=""20260000001032""";13706462;259;Efetivada;06/02/2026 17:41:45;14/02/2026 06:03:05;13/02/2026;1;R$ 10.053,19;R$ 33.510,65;R$ 10.053,19;STT;"=""86123360159 - VERONICA ISSI SIMOES BASTOS""";Não atribuído
"=""02330299000178""";GLOBALCENTER MERCANTIL LTDA;PESSOA JURIDICA;Pena Pecuniária;"=""4012200467471""";"=""20260000006924""";14230496;1283;Efetivada;08/05/2026 09:47:51;15/05/2026 18:02:17;15/05/2026;145;R$ 379,54;R$ 183.445,72;R$ 55.033,72;STT;"=""03279141141 - VANESSA FRANCO DE OLIVEIRA""";Não atribuído
"=""02330299000178""";GLOBALCENTER MERCANTIL LTDA;PESSOA JURIDICA;IPVA;"=""2177371422243""";"=""20260000001031""";13706454;259;Efetivada;06/02/2026 17:41:45;14/02/2026 06:03:06;13/02/2026;1;R$ 920,65;R$ 1.702,50;R$ 920,65;STT;"=""86123360159 - VERONICA ISSI SIMOES BASTOS""";Não atribuído
"=""02330299000178""";GLOBALCENTER MERCANTIL LTDA;PESSOA JURIDICA;IPVA;"=""2318850322289""";"=""20260000001033""";13706470;259;Efetivada;06/02/2026 17:41:45;14/02/2026 06:03:12;13/02/2026;1;R$ 884,76;R$ 1.601,27;R$ 884,76;STT;"=""86123360159 - VERONICA ISSI SIMOES BASTOS""";Não atribuído
"=""02330299000178""";GLOBALCENTER MERCANTIL LTDA;PESSOA JURIDICA;IPVA;"=""2342865022211""";"=""20260000001034""";13706527;259;Efetivada;06/02/2026 17:41:45;14/02/2026 06:03:12;13/02/2026;1;R$ 2.784,69;R$ 4.727,73;R$ 2.784,69;STT;"=""86123360159 - VERONICA ISSI SIMOES BASTOS""";Não atribuído
"=""02330299000178""";GLOBALCENTER MERCANTIL LTDA;PESSOA JURIDICA;IPVA;"=""2343488022235""";"=""20260000001036""";13706497;259;Efetivada;06/02/2026 17:41:45;14/02/2026 06:03:19;13/02/2026;1;R$ 4.694,59;R$ 7.970,29;R$ 4.694,59;STT;"=""86123360159 - VERONICA ISSI SIMOES BASTOS""";Não atribuído
"=""02330299000178""";GLOBALCENTER MERCANTIL LTDA;PESSOA JURIDICA;IPVA;"=""2342865522290""";"=""20260000001035""";13706489;259;Efetivada;06/02/2026 17:41:45;14/02/2026 06:03:26;13/02/2026;1;R$ 2.949,73;R$ 5.007,94;R$ 2.949,73;STT;"=""86123360159 - VERONICA ISSI SIMOES BASTOS""";Não atribuído
"=""02330299000178""";GLOBALCENTER MERCANTIL LTDA;PESSOA JURIDICA;IPVA;"=""2346102122200""";"=""20260000001037""";13706500;259;Efetivada;06/02/2026 17:41:45;14/02/2026 06:03:26;13/02/2026;1;R$ 1.553,08;R$ 2.636,74;R$ 1.553,08;STT;"=""86123360159 - VERONICA ISSI SIMOES BASTOS""";Não atribuído
"=""02330299000178""";GLOBALCENTER MERCANTIL LTDA;PESSOA JURIDICA;IPVA;"=""2427465122262""";"=""20260000001041""";13706586;259;Efetivada;06/02/2026 17:41:45;14/02/2026 06:03:32;13/02/2026;1;R$ 4.089,70;R$ 6.272,94;R$ 4.089,70;STT;"=""86123360159 - VERONICA ISSI SIMOES BASTOS""";Não atribuído
"=""02330299000178""";GLOBALCENTER MERCANTIL LTDA;PESSOA JURIDICA;IPVA;"=""2397394022249""";"=""20260000001040""";13706578;259;Efetivada;06/02/2026 17:41:45;14/02/2026 06:03:39;13/02/2026;1;R$ 5.216,70;R$ 8.064,18;R$ 5.216,70;STT;"=""86123360159 - VERONICA ISSI SIMOES BASTOS""";Não atribuído
"=""02330299000178""";GLOBALCENTER MERCANTIL LTDA;PESSOA JURIDICA;IPVA;"=""2370939022223""";"=""20260000001038""";13706551;259;Efetivada;06/02/2026 17:41:45;14/02/2026 06:03:46;13/02/2026;1;R$ 3.985,09;R$ 6.668,17;R$ 3.985,09;STT;"=""86123360159 - VERONICA ISSI SIMOES BASTOS""";Não atribuído
"=""02330299000178""";GLOBALCENTER MERCANTIL LTDA;PESSOA JURIDICA;IPVA;"=""2456864722283""";"=""20260000006933""";14230461;1283;Efetivada;08/05/2026 09:47:51;15/05/2026 18:00:57;15/05/2026;3;R$ 354,49;R$ 1.995,24;R$ 1.063,48;STT;"=""03279141141 - VANESSA FRANCO DE OLIVEIRA""";Não atribuído
"=""02330299000178""";GLOBALCENTER MERCANTIL LTDA;PESSOA JURIDICA;IPVA;"=""2391786122254""";"=""20260000006923""";14230488;1283;Efetivada;08/05/2026 09:47:51;15/05/2026 18:01:22;15/05/2026;3;R$ 370,53;R$ 1.889,06;R$ 1.111,59;STT;"=""03279141141 - VANESSA FRANCO DE OLIVEIRA""";Não atribuído
"=""02330299000178""";GLOBALCENTER MERCANTIL LTDA;PESSOA JURIDICA;IPVA;"=""2442976922292""";"=""20260000006930""";14230534;1283;Efetivada;08/05/2026 09:47:51;15/05/2026 18:01:30;15/05/2026;3;R$ 427,55;R$ 2.018,18;R$ 1.282,66;STT;"=""03279141141 - VANESSA FRANCO DE OLIVEIRA""";Não atribuído
"=""02330299000178""";GLOBALCENTER MERCANTIL LTDA;PESSOA JURIDICA;IPVA;"=""2456844122280""";"=""20260000006932""";14230542;1283;Efetivada;08/05/2026 09:47:51;15/05/2026 18:01:38;15/05/2026;3;R$ 354,49;R$ 1.995,24;R$ 1.063,48;STT;"=""03279141141 - VANESSA FRANCO DE OLIVEIRA""";Não atribuído
"=""02330299000178""";GLOBALCENTER MERCANTIL LTDA;PESSOA JURIDICA;IPVA;"=""2408912922275""";"=""20260000006929""";14230526;1283;Efetivada;08/05/2026 09:47:51;15/05/2026 18:01:46;15/05/2026;3;R$ 536,30;R$ 2.531,48;R$ 1.608,89;STT;"=""03279141141 - VANESSA FRANCO DE OLIVEIRA""";Não atribuído
"=""02330299000178""";GLOBALCENTER MERCANTIL LTDA;PESSOA JURIDICA;IPVA;"=""2398714122239""";"=""20260000006928""";14230518;1283;Efetivada;08/05/2026 09:47:51;15/05/2026 18:01:54;15/05/2026;3;R$ 983,40;R$ 4.677,36;R$ 2.950,20;STT;"=""03279141141 - VANESSA FRANCO DE OLIVEIRA""";Não atribuído
"=""02330299000178""";GLOBALCENTER MERCANTIL LTDA;PESSOA JURIDICA;IPVA;"=""2447885022257""";"=""20260000006931""";14230593;1283;Efetivada;08/05/2026 09:47:51;15/05/2026 18:02:25;15/05/2026;3;R$ 406,65;R$ 1.919,49;R$ 1.219,95;STT;"=""03279141141 - VANESSA FRANCO DE OLIVEIRA""";Não atribuído
"=""02330299000178""";GLOBALCENTER MERCANTIL LTDA;PESSOA JURIDICA;IPVA;"=""2397093122279""";"=""20260000006927""";14230585;1283;Efetivada;08/05/2026 09:47:51;15/05/2026 18:02:41;15/05/2026;3;R$ 983,40;R$ 4.677,36;R$ 2.950,20;STT;"=""03279141141 - VANESSA FRANCO DE OLIVEIRA""";Não atribuído
"=""02330299000178""";GLOBALCENTER MERCANTIL LTDA;PESSOA JURIDICA;IPVA;"=""2456892022215""";"=""20260000006937""";14230550;1283;Efetivada;08/05/2026 09:47:51;15/05/2026 18:02:49;15/05/2026;3;R$ 300,00;R$ 1.685,55;R$ 900,00;STT;"=""03279141141 - VANESSA FRANCO DE OLIVEIRA""";Não atribuído
"=""02330299000178""";GLOBALCENTER MERCANTIL LTDA;PESSOA JURIDICA;IPVA;"=""2456867522200""";"=""20260000006934""";14230607;1283;Efetivada;08/05/2026 09:47:51;15/05/2026 18:02:57;15/05/2026;3;R$ 354,49;R$ 1.995,24;R$ 1.063,48;STT;"=""03279141141 - VANESSA FRANCO DE OLIVEIRA""";Não atribuído
"=""02330299000178""";GLOBALCENTER MERCANTIL LTDA;PESSOA JURIDICA;IPVA;"=""2397092522249""";"=""20260000006926""";14230569;1283;Efetivada;08/05/2026 09:47:51;15/05/2026 18:03:05;15/05/2026;3;R$ 934,29;R$ 4.443,78;R$ 2.802,88;STT;"=""03279141141 - VANESSA FRANCO DE OLIVEIRA""";Não atribuído
"=""02330299000178""";GLOBALCENTER MERCANTIL LTDA;PESSOA JURIDICA;IPVA;"=""2456891822200""";"=""20260000006935""";14230615;1283;Efetivada;08/05/2026 09:47:51;15/05/2026 18:03:14;15/05/2026;3;R$ 300,00;R$ 1.685,55;R$ 900,00;STT;"=""03279141141 - VANESSA FRANCO DE OLIVEIRA""";Não atribuído
"=""02330299000178""";GLOBALCENTER MERCANTIL LTDA;PESSOA JURIDICA;IPVA;"=""2456891922263""";"=""20260000006936""";14230623;1283;Efetivada;08/05/2026 09:47:51;15/05/2026 18:03:22;15/05/2026;3;R$ 300,00;R$ 1.685,55;R$ 900,00;STT;"=""03279141141 - VANESSA FRANCO DE OLIVEIRA""";Não atribuído
"=""02336242109""";FLAVIA PASINI;PESSOA FISICA;IPVA;"=""2382077722234""";"=""20260000004350""";13911155;867;Efetivada;03/03/2026 21:49:23;05/03/2026 06:06:29;10/03/2026;1;R$ 996,27;R$ 1.678,98;R$ 996,27;EXPRESSO;-;"=""70458480134 - RENATA VITORIA BONIFACIO E SOUZA"""
"=""02336242109""";FLAVIA PASINI;PESSOA FISICA;IPVA;"=""2308830722241""";"=""20260000004349""";13911147;867;Efetivada;03/03/2026 21:49:23;05/03/2026 06:06:31;10/03/2026;1;R$ 803,31;R$ 1.473,90;R$ 803,31;EXPRESSO;-;"=""70458480134 - RENATA VITORIA BONIFACIO E SOUZA"""
"=""02344893164""";LUIZ CARLOS DOS SANTOS SILVA;PESSOA FISICA;IPVA;"=""2281108822214""";"=""20260000005097""";13960717;1011;Efetivada;10/03/2026 21:49:14;23/04/2026 18:33:13;17/03/2026;1;R$ 120,66;R$ 222,02;R$ 120,66;EXPRESSO;-;"=""70458480134 - RENATA VITORIA BONIFACIO E SOUZA"""
"=""02344893164""";LUIZ CARLOS DOS SANTOS SILVA;PESSOA FISICA;IPVA;"=""2349125022207""";"=""20260000005099""";13960733;1011;Efetivada;10/03/2026 21:49:14;23/04/2026 18:33:19;17/03/2026;1;R$ 145,65;R$ 249,02;R$ 145,65;EXPRESSO;-;"=""70458480134 - RENATA VITORIA BONIFACIO E SOUZA"""
"=""02344893164""";LUIZ CARLOS DOS SANTOS SILVA;PESSOA FISICA;IPVA;"=""2378094822251""";"=""20260000005100""";13960741;1011;Efetivada;10/03/2026 21:49:14;23/04/2026 18:33:26;17/03/2026;1;R$ 1.114,69;R$ 1.878,56;R$ 1.114,69;EXPRESSO;-;"=""70458480134 - RENATA VITORIA BONIFACIO E SOUZA"""
"=""02344893164""";LUIZ CARLOS DOS SANTOS SILVA;PESSOA FISICA;IPVA;"=""2287919622215""";"=""20260000005098""";13960725;1011;Efetivada;10/03/2026 21:49:14;23/04/2026 18:33:32;17/03/2026;1;R$ 963,15;R$ 1.767,19;R$ 963,15;EXPRESSO;-;"=""70458480134 - RENATA VITORIA BONIFACIO E SOUZA"""
"=""02348052180""";FABIULA COSTA NEVES;PESSOA FISICA;IPVA;"=""2265914822207""";"=""20260000003117""";13858874;692;Efetivada;24/02/2026 19:15:48;27/02/2026 12:06:09;27/02/2026;1;R$ 256,37;R$ 468,65;R$ 256,37;EXPRESSO;-;"=""70458480134 - RENATA VITORIA BONIFACIO E SOUZA"""
"=""02348052180""";FABIULA COSTA NEVES;PESSOA FISICA;IPVA;"=""2348027022255""";"=""20260000003118""";13858882;692;Efetivada;24/02/2026 19:15:48;27/02/2026 12:06:11;27/02/2026;1;R$ 318,73;R$ 541,10;R$ 318,73;EXPRESSO;-;"=""70458480134 - RENATA VITORIA BONIFACIO E SOUZA"""
"=""02350139190""";MARIA KAROLINA FIGUEIREDO DE FARIA PEREIRA;PESSOA FISICA;IPVA;"=""2278737322217""";"=""20260000002050""";13784234;487;Efetivada;13/02/2026 17:45:03;14/02/2026 06:11:28;20/02/2026;1;R$ 668,79;R$ 1.222,60;R$ 668,79;STT;"=""13670181709 - LARISSA BELTRAO DE CARVALHO""";Não atribuído
"=""02377193129""";PATRICIA FERREIRA REZENDE;PESSOA FISICA;IPVA;"=""2019919122266""";"=""20260000000102""";13661043;63;Efetivada;02/02/2026 19:05:49;04/02/2026 18:03:47;09/02/2026;1;R$ 216,15;R$ 412,93;R$ 216,15;EXPRESSO;-;"=""86123360159 - VERONICA ISSI SIMOES BASTOS"""
"=""02377193129""";PATRICIA FERREIRA REZENDE;PESSOA FISICA;IPVA;"=""2277300622220""";"=""20260000000104""";13661051;63;Efetivada;02/02/2026 19:05:49;04/02/2026 18:03:47;09/02/2026;1;R$ 208,14;R$ 380,49;R$ 208,14;EXPRESSO;-;"=""86123360159 - VERONICA ISSI SIMOES BASTOS"""
"=""02377193129""";PATRICIA FERREIRA REZENDE;PESSOA FISICA;IPVA;"=""2352667722214""";"=""20260000000105""";13661060;63;Efetivada;02/02/2026 19:05:49;04/02/2026 18:03:54;09/02/2026;1;R$ 220,56;R$ 371,75;R$ 220,56;EXPRESSO;-;"=""86123360159 - VERONICA ISSI SIMOES BASTOS"""
"=""02377193129""";PATRICIA FERREIRA REZENDE;PESSOA FISICA;IPVA;"=""2074080022205""";"=""20260000000103""";13661078;63;Efetivada;02/02/2026 19:05:49;05/02/2026 06:03:31;09/02/2026;1;R$ 209,52;R$ 388,46;R$ 209,52;EXPRESSO;-;"=""86123360159 - VERONICA ISSI SIMOES BASTOS"""
"=""02380280118""";JOSE HILTON PEREIRA DE SANTANA;PESSOA FISICA;IPVA;"=""2370088022219""";"=""20260000002268""";13810928;540;Efetivada;19/02/2026 10:39:06;19/02/2026 18:09:00;26/02/2026;1;R$ 531,30;R$ 895,51;R$ 531,30;EXPRESSO;-;"=""70458480134 - RENATA VITORIA BONIFACIO E SOUZA"""
"=""02408845157""";DANILO BATISTA GALDINO;PESSOA FISICA;IPVA;"=""2296310122234""";"=""20260000002166""";13802623;515;Efetivada;18/02/2026 13:36:51;19/02/2026 18:05:44;25/02/2026;1;R$ 98,49;R$ 180,05;R$ 98,49;EXPRESSO;-;"=""86123360159 - VERONICA ISSI SIMOES BASTOS"""
"=""02408845157""";DANILO BATISTA GALDINO;PESSOA FISICA;IPVA;"=""2369034022233""";"=""20260000002167""";13802631;515;Efetivada;18/02/2026 13:36:51;19/02/2026 18:05:50;25/02/2026;1;R$ 119,43;R$ 201,30;R$ 119,43;EXPRESSO;-;"=""86123360159 - VERONICA ISSI SIMOES BASTOS"""
"=""02435065116""";DOWGLAS MARQUES DE SANTANA;PESSOA FISICA;IPVA;"=""2324585322241""";"=""20260000001600""";13752650;384;Efetivada;11/02/2026 14:14:15;12/02/2026 18:06:40;18/02/2026;10;R$ 314,36;R$ 5.689,35;R$ 3.143,57;STT;"=""00001288130 - JOILSON JOSE DA SILVA""";Não atribuído
"=""02435065116""";DOWGLAS MARQUES DE SANTANA;PESSOA FISICA;IPVA;"=""2335912722285""";"=""20260000001601""";13752669;384;Efetivada;11/02/2026 14:14:15;12/02/2026 18:06:40;18/02/2026;13;R$ 319,98;R$ 6.904,49;R$ 4.159,73;STT;"=""00001288130 - JOILSON JOSE DA SILVA""";Não atribuído
"=""02435065116""";DOWGLAS MARQUES DE SANTANA;PESSOA FISICA;IPVA;"=""2178916822250""";"=""20260000001599""";13752642;384;Efetivada;11/02/2026 14:14:15;12/02/2026 18:06:46;18/02/2026;11;R$ 319,37;R$ 6.491,30;R$ 3.513,07;STT;"=""00001288130 - JOILSON JOSE DA SILVA""";Não atribuído
"=""02469911192""";IZAIAS DE PAULA DOS SANTOS;PESSOA FISICA;ICMS;"=""4011802480427""";"=""20260000002429""";13826360;577;Efetivada;20/02/2026 15:43:28;23/02/2026 12:10:37;27/02/2026;53;R$ 303,86;R$ 52.127,88;R$ 16.104,46;EXPRESSO;-;"=""70458480134 - RENATA VITORIA BONIFACIO E SOUZA"""
"=""02474356000192""";MAXIMILIANO PORTES ME;PESSOA JURIDICA;ICMS;"=""2013254511182""";"=""20260000000119""";13636219;72;Efetivada;03/02/2026 08:39:27;05/02/2026 12:00:20;10/02/2026;3;R$ 351,12;R$ 2.051,31;R$ 1.053,36;STT;"=""86123360159 - VERONICA ISSI SIMOES BASTOS""";Não atribuído
"=""02474356000192""";MAXIMILIANO PORTES ME;PESSOA JURIDICA;ICMS;"=""2013254611136""";"=""20260000000120""";13636227;72;Efetivada;03/02/2026 08:39:27;05/02/2026 12:00:27;10/02/2026;1;R$ 186,71;R$ 370,04;R$ 186,71;STT;"=""86123360159 - VERONICA ISSI SIMOES BASTOS""";Não atribuído
"=""02489402102""";MARCELLA PACHECO PERES;PESSOA FISICA;IPVA;"=""2393155022210""";"=""20260000001998""";13784820;477;Efetivada;13/02/2026 15:31:48;14/02/2026 06:12:26;20/02/2026;1;R$ 483,00;R$ 801,69;R$ 483,00;EXPRESSO;-;"=""70458480134 - RENATA VITORIA BONIFACIO E SOUZA"""
"=""02561705331""";NILTON CARVALHO SOUSA;PESSOA FISICA;IPVA;"=""2274308222218""";"=""20260000001444""";13771779;355;Efetivada;10/02/2026 19:00:18;23/04/2026 18:09:56;18/02/2026;1;R$ 358,47;R$ 655,30;R$ 358,47;EXPRESSO;-;"=""86123360159 - VERONICA ISSI SIMOES BASTOS"""
"=""02561705331""";NILTON CARVALHO SOUSA;PESSOA FISICA;IPVA;"=""2351687422200""";"=""20260000001445""";13771787;355;Efetivada;10/02/2026 19:00:18;23/04/2026 18:10:03;18/02/2026;1;R$ 445,77;R$ 756,80;R$ 445,77;EXPRESSO;-;"=""86123360159 - VERONICA ISSI SIMOES BASTOS"""
"=""02680885198""";CASSIO TEODORO FURTADO;PESSOA FISICA;IPVA;"=""2385496022244""";"=""20260000002712""";13845411;620;Efetivada;23/02/2026 10:32:32;25/02/2026 06:08:59;27/02/2026;7;R$ 327,68;R$ 3.838,07;R$ 2.293,75;STT;"=""03279141141 - VANESSA FRANCO DE OLIVEIRA""";"=""70458480134 - RENATA VITORIA BONIFACIO E SOUZA"""
"=""02695406100""";RODRIGO ALVES DA SILVA;PESSOA FISICA;IPVA;"=""2394746622234""";"=""20260000004292""";13925849;859;Efetivada;03/03/2026 15:29:36;06/03/2026 12:09:03;10/03/2026;3;R$ 309,90;R$ 1.554,31;R$ 929,70;STT;"=""70458480134 - RENATA VITORIA BONIFACIO E SOUZA""";Não atribuído
"=""02703770693""";JUSSARA COSTA AZEVEDO;PESSOA FISICA;IPVA;"=""2394139322203""";"=""20260000005446""";13989995;1063;Efetivada;16/03/2026 14:02:37;09/04/2026 12:50:59;23/03/2026;1;R$ 1.828,34;R$ 3.056,69;R$ 1.828,34;STT;"=""03279141141 - VANESSA FRANCO DE OLIVEIRA""";Não atribuído
"=""02706860103""";JESSIKA UELIDA DE JESUS MOTA;PESSOA FISICA;IPVA;"=""2352291322223""";"=""20260000003648""";13873733;749;Efetivada;26/02/2026 14:59:53;26/02/2026 18:12:27;27/02/2026;1;R$ 1.067,46;R$ 1.799,21;R$ 1.067,46;EXPRESSO;-;"=""70458480134 - RENATA VITORIA BONIFACIO E SOUZA"""
"=""02706860103""";JESSIKA UELIDA DE JESUS MOTA;PESSOA FISICA;IPVA;"=""2262951422239""";"=""20260000003647""";13873725;749;Efetivada;26/02/2026 14:59:53;26/02/2026 18:12:34;27/02/2026;1;R$ 906,09;R$ 1.656,41;R$ 906,09;EXPRESSO;-;"=""70458480134 - RENATA VITORIA BONIFACIO E SOUZA"""
"=""02730854509""";LEONARDO NARCISO DE MORAIS;PESSOA FISICA;IPVA;"=""2181049122227""";"=""20260000001432""";13794264;351;Efetivada;10/02/2026 17:13:55;18/02/2026 06:10:22;18/02/2026;1;R$ 1.586,36;R$ 2.931,20;R$ 1.586,36;EXPRESSO;-;"=""70458480134 - RENATA VITORIA BONIFACIO E SOUZA"""
"=""02730854509""";LEONARDO NARCISO DE MORAIS;PESSOA FISICA;IPVA;"=""2339324322203""";"=""20260000001433""";13794256;351;Efetivada;10/02/2026 17:13:55;18/02/2026 06:10:29;18/02/2026;1;R$ 1.740,34;R$ 2.888,69;R$ 1.740,34;EXPRESSO;-;"=""70458480134 - RENATA VITORIA BONIFACIO E SOUZA"""
"=""02742817166""";GUSTAVO JUNIO ELIAS RODRIGUES;PESSOA FISICA;IPVA;"=""2382350222252""";"=""20260000002052""";13784951;488;Efetivada;13/02/2026 18:17:57;14/02/2026 06:12:45;20/02/2026;3;R$ 390,71;R$ 1.961,31;R$ 1.172,14;EXPRESSO;-;"=""70458480134 - RENATA VITORIA BONIFACIO E SOUZA"""
"=""02749441110""";TEOTONIO RODRIGUES DE OLIVEIRA JUNIOR;PESSOA FISICA;IPVA;"=""2369280722270""";"=""20260000001276""";13757598;314;Efetivada;09/02/2026 21:37:30;12/02/2026 18:07:45;18/02/2026;1;R$ 2.046,80;R$ 3.449,92;R$ 2.046,80;EXPRESSO;-;"=""86123360159 - VERONICA ISSI SIMOES BASTOS"""
"=""02751424180""";EVERSON ALVES CIRQUEIRA;PESSOA FISICA;IPVA;"=""2333297322253""";"=""20260000004363""";13915207;871;Efetivada;04/03/2026 08:54:35;11/03/2026 18:02:34;11/03/2026;4;R$ 308,32;R$ 2.061,81;R$ 1.233,26;EXPRESSO;-;"=""70458480134 - RENATA VITORIA BONIFACIO E SOUZA"""
"=""02751424180""";EVERSON ALVES CIRQUEIRA;PESSOA FISICA;IPVA;"=""2323033222265""";"=""20260000004362""";13915193;871;Efetivada;04/03/2026 08:54:35;11/03/2026 18:02:35;11/03/2026;3;R$ 325,53;R$ 1.779,17;R$ 976,58;EXPRESSO;-;"=""70458480134 - RENATA VITORIA BONIFACIO E SOUZA"""
"=""02789184178""";LAENE RODRIGUES DA SILVA;PESSOA FISICA;IPVA;"=""2283275822202""";"=""20260000004127""";13903845;836;Efetivada;03/03/2026 09:04:40;04/03/2026 12:05:49;10/03/2026;1;R$ 1.353,09;R$ 2.482,64;R$ 1.353,09;EXPRESSO;-;"=""70458480134 - RENATA VITORIA BONIFACIO E SOUZA"""
"=""02789184178""";LAENE RODRIGUES DA SILVA;PESSOA FISICA;IPVA;"=""2381357822281""";"=""20260000004128""";13903837;836;Efetivada;03/03/2026 09:04:40;04/03/2026 12:05:50;10/03/2026;1;R$ 4.863,79;R$ 8.196,85;R$ 4.863,79;EXPRESSO;-;"=""70458480134 - RENATA VITORIA BONIFACIO E SOUZA"""
"=""02806241154""";ANA LUISA SIQUEIRA;PESSOA FISICA;ITCD;"=""4012000890419""";"=""20260000000460""";13711440;158;Efetivada;04/02/2026 16:02:18;10/02/2026 18:05:52;11/02/2026;1;R$ 21.499,72;R$ 71.665,75;R$ 21.499,72;EXPRESSO;-;"=""86123360159 - VERONICA ISSI SIMOES BASTOS"""
"=""02838112180""";LEIDIANE BARBOSA CHAVES;PESSOA FISICA;IPVA;"=""2305207222267""";"=""20260000005515""";14001381;1081;Efetivada;18/03/2026 07:50:13;09/04/2026 12:51:00;25/03/2026;1;R$ 205,05;R$ 377,30;R$ 205,05;EXPRESSO;-;"=""70458480134 - RENATA VITORIA BONIFACIO E SOUZA"""
"=""02838112180""";LEIDIANE BARBOSA CHAVES;PESSOA FISICA;IPVA;"=""2367254522204""";"=""20260000005516""";14001390;1081;Efetivada;18/03/2026 07:50:13;09/04/2026 12:51:00;25/03/2026;1;R$ 251,31;R$ 426,59;R$ 251,31;EXPRESSO;-;"=""70458480134 - RENATA VITORIA BONIFACIO E SOUZA"""
"=""02841683192""";GUSTAVO FRANCISCO PEREIRA ARANTES;PESSOA FISICA;IPVA;"=""2309314322217""";"=""20260000002763""";13854569;630;Efetivada;23/02/2026 12:16:14;25/02/2026 06:11:56;27/02/2026;1;R$ 548,18;R$ 1.002,12;R$ 548,18;EXPRESSO;-;"=""86123360159 - VERONICA ISSI SIMOES BASTOS"""
"=""02841683192""";GUSTAVO FRANCISCO PEREIRA ARANTES;PESSOA FISICA;IPVA;"=""2345849722268""";"=""20260000003115""";13858823;691;Efetivada;24/02/2026 18:34:26;25/02/2026 12:10:30;27/02/2026;1;R$ 644,10;R$ 1.093,52;R$ 644,10;EXPRESSO;-;"=""70458480134 - RENATA VITORIA BONIFACIO E SOUZA"""
"=""02853653129""";DIEGO DE GODOI DUTRA;PESSOA FISICA;ITCD;"=""4012101422470""";"=""20260000004015""";13895885;812;Efetivada;02/03/2026 13:16:57;03/03/2026 12:06:41;09/03/2026;3;R$ 358,61;R$ 2.474,52;R$ 1.075,83;EXPRESSO;-;"=""70458480134 - RENATA VITORIA BONIFACIO E SOUZA"""
"=""02859623108""";MIQUEIAS PEREIRA BARROS;PESSOA FISICA;IPVA;"=""2348345322287""";"=""20260000000158""";13668544;91;Efetivada;03/02/2026 12:41:18;05/02/2026 06:04:16;10/02/2026;1;R$ 980,14;R$ 1.664,04;R$ 980,14;STT;"=""86123360159 - VERONICA ISSI SIMOES BASTOS""";Não atribuído
"=""02932224107""";CHRISTIELLY OLIVEIRA SOARES;PESSOA FISICA;IPVA;"=""2363136622273""";"=""20260000000539""";13677845;174;Efetivada;05/02/2026 09:04:11;05/02/2026 18:05:31;12/02/2026;1;R$ 2.655,11;R$ 4.475,24;R$ 2.655,11;STT;"=""13670181709 - LARISSA BELTRAO DE CARVALHO""";Não atribuído
"=""02932224107""";CHRISTIELLY OLIVEIRA SOARES;PESSOA FISICA;IPVA;"=""2352509322240""";"=""20260000000538""";13677837;174;Efetivada;05/02/2026 09:04:11;06/02/2026 06:04:04;12/02/2026;1;R$ 3.621,38;R$ 6.103,91;R$ 3.621,38;STT;"=""13670181709 - LARISSA BELTRAO DE CARVALHO""";Não atribuído
"=""02942386118""";WANDERSON LARA DE SOUZA;PESSOA FISICA;IPVA;"=""2263664422243""";"=""20260000006482""";14137143;1208;Efetivada;14/04/2026 16:18:08;14/04/2026 18:11:41;22/04/2026;1;R$ 158,16;R$ 293,32;R$ 158,16;STT;"=""05276651183 - LUIZA HELENA LIMA ALVARENGA""";Não atribuído
"=""02942386118""";WANDERSON LARA DE SOUZA;PESSOA FISICA;IPVA;"=""2346597622238""";"=""20260000006483""";14137151;1208;Efetivada;14/04/2026 16:18:08;14/04/2026 18:11:47;22/04/2026;1;R$ 191,13;R$ 329,56;R$ 191,13;STT;"=""05276651183 - LUIZA HELENA LIMA ALVARENGA""";Não atribuído
"=""02971940110""";LAIS ALVES GOMES RIBEIRO;PESSOA FISICA;ITCD;"=""4012100133075""";"=""20260000000496""";13751719;166;Efetivada;04/02/2026 16:20:45;11/02/2026 18:07:59;11/02/2026;2;R$ 6.150,63;R$ 28.371,62;R$ 12.301,26;EXPRESSO;-;"=""00001288130 - JOILSON JOSE DA SILVA"""
"=""02971940110""";LAIS ALVES GOMES RIBEIRO;PESSOA FISICA;ITCD;"=""4012100216957""";"=""20260000000495""";13751700;166;Efetivada;04/02/2026 16:20:45;11/02/2026 18:08:05;11/02/2026;1;R$ 1.128,37;R$ 3.761,23;R$ 1.128,37;EXPRESSO;-;"=""00001288130 - JOILSON JOSE DA SILVA"""
"=""02980631000140""";MARGARIDA CANDIDO SILVA E CIA LTDA;PESSOA JURIDICA;ICMS;"=""3000006043980""";"=""20260000004355""";13911430;869;Efetivada;04/03/2026 07:55:41;05/03/2026 06:06:42;11/03/2026;50;R$ 304,18;R$ 50.696,06;R$ 15.208,82;EXPRESSO;-;"=""70458480134 - RENATA VITORIA BONIFACIO E SOUZA"""
"=""03007673000161""";COMERCIAL DE ALIMENTOS MONTEMAR LTDA;PESSOA JURIDICA;ICMS;"=""4010902421696""";"=""20260000002834""";13844610;645;Efetivada;24/02/2026 07:57:23;27/02/2026 18:03:14;27/02/2026;120;R$ 2.251,59;R$ 771.972,32;R$ 270.190,31;STT;"=""86123360159 - VERONICA ISSI SIMOES BASTOS""";Não atribuído
"=""03007673000161""";COMERCIAL DE ALIMENTOS MONTEMAR LTDA;PESSOA JURIDICA;ICMS;"=""2087324500021""";"=""20260000002832""";13844598;645;Efetivada;24/02/2026 07:57:23;27/02/2026 18:03:15;27/02/2026;120;R$ 1.978,84;R$ 474.866,11;R$ 237.461,15;STT;"=""86123360159 - VERONICA ISSI SIMOES BASTOS""";Não atribuído
"=""03007673000161""";COMERCIAL DE ALIMENTOS MONTEMAR LTDA;PESSOA JURIDICA;ICMS;"=""4011402731007""";"=""20260000002833""";13844601;645;Efetivada;24/02/2026 07:57:23;27/02/2026 18:03:22;27/02/2026;120;R$ 1.896,06;R$ 449.516,52;R$ 227.527,72;STT;"=""86123360159 - VERONICA ISSI SIMOES BASTOS""";Não atribuído
"=""03011931690""";MARIANGELA BERMUDEZ BORGES FLEURY;PESSOA FISICA;IPVA;"=""2394134422234""";"=""20260000002193""";13800485;522;Efetivada;18/02/2026 14:48:58;18/02/2026 18:09:33;25/02/2026;1;R$ 4.156,05;R$ 6.898,37;R$ 4.156,05;STT;"=""04364786179 - SARAH BADI CARVALHO""";Não atribuído
"=""03011931690""";MARIANGELA BERMUDEZ BORGES FLEURY;PESSOA FISICA;IPVA;"=""2317335922206""";"=""20260000002202""";13800876;525;Efetivada;18/02/2026 15:06:41;26/02/2026 12:00:39;25/02/2026;1;R$ 200,57;R$ 362,99;R$ 200,57;STT;"=""00001288130 - JOILSON JOSE DA SILVA""";Não atribuído
"=""03051848140""";EDUARDO HENRIQUE DE LIMA ALVES;PESSOA FISICA;IPVA;"=""2266776222240""";"=""20260000000769""";13711784;219;Efetivada;06/02/2026 08:59:32;10/02/2026 12:06:43;13/02/2026;4;R$ 300,72;R$ 2.198,97;R$ 1.202,89;EXPRESSO;-;"=""86123360159 - VERONICA ISSI SIMOES BASTOS"""
"=""03076333143""";TONIA NAIARA GARCIA SILVA;PESSOA FISICA;IPVA;"=""2363748722210""";"=""20260000002654""";13834339;610;Efetivada;23/02/2026 10:01:48;24/02/2026 12:09:36;27/02/2026;1;R$ 953,82;R$ 1.607,68;R$ 953,82;STT;"=""00001288130 - JOILSON JOSE DA SILVA""";Não atribuído
"=""03087443140""";LUCIANO DA PAZ FIGUEIREDO;PESSOA FISICA;IPVA;"=""2388201122247""";"=""20260000006917""";14230402;1282;Efetivada;08/05/2026 09:44:24;08/05/2026 12:02:38;15/05/2026;1;R$ 431,73;R$ 739,48;R$ 431,73;STT;"=""04364786179 - SARAH BADI CARVALHO""";Não atribuído
"=""03105627000103""";EPOKA TECIDOS LTDA EPP;PESSOA JURIDICA;ICMS;"=""3029428015640""";"=""20260000005027""";13952374;1003;Efetivada;10/03/2026 10:28:34;09/04/2026 12:50:56;17/03/2026;1;R$ 75.107,03;R$ 250.356,78;R$ 75.107,03;STT;"=""00901455180 - DANIEL BENKE AFONSO""";Não atribuído
"=""03105627000103""";EPOKA TECIDOS LTDA EPP;PESSOA JURIDICA;ICMS;"=""3034503251071""";"=""20260000005028""";13952382;1003;Efetivada;10/03/2026 10:28:34;09/04/2026 12:50:56;17/03/2026;1;R$ 24.467,08;R$ 62.681,32;R$ 24.467,08;STT;"=""00901455180 - DANIEL BENKE AFONSO""";Não atribuído
"=""03108014196""";JOSE JAMIL ANIZ GUIMARAES NETO;PESSOA FISICA;IPVA;"=""2354113322231""";"=""20260000006886""";14227614;1277;Efetivada;07/05/2026 14:23:53;12/05/2026 12:01:27;14/05/2026;1;R$ 167,36;R$ 288,70;R$ 167,36;EXPRESSO;-;"=""70458480134 - RENATA VITORIA BONIFACIO E SOUZA"""
"=""03130197117""";DANIELA BARBOSA VIEIRA;PESSOA FISICA;IPVA;"=""2295914422227""";"=""20260000000172""";13671103;100;Efetivada;03/02/2026 15:01:50;11/02/2026 06:01:27;10/02/2026;2;R$ 338,70;R$ 1.238,34;R$ 677,40;EXPRESSO;-;"=""86123360159 - VERONICA ISSI SIMOES BASTOS"""
"=""03131590000180"""; ULTRAWATTS MATERIAIS ELÉTRICOS LTDA ME;PESSOA JURIDICA;ICMS;"=""2033271600010""";"=""20250000000034""";13389599;20;Efetivada;11/12/2025 09:43:53;;18/12/2025;145;R$ 1.665,72;R$ 542.897,39;R$ 241.529,00;STT;"=""13670181709 - LARISSA BELTRAO DE CARVALHO""";Não atribuído
"=""03131590000180"""; ULTRAWATTS MATERIAIS ELÉTRICOS LTDA ME;PESSOA JURIDICA;ICMS;"=""4011100143609""";"=""20250000000035""";13389602;20;Efetivada;11/12/2025 09:43:53;;18/12/2025;145;R$ 3.290,66;R$ 1.077.975,75;R$ 477.146,03;STT;"=""13670181709 - LARISSA BELTRAO DE CARVALHO""";Não atribuído
"=""03131590000180"""; ULTRAWATTS MATERIAIS ELÉTRICOS LTDA ME;PESSOA JURIDICA;ICMS;"=""2035195700035""";"=""20250000000036""";13389610;20;Efetivada;11/12/2025 09:43:53;;18/12/2025;145;R$ 3.107,34;R$ 987.612,62;R$ 450.564,00;STT;"=""13670181709 - LARISSA BELTRAO DE CARVALHO""";Não atribuído
"=""03131590000180"""; ULTRAWATTS MATERIAIS ELÉTRICOS LTDA ME;PESSOA JURIDICA;ICMS;"=""4011102726881""";"=""20250000000037""";13389580;20;Efetivada;11/12/2025 09:43:53;;18/12/2025;145;R$ 2.569,66;R$ 822.007,19;R$ 372.600,00;STT;"=""13670181709 - LARISSA BELTRAO DE CARVALHO""";Não atribuído
"=""03143492000839""";VIAÇÃO XAVANTE LTDA;PESSOA JURIDICA;ICMS;"=""4011502436708""";"=""20260000001955""";13803719;468;Efetivada;13/02/2026 12:07:13;19/02/2026 18:06:49;20/02/2026;120;R$ 523,70;R$ 120.561,46;R$ 62.844,51;EXPRESSO;-;"=""00001288130 - JOILSON JOSE DA SILVA"""
"=""03143492000839""";VIAÇÃO XAVANTE LTDA;PESSOA JURIDICA;ICMS;"=""4011503697556""";"=""20260000001956""";13803727;468;Efetivada;13/02/2026 12:07:13;19/02/2026 18:06:50;20/02/2026;84;R$ 301,64;R$ 47.808,44;R$ 25.337,81;EXPRESSO;-;"=""00001288130 - JOILSON JOSE DA SILVA"""
"=""03143492000839""";VIAÇÃO XAVANTE LTDA;PESSOA JURIDICA;ICMS;"=""2087314300089""";"=""20260000001957""";13803735;468;Efetivada;13/02/2026 12:07:13;19/02/2026 18:06:56;20/02/2026;78;R$ 302,80;R$ 67.481,34;R$ 23.618,47;EXPRESSO;-;"=""00001288130 - JOILSON JOSE DA SILVA"""
"=""03143492000839""";VIAÇÃO XAVANTE LTDA;PESSOA JURIDICA;ICMS;"=""4011500862491""";"=""20260000001958""";13803778;468;Efetivada;13/02/2026 12:07:13;19/02/2026 18:06:56;20/02/2026;56;R$ 301,45;R$ 48.232,49;R$ 16.881,37;EXPRESSO;-;"=""00001288130 - JOILSON JOSE DA SILVA"""
"=""03143492000839""";VIAÇÃO XAVANTE LTDA;PESSOA JURIDICA;ICMS;"=""4011500364467""";"=""20260000001960""";13803743;468;Efetivada;13/02/2026 12:07:13;19/02/2026 18:07:03;20/02/2026;52;R$ 304,65;R$ 45.262,73;R$ 15.841,96;EXPRESSO;-;"=""00001288130 - JOILSON JOSE DA SILVA"""
"=""03143492000839""";VIAÇÃO XAVANTE LTDA;PESSOA JURIDICA;ICMS;"=""2088586200040""";"=""20260000001961""";13803751;468;Efetivada;13/02/2026 12:07:13;19/02/2026 18:07:03;20/02/2026;38;R$ 307,67;R$ 33.404,41;R$ 11.691,54;EXPRESSO;-;"=""00001288130 - JOILSON JOSE DA SILVA"""
"=""03143492000839""";VIAÇÃO XAVANTE LTDA;PESSOA JURIDICA;ICMS;"=""4011400214463""";"=""20260000001962""";13803794;468;Efetivada;13/02/2026 12:07:13;19/02/2026 18:07:09;20/02/2026;102;R$ 562,40;R$ 163.900,42;R$ 57.365,15;EXPRESSO;-;"=""00001288130 - JOILSON JOSE DA SILVA"""
"=""03143492000839""";VIAÇÃO XAVANTE LTDA;PESSOA JURIDICA;ICMS;"=""2087170300060""";"=""20260000001959""";13803786;468;Efetivada;13/02/2026 12:07:13;19/02/2026 18:07:10;20/02/2026;79;R$ 303,05;R$ 68.402,08;R$ 23.940,73;EXPRESSO;-;"=""00001288130 - JOILSON JOSE DA SILVA"""
"=""03143492000839""";VIAÇÃO XAVANTE LTDA;PESSOA JURIDICA;ICMS;"=""2096764800006""";"=""20260000001963""";13803760;468;Efetivada;13/02/2026 12:07:13;19/02/2026 18:07:16;20/02/2026;110;R$ 391,11;R$ 122.920,82;R$ 43.022,29;EXPRESSO;-;"=""00001288130 - JOILSON JOSE DA SILVA"""
"=""03143492000839""";VIAÇÃO XAVANTE LTDA;PESSOA JURIDICA;IPVA;"=""2073154022299""";"=""20260000006999""";14250250;1295;Efetivada;13/05/2026 13:02:54;20/05/2026 18:00:33;20/05/2026;1;R$ 508,32;R$ 962,58;R$ 508,32;EXPRESSO;-;"=""00001288130 - JOILSON JOSE DA SILVA"""
"=""03143492000839""";VIAÇÃO XAVANTE LTDA;PESSOA JURIDICA;IPVA;"=""2346449822220""";"=""20260000007001""";14250233;1295;Efetivada;13/05/2026 13:02:54;20/05/2026 18:00:40;20/05/2026;1;R$ 694,88;R$ 1.207,26;R$ 694,88;EXPRESSO;-;"=""00001288130 - JOILSON JOSE DA SILVA"""
"=""03143492000839""";VIAÇÃO XAVANTE LTDA;PESSOA JURIDICA;IPVA;"=""2274709822208""";"=""20260000007000""";14250268;1295;Efetivada;13/05/2026 13:02:54;20/05/2026 18:00:47;20/05/2026;1;R$ 498,97;R$ 931,91;R$ 498,97;EXPRESSO;-;"=""00001288130 - JOILSON JOSE DA SILVA"""
"=""03143492000839""";VIAÇÃO XAVANTE LTDA;PESSOA JURIDICA;IPVA;"=""2019111822264""";"=""20260000006998""";14250241;1295;Efetivada;13/05/2026 13:02:54;20/05/2026 18:00:53;20/05/2026;1;R$ 510,67;R$ 998,46;R$ 510,67;EXPRESSO;-;"=""00001288130 - JOILSON JOSE DA SILVA"""
"=""03196033180""";THAISE ALMEIDA DA MATA;PESSOA FISICA;IPVA;"=""2289398722299""";"=""20260000003789""";13883895;780;Efetivada;27/02/2026 15:21:45;27/02/2026 18:11:16;27/02/2026;1;R$ 789,86;R$ 1.443,92;R$ 789,86;EXPRESSO;-;"=""00001288130 - JOILSON JOSE DA SILVA"""
"=""03196033180""";THAISE ALMEIDA DA MATA;PESSOA FISICA;IPVA;"=""2342081622215""";"=""20260000003790""";13883909;780;Efetivada;27/02/2026 15:21:45;27/02/2026 18:11:17;27/02/2026;1;R$ 1.012,13;R$ 1.718,35;R$ 1.012,13;EXPRESSO;-;"=""00001288130 - JOILSON JOSE DA SILVA"""
"=""03206510104""";WESLEY ALVES RODRIGUES;PESSOA FISICA;IPVA;"=""2020502522238""";"=""20260000006225""";14102706;1171;Efetivada;04/04/2026 06:50:27;17/04/2026 17:47:30;10/04/2026;1;R$ 91,56;R$ 177,34;R$ 91,56;EXPRESSO;-;"=""70458480134 - RENATA VITORIA BONIFACIO E SOUZA"""
"=""03206510104""";WESLEY ALVES RODRIGUES;PESSOA FISICA;IPVA;"=""2074231122289""";"=""20260000006226""";14102714;1171;Efetivada;04/04/2026 06:50:27;17/04/2026 17:47:30;10/04/2026;1;R$ 89,79;R$ 168,86;R$ 89,79;EXPRESSO;-;"=""70458480134 - RENATA VITORIA BONIFACIO E SOUZA"""
"=""03206510104""";WESLEY ALVES RODRIGUES;PESSOA FISICA;IPVA;"=""2277098422229""";"=""20260000006227""";14102722;1171;Efetivada;04/04/2026 06:50:27;17/04/2026 17:47:31;10/04/2026;1;R$ 87,63;R$ 162,52;R$ 87,63;EXPRESSO;-;"=""70458480134 - RENATA VITORIA BONIFACIO E SOUZA"""
"=""03206510104""";WESLEY ALVES RODRIGUES;PESSOA FISICA;IPVA;"=""2352757022220""";"=""20260000006228""";14102730;1171;Efetivada;04/04/2026 06:50:27;17/04/2026 17:47:31;10/04/2026;1;R$ 106,80;R$ 182,84;R$ 106,80;EXPRESSO;-;"=""70458480134 - RENATA VITORIA BONIFACIO E SOUZA"""
"=""03211964142""";THALES GEOVANE COSTA PEQUENO;PESSOA FISICA;IPVA;"=""2288178722240""";"=""20260000000558""";13692682;179;Efetivada;05/02/2026 10:24:58;13/02/2026 06:02:46;12/02/2026;4;R$ 302,43;R$ 2.211,44;R$ 1.209,71;EXPRESSO;-;"=""86123360159 - VERONICA ISSI SIMOES BASTOS"""
"=""03211964142""";THALES GEOVANE COSTA PEQUENO;PESSOA FISICA;IPVA;"=""2342113022250""";"=""20260000000571""";13692690;181;Efetivada;05/02/2026 10:31:55;13/02/2026 06:02:46;12/02/2026;4;R$ 369,35;R$ 2.508,28;R$ 1.477,41;EXPRESSO;-;"=""86123360159 - VERONICA ISSI SIMOES BASTOS"""
"=""03219010105""";TAYNARA STIVAL GUERREIRO;PESSOA FISICA;ITCD;"=""4011802891133""";"=""20260000002006""";13782517;480;Efetivada;13/02/2026 15:52:46;20/02/2026 12:02:24;20/02/2026;60;R$ 512,19;R$ 89.090,86;R$ 30.731,28;EXPRESSO;-;Não atribuído
"=""03219650000110""";A E LOCADORA LTDA ;PESSOA JURIDICA;IPVA;"=""2278788822217""";"=""20260000005270""";13968610;1037;Efetivada;11/03/2026 18:04:28;13/03/2026 12:10:32;18/03/2026;3;R$ 392,84;R$ 2.162,35;R$ 1.178,53;EXPRESSO;-;"=""70458480134 - RENATA VITORIA BONIFACIO E SOUZA"""
"=""03219650000110""";A E LOCADORA LTDA ;PESSOA JURIDICA;IPVA;"=""2378528122238""";"=""20260000005271""";13968602;1037;Efetivada;11/03/2026 18:04:28;13/03/2026 12:10:39;18/03/2026;5;R$ 318,14;R$ 2.680,75;R$ 1.590,69;EXPRESSO;-;"=""70458480134 - RENATA VITORIA BONIFACIO E SOUZA"""
"=""03221758103""";TAYNA MARTINS PINHEIRO;PESSOA FISICA;IPVA;"=""2098978922206""";"=""20260000000255""";13681877;125;Efetivada;03/02/2026 21:32:05;10/02/2026 18:02:41;10/02/2026;2;R$ 402,53;R$ 1.491,32;R$ 805,05;EXPRESSO;-;"=""86123360159 - VERONICA ISSI SIMOES BASTOS"""
"=""03221758103""";TAYNA MARTINS PINHEIRO;PESSOA FISICA;IPVA;"=""2101601822205""";"=""20260000000256""";13681885;125;Efetivada;03/02/2026 21:32:05;10/02/2026 18:02:41;10/02/2026;2;R$ 422,37;R$ 1.597,03;R$ 844,74;EXPRESSO;-;"=""86123360159 - VERONICA ISSI SIMOES BASTOS"""
"=""03221758103""";TAYNA MARTINS PINHEIRO;PESSOA FISICA;IPVA;"=""2381325022247""";"=""20260000000258""";13681907;125;Efetivada;03/02/2026 21:32:05;10/02/2026 18:02:47;10/02/2026;3;R$ 309,86;R$ 1.555,45;R$ 929,58;EXPRESSO;-;"=""86123360159 - VERONICA ISSI SIMOES BASTOS"""
"=""03221758103""";TAYNA MARTINS PINHEIRO;PESSOA FISICA;IPVA;"=""2307275622280""";"=""20260000000257""";13681893;125;Efetivada;03/02/2026 21:32:05;10/02/2026 18:02:48;10/02/2026;2;R$ 366,69;R$ 1.336,80;R$ 733,38;EXPRESSO;-;"=""86123360159 - VERONICA ISSI SIMOES BASTOS"""
"=""03229605179""";LAZARO JUNIO DA SILVA BORGES;PESSOA FISICA;IPVA;"=""2185042122283""";"=""20260000004782""";13935372;946;Efetivada;06/03/2026 13:42:04;07/03/2026 06:11:19;13/03/2026;1;R$ 387,64;R$ 721,48;R$ 387,64;EXPRESSO;-;"=""86123360159 - VERONICA ISSI SIMOES BASTOS"""
"=""03229605179""";LAZARO JUNIO DA SILVA BORGES;PESSOA FISICA;IPVA;"=""2394690622218""";"=""20260000004784""";13935380;946;Efetivada;06/03/2026 13:42:04;07/03/2026 06:11:25;13/03/2026;1;R$ 463,72;R$ 775,25;R$ 463,72;EXPRESSO;-;"=""86123360159 - VERONICA ISSI SIMOES BASTOS"""
"=""03229605179""";LAZARO JUNIO DA SILVA BORGES;PESSOA FISICA;IPVA;"=""2321684622230""";"=""20260000004783""";13935399;946;Efetivada;06/03/2026 13:42:04;07/03/2026 06:11:26;13/03/2026;1;R$ 377,74;R$ 688,17;R$ 377,74;EXPRESSO;-;"=""86123360159 - VERONICA ISSI SIMOES BASTOS"""
"=""03248109114""";DIEGO FERREIRA DA LUZ;PESSOA FISICA;IPVA;"=""2350924222200""";"=""20260000004339""";13911201;863;Efetivada;03/03/2026 18:30:30;07/03/2026 06:02:15;10/03/2026;1;R$ 875,73;R$ 1.497,28;R$ 875,73;EXPRESSO;-;"=""70458480134 - RENATA VITORIA BONIFACIO E SOUZA"""
"=""03248397152""";RODRIGO PEREIRA FURTADO;PESSOA FISICA;IPVA;"=""2370748522230""";"=""20260000004566""";13920952;901;Efetivada;04/03/2026 17:09:44;05/03/2026 18:10:54;11/03/2026;1;R$ 1.399,65;R$ 2.358,80;R$ 1.399,65;EXPRESSO;-;"=""70458480134 - RENATA VITORIA BONIFACIO E SOUZA"""
"=""03266960165""";CAUARA WEISS LIMA;PESSOA FISICA;IPVA;"=""2317325022288""";"=""20260000003427""";13866109;727;Efetivada;25/02/2026 15:25:31;28/02/2026 06:04:44;27/02/2026;1;R$ 190,75;R$ 345,22;R$ 190,75;EXPRESSO;-;"=""00001288130 - JOILSON JOSE DA SILVA"""
"=""03266960165""";CAUARA WEISS LIMA;PESSOA FISICA;IPVA;"=""2390383322206""";"=""20260000003428""";13866117;727;Efetivada;25/02/2026 15:25:31;28/02/2026 06:04:49;27/02/2026;1;R$ 245,92;R$ 408,17;R$ 245,92;EXPRESSO;-;"=""00001288130 - JOILSON JOSE DA SILVA"""
"=""03271876118""";MARJORIE DUARTE OLIVEIRA;PESSOA FISICA;IPVA;"=""2271224822252""";"=""20260000000339""";13664336;133;Efetivada;04/02/2026 11:06:28;04/02/2026 18:04:33;11/02/2026;1;R$ 2.991,70;R$ 5.469,07;R$ 2.991,70;STT;"=""13670181709 - LARISSA BELTRAO DE CARVALHO""";Não atribuído
"=""03271876118""";MARJORIE DUARTE OLIVEIRA;PESSOA FISICA;IPVA;"=""2070203622261""";"=""20260000000338""";13664310;133;Efetivada;04/02/2026 11:06:28;04/02/2026 18:04:39;11/02/2026;1;R$ 3.296,23;R$ 6.111,41;R$ 3.296,23;STT;"=""13670181709 - LARISSA BELTRAO DE CARVALHO""";Não atribuído
"=""03271876118""";MARJORIE DUARTE OLIVEIRA;PESSOA FISICA;IPVA;"=""2350193122240""";"=""20260000000340""";13664328;133;Efetivada;04/02/2026 11:06:28;04/02/2026 18:04:39;11/02/2026;1;R$ 3.707,25;R$ 6.294,02;R$ 3.707,25;STT;"=""13670181709 - LARISSA BELTRAO DE CARVALHO""";Não atribuído
"=""03306101125""";WALTHER JOSE GONCALVES NETTO;PESSOA FISICA;IPVA;"=""2395260522267""";"=""20260000000938""";13712446;246;Efetivada;06/02/2026 13:40:08;09/02/2026 12:09:30;13/02/2026;1;R$ 815,33;R$ 1.353,31;R$ 815,33;EXPRESSO;-;"=""86123360159 - VERONICA ISSI SIMOES BASTOS"""
"=""03306101125""";WALTHER JOSE GONCALVES NETTO;PESSOA FISICA;IPVA;"=""2322511922206""";"=""20260000000937""";13712454;246;Efetivada;06/02/2026 13:40:08;09/02/2026 12:09:37;13/02/2026;1;R$ 644,10;R$ 1.165,71;R$ 644,10;EXPRESSO;-;"=""86123360159 - VERONICA ISSI SIMOES BASTOS"""
"=""03327836183""";SAMUEL ALVES DE ALMEIDA;PESSOA FISICA;IPVA;"=""2362386822204""";"=""20260000000647""";13692364;195;Efetivada;05/02/2026 13:08:37;06/02/2026 06:07:56;12/02/2026;6;R$ 320,29;R$ 3.239,11;R$ 1.921,73;EXPRESSO;-;"=""86123360159 - VERONICA ISSI SIMOES BASTOS"""
"=""03359455118""";WAGNER VINICIUS CUNHA;PESSOA FISICA;IPVA;"=""2354606822240""";"=""20260000002301""";13811517;549;Efetivada;19/02/2026 13:56:10;20/02/2026 18:05:52;26/02/2026;1;R$ 1.402,58;R$ 2.364,07;R$ 1.402,58;EXPRESSO;-;"=""00001288130 - JOILSON JOSE DA SILVA"""
"=""03360166116""";SAMUEL MOREIRA;PESSOA FISICA;IPVA;"=""2265912122224""";"=""20260000000235""";13671227;119;Efetivada;03/02/2026 18:55:34;05/02/2026 06:05:00;10/02/2026;1;R$ 441,48;R$ 804,73;R$ 441,48;EXPRESSO;-;"=""86123360159 - VERONICA ISSI SIMOES BASTOS"""
"=""03360166116""";SAMUEL MOREIRA;PESSOA FISICA;IPVA;"=""2378635922203""";"=""20260000000236""";13671235;119;Efetivada;03/02/2026 18:55:34;05/02/2026 06:05:01;10/02/2026;1;R$ 536,61;R$ 897,89;R$ 536,61;EXPRESSO;-;"=""86123360159 - VERONICA ISSI SIMOES BASTOS"""
"=""03368064185""";MALU MADER NEVES SILVA;PESSOA FISICA;IPVA;"=""2375865322289""";"=""20260000004671""";13931881;929;Efetivada;05/03/2026 17:17:29;09/03/2026 06:07:46;12/03/2026;1;R$ 208,38;R$ 351,18;R$ 208,38;EXPRESSO;-;"=""70458480134 - RENATA VITORIA BONIFACIO E SOUZA"""
"=""03368064185""";MALU MADER NEVES SILVA;PESSOA FISICA;IPVA;"=""2332798122208""";"=""20260000004670""";13931873;929;Efetivada;05/03/2026 17:17:29;09/03/2026 06:07:47;12/03/2026;1;R$ 177,60;R$ 326,79;R$ 177,60;EXPRESSO;-;"=""70458480134 - RENATA VITORIA BONIFACIO E SOUZA"""
"=""03396389158""";PABLO GABRIEL PEREIRA DIAS;PESSOA FISICA;IPVA;"=""2328327322233""";"=""20260000004979""";13958518;991;Efetivada;09/03/2026 17:01:53;23/04/2026 18:33:06;16/03/2026;1;R$ 1.075,84;R$ 1.960,01;R$ 1.075,84;STT;"=""70458480134 - RENATA VITORIA BONIFACIO E SOUZA""";"=""70458480134 - RENATA VITORIA BONIFACIO E SOUZA"""
"=""03437138618""";CLEITON FERREIRA DA SILVA;PESSOA FISICA;IPVA;"=""2328744022215""";"=""20260000001641""";13757989;399;Efetivada;11/02/2026 20:10:16;13/02/2026 06:07:38;18/02/2026;4;R$ 358,11;R$ 2.592,46;R$ 1.432,44;STT;"=""13670181709 - LARISSA BELTRAO DE CARVALHO""";Não atribuído
"=""03437138618""";CLEITON FERREIRA DA SILVA;PESSOA FISICA;IPVA;"=""2337415322200""";"=""20260000001642""";13757970;399;Efetivada;11/02/2026 20:10:16;13/02/2026 06:07:38;18/02/2026;6;R$ 332,48;R$ 3.311,19;R$ 1.994,90;STT;"=""13670181709 - LARISSA BELTRAO DE CARVALHO""";Não atribuído
"=""03508176185""";DANILO VIEIRA LIMA;PESSOA FISICA;IPVA;"=""2347312922244""";"=""20260000000072""";13712810;53;Efetivada;02/02/2026 16:59:48;09/02/2026 12:10:39;09/02/2026;15;R$ 439,02;R$ 11.180,19;R$ 6.585,26;EXPRESSO;-;"=""86123360159 - VERONICA ISSI SIMOES BASTOS"""
"=""03508176185""";DANILO VIEIRA LIMA;PESSOA FISICA;IPVA;"=""2275992122207""";"=""20260000000071""";13712829;53;Efetivada;02/02/2026 16:59:48;09/02/2026 12:10:40;09/02/2026;15;R$ 318,12;R$ 8.723,35;R$ 4.771,87;EXPRESSO;-;"=""86123360159 - VERONICA ISSI SIMOES BASTOS"""
"=""03517512117""";BEATRIZ SILVA INACIO;PESSOA FISICA;IPVA;"=""2337763622230""";"=""20260000002260""";13808494;538;Efetivada;19/02/2026 10:26:44;24/02/2026 18:04:22;26/02/2026;1;R$ 4.443,79;R$ 7.375,98;R$ 4.443,79;EXPRESSO;-;"=""70458480134 - RENATA VITORIA BONIFACIO E SOUZA"""
"=""03519116189""";MURILO ANCHIETA ROSA;PESSOA FISICA;IPVA;"=""2376973022205""";"=""20260000004892""";13944010;972;Efetivada;09/03/2026 10:23:29;10/03/2026 06:11:41;16/03/2026;2;R$ 419,09;R$ 1.412,55;R$ 838,18;EXPRESSO;-;"=""70458480134 - RENATA VITORIA BONIFACIO E SOUZA"""
"=""03565440000184""";AGROVALE MECANIZACAO AGRICOLA LTDA - ME;PESSOA JURIDICA;IPVA;"=""2027465022211""";"=""20260000003300""";13861000;712;Efetivada;25/02/2026 12:32:44;26/02/2026 12:08:29;27/02/2026;2;R$ 1.026,10;R$ 3.908,88;R$ 2.052,19;STT;"=""00001288130 - JOILSON JOSE DA SILVA""";Não atribuído
"=""03565440000184""";AGROVALE MECANIZACAO AGRICOLA LTDA - ME;PESSOA JURIDICA;IPVA;"=""2095956722285""";"=""20260000003317""";13861042;712;Efetivada;25/02/2026 12:32:44;26/02/2026 12:08:30;27/02/2026;2;R$ 996,81;R$ 3.696,28;R$ 1.993,62;STT;"=""00001288130 - JOILSON JOSE DA SILVA""";Não atribuído
"=""03565440000184""";AGROVALE MECANIZACAO AGRICOLA LTDA - ME;PESSOA JURIDICA;IPVA;"=""2073184422210""";"=""20260000003311""";13861026;712;Efetivada;25/02/2026 12:32:44;26/02/2026 12:08:37;27/02/2026;2;R$ 419,82;R$ 1.556,71;R$ 839,64;STT;"=""00001288130 - JOILSON JOSE DA SILVA""";Não atribuído
"=""03565440000184""";AGROVALE MECANIZACAO AGRICOLA LTDA - ME;PESSOA JURIDICA;IPVA;"=""2273023522223""";"=""20260000003320""";13861050;712;Efetivada;25/02/2026 12:32:44;26/02/2026 12:08:37;27/02/2026;2;R$ 1.183,38;R$ 4.314,12;R$ 2.366,76;STT;"=""00001288130 - JOILSON JOSE DA SILVA""";Não atribuído
"=""03565440000184""";AGROVALE MECANIZACAO AGRICOLA LTDA - ME;PESSOA JURIDICA;IPVA;"=""2040214222284""";"=""20260000003304""";13861018;712;Efetivada;25/02/2026 12:32:44;26/02/2026 12:08:44;27/02/2026;2;R$ 1.351,05;R$ 5.108,45;R$ 2.702,09;STT;"=""00001288130 - JOILSON JOSE DA SILVA""";Não atribuído
"=""03565440000184""";AGROVALE MECANIZACAO AGRICOLA LTDA - ME;PESSOA JURIDICA;IPVA;"=""2094666622263""";"=""20260000003316""";13861034;712;Efetivada;25/02/2026 12:32:44;26/02/2026 12:08:45;27/02/2026;1;R$ 530,24;R$ 983,09;R$ 530,24;STT;"=""00001288130 - JOILSON JOSE DA SILVA""";Não atribuído
"=""03565440000184""";AGROVALE MECANIZACAO AGRICOLA LTDA - ME;PESSOA JURIDICA;IPVA;"=""2027923122276""";"=""20260000003301""";13861131;712;Efetivada;25/02/2026 12:32:44;26/02/2026 12:08:52;27/02/2026;2;R$ 438,70;R$ 1.671,19;R$ 877,40;STT;"=""00001288130 - JOILSON JOSE DA SILVA""";Não atribuído
"=""03565440000184""";AGROVALE MECANIZACAO AGRICOLA LTDA - ME;PESSOA JURIDICA;IPVA;"=""2360174422265""";"=""20260000003331""";13861107;712;Efetivada;25/02/2026 12:32:44;26/02/2026 12:08:59;27/02/2026;2;R$ 1.023,94;R$ 3.451,74;R$ 2.047,88;STT;"=""00001288130 - JOILSON JOSE DA SILVA""";Não atribuído
"=""03565440000184""";AGROVALE MECANIZACAO AGRICOLA LTDA - ME;PESSOA JURIDICA;IPVA;"=""2025680322244""";"=""20260000003299""";13861123;712;Efetivada;25/02/2026 12:32:44;26/02/2026 12:09:00;27/02/2026;1;R$ 545,61;R$ 1.039,22;R$ 545,61;STT;"=""00001288130 - JOILSON JOSE DA SILVA""";Não atribuído
"=""03565440000184""";AGROVALE MECANIZACAO AGRICOLA LTDA - ME;PESSOA JURIDICA;IPVA;"=""2322916622275""";"=""20260000003328""";13861085;712;Efetivada;25/02/2026 12:32:44;26/02/2026 12:09:07;27/02/2026;2;R$ 1.160,74;R$ 4.201,47;R$ 2.321,47;STT;"=""00001288130 - JOILSON JOSE DA SILVA""";Não atribuído
"=""03565440000184""";AGROVALE MECANIZACAO AGRICOLA LTDA - ME;PESSOA JURIDICA;IPVA;"=""2357995722203""";"=""20260000003329""";13861093;712;Efetivada;25/02/2026 12:32:44;26/02/2026 12:09:07;27/02/2026;2;R$ 571,01;R$ 1.924,88;R$ 1.142,01;STT;"=""00001288130 - JOILSON JOSE DA SILVA""";Não atribuído
"=""03565440000184""";AGROVALE MECANIZACAO AGRICOLA LTDA - ME;PESSOA JURIDICA;IPVA;"=""2301652022241""";"=""20260000003326""";13861069;712;Efetivada;25/02/2026 12:32:44;26/02/2026 12:09:14;27/02/2026;1;R$ 520,53;R$ 951,56;R$ 520,53;STT;"=""00001288130 - JOILSON JOSE DA SILVA""";Não atribuído
"=""03565440000184""";AGROVALE MECANIZACAO AGRICOLA LTDA - ME;PESSOA JURIDICA;IPVA;"=""2302970422241""";"=""20260000003327""";13861077;712;Efetivada;25/02/2026 12:32:44;26/02/2026 12:09:15;27/02/2026;2;R$ 920,98;R$ 3.367,21;R$ 1.841,95;STT;"=""00001288130 - JOILSON JOSE DA SILVA""";Não atribuído
"=""03565440000184""";AGROVALE MECANIZACAO AGRICOLA LTDA - ME;PESSOA JURIDICA;IPVA;"=""2025294122245""";"=""20260000003298""";13861115;712;Efetivada;25/02/2026 12:32:44;26/02/2026 12:09:22;27/02/2026;2;R$ 1.026,10;R$ 3.908,88;R$ 2.052,19;STT;"=""00001288130 - JOILSON JOSE DA SILVA""";Não atribuído
"=""03565440000184""";AGROVALE MECANIZACAO AGRICOLA LTDA - ME;PESSOA JURIDICA;IPVA;"=""2049752922215""";"=""20260000003307""";13861140;712;Efetivada;25/02/2026 12:32:44;26/02/2026 18:08:10;27/02/2026;2;R$ 1.270,32;R$ 4.779,33;R$ 2.540,64;STT;"=""00001288130 - JOILSON JOSE DA SILVA""";Não atribuído
"=""03565440000184""";AGROVALE MECANIZACAO AGRICOLA LTDA - ME;PESSOA JURIDICA;IPVA;"=""2033186722246""";"=""20260000003303""";13861190;712;Efetivada;25/02/2026 12:32:44;26/02/2026 18:08:17;27/02/2026;2;R$ 584,52;R$ 2.221,17;R$ 1.169,03;STT;"=""00001288130 - JOILSON JOSE DA SILVA""";Não atribuído
"=""03565440000184""";AGROVALE MECANIZACAO AGRICOLA LTDA - ME;PESSOA JURIDICA;IPVA;"=""2076844222209""";"=""20260000003312""";13861174;712;Efetivada;25/02/2026 12:32:44;26/02/2026 18:08:17;27/02/2026;2;R$ 996,81;R$ 3.696,28;R$ 1.993,62;STT;"=""00001288130 - JOILSON JOSE DA SILVA""";Não atribuído
"=""03565440000184""";AGROVALE MECANIZACAO AGRICOLA LTDA - ME;PESSOA JURIDICA;IPVA;"=""2043165522202""";"=""20260000003305""";13861204;712;Efetivada;25/02/2026 12:32:44;26/02/2026 18:08:25;27/02/2026;2;R$ 1.351,05;R$ 5.108,45;R$ 2.702,09;STT;"=""00001288130 - JOILSON JOSE DA SILVA""";Não atribuído
"=""03565440000184""";AGROVALE MECANIZACAO AGRICOLA LTDA - ME;PESSOA JURIDICA;IPVA;"=""2067197022261""";"=""20260000003309""";13861166;712;Efetivada;25/02/2026 12:32:44;26/02/2026 18:08:25;27/02/2026;2;R$ 567,79;R$ 2.105,41;R$ 1.135,58;STT;"=""00001288130 - JOILSON JOSE DA SILVA""";Não atribuído
"=""03565440000184""";AGROVALE MECANIZACAO AGRICOLA LTDA - ME;PESSOA JURIDICA;IPVA;"=""2066078622216""";"=""20260000003308""";13861158;712;Efetivada;25/02/2026 12:32:44;26/02/2026 18:08:32;27/02/2026;2;R$ 798,31;R$ 2.960,20;R$ 1.596,62;STT;"=""00001288130 - JOILSON JOSE DA SILVA""";Não atribuído
"=""03565440000184""";AGROVALE MECANIZACAO AGRICOLA LTDA - ME;PESSOA JURIDICA;IPVA;"=""2043703422205""";"=""20260000003306""";13861212;712;Efetivada;25/02/2026 12:32:44;26/02/2026 18:08:33;27/02/2026;2;R$ 1.351,05;R$ 5.108,45;R$ 2.702,09;STT;"=""00001288130 - JOILSON JOSE DA SILVA""";Não atribuído
"=""03565440000184""";AGROVALE MECANIZACAO AGRICOLA LTDA - ME;PESSOA JURIDICA;IPVA;"=""2029479522242""";"=""20260000003302""";13861182;712;Efetivada;25/02/2026 12:32:44;26/02/2026 18:08:40;27/02/2026;2;R$ 964,30;R$ 3.664,40;R$ 1.928,60;STT;"=""00001288130 - JOILSON JOSE DA SILVA""";Não atribuído
"=""03565440000184""";AGROVALE MECANIZACAO AGRICOLA LTDA - ME;PESSOA JURIDICA;IPVA;"=""2279010122247""";"=""20260000003322""";13861298;712;Efetivada;25/02/2026 12:32:44;26/02/2026 18:08:40;27/02/2026;2;R$ 920,98;R$ 3.367,21;R$ 1.841,95;STT;"=""00001288130 - JOILSON JOSE DA SILVA""";Não atribuído
"=""03565440000184""";AGROVALE MECANIZACAO AGRICOLA LTDA - ME;PESSOA JURIDICA;IPVA;"=""2274728122240""";"=""20260000003321""";13861280;712;Efetivada;25/02/2026 12:32:44;26/02/2026 18:08:48;27/02/2026;2;R$ 417,85;R$ 1.527,71;R$ 835,69;STT;"=""00001288130 - JOILSON JOSE DA SILVA""";Não atribuído
"=""03565440000184""";AGROVALE MECANIZACAO AGRICOLA LTDA - ME;PESSOA JURIDICA;IPVA;"=""2283504922234""";"=""20260000003323""";13861301;712;Efetivada;25/02/2026 12:32:44;26/02/2026 18:08:48;27/02/2026;2;R$ 861,83;R$ 3.150,97;R$ 1.723,66;STT;"=""00001288130 - JOILSON JOSE DA SILVA""";Não atribuído
"=""03565440000184""";AGROVALE MECANIZACAO AGRICOLA LTDA - ME;PESSOA JURIDICA;IPVA;"=""2268307622285""";"=""20260000003319""";13861271;712;Efetivada;25/02/2026 12:32:44;26/02/2026 18:08:55;27/02/2026;2;R$ 538,09;R$ 1.967,34;R$ 1.076,18;STT;"=""00001288130 - JOILSON JOSE DA SILVA""";Não atribuído
"=""03565440000184""";AGROVALE MECANIZACAO AGRICOLA LTDA - ME;PESSOA JURIDICA;IPVA;"=""2182317322232""";"=""20260000003318""";13861263;712;Efetivada;25/02/2026 12:32:44;26/02/2026 18:08:56;27/02/2026;2;R$ 1.250,20;R$ 4.623,87;R$ 2.500,40;STT;"=""00001288130 - JOILSON JOSE DA SILVA""";Não atribuído
"=""03565440000184""";AGROVALE MECANIZACAO AGRICOLA LTDA - ME;PESSOA JURIDICA;IPVA;"=""2080443122279""";"=""20260000003314""";13861247;712;Efetivada;25/02/2026 12:32:44;26/02/2026 18:09:03;27/02/2026;2;R$ 920,33;R$ 3.412,67;R$ 1.840,66;STT;"=""00001288130 - JOILSON JOSE DA SILVA""";Não atribuído
"=""03565440000184""";AGROVALE MECANIZACAO AGRICOLA LTDA - ME;PESSOA JURIDICA;IPVA;"=""2080443222222""";"=""20260000003315""";13861255;712;Efetivada;25/02/2026 12:32:44;26/02/2026 18:09:03;27/02/2026;2;R$ 1.284,39;R$ 4.758,53;R$ 2.568,77;STT;"=""00001288130 - JOILSON JOSE DA SILVA""";Não atribuído
"=""03565440000184""";AGROVALE MECANIZACAO AGRICOLA LTDA - ME;PESSOA JURIDICA;IPVA;"=""2072055922285""";"=""20260000003310""";13861220;712;Efetivada;25/02/2026 12:32:44;26/02/2026 18:09:11;27/02/2026;2;R$ 1.284,39;R$ 4.758,53;R$ 2.568,77;STT;"=""00001288130 - JOILSON JOSE DA SILVA""";Não atribuído
"=""03565440000184""";AGROVALE MECANIZACAO AGRICOLA LTDA - ME;PESSOA JURIDICA;IPVA;"=""2080443022215""";"=""20260000003313""";13861239;712;Efetivada;25/02/2026 12:32:44;26/02/2026 18:09:11;27/02/2026;2;R$ 1.284,39;R$ 4.758,53;R$ 2.568,77;STT;"=""00001288130 - JOILSON JOSE DA SILVA""";Não atribuído
"=""03565440000184""";AGROVALE MECANIZACAO AGRICOLA LTDA - ME;PESSOA JURIDICA;IPVA;"=""2368860322229""";"=""20260000003334""";13861360;712;Efetivada;25/02/2026 12:32:44;26/02/2026 18:09:18;27/02/2026;2;R$ 883,80;R$ 2.979,28;R$ 1.767,59;STT;"=""00001288130 - JOILSON JOSE DA SILVA""";Não atribuído
"=""03565440000184""";AGROVALE MECANIZACAO AGRICOLA LTDA - ME;PESSOA JURIDICA;IPVA;"=""2382640822228""";"=""20260000003337""";13861395;712;Efetivada;25/02/2026 12:32:44;26/02/2026 18:09:19;27/02/2026;2;R$ 1.198,97;R$ 4.012,39;R$ 2.397,93;STT;"=""00001288130 - JOILSON JOSE DA SILVA""";Não atribuído
"=""03565440000184""";AGROVALE MECANIZACAO AGRICOLA LTDA - ME;PESSOA JURIDICA;IPVA;"=""2381747022212""";"=""20260000003335""";13861379;712;Efetivada;25/02/2026 12:32:44;26/02/2026 18:09:26;27/02/2026;2;R$ 1.198,97;R$ 4.012,39;R$ 2.397,93;STT;"=""00001288130 - JOILSON JOSE DA SILVA""";Não atribuído
"=""03565440000184""";AGROVALE MECANIZACAO AGRICOLA LTDA - ME;PESSOA JURIDICA;IPVA;"=""2381860322269""";"=""20260000003336""";13861387;712;Efetivada;25/02/2026 12:32:44;26/02/2026 18:09:26;27/02/2026;2;R$ 1.198,97;R$ 4.012,39;R$ 2.397,93;STT;"=""00001288130 - JOILSON JOSE DA SILVA""";Não atribuído
"=""03565440000184""";AGROVALE MECANIZACAO AGRICOLA LTDA - ME;PESSOA JURIDICA;IPVA;"=""2283505022296""";"=""20260000003324""";13861310;712;Efetivada;25/02/2026 12:32:44;26/02/2026 18:09:34;27/02/2026;2;R$ 1.183,38;R$ 4.314,12;R$ 2.366,76;STT;"=""00001288130 - JOILSON JOSE DA SILVA""";Não atribuído
"=""03565440000184""";AGROVALE MECANIZACAO AGRICOLA LTDA - ME;PESSOA JURIDICA;IPVA;"=""2366752422270""";"=""20260000003333""";13861352;712;Efetivada;25/02/2026 12:32:44;26/02/2026 18:09:34;27/02/2026;2;R$ 660,92;R$ 2.227,96;R$ 1.321,83;STT;"=""00001288130 - JOILSON JOSE DA SILVA""";Não atribuído
"=""03565440000184""";AGROVALE MECANIZACAO AGRICOLA LTDA - ME;PESSOA JURIDICA;IPVA;"=""2360360922272""";"=""20260000003332""";13861344;712;Efetivada;25/02/2026 12:32:44;26/02/2026 18:09:41;27/02/2026;2;R$ 1.023,94;R$ 3.451,74;R$ 2.047,88;STT;"=""00001288130 - JOILSON JOSE DA SILVA""";Não atribuído
"=""03565440000184""";AGROVALE MECANIZACAO AGRICOLA LTDA - ME;PESSOA JURIDICA;IPVA;"=""2359868022268""";"=""20260000003330""";13861336;712;Efetivada;25/02/2026 12:32:44;26/02/2026 18:09:42;27/02/2026;2;R$ 363,13;R$ 1.224,11;R$ 726,26;STT;"=""00001288130 - JOILSON JOSE DA SILVA""";Não atribuído
"=""03565440000184""";AGROVALE MECANIZACAO AGRICOLA LTDA - ME;PESSOA JURIDICA;IPVA;"=""2016634922200""";"=""20260000003297""";13861409;712;Efetivada;25/02/2026 12:32:44;26/02/2026 18:09:49;27/02/2026;2;R$ 830,99;R$ 3.183,71;R$ 1.661,98;STT;"=""00001288130 - JOILSON JOSE DA SILVA""";Não atribuído
"=""03565440000184""";AGROVALE MECANIZACAO AGRICOLA LTDA - ME;PESSOA JURIDICA;IPVA;"=""2283505222201""";"=""20260000003325""";13861328;712;Efetivada;25/02/2026 12:32:44;26/02/2026 18:09:49;27/02/2026;2;R$ 1.183,38;R$ 4.314,12;R$ 2.366,76;STT;"=""00001288130 - JOILSON JOSE DA SILVA""";Não atribuído
"=""03579462000101""";ILUMINAR MATERIAIS ELETRICOS LTDA ME;PESSOA JURIDICA;ICMS;"=""4011001189619""";"=""20250000000024""";13389475;18;Efetivada;11/12/2025 09:40:56;;18/12/2025;120;R$ 2.095,88;R$ 628.762,68;R$ 251.505,07;STT;"=""13670181709 - LARISSA BELTRAO DE CARVALHO""";Não atribuído
"=""03579462000101""";ILUMINAR MATERIAIS ELETRICOS LTDA ME;PESSOA JURIDICA;ICMS;"=""4011001536513""";"=""20250000000025""";13389483;18;Efetivada;11/12/2025 09:40:56;;18/12/2025;120;R$ 2.614,74;R$ 762.206,15;R$ 313.768,38;STT;"=""13670181709 - LARISSA BELTRAO DE CARVALHO""";Não atribuído
"=""03579462000101""";ILUMINAR MATERIAIS ELETRICOS LTDA ME;PESSOA JURIDICA;ICMS;"=""4011304733285""";"=""20250000000026""";13389491;18;Efetivada;11/12/2025 09:40:56;;18/12/2025;120;R$ 5.341,45;R$ 1.602.433,50;R$ 640.973,40;STT;"=""13670181709 - LARISSA BELTRAO DE CARVALHO""";Não atribuído
"=""03579462000101""";ILUMINAR MATERIAIS ELETRICOS LTDA ME;PESSOA JURIDICA;Pena Pecuniária;"=""4011401247845""";"=""20250000000027""";13389505;18;Efetivada;11/12/2025 09:40:56;;18/12/2025;120;R$ 1.988,95;R$ 596.683,92;R$ 238.673,57;STT;"=""13670181709 - LARISSA BELTRAO DE CARVALHO""";Não atribuído
"=""03579462000101""";ILUMINAR MATERIAIS ELETRICOS LTDA ME;PESSOA JURIDICA;Pena Pecuniária;"=""4011401254469""";"=""20250000000028""";13389513;18;Efetivada;11/12/2025 09:40:56;;18/12/2025;120;R$ 1.927,80;R$ 578.339,82;R$ 231.335,93;STT;"=""13670181709 - LARISSA BELTRAO DE CARVALHO""";Não atribuído
"=""03657829000150""";AGIL ALGODOEIRA ITUMBIARA LTDA;PESSOA JURIDICA;ICMS;"=""4011202772400""";"=""20260000002776""";13838148;633;Efetivada;23/02/2026 13:35:28;24/02/2026 12:10:32;27/02/2026;141;R$ 650,88;R$ 305.912,60;R$ 91.773,78;STT;"=""00001288130 - JOILSON JOSE DA SILVA""";Não atribuído
"=""03657829000150""";AGIL ALGODOEIRA ITUMBIARA LTDA;PESSOA JURIDICA;ICMS;"=""2061265600076""";"=""20260000002775""";13838130;633;Efetivada;23/02/2026 13:35:28;24/02/2026 12:10:34;27/02/2026;100;R$ 301,12;R$ 66.643,88;R$ 30.112,00;STT;"=""00001288130 - JOILSON JOSE DA SILVA""";Não atribuído
"=""03657829000150""";AGIL ALGODOEIRA ITUMBIARA LTDA;PESSOA JURIDICA;ICMS;"=""4011000113856""";"=""20260000002777""";13838156;633;Efetivada;23/02/2026 13:35:28;24/02/2026 12:10:39;27/02/2026;50;R$ 329,34;R$ 41.119,88;R$ 16.467,09;STT;"=""00001288130 - JOILSON JOSE DA SILVA""";Não atribuído
"=""03661864181""";REGIANY DE SOUZA OLIVEIRA CARDOSO;PESSOA FISICA;IPVA;"=""2358244622258""";"=""20260000002189""";13800965;520;Efetivada;18/02/2026 14:45:12;18/02/2026 18:09:45;25/02/2026;1;R$ 451,92;R$ 761,71;R$ 451,92;EXPRESSO;-;"=""86123360159 - VERONICA ISSI SIMOES BASTOS"""
"=""03662053152""";WELDER RODRIGUES BORGES;PESSOA FISICA;IPVA;"=""2386210922238""";"=""20260000004805""";13935526;952;Efetivada;06/03/2026 15:30:52;07/03/2026 06:11:45;13/03/2026;1;R$ 769,49;R$ 1.296,80;R$ 769,49;STT;"=""05276651183 - LUIZA HELENA LIMA ALVARENGA""";"=""86123360159 - VERONICA ISSI SIMOES BASTOS"""
"=""03668609179""";GEAN CARLOS RODRIGUES DA SILVA;PESSOA FISICA;IPVA;"=""2300226922286""";"=""20260000000190""";13664093;104;Efetivada;03/02/2026 15:35:35;06/02/2026 12:02:42;10/02/2026;2;R$ 374,66;R$ 1.365,83;R$ 749,31;STT;"=""13670181709 - LARISSA BELTRAO DE CARVALHO""";"=""86123360159 - VERONICA ISSI SIMOES BASTOS"""
"=""03668609179""";GEAN CARLOS RODRIGUES DA SILVA;PESSOA FISICA;IPVA;"=""2043087322220""";"=""20260000000196""";13679210;106;Efetivada;03/02/2026 15:49:49;05/02/2026 18:06:23;10/02/2026;2;R$ 396,99;R$ 1.501,06;R$ 793,98;STT;"=""86123360159 - VERONICA ISSI SIMOES BASTOS""";"=""86123360159 - VERONICA ISSI SIMOES BASTOS"""
"=""03668609179""";GEAN CARLOS RODRIGUES DA SILVA;PESSOA FISICA;IPVA;"=""2011139322287""";"=""20260000000195""";13679228;106;Efetivada;03/02/2026 15:49:49;05/02/2026 18:06:29;10/02/2026;1;R$ 85,41;R$ 164,00;R$ 85,41;STT;"=""86123360159 - VERONICA ISSI SIMOES BASTOS""";"=""86123360159 - VERONICA ISSI SIMOES BASTOS"""
"=""03668609179""";GEAN CARLOS RODRIGUES DA SILVA;PESSOA FISICA;IPVA;"=""2296065822240""";"=""20260000000199""";13679236;106;Efetivada;03/02/2026 15:49:49;05/02/2026 18:06:35;10/02/2026;1;R$ 81,21;R$ 148,46;R$ 81,21;STT;"=""86123360159 - VERONICA ISSI SIMOES BASTOS""";"=""86123360159 - VERONICA ISSI SIMOES BASTOS"""
"=""03668609179""";GEAN CARLOS RODRIGUES DA SILVA;PESSOA FISICA;IPVA;"=""2093912622262""";"=""20260000000198""";13679252;106;Efetivada;03/02/2026 15:49:49;05/02/2026 18:06:36;10/02/2026;2;R$ 382,88;R$ 1.418,53;R$ 765,76;STT;"=""86123360159 - VERONICA ISSI SIMOES BASTOS""";"=""86123360159 - VERONICA ISSI SIMOES BASTOS"""
"=""03668609179""";GEAN CARLOS RODRIGUES DA SILVA;PESSOA FISICA;IPVA;"=""2090164022232""";"=""20260000000197""";13679260;106;Efetivada;03/02/2026 15:49:49;05/02/2026 18:06:42;10/02/2026;1;R$ 82,56;R$ 153,07;R$ 82,56;STT;"=""86123360159 - VERONICA ISSI SIMOES BASTOS""";"=""86123360159 - VERONICA ISSI SIMOES BASTOS"""
"=""03676285000173""";VAB SERVIÇOS ADMINISTRATIVOS LTDA;PESSOA JURIDICA;ICMS;"=""4012400413685""";"=""20260000000058""";13659154;45;Efetivada;02/02/2026 16:12:17;04/02/2026 12:02:34;09/02/2026;145;R$ 2.826,84;R$ 520.260,31;R$ 409.891,39;EXPRESSO;-;"=""86123360159 - VERONICA ISSI SIMOES BASTOS"""
"=""03681067139""";RAFAEL MOURA DA MOTA;PESSOA FISICA;IPVA;"=""2395005822285""";"=""20260000002542""";13830465;591;Efetivada;20/02/2026 19:42:50;28/02/2026 12:01:23;27/02/2026;24;R$ 341,58;R$ 13.607,27;R$ 8.197,94;EXPRESSO;-;"=""70458480134 - RENATA VITORIA BONIFACIO E SOUZA"""
"=""03715692146""";PAULO HENRIQUE DA SILVA;PESSOA FISICA;IPVA;"=""2385356822205""";"=""20260000000175""";13665065;101;Efetivada;03/02/2026 15:02:32;04/02/2026 18:04:52;10/02/2026;1;R$ 231,33;R$ 387,08;R$ 231,33;EXPRESSO;-;"=""86123360159 - VERONICA ISSI SIMOES BASTOS"""
"=""03715692146""";PAULO HENRIQUE DA SILVA;PESSOA FISICA;IPVA;"=""2312487622255""";"=""20260000000174""";13665057;101;Efetivada;03/02/2026 15:02:32;04/02/2026 18:04:53;10/02/2026;1;R$ 186,93;R$ 339,64;R$ 186,93;EXPRESSO;-;"=""86123360159 - VERONICA ISSI SIMOES BASTOS"""
"=""03734318130""";GUILHERME BRUNO PIRES;PESSOA FISICA;IPVA;"=""2355480822228""";"=""20260000004420""";13915282;880;Efetivada;04/03/2026 10:40:52;23/04/2026 18:28:25;11/03/2026;1;R$ 1.419,86;R$ 2.410,23;R$ 1.419,86;EXPRESSO;-;"=""70458480134 - RENATA VITORIA BONIFACIO E SOUZA"""
"=""03734318130""";GUILHERME BRUNO PIRES;PESSOA FISICA;IPVA;"=""2305788022220""";"=""20260000004419""";13915274;880;Efetivada;04/03/2026 10:40:52;23/04/2026 18:28:31;11/03/2026;1;R$ 1.167,49;R$ 2.148,27;R$ 1.167,49;EXPRESSO;-;"=""70458480134 - RENATA VITORIA BONIFACIO E SOUZA"""
"=""03738706127""";ALEX PARREIRA SILVA;PESSOA FISICA;IPVA;"=""2382450622201""";"=""20260000003432""";13864874;728;Efetivada;25/02/2026 15:41:53;26/02/2026 06:12:04;27/02/2026;5;R$ 307,03;R$ 2.568,68;R$ 1.535,13;STT;"=""86123360159 - VERONICA ISSI SIMOES BASTOS""";Não atribuído
"=""03738706127""";ALEX PARREIRA SILVA;PESSOA FISICA;IPVA;"=""2285282522274""";"=""20260000003431""";13864866;728;Efetivada;25/02/2026 15:41:53;26/02/2026 06:12:09;27/02/2026;4;R$ 317,23;R$ 2.312,96;R$ 1.268,91;STT;"=""86123360159 - VERONICA ISSI SIMOES BASTOS""";Não atribuído
"=""03766953000153""";SARDINHA ATACAREJO LTDA;PESSOA JURIDICA;ICMS;"=""4012000998619""";"=""20260000004738""";13942379;941;Efetivada;06/03/2026 11:47:37;13/03/2026 12:04:10;13/03/2026;120;R$ 2.324,86;R$ 436.679,20;R$ 278.982,71;EXPRESSO;-;"=""70458480134 - RENATA VITORIA BONIFACIO E SOUZA"""
"=""03785354126""";EDILLIAN RODRIGUES SEOANE;PESSOA FISICA;IPVA;"=""2378720422295""";"=""20260000004624""";13923161;913;Efetivada;05/03/2026 10:04:23;06/03/2026 12:08:17;12/03/2026;1;R$ 204,48;R$ 344,60;R$ 204,48;EXPRESSO;-;"=""70458480134 - RENATA VITORIA BONIFACIO E SOUZA"""
"=""03785740190""";CAROLINE DE PAULA COSTA;PESSOA FISICA;IPVA;"=""2177509522268""";"=""20260000007026""";14264684;1301;Efetivada;15/05/2026 17:08:12;22/05/2026 18:00:40;22/05/2026;4;R$ 340,69;R$ 2.572,00;R$ 1.362,76;EXPRESSO;-;"=""00001288130 - JOILSON JOSE DA SILVA"""
"=""03785740190""";CAROLINE DE PAULA COSTA;PESSOA FISICA;IPVA;"=""2007877322250""";"=""20260000007025""";14264676;1301;Efetivada;15/05/2026 17:08:12;22/05/2026 18:00:47;22/05/2026;4;R$ 359,04;R$ 2.753,02;R$ 1.436,15;EXPRESSO;-;"=""00001288130 - JOILSON JOSE DA SILVA"""
"=""03785740190""";CAROLINE DE PAULA COSTA;PESSOA FISICA;IPVA;"=""2327873722274""";"=""20260000007027""";14264692;1301;Efetivada;15/05/2026 17:08:12;22/05/2026 18:00:54;22/05/2026;4;R$ 307,30;R$ 2.273,32;R$ 1.229,20;EXPRESSO;-;"=""00001288130 - JOILSON JOSE DA SILVA"""
"=""03785740190""";CAROLINE DE PAULA COSTA;PESSOA FISICA;IPVA;"=""2335936722234""";"=""20260000007028""";14264668;1301;Efetivada;15/05/2026 17:08:12;22/05/2026 18:01:00;22/05/2026;4;R$ 361,55;R$ 2.457,70;R$ 1.446,19;EXPRESSO;-;"=""00001288130 - JOILSON JOSE DA SILVA"""
"=""03787038000144""";AMARO E FRANCA LTDA;PESSOA JURIDICA;Pena Pecuniária;"=""2136573900084""";"=""20260000006879""";14221217;1274;Efetivada;06/05/2026 10:48:53;08/05/2026 12:01:39;13/05/2026;10;R$ 1.557,30;R$ 51.909,98;R$ 15.572,99;STT;"=""03447962135 - LUCAS CARDOSO FRANCO""";Não atribuído
"=""03787038000144""";AMARO E FRANCA LTDA;PESSOA JURIDICA;Pena Pecuniária;"=""2136573800020""";"=""20260000006878""";14221225;1274;Efetivada;06/05/2026 10:48:53;08/05/2026 12:01:46;13/05/2026;10;R$ 2.060,10;R$ 68.670,01;R$ 20.601,00;STT;"=""03447962135 - LUCAS CARDOSO FRANCO""";Não atribuído
"=""03790903175""";STEFANY CRISTINA CHAVES E SILVA;PESSOA FISICA;IPVA;"=""2382138322249""";"=""20260000000201""";13670654;107;Efetivada;03/02/2026 16:06:09;05/02/2026 18:04:20;10/02/2026;1;R$ 161,10;R$ 269,56;R$ 161,10;STT;"=""86123360159 - VERONICA ISSI SIMOES BASTOS""";"=""86123360159 - VERONICA ISSI SIMOES BASTOS"""
"=""03798424160""";LARISSA RODRIGUES DE OLIVEIRA;PESSOA FISICA;IPVA;"=""2371744022206""";"=""20260000006871""";14224593;1272;Efetivada;05/05/2026 19:39:50;13/05/2026 12:00:34;12/05/2026;2;R$ 360,72;R$ 1.235,71;R$ 721,43;EXPRESSO;-;"=""86123360159 - VERONICA ISSI SIMOES BASTOS"""
"=""03798424160""";LARISSA RODRIGUES DE OLIVEIRA;PESSOA FISICA;IPVA;"=""2381478222200""";"=""20260000006872""";14224607;1272;Efetivada;05/05/2026 19:39:50;13/05/2026 12:00:40;12/05/2026;1;R$ 216,64;R$ 371,06;R$ 216,64;EXPRESSO;-;"=""86123360159 - VERONICA ISSI SIMOES BASTOS"""
"=""03801140113""";GABRIELA VIMIEIRO NOBRE PORTUGAL;PESSOA FISICA;IPVA;"=""2350937522240""";"=""20260000004453""";13917803;888;Efetivada;04/03/2026 13:16:57;10/03/2026 12:05:09;11/03/2026;1;R$ 249,90;R$ 427,27;R$ 249,90;EXPRESSO;-;"=""70458480134 - RENATA VITORIA BONIFACIO E SOUZA"""
"=""03816711197""";VANESSA PEREIRA SILVA;PESSOA FISICA;IPVA;"=""2332501222268""";"=""20260000002220""";13804430;530;Efetivada;18/02/2026 18:36:07;19/02/2026 06:09:54;25/02/2026;1;R$ 256,89;R$ 468,26;R$ 256,89;EXPRESSO;-;"=""70458480134 - RENATA VITORIA BONIFACIO E SOUZA"""
"=""03816711197""";VANESSA PEREIRA SILVA;PESSOA FISICA;IPVA;"=""2380596222295""";"=""20260000002221""";13804448;530;Efetivada;18/02/2026 18:36:07;19/02/2026 06:09:54;25/02/2026;1;R$ 311,94;R$ 521,96;R$ 311,94;EXPRESSO;-;"=""70458480134 - RENATA VITORIA BONIFACIO E SOUZA"""
"=""03865199194""";JOSE GUILHERME PEREIRA DOS SANTOS;PESSOA FISICA;IPVA;"=""2275927022210""";"=""20260000004095""";13898620;829;Efetivada;02/03/2026 17:13:19;10/03/2026 12:00:40;09/03/2026;4;R$ 311,41;R$ 2.292,03;R$ 1.245,62;EXPRESSO;-;"=""00001288130 - JOILSON JOSE DA SILVA"""
"=""03865199194""";JOSE GUILHERME PEREIRA DOS SANTOS;PESSOA FISICA;IPVA;"=""2358521522279""";"=""20260000004096""";13898639;829;Efetivada;02/03/2026 17:13:19;10/03/2026 12:00:46;09/03/2026;5;R$ 336,57;R$ 2.856,67;R$ 1.682,85;EXPRESSO;-;"=""00001288130 - JOILSON JOSE DA SILVA"""
"=""03876286140""";DABYA MEDEIROS TOME ROSA;PESSOA FISICA;IPVA;"=""2344118422237""";"=""20260000002579""";13832980;604;Efetivada;23/02/2026 09:09:05;23/02/2026 18:09:14;27/02/2026;4;R$ 305,60;R$ 2.075,33;R$ 1.222,40;STT;"=""86123360159 - VERONICA ISSI SIMOES BASTOS""";Não atribuído
"=""03893654593""";GEAN DE SOUZA GOMES;PESSOA FISICA;IPVA;"=""2041840322249""";"=""20260000000065""";13659910;49;Efetivada;02/02/2026 16:39:38;10/02/2026 12:01:31;09/02/2026;2;R$ 357,68;R$ 1.352,40;R$ 715,35;EXPRESSO;-;"=""86123360159 - VERONICA ISSI SIMOES BASTOS"""
"=""03893654593""";GEAN DE SOUZA GOMES;PESSOA FISICA;IPVA;"=""2067498422200""";"=""20260000000066""";13659928;49;Efetivada;02/02/2026 16:39:38;10/02/2026 12:01:38;09/02/2026;2;R$ 342,77;R$ 1.269,94;R$ 685,54;EXPRESSO;-;"=""86123360159 - VERONICA ISSI SIMOES BASTOS"""
"=""03893654593""";GEAN DE SOUZA GOMES;PESSOA FISICA;IPVA;"=""2267490922265""";"=""20260000000067""";13659936;49;Efetivada;02/02/2026 16:39:38;10/02/2026 12:01:38;09/02/2026;2;R$ 318,90;R$ 1.162,58;R$ 637,80;EXPRESSO;-;"=""86123360159 - VERONICA ISSI SIMOES BASTOS"""
"=""03900424470""";ELIVONALDO TOMAZ DA SILVA;PESSOA FISICA;IPVA;"=""2287419822290""";"=""20260000001008""";13712535;257;Efetivada;06/02/2026 15:50:39;09/02/2026 18:07:39;13/02/2026;1;R$ 162,57;R$ 297,18;R$ 162,57;EXPRESSO;-;"=""86123360159 - VERONICA ISSI SIMOES BASTOS"""
"=""03900424470""";ELIVONALDO TOMAZ DA SILVA;PESSOA FISICA;IPVA;"=""2341037822206""";"=""20260000001009""";13712527;257;Efetivada;06/02/2026 15:50:39;09/02/2026 18:07:47;13/02/2026;1;R$ 204,75;R$ 347,61;R$ 204,75;EXPRESSO;-;"=""86123360159 - VERONICA ISSI SIMOES BASTOS"""
"=""03917489120""";WANESSA SIDIAO MACHADO;PESSOA FISICA;IPVA;"=""2267545522212""";"=""20260000002570""";13830597;601;Efetivada;22/02/2026 10:59:35;23/02/2026 18:09:08;27/02/2026;1;R$ 95,22;R$ 174,06;R$ 95,22;EXPRESSO;-;"=""70458480134 - RENATA VITORIA BONIFACIO E SOUZA"""
"=""03999191000135""";ELIEZER SOARES BENTO;PESSOA JURIDICA;ICMS;"=""2145323500096""";"=""20260000004824""";13968475;955;Efetivada;06/03/2026 17:03:03;13/03/2026 18:10:19;13/03/2026;17;R$ 308,46;R$ 8.600,78;R$ 5.243,81;EXPRESSO;-;"=""70458480134 - RENATA VITORIA BONIFACIO E SOUZA"""
"=""03999191000135""";ELIEZER SOARES BENTO;PESSOA JURIDICA;ICMS;"=""2017147011154""";"=""20260000004823""";13968483;955;Efetivada;06/03/2026 17:03:03;14/03/2026 06:09:53;13/03/2026;3;R$ 305,02;R$ 1.719,24;R$ 915,07;EXPRESSO;-;"=""70458480134 - RENATA VITORIA BONIFACIO E SOUZA"""
"=""03999191000135""";ELIEZER SOARES BENTO;PESSOA JURIDICA;ICMS;"=""4012100042860""";"=""20260000004825""";13968491;955;Efetivada;06/03/2026 17:03:03;09/04/2026 12:50:55;13/03/2026;1;R$ 153,89;R$ 253,12;R$ 153,89;EXPRESSO;-;"=""70458480134 - RENATA VITORIA BONIFACIO E SOUZA"""
"=""04008432183""";TULIO ALMEIDA MANSO;PESSOA FISICA;IPVA;"=""2363113122290""";"=""20260000004855""";13942751;964;Efetivada;09/03/2026 08:38:29;09/03/2026 18:11:29;16/03/2026;3;R$ 347,54;R$ 1.769,86;R$ 1.042,62;EXPRESSO;-;"=""70458480134 - RENATA VITORIA BONIFACIO E SOUZA"""
"=""04008432183""";TULIO ALMEIDA MANSO;PESSOA FISICA;IPVA;"=""2272757122273""";"=""20260000004854""";13942760;964;Efetivada;09/03/2026 08:38:29;09/03/2026 18:11:30;16/03/2026;2;R$ 434,60;R$ 1.599,38;R$ 869,19;EXPRESSO;-;"=""70458480134 - RENATA VITORIA BONIFACIO E SOUZA"""
"=""04039898000162""";MARCELO LEMOS MAZZAFERRO & CIA LTDA;PESSOA JURIDICA;ICMS;"=""4011902514293""";"=""20260000004099""";13909517;830;Efetivada;02/03/2026 18:02:54;04/03/2026 12:06:42;09/03/2026;1;R$ 1.205,71;R$ 4.019,04;R$ 1.205,71;EXPRESSO;-;"=""70458480134 - RENATA VITORIA BONIFACIO E SOUZA"""
"=""04039898000162""";MARCELO LEMOS MAZZAFERRO & CIA LTDA;PESSOA JURIDICA;ICMS;"=""4011902515770""";"=""20260000004100""";13909525;830;Efetivada;02/03/2026 18:02:54;04/03/2026 12:06:50;09/03/2026;1;R$ 1.681,08;R$ 5.603,60;R$ 1.681,08;EXPRESSO;-;"=""70458480134 - RENATA VITORIA BONIFACIO E SOUZA"""
"=""04048450107""";WESLANE DA SILVA DOMINGOS;PESSOA FISICA;IPVA;"=""2369251322294""";"=""20260000003655""";13875060;752;Efetivada;26/02/2026 16:57:31;28/02/2026 06:05:35;27/02/2026;3;R$ 340,24;R$ 1.720,45;R$ 1.020,73;STT;"=""00001288130 - JOILSON JOSE DA SILVA""";Não atribuído
"=""04076461169""";LARISSA GUERRA MARTINI MIRANDA;PESSOA FISICA;ITCD;"=""4011802550816""";"=""20260000005956""";14036134;1135;Efetivada;24/03/2026 17:39:49;28/03/2026 12:09:39;31/03/2026;106;R$ 300,86;R$ 93.352,46;R$ 31.891,20;EXPRESSO;-;"=""70458480134 - RENATA VITORIA BONIFACIO E SOUZA"""
"=""04119063135""";DANIEL HENRIQUE BORGES DA SILVA;PESSOA FISICA;IPVA;"=""2332378822207""";"=""20260000003677""";13879618;758;Efetivada;27/02/2026 09:45:21;27/02/2026 18:07:46;27/02/2026;1;R$ 368,01;R$ 672,75;R$ 368,01;EXPRESSO;-;"=""86123360159 - VERONICA ISSI SIMOES BASTOS"""
"=""04119063135""";DANIEL HENRIQUE BORGES DA SILVA;PESSOA FISICA;IPVA;"=""2366582122263""";"=""20260000003678""";13879600;758;Efetivada;27/02/2026 09:45:21;27/02/2026 18:07:54;27/02/2026;1;R$ 460,62;R$ 776,38;R$ 460,62;EXPRESSO;-;"=""86123360159 - VERONICA ISSI SIMOES BASTOS"""
"=""04170144490""";SANDRO JOSE DA SILVA;PESSOA FISICA;IPVA;"=""2375466022257""";"=""20260000002560""";13830554;597;Efetivada;21/02/2026 13:40:13;23/02/2026 12:12:45;27/02/2026;1;R$ 189,96;R$ 317,85;R$ 189,96;EXPRESSO;-;"=""70458480134 - RENATA VITORIA BONIFACIO E SOUZA"""
"=""04195098106""";IGOR CUSTODIO;PESSOA FISICA;IPVA;"=""2293528022281""";"=""20260000004570""";13921029;902;Efetivada;04/03/2026 18:08:42;07/03/2026 06:06:00;11/03/2026;1;R$ 532,42;R$ 979,68;R$ 532,42;EXPRESSO;-;"=""70458480134 - RENATA VITORIA BONIFACIO E SOUZA"""
"=""04195098106""";IGOR CUSTODIO;PESSOA FISICA;IPVA;"=""2027373022231""";"=""20260000004568""";13921002;902;Efetivada;04/03/2026 18:08:42;07/03/2026 06:06:06;11/03/2026;1;R$ 553,60;R$ 1.061,10;R$ 553,60;EXPRESSO;-;"=""70458480134 - RENATA VITORIA BONIFACIO E SOUZA"""
"=""04195098106""";IGOR CUSTODIO;PESSOA FISICA;IPVA;"=""2087911722269""";"=""20260000004569""";13921010;902;Efetivada;04/03/2026 18:08:42;07/03/2026 06:06:06;11/03/2026;1;R$ 541,82;R$ 1.011,03;R$ 541,82;EXPRESSO;-;"=""70458480134 - RENATA VITORIA BONIFACIO E SOUZA"""
"=""04195098106""";IGOR CUSTODIO;PESSOA FISICA;IPVA;"=""2361017022250""";"=""20260000004571""";13921037;902;Efetivada;04/03/2026 18:08:42;07/03/2026 06:06:13;11/03/2026;1;R$ 663,59;R$ 1.126,45;R$ 663,59;EXPRESSO;-;"=""70458480134 - RENATA VITORIA BONIFACIO E SOUZA"""
"=""04199099158""";ROBERTO LUIZ OLIVEIRA SILVA;PESSOA FISICA;IPVA;"=""2365357322210""";"=""20260000002350""";13818430;560;Efetivada;19/02/2026 21:45:41;21/02/2026 06:06:08;26/02/2026;1;R$ 155,61;R$ 262,28;R$ 155,61;EXPRESSO;-;"=""70458480134 - RENATA VITORIA BONIFACIO E SOUZA"""
"=""04211273175""";PEDRO CARVALHO DE SOUZA;PESSOA FISICA;IPVA;"=""2342864522245""";"=""20260000002646""";13834258;609;Efetivada;23/02/2026 09:58:32;27/02/2026 18:02:09;27/02/2026;3;R$ 329,67;R$ 1.679,09;R$ 989,01;STT;"=""13670181709 - LARISSA BELTRAO DE CARVALHO""";Não atribuído
"=""04241554000131""";EURODIESEL COMERCIO E PECAS LTDA;PESSOA JURIDICA;ICMS;"=""2143617600032""";"=""20260000001238""";13768417;309;Efetivada;09/02/2026 17:59:44;18/02/2026 18:03:31;18/02/2026;145;R$ 306,19;R$ 72.820,18;R$ 44.397,14;EXPRESSO;-;"=""70458480134 - RENATA VITORIA BONIFACIO E SOUZA"""
"=""04241554000131""";EURODIESEL COMERCIO E PECAS LTDA;PESSOA JURIDICA;ICMS;"=""2145035800000""";"=""20260000001241""";13768450;309;Efetivada;09/02/2026 17:59:44;18/02/2026 18:03:33;18/02/2026;106;R$ 300,55;R$ 51.591,41;R$ 31.858,35;EXPRESSO;-;"=""70458480134 - RENATA VITORIA BONIFACIO E SOUZA"""
"=""04241554000131""";EURODIESEL COMERCIO E PECAS LTDA;PESSOA JURIDICA;ICMS;"=""2145324000062""";"=""20260000001239""";13768425;309;Efetivada;09/02/2026 17:59:44;18/02/2026 18:03:38;18/02/2026;145;R$ 513,16;R$ 119.946,23;R$ 74.407,94;EXPRESSO;-;"=""70458480134 - RENATA VITORIA BONIFACIO E SOUZA"""
"=""04241554000131""";EURODIESEL COMERCIO E PECAS LTDA;PESSOA JURIDICA;ICMS;"=""2141332100094""";"=""20260000001242""";13768433;309;Efetivada;09/02/2026 17:59:44;18/02/2026 18:03:39;18/02/2026;145;R$ 866,38;R$ 209.379,55;R$ 125.624,56;EXPRESSO;-;"=""70458480134 - RENATA VITORIA BONIFACIO E SOUZA"""
"=""04241554000131""";EURODIESEL COMERCIO E PECAS LTDA;PESSOA JURIDICA;ICMS;"=""2141799700066""";"=""20260000001245""";13768441;309;Efetivada;09/02/2026 17:59:44;18/02/2026 18:03:45;18/02/2026;145;R$ 555,80;R$ 132.775,13;R$ 80.590,78;EXPRESSO;-;"=""70458480134 - RENATA VITORIA BONIFACIO E SOUZA"""
"=""04241554000131""";EURODIESEL COMERCIO E PECAS LTDA;PESSOA JURIDICA;ICMS;"=""2146238000074""";"=""20260000001247""";13768530;309;Efetivada;09/02/2026 17:59:44;18/02/2026 18:03:46;18/02/2026;145;R$ 418,53;R$ 96.766,08;R$ 60.687,41;EXPRESSO;-;"=""70458480134 - RENATA VITORIA BONIFACIO E SOUZA"""
"=""04241554000131""";EURODIESEL COMERCIO E PECAS LTDA;PESSOA JURIDICA;ICMS;"=""2145913900033""";"=""20260000001246""";13768522;309;Efetivada;09/02/2026 17:59:44;18/02/2026 18:03:52;18/02/2026;103;R$ 301,93;R$ 49.901,32;R$ 31.098,92;EXPRESSO;-;"=""70458480134 - RENATA VITORIA BONIFACIO E SOUZA"""
"=""04241554000131""";EURODIESEL COMERCIO E PECAS LTDA;PESSOA JURIDICA;ICMS;"=""2227770500094""";"=""20260000001240""";13768476;309;Efetivada;09/02/2026 17:59:44;18/02/2026 18:03:53;18/02/2026;128;R$ 300,32;R$ 60.732,11;R$ 38.440,48;EXPRESSO;-;"=""70458480134 - RENATA VITORIA BONIFACIO E SOUZA"""
"=""04241554000131""";EURODIESEL COMERCIO E PECAS LTDA;PESSOA JURIDICA;ICMS;"=""2156079000099""";"=""20260000001243""";13768468;309;Efetivada;09/02/2026 17:59:44;18/02/2026 18:03:58;18/02/2026;145;R$ 399,41;R$ 92.054,09;R$ 57.913,87;EXPRESSO;-;"=""70458480134 - RENATA VITORIA BONIFACIO E SOUZA"""
"=""04241554000131""";EURODIESEL COMERCIO E PECAS LTDA;PESSOA JURIDICA;ICMS;"=""2227672600000""";"=""20260000001244""";13768492;309;Efetivada;09/02/2026 17:59:44;18/02/2026 18:04:00;18/02/2026;111;R$ 302,33;R$ 53.172,97;R$ 33.558,21;EXPRESSO;-;"=""70458480134 - RENATA VITORIA BONIFACIO E SOUZA"""
"=""04241554000131""";EURODIESEL COMERCIO E PECAS LTDA;PESSOA JURIDICA;ICMS;"=""2144323300064""";"=""20260000001264""";13768735;311;Efetivada;09/02/2026 18:03:14;18/02/2026 18:04:05;18/02/2026;145;R$ 459,98;R$ 108.560,01;R$ 66.696,86;EXPRESSO;-;"=""70458480134 - RENATA VITORIA BONIFACIO E SOUZA"""
"=""04241554000131""";EURODIESEL COMERCIO E PECAS LTDA;PESSOA JURIDICA;ICMS;"=""2228000600010""";"=""20260000001262""";13768743;311;Efetivada;09/02/2026 18:03:14;18/02/2026 18:04:06;18/02/2026;138;R$ 301,69;R$ 65.577,47;R$ 41.633,85;EXPRESSO;-;"=""70458480134 - RENATA VITORIA BONIFACIO E SOUZA"""
"=""04241554000131""";EURODIESEL COMERCIO E PECAS LTDA;PESSOA JURIDICA;ICMS;"=""2144107500026""";"=""20260000001263""";13768751;311;Efetivada;09/02/2026 18:03:14;18/02/2026 18:04:12;18/02/2026;145;R$ 347,48;R$ 82.368,55;R$ 50.384,48;EXPRESSO;-;"=""70458480134 - RENATA VITORIA BONIFACIO E SOUZA"""
"=""04241554000131""";EURODIESEL COMERCIO E PECAS LTDA;PESSOA JURIDICA;ICMS;"=""2228081500002""";"=""20260000001260""";13768760;311;Efetivada;09/02/2026 18:03:14;18/02/2026 18:04:13;18/02/2026;145;R$ 463,49;R$ 105.464,73;R$ 67.205,76;EXPRESSO;-;"=""70458480134 - RENATA VITORIA BONIFACIO E SOUZA"""
"=""04241554000131""";EURODIESEL COMERCIO E PECAS LTDA;PESSOA JURIDICA;ICMS;"=""2146025200050""";"=""20260000001261""";13768778;311;Efetivada;09/02/2026 18:03:14;18/02/2026 18:04:19;18/02/2026;106;R$ 300,67;R$ 50.967,39;R$ 31.870,56;EXPRESSO;-;"=""70458480134 - RENATA VITORIA BONIFACIO E SOUZA"""
"=""04244916130""";TALLITA DA SILVA SIQUEIRA;PESSOA FISICA;IPVA;"=""2331809422204""";"=""20260000005019""";13953508;1001;Efetivada;10/03/2026 10:16:45;09/04/2026 12:50:56;17/03/2026;1;R$ 704,51;R$ 1.296,35;R$ 704,51;STT;"=""00901455180 - DANIEL BENKE AFONSO""";"=""70458480134 - RENATA VITORIA BONIFACIO E SOUZA"""
"=""04244916130""";TALLITA DA SILVA SIQUEIRA;PESSOA FISICA;IPVA;"=""2369088022207""";"=""20260000005020""";13953494;1001;Efetivada;10/03/2026 10:16:45;09/04/2026 12:50:56;17/03/2026;1;R$ 905,63;R$ 1.537,32;R$ 905,63;STT;"=""00901455180 - DANIEL BENKE AFONSO""";"=""70458480134 - RENATA VITORIA BONIFACIO E SOUZA"""
"=""04290115128""";RENATA BORGES WOLNEY;PESSOA FISICA;IPVA;"=""2391710422290""";"=""20260000005930""";14029766;1130;Efetivada;24/03/2026 09:51:48;01/04/2026 18:06:04;31/03/2026;1;R$ 221,93;R$ 371,01;R$ 221,93;STT;"=""00828686114 - GEOVANA REZENDE ABDON FRAGOSO OLIVEIRA""";Não atribuído
"=""04290115128""";RENATA BORGES WOLNEY;PESSOA FISICA;IPVA;"=""2318743522268""";"=""20260000005929""";14029782;1130;Efetivada;24/03/2026 09:51:48;01/04/2026 18:06:11;31/03/2026;1;R$ 194,51;R$ 354,36;R$ 194,51;STT;"=""00828686114 - GEOVANA REZENDE ABDON FRAGOSO OLIVEIRA""";Não atribuído
"=""04290115128""";RENATA BORGES WOLNEY;PESSOA FISICA;IPVA;"=""2048786222200""";"=""20260000005927""";14029774;1130;Efetivada;24/03/2026 09:51:48;01/04/2026 18:06:17;31/03/2026;1;R$ 203,03;R$ 384,36;R$ 203,03;STT;"=""00828686114 - GEOVANA REZENDE ABDON FRAGOSO OLIVEIRA""";Não atribuído
"=""04290115128""";RENATA BORGES WOLNEY;PESSOA FISICA;IPVA;"=""2181498522290""";"=""20260000005928""";14029758;1130;Efetivada;24/03/2026 09:51:48;01/04/2026 18:06:24;31/03/2026;1;R$ 196,16;R$ 365,09;R$ 196,16;STT;"=""00828686114 - GEOVANA REZENDE ABDON FRAGOSO OLIVEIRA""";Não atribuído
"=""04304864130""";ANTONIO FAGNER SAMPAIO MONTEIRO;PESSOA FISICA;IPVA;"=""2349497722219""";"=""20260000004441""";13915290;885;Efetivada;04/03/2026 11:41:20;09/03/2026 06:04:16;11/03/2026;2;R$ 438,62;R$ 1.499,87;R$ 877,24;EXPRESSO;-;"=""70458480134 - RENATA VITORIA BONIFACIO E SOUZA"""
"=""04327255394""";GIRLANE CARVALHO SOUSA;PESSOA FISICA;IPVA;"=""2372540622203""";"=""20260000002068""";13794051;494;Efetivada;14/02/2026 17:26:54;19/02/2026 06:06:36;20/02/2026;8;R$ 328,37;R$ 4.395,68;R$ 2.626,99;EXPRESSO;-;"=""70458480134 - RENATA VITORIA BONIFACIO E SOUZA"""
"=""04361807159""";ROMES MARTINS DOS SANTOS FILHO;PESSOA FISICA;IPVA;"=""2360859522265""";"=""20260000006807""";14207214;1260;Efetivada;03/05/2026 17:51:18;08/05/2026 12:00:00;08/05/2026;3;R$ 395,19;R$ 2.045,22;R$ 1.185,56;EXPRESSO;-;"=""70458480134 - RENATA VITORIA BONIFACIO E SOUZA"""
"=""04364488313""";DARLY JEAN LUSTOSA SILVA;PESSOA FISICA;IPVA;"=""2341941422299""";"=""20260000002786""";13843680;635;Efetivada;23/02/2026 14:51:36;24/02/2026 12:11:06;27/02/2026;3;R$ 326,04;R$ 1.660,60;R$ 978,12;EXPRESSO;-;"=""70458480134 - RENATA VITORIA BONIFACIO E SOUZA"""
"=""04392665000149""";J MACHADO INDUSTRIA E COMERCIO DE CARNES LTDA - ME;PESSOA JURIDICA;ICMS;"=""2013395911110""";"=""20260000002445""";13826670;580;Efetivada;20/02/2026 16:45:19;24/02/2026 18:06:32;27/02/2026;100;R$ 593,02;R$ 113.812,86;R$ 59.301,89;EXPRESSO;-;"=""70458480134 - RENATA VITORIA BONIFACIO E SOUZA"""
"=""04392665000149""";J MACHADO INDUSTRIA E COMERCIO DE CARNES LTDA - ME;PESSOA JURIDICA;ICMS;"=""4012100604612""";"=""20260000002448""";13826700;580;Efetivada;20/02/2026 16:45:19;24/02/2026 18:06:39;27/02/2026;145;R$ 519,39;R$ 115.739,72;R$ 75.312,22;EXPRESSO;-;"=""70458480134 - RENATA VITORIA BONIFACIO E SOUZA"""
"=""04392665000149""";J MACHADO INDUSTRIA E COMERCIO DE CARNES LTDA - ME;PESSOA JURIDICA;ICMS;"=""4012000613415""";"=""20260000002447""";13826697;580;Efetivada;20/02/2026 16:45:19;24/02/2026 18:06:43;27/02/2026;48;R$ 379,74;R$ 28.504,48;R$ 18.227,71;EXPRESSO;-;"=""70458480134 - RENATA VITORIA BONIFACIO E SOUZA"""
"=""04392665000149""";J MACHADO INDUSTRIA E COMERCIO DE CARNES LTDA - ME;PESSOA JURIDICA;ICMS;"=""2013396011171""";"=""20260000002450""";13826719;580;Efetivada;20/02/2026 16:45:19;24/02/2026 18:06:46;27/02/2026;5;R$ 314,21;R$ 3.129,75;R$ 1.571,07;EXPRESSO;-;"=""70458480134 - RENATA VITORIA BONIFACIO E SOUZA"""
"=""04392665000149""";J MACHADO INDUSTRIA E COMERCIO DE CARNES LTDA - ME;PESSOA JURIDICA;ICMS;"=""2004982211167""";"=""20260000002446""";13826689;580;Efetivada;20/02/2026 16:45:19;24/02/2026 18:06:50;27/02/2026;100;R$ 434,33;R$ 103.667,05;R$ 43.433,43;EXPRESSO;-;"=""70458480134 - RENATA VITORIA BONIFACIO E SOUZA"""
"=""04392665000149""";J MACHADO INDUSTRIA E COMERCIO DE CARNES LTDA - ME;PESSOA JURIDICA;ICMS;"=""2005985911109""";"=""20260000002443""";13826735;580;Efetivada;20/02/2026 16:45:19;24/02/2026 18:06:53;27/02/2026;12;R$ 416,38;R$ 9.797,16;R$ 4.996,52;EXPRESSO;-;"=""70458480134 - RENATA VITORIA BONIFACIO E SOUZA"""
"=""04392665000149""";J MACHADO INDUSTRIA E COMERCIO DE CARNES LTDA - ME;PESSOA JURIDICA;ICMS;"=""4012001868379""";"=""20260000002441""";13826743;580;Efetivada;20/02/2026 16:45:19;24/02/2026 18:06:57;27/02/2026;145;R$ 765,19;R$ 171.337,21;R$ 110.953,11;EXPRESSO;-;"=""70458480134 - RENATA VITORIA BONIFACIO E SOUZA"""
"=""04392665000149""";J MACHADO INDUSTRIA E COMERCIO DE CARNES LTDA - ME;PESSOA JURIDICA;ICMS;"=""2005691011186""";"=""20260000002444""";13826751;580;Efetivada;20/02/2026 16:45:19;24/02/2026 18:07:00;27/02/2026;92;R$ 580,68;R$ 110.602,46;R$ 53.422,82;EXPRESSO;-;"=""70458480134 - RENATA VITORIA BONIFACIO E SOUZA"""
"=""04392665000149""";J MACHADO INDUSTRIA E COMERCIO DE CARNES LTDA - ME;PESSOA JURIDICA;ICMS;"=""2013395811166""";"=""20260000002449""";13826727;580;Efetivada;20/02/2026 16:45:19;24/02/2026 18:07:04;27/02/2026;30;R$ 352,12;R$ 19.868,86;R$ 10.563,61;EXPRESSO;-;"=""70458480134 - RENATA VITORIA BONIFACIO E SOUZA"""
"=""04392665000149""";J MACHADO INDUSTRIA E COMERCIO DE CARNES LTDA - ME;PESSOA JURIDICA;ICMS;"=""4012100122545""";"=""20260000002442""";13826760;580;Efetivada;20/02/2026 16:45:19;24/02/2026 18:07:11;27/02/2026;48;R$ 430,05;R$ 31.797,33;R$ 20.642,26;EXPRESSO;-;"=""70458480134 - RENATA VITORIA BONIFACIO E SOUZA"""
"=""04392665000149""";J MACHADO INDUSTRIA E COMERCIO DE CARNES LTDA - ME;PESSOA JURIDICA;ICMS;"=""4012001247773""";"=""20260000006882""";14222507;1275;Efetivada;06/05/2026 10:52:42;08/05/2026 06:01:57;13/05/2026;145;R$ 1.034,42;R$ 238.024,64;R$ 149.991,00;EXPRESSO;-;"=""00001288130 - JOILSON JOSE DA SILVA"""
"=""04414812135""";RAYANE AIRES DA SILVA OLIVEIRA;PESSOA FISICA;IPVA;"=""2359907422241""";"=""20260000003189""";13859099;705;Efetivada;25/02/2026 10:33:00;27/02/2026 18:05:18;27/02/2026;1;R$ 105,60;R$ 177,98;R$ 105,60;EXPRESSO;-;"=""70458480134 - RENATA VITORIA BONIFACIO E SOUZA"""
"=""04465785178""";GISLAYNE ASSIS GONCALVES;PESSOA FISICA;IPVA;"=""2343502422215""";"=""20260000001609""";13773879;387;Efetivada;11/02/2026 15:47:47;19/02/2026 06:03:51;18/02/2026;1;R$ 482,51;R$ 819,17;R$ 482,51;EXPRESSO;-;"=""86123360159 - VERONICA ISSI SIMOES BASTOS"""
"=""04517149000608""";A PHARMACEUTICA MANIPULAÇÃO DE MEDICAMENTOS LTDA;PESSOA JURIDICA;ICMS;"=""4012201150722""";"=""20250000000017""";13386395;16;Efetivada;10/12/2025 10:12:58;17/12/2025 18:00:00;17/12/2025;145;R$ 2.079,84;R$ 861.649,52;R$ 301.577,33;STT;"=""13670181709 - LARISSA BELTRAO DE CARVALHO""";Não atribuído
"=""04568899000102""";GOMES & BESSA LTDA;PESSOA JURIDICA;ICMS;"=""4011902145743""";"=""20260000000697""";13711563;204;Efetivada;05/02/2026 15:26:22;11/02/2026 12:05:12;12/02/2026;5;R$ 2.685,81;R$ 43.736,94;R$ 13.429,06;EXPRESSO;-;"=""86123360159 - VERONICA ISSI SIMOES BASTOS"""
"=""04605157131""";HYNGRID THAYS DE SOUSA CARDOSO;PESSOA FISICA;ICMS;"=""4011701237276""";"=""20260000000239""";13694928;120;Efetivada;03/02/2026 19:09:51;23/04/2026 18:05:48;10/02/2026;145;R$ 565,73;R$ 273.434,30;R$ 82.030,29;EXPRESSO;-;"=""86123360159 - VERONICA ISSI SIMOES BASTOS"""
"=""04629041133""";CHARLES GONSALVES TEIXEIRA;PESSOA FISICA;IPVA;"=""2336634922298""";"=""20260000001645""";13758004;400;Efetivada;11/02/2026 20:11:15;13/02/2026 18:07:08;18/02/2026;6;R$ 327,91;R$ 3.265,69;R$ 1.967,48;STT;"=""13670181709 - LARISSA BELTRAO DE CARVALHO""";Não atribuído
"=""04686469147""";WILSON OLIVEIRA DO AMARAL JUNIOR;PESSOA FISICA;IPVA;"=""2346035622294""";"=""20260000004599""";13921460;909;Efetivada;05/03/2026 09:20:49;06/03/2026 18:08:11;12/03/2026;2;R$ 326,94;R$ 1.117,96;R$ 653,88;STT;"=""00828686114 - GEOVANA REZENDE ABDON FRAGOSO OLIVEIRA""";Não atribuído
"=""04686469147""";WILSON OLIVEIRA DO AMARAL JUNIOR;PESSOA FISICA;IPVA;"=""2320548022202""";"=""20260000004598""";13921479;909;Efetivada;05/03/2026 09:20:49;09/04/2026 12:50:54;12/03/2026;1;R$ 449,16;R$ 818,28;R$ 449,16;STT;"=""00828686114 - GEOVANA REZENDE ABDON FRAGOSO OLIVEIRA""";Não atribuído
"=""04686469147""";WILSON OLIVEIRA DO AMARAL JUNIOR;PESSOA FISICA;IPVA;"=""2392998522270""";"=""20260000004600""";13921487;909;Efetivada;05/03/2026 09:20:49;09/04/2026 12:50:54;12/03/2026;1;R$ 557,78;R$ 932,52;R$ 557,78;STT;"=""00828686114 - GEOVANA REZENDE ABDON FRAGOSO OLIVEIRA""";Não atribuído
"=""04810277000130""";PAULO HENRIQUE DE SOUZA;PESSOA JURIDICA;Pena Pecuniária;"=""2134675500046""";"=""20260000005560""";14012740;1090;Efetivada;19/03/2026 10:55:21;26/03/2026 12:04:53;26/03/2026;21;R$ 302,51;R$ 21.175,71;R$ 6.352,71;EXPRESSO;-;"=""70458480134 - RENATA VITORIA BONIFACIO E SOUZA"""
"=""04838260148""";LORRANE MOREIRA CARDOSO;PESSOA FISICA;IPVA;"=""2358535522292""";"=""20260000002801""";13843982;638;Efetivada;23/02/2026 18:46:09;24/02/2026 12:11:31;27/02/2026;1;R$ 292,29;R$ 492,66;R$ 292,29;EXPRESSO;-;"=""70458480134 - RENATA VITORIA BONIFACIO E SOUZA"""
"=""04838260148""";LORRANE MOREIRA CARDOSO;PESSOA FISICA;IPVA;"=""2263926122209""";"=""20260000002800""";13843990;638;Efetivada;23/02/2026 18:46:09;24/02/2026 12:11:32;27/02/2026;1;R$ 250,17;R$ 457,32;R$ 250,17;EXPRESSO;-;"=""70458480134 - RENATA VITORIA BONIFACIO E SOUZA"""
"=""04901501100""";MAIONY FATIMA SILVA CAMPOS;PESSOA FISICA;IPVA;"=""2286853422231""";"=""20260000002757""";13854585;629;Efetivada;23/02/2026 11:59:26;27/02/2026 18:04:14;27/02/2026;1;R$ 571,77;R$ 1.045,23;R$ 571,77;STT;"=""03279141141 - VANESSA FRANCO DE OLIVEIRA""";"=""86123360159 - VERONICA ISSI SIMOES BASTOS"""
"=""04919204159""";MARILEIA ROSA DA COSTA;PESSOA FISICA;IPVA;"=""2392709922258""";"=""20260000004465""";13917927;893;Efetivada;04/03/2026 15:43:50;05/03/2026 12:09:47;11/03/2026;1;R$ 216,40;R$ 361,78;R$ 216,40;EXPRESSO;-;"=""70458480134 - RENATA VITORIA BONIFACIO E SOUZA"""
"=""04945501122""";CLEUBER GONÇALVES LIMA FILHO ;PESSOA FISICA;IPVA;"=""2296440622245""";"=""20260000005089""";13955322;1008;Efetivada;10/03/2026 14:13:58;09/04/2026 12:50:57;17/03/2026;1;R$ 178,20;R$ 327,90;R$ 178,20;STT;"=""04364786179 - SARAH BADI CARVALHO""";Não atribuído
"=""04945501122""";CLEUBER GONÇALVES LIMA FILHO ;PESSOA FISICA;IPVA;"=""2362823622274""";"=""20260000005090""";13955314;1008;Efetivada;10/03/2026 14:13:58;09/04/2026 12:50:57;17/03/2026;1;R$ 220,59;R$ 374,46;R$ 220,59;STT;"=""04364786179 - SARAH BADI CARVALHO""";Não atribuído
"=""05047125000271""";ITALIA CARGAS E ENCOMENDAS;PESSOA JURIDICA;ICMS;"=""3025052908668""";"=""20260000003102""";13852620;686;Efetivada;24/02/2026 16:14:50;25/02/2026 18:08:33;27/02/2026;80;R$ 2.263,94;R$ 480.700,09;R$ 181.115,00;STT;"=""00001288130 - JOILSON JOSE DA SILVA""";Não atribuído
"=""05047125000271""";ITALIA CARGAS E ENCOMENDAS;PESSOA JURIDICA;ICMS;"=""3032455355465""";"=""20260000003101""";13852639;686;Efetivada;24/02/2026 16:14:50;25/02/2026 18:08:36;27/02/2026;80;R$ 7.707,01;R$ 1.761.602,22;R$ 616.560,78;STT;"=""00001288130 - JOILSON JOSE DA SILVA""";Não atribuído
"=""05052200000101""";BERNARDO CHERICI NOGUEIRA CATSIAMAKIS;PESSOA JURIDICA;ICMS;"=""2009263811160""";"=""20260000004026""";13896520;815;Efetivada;02/03/2026 14:24:13;03/03/2026 12:07:00;09/03/2026;19;R$ 314,64;R$ 12.578,00;R$ 5.978,12;EXPRESSO;-;"=""70458480134 - RENATA VITORIA BONIFACIO E SOUZA"""
"=""05052200000101""";BERNARDO CHERICI NOGUEIRA CATSIAMAKIS;PESSOA JURIDICA;ICMS;"=""4021800117179""";"=""20260000004025""";13896547;815;Efetivada;02/03/2026 14:24:13;03/03/2026 12:07:07;09/03/2026;33;R$ 302,11;R$ 31.947,09;R$ 9.969,70;EXPRESSO;-;"=""70458480134 - RENATA VITORIA BONIFACIO E SOUZA"""
"=""05052200000101""";BERNARDO CHERICI NOGUEIRA CATSIAMAKIS;PESSOA JURIDICA;ICMS;"=""2013451311194""";"=""20260000004029""";13896539;815;Efetivada;02/03/2026 14:24:13;03/03/2026 12:07:07;09/03/2026;58;R$ 301,98;R$ 34.486,14;R$ 17.514,95;EXPRESSO;-;"=""70458480134 - RENATA VITORIA BONIFACIO E SOUZA"""
"=""05052200000101""";BERNARDO CHERICI NOGUEIRA CATSIAMAKIS;PESSOA JURIDICA;ICMS;"=""2009263911114""";"=""20260000004027""";13896555;815;Efetivada;02/03/2026 14:24:13;03/03/2026 12:07:14;09/03/2026;75;R$ 300,52;R$ 43.822,19;R$ 22.539,06;EXPRESSO;-;"=""70458480134 - RENATA VITORIA BONIFACIO E SOUZA"""
"=""05052200000101""";BERNARDO CHERICI NOGUEIRA CATSIAMAKIS;PESSOA JURIDICA;ICMS;"=""2013451211130""";"=""20260000004028""";13896580;815;Efetivada;02/03/2026 14:24:13;03/03/2026 12:07:14;09/03/2026;19;R$ 302,40;R$ 11.977,19;R$ 5.745,53;EXPRESSO;-;"=""70458480134 - RENATA VITORIA BONIFACIO E SOUZA"""
"=""05052200000101""";BERNARDO CHERICI NOGUEIRA CATSIAMAKIS;PESSOA JURIDICA;ICMS;"=""2009264011176""";"=""20260000004031""";13896571;815;Efetivada;02/03/2026 14:24:13;03/03/2026 12:07:20;09/03/2026;3;R$ 324,53;R$ 2.064,05;R$ 973,59;EXPRESSO;-;"=""70458480134 - RENATA VITORIA BONIFACIO E SOUZA"""
"=""05052200000101""";BERNARDO CHERICI NOGUEIRA CATSIAMAKIS;PESSOA JURIDICA;ICMS;"=""2013451411148""";"=""20260000004030""";13896563;815;Efetivada;02/03/2026 14:24:13;03/03/2026 12:07:21;09/03/2026;1;R$ 593,73;R$ 1.189,90;R$ 593,73;EXPRESSO;-;"=""70458480134 - RENATA VITORIA BONIFACIO E SOUZA"""
"=""05094007106""";LORRANE OLIVEIRA LEMOS;PESSOA FISICA;IPVA;"=""2070059022231""";"=""20260000003783""";13883640;779;Efetivada;27/02/2026 15:09:27;27/02/2026 18:10:56;27/02/2026;2;R$ 717,81;R$ 2.661,71;R$ 1.435,62;EXPRESSO;-;"=""00001288130 - JOILSON JOSE DA SILVA"""
"=""05094007106""";LORRANE OLIVEIRA LEMOS;PESSOA FISICA;IPVA;"=""2331680122265""";"=""20260000003784""";13883623;779;Efetivada;27/02/2026 15:09:27;27/02/2026 18:11:03;27/02/2026;4;R$ 330,56;R$ 2.417,11;R$ 1.322,22;EXPRESSO;-;"=""00001288130 - JOILSON JOSE DA SILVA"""
"=""05094007106""";LORRANE OLIVEIRA LEMOS;PESSOA FISICA;IPVA;"=""2368138122287""";"=""20260000003785""";13883631;779;Efetivada;27/02/2026 15:09:27;27/02/2026 18:11:04;27/02/2026;5;R$ 320,24;R$ 2.698,88;R$ 1.601,22;EXPRESSO;-;"=""00001288130 - JOILSON JOSE DA SILVA"""
"=""05158067813""";ANSELMO GUERRA DE ALMEIDA;PESSOA FISICA;IPVA;"=""2312078222234""";"=""20260000004578""";13921070;904;Efetivada;04/03/2026 19:47:21;05/03/2026 12:11:22;11/03/2026;1;R$ 514,94;R$ 941,78;R$ 514,94;EXPRESSO;-;"=""70458480134 - RENATA VITORIA BONIFACIO E SOUZA"""
"=""05174227196""";BRUNA CRISTINA SILVA;PESSOA FISICA;IPVA;"=""2287315922230""";"=""20260000003735""";13883810;771;Efetivada;27/02/2026 12:50:16;27/02/2026 18:11:10;27/02/2026;1;R$ 119,61;R$ 218,64;R$ 119,61;EXPRESSO;-;"=""00001288130 - JOILSON JOSE DA SILVA"""
"=""05174227196""";BRUNA CRISTINA SILVA;PESSOA FISICA;IPVA;"=""2352134922240""";"=""20260000003736""";13883828;771;Efetivada;27/02/2026 12:50:16;28/02/2026 06:08:26;27/02/2026;1;R$ 147,51;R$ 248,62;R$ 147,51;EXPRESSO;-;"=""00001288130 - JOILSON JOSE DA SILVA"""
"=""05193980000100""";JET MED LTDA;PESSOA JURIDICA;ICMS;"=""2035067100060""";"=""20260000006962""";14249570;1292;Efetivada;12/05/2026 18:35:45;13/05/2026 18:04:25;19/05/2026;60;R$ 337,90;R$ 45.917,60;R$ 20.274,00;EXPRESSO;-;"=""00001288130 - JOILSON JOSE DA SILVA"""
"=""05193980000100""";JET MED LTDA;PESSOA JURIDICA;ICMS;"=""4011100786283""";"=""20260000006964""";14249596;1292;Efetivada;12/05/2026 18:35:45;13/05/2026 18:04:32;19/05/2026;60;R$ 382,73;R$ 52.811,87;R$ 22.964,00;EXPRESSO;-;"=""00001288130 - JOILSON JOSE DA SILVA"""
"=""05193980000100""";JET MED LTDA;PESSOA JURIDICA;ICMS;"=""3034993593047""";"=""20260000006965""";14249588;1292;Efetivada;12/05/2026 18:35:45;13/05/2026 18:04:45;19/05/2026;60;R$ 724,01;R$ 103.603,37;R$ 43.440,68;EXPRESSO;-;"=""00001288130 - JOILSON JOSE DA SILVA"""
"=""05193980000100""";JET MED LTDA;PESSOA JURIDICA;ICMS;"=""4010905528424""";"=""20260000006963""";14249600;1292;Efetivada;12/05/2026 18:35:45;13/05/2026 18:04:52;19/05/2026;60;R$ 535,65;R$ 76.864,18;R$ 32.139,23;EXPRESSO;-;"=""00001288130 - JOILSON JOSE DA SILVA"""
"=""05195517000105""";BRITO ALVARES LTDA;PESSOA JURIDICA;ICMS;"=""4011402094376""";"=""20260000005642""";14014254;1100;Efetivada;20/03/2026 09:52:00;27/03/2026 18:03:11;27/03/2026;48;R$ 1.273,10;R$ 174.597,11;R$ 61.108,99;EXPRESSO;-;Não atribuído
"=""05195517000369""";BRITO ALVARES LTDA;PESSOA JURIDICA;ICMS;"=""4011402094538""";"=""20260000005644""";14014270;1101;Efetivada;20/03/2026 09:53:33;27/03/2026 18:03:18;27/03/2026;48;R$ 696,04;R$ 95.456,77;R$ 33.409,87;STT;"=""70458480134 - RENATA VITORIA BONIFACIO E SOUZA""";Não atribuído
"=""05201678130""";DANIEL ALVES GALVAO;PESSOA FISICA;IPVA;"=""2383699322262""";"=""20260000006940""";14233223;1285;Efetivada;08/05/2026 11:44:26;08/05/2026 18:05:01;15/05/2026;3;R$ 350,33;R$ 1.800,20;R$ 1.050,98;EXPRESSO;-;"=""86123360159 - VERONICA ISSI SIMOES BASTOS"""
"=""05202471670""";EDMILSON AREDIO BORGES;PESSOA FISICA;IPVA;"=""2383937522247""";"=""20260000003924""";13885022;789;Efetivada;27/02/2026 17:09:30;28/02/2026 06:09:17;27/02/2026;1;R$ 1.540,06;R$ 2.576,94;R$ 1.540,06;STT;"=""00001288130 - JOILSON JOSE DA SILVA""";Não atribuído
"=""05228009124""";LUCAS DO NASCIMENTO SILVA;PESSOA FISICA;IPVA;"=""2321690822203""";"=""20260000002389""";13884409;569;Efetivada;20/02/2026 11:20:49;27/02/2026 18:11:48;27/02/2026;1;R$ 784,09;R$ 1.419,07;R$ 784,09;EXPRESSO;-;"=""00001288130 - JOILSON JOSE DA SILVA"""
"=""05228009124""";LUCAS DO NASCIMENTO SILVA;PESSOA FISICA;IPVA;"=""2394417922254""";"=""20260000002390""";13884417;569;Efetivada;20/02/2026 11:20:49;27/02/2026 18:11:49;27/02/2026;1;R$ 933,49;R$ 1.549,44;R$ 933,49;EXPRESSO;-;"=""00001288130 - JOILSON JOSE DA SILVA"""
"=""05252748000103""";SUPERMERCADO PASSOS LTDA;PESSOA JURIDICA;ICMS;"=""4011603476730""";"=""20260000004950""";13949101;987;Efetivada;09/03/2026 16:09:23;12/03/2026 18:06:12;16/03/2026;68;R$ 300,23;R$ 58.331,05;R$ 20.415,87;EXPRESSO;-;"=""70458480134 - RENATA VITORIA BONIFACIO E SOUZA"""
"=""05252748000103""";SUPERMERCADO PASSOS LTDA;PESSOA JURIDICA;ICMS;"=""4012100384400""";"=""20260000004953""";13949110;987;Efetivada;09/03/2026 16:09:23;12/03/2026 18:06:12;16/03/2026;120;R$ 749,97;R$ 139.622,08;R$ 89.996,00;EXPRESSO;-;"=""70458480134 - RENATA VITORIA BONIFACIO E SOUZA"""
"=""05252748000103""";SUPERMERCADO PASSOS LTDA;PESSOA JURIDICA;ICMS;"=""4011603475415""";"=""20260000004949""";13949136;987;Efetivada;09/03/2026 16:09:23;12/03/2026 18:06:19;16/03/2026;63;R$ 302,43;R$ 54.438,29;R$ 19.053,40;EXPRESSO;-;"=""70458480134 - RENATA VITORIA BONIFACIO E SOUZA"""
"=""05252748000103""";SUPERMERCADO PASSOS LTDA;PESSOA JURIDICA;ICMS;"=""4011603476225""";"=""20260000004952""";13949128;987;Efetivada;09/03/2026 16:09:23;12/03/2026 18:06:19;16/03/2026;57;R$ 303,55;R$ 49.435,63;R$ 17.302,47;EXPRESSO;-;"=""70458480134 - RENATA VITORIA BONIFACIO E SOUZA"""
"=""05252748000103""";SUPERMERCADO PASSOS LTDA;PESSOA JURIDICA;ICMS;"=""4011603477701""";"=""20260000004951""";13949144;987;Efetivada;09/03/2026 16:09:23;12/03/2026 18:06:26;16/03/2026;64;R$ 302,34;R$ 55.285,25;R$ 19.349,84;EXPRESSO;-;"=""70458480134 - RENATA VITORIA BONIFACIO E SOUZA"""
"=""05252748000103""";SUPERMERCADO PASSOS LTDA;PESSOA JURIDICA;ICMS;"=""4011603181420""";"=""20260000004954""";13949152;987;Efetivada;09/03/2026 16:09:23;12/03/2026 18:06:26;16/03/2026;9;R$ 331,42;R$ 6.033,69;R$ 2.982,78;EXPRESSO;-;"=""70458480134 - RENATA VITORIA BONIFACIO E SOUZA"""
"=""05256839179""";ATAIDES PIRES MARTINS JUNIOR;PESSOA FISICA;IPVA;"=""2320170022239""";"=""20260000004296""";13909533;860;Efetivada;03/03/2026 16:14:49;10/03/2026 12:01:39;10/03/2026;1;R$ 81,21;R$ 147,94;R$ 81,21;EXPRESSO;-;"=""70458480134 - RENATA VITORIA BONIFACIO E SOUZA"""
"=""05256839179""";ATAIDES PIRES MARTINS JUNIOR;PESSOA FISICA;IPVA;"=""2393179222287""";"=""20260000004297""";13909541;860;Efetivada;03/03/2026 16:14:49;10/03/2026 12:01:39;10/03/2026;1;R$ 100,92;R$ 168,71;R$ 100,92;EXPRESSO;-;"=""70458480134 - RENATA VITORIA BONIFACIO E SOUZA"""
"=""05270109107""";NAIARA MARQUES MARINHO;PESSOA FISICA;IPVA;"=""2296229722286""";"=""20260000006559""";14175991;1223;Efetivada;23/04/2026 17:22:37;24/04/2026 18:00:47;30/04/2026;1;R$ 158,31;R$ 293,59;R$ 158,31;EXPRESSO;-;"=""70458480134 - RENATA VITORIA BONIFACIO E SOUZA"""
"=""05270109107""";NAIARA MARQUES MARINHO;PESSOA FISICA;IPVA;"=""2031696722284""";"=""20260000006557""";14175983;1223;Efetivada;23/04/2026 17:22:37;24/04/2026 18:00:54;30/04/2026;1;R$ 163,81;R$ 315,58;R$ 163,81;EXPRESSO;-;"=""70458480134 - RENATA VITORIA BONIFACIO E SOUZA"""
"=""05270109107""";NAIARA MARQUES MARINHO;PESSOA FISICA;IPVA;"=""2090187122209""";"=""20260000006558""";14176009;1223;Efetivada;23/04/2026 17:22:37;24/04/2026 18:01:00;30/04/2026;1;R$ 160,79;R$ 302,35;R$ 160,79;EXPRESSO;-;"=""70458480134 - RENATA VITORIA BONIFACIO E SOUZA"""
"=""05298723152""";MALENA RAISSA DOS SANTOS BARBOSA;PESSOA FISICA;IPVA;"=""2363429222236""";"=""20260000002558""";13830546;596;Efetivada;21/02/2026 11:20:34;27/02/2026 18:01:50;27/02/2026;1;R$ 149,64;R$ 252,21;R$ 149,64;EXPRESSO;-;"=""70458480134 - RENATA VITORIA BONIFACIO E SOUZA"""
"=""05334565000129""";CAMPEAO CHOPP LTDA;PESSOA JURIDICA;Pena Pecuniária;"=""4011802612196""";"=""20260000004393""";13912550;876;Efetivada;04/03/2026 09:36:54;06/03/2026 18:03:22;11/03/2026;19;R$ 300,41;R$ 19.026,10;R$ 5.707,83;STT;"=""03447962135 - LUCAS CARDOSO FRANCO""";Não atribuído
"=""05359841702""";ANTONIO HUMBERTO SOARES COSTA;PESSOA FISICA;IPVA;"=""2337429722230""";"=""20260000004591""";13921339;908;Efetivada;05/03/2026 09:09:54;05/03/2026 12:11:41;12/03/2026;2;R$ 416,05;R$ 1.391,12;R$ 832,09;STT;"=""00901455180 - DANIEL BENKE AFONSO""";Não atribuído
"=""05359841702""";ANTONIO HUMBERTO SOARES COSTA;PESSOA FISICA;IPVA;"=""2376143322249""";"=""20260000004592""";13921347;908;Efetivada;05/03/2026 09:09:54;05/03/2026 12:11:41;12/03/2026;13;R$ 304,30;R$ 6.666,81;R$ 3.955,91;STT;"=""00901455180 - DANIEL BENKE AFONSO""";Não atribuído
"=""05379614108""";PABLO HENRIQUE MARTINS NEVES;PESSOA FISICA;IPVA;"=""2370099022207""";"=""20260000002886""";13849492;653;Efetivada;24/02/2026 09:12:47;24/02/2026 18:13:10;27/02/2026;5;R$ 354,34;R$ 2.986,24;R$ 1.771,71;EXPRESSO;-;"=""70458480134 - RENATA VITORIA BONIFACIO E SOUZA"""
"=""05379614108""";PABLO HENRIQUE MARTINS NEVES;PESSOA FISICA;IPVA;"=""2272961622262""";"=""20260000002885""";13849484;653;Efetivada;24/02/2026 09:12:47;24/02/2026 18:13:15;27/02/2026;4;R$ 368,55;R$ 2.694,92;R$ 1.474,18;EXPRESSO;-;"=""70458480134 - RENATA VITORIA BONIFACIO E SOUZA"""
"=""05396291117""";DARLEI DE CARVALHO PEREIRA;PESSOA FISICA;IPVA;"=""2326292722218""";"=""20260000000421""";13682601;148;Efetivada;04/02/2026 14:48:59;05/02/2026 18:08:32;11/02/2026;1;R$ 286,81;R$ 519,08;R$ 286,81;EXPRESSO;-;"=""86123360159 - VERONICA ISSI SIMOES BASTOS"""
"=""05440243119""";ANDRE LUIZ SANTOS OLIVEIRA;PESSOA FISICA;IPVA;"=""2361418322270""";"=""20260000000786""";13695541;222;Efetivada;06/02/2026 09:41:37;06/02/2026 12:08:50;13/02/2026;1;R$ 968,43;R$ 1.632,31;R$ 968,43;EXPRESSO;-;Não atribuído
"=""05460005175""";GUSTAVO CELESTINO DA SILVA;PESSOA FISICA;IPVA;"=""2391946622233""";"=""20260000004282""";13905988;855;Efetivada;03/03/2026 13:57:19;03/03/2026 18:07:16;10/03/2026;1;R$ 1.641,39;R$ 2.744,13;R$ 1.641,39;EXPRESSO;-;"=""70458480134 - RENATA VITORIA BONIFACIO E SOUZA"""
"=""05464754180""";MARIA LUIZA RODRIGUES ROSA;PESSOA FISICA;IPVA;"=""2388793322204""";"=""20260000006321""";14108798;1188;Efetivada;08/04/2026 15:04:49;09/04/2026 06:03:08;15/04/2026;6;R$ 313,57;R$ 3.198,02;R$ 1.881,41;EXPRESSO;-;"=""70458480134 - RENATA VITORIA BONIFACIO E SOUZA"""
"=""05505449506""";ARICYA KATHERINE TEIXEIRA CAMELO;PESSOA FISICA;IPVA;"=""2365738522206""";"=""20260000003955""";13931288;797;Efetivada;01/03/2026 09:07:41;06/03/2026 18:09:24;06/03/2026;5;R$ 309,55;R$ 2.627,31;R$ 1.547,74;EXPRESSO;-;"=""86123360159 - VERONICA ISSI SIMOES BASTOS"""
"=""05513633124""";GILIARD FARIAS DE SOUSA;PESSOA FISICA;IPVA;"=""2274141322249""";"=""20260000005489""";13997386;1074;Efetivada;17/03/2026 13:09:17;09/04/2026 12:51:00;24/03/2026;1;R$ 117,78;R$ 216,72;R$ 117,78;EXPRESSO;-;"=""70458480134 - RENATA VITORIA BONIFACIO E SOUZA"""
"=""05513633124""";GILIARD FARIAS DE SOUSA;PESSOA FISICA;IPVA;"=""2369398122277""";"=""20260000005490""";13997394;1074;Efetivada;17/03/2026 13:09:17;09/04/2026 12:51:00;24/03/2026;1;R$ 138,03;R$ 234,31;R$ 138,03;EXPRESSO;-;"=""70458480134 - RENATA VITORIA BONIFACIO E SOUZA"""
"=""05559853000181""";CASA DO CONSTRUTOR E DISTRIBUIDORA DE MATERIAIS PARA CONSTRUÇÃO LTDA;PESSOA JURIDICA;ICMS;"=""4011802603367""";"=""20260000003076""";13852116;683;Efetivada;24/02/2026 15:48:58;26/02/2026 18:05:32;27/02/2026;138;R$ 300,40;R$ 137.717,90;R$ 41.455,17;STT;"=""00001288130 - JOILSON JOSE DA SILVA""";Não atribuído
"=""05559853000181""";CASA DO CONSTRUTOR E DISTRIBUIDORA DE MATERIAIS PARA CONSTRUÇÃO LTDA;PESSOA JURIDICA;ICMS;"=""4011901270862""";"=""20260000003078""";13852108;683;Efetivada;24/02/2026 15:48:58;26/02/2026 18:05:32;27/02/2026;145;R$ 901,36;R$ 217.534,47;R$ 130.696,58;STT;"=""00001288130 - JOILSON JOSE DA SILVA""";Não atribuído
"=""05559853000181""";CASA DO CONSTRUTOR E DISTRIBUIDORA DE MATERIAIS PARA CONSTRUÇÃO LTDA;PESSOA JURIDICA;ICMS;"=""4011802532591""";"=""20260000003073""";13852132;683;Efetivada;24/02/2026 15:48:58;26/02/2026 18:05:39;27/02/2026;145;R$ 883,26;R$ 410.063,55;R$ 128.073,27;STT;"=""00001288130 - JOILSON JOSE DA SILVA""";Não atribuído
"=""05559853000181""";CASA DO CONSTRUTOR E DISTRIBUIDORA DE MATERIAIS PARA CONSTRUÇÃO LTDA;PESSOA JURIDICA;ICMS;"=""4011900289594""";"=""20260000003081""";13852124;683;Efetivada;24/02/2026 15:48:58;26/02/2026 18:05:39;27/02/2026;117;R$ 301,97;R$ 57.691,14;R$ 35.330,64;STT;"=""00001288130 - JOILSON JOSE DA SILVA""";Não atribuído
"=""05559853000181""";CASA DO CONSTRUTOR E DISTRIBUIDORA DE MATERIAIS PARA CONSTRUÇÃO LTDA;PESSOA JURIDICA;ICMS;"=""4011901272210""";"=""20260000003079""";13852159;683;Efetivada;24/02/2026 15:48:58;26/02/2026 18:05:45;27/02/2026;114;R$ 300,71;R$ 56.007,29;R$ 34.280,99;STT;"=""00001288130 - JOILSON JOSE DA SILVA""";Não atribuído
"=""05559853000181""";CASA DO CONSTRUTOR E DISTRIBUIDORA DE MATERIAIS PARA CONSTRUÇÃO LTDA;PESSOA JURIDICA;ICMS;"=""4011802608245""";"=""20260000003074""";13852140;683;Efetivada;24/02/2026 15:48:58;26/02/2026 18:05:46;27/02/2026;145;R$ 475,33;R$ 220.745,54;R$ 68.922,74;STT;"=""00001288130 - JOILSON JOSE DA SILVA""";Não atribuído
"=""05559853000181""";CASA DO CONSTRUTOR E DISTRIBUIDORA DE MATERIAIS PARA CONSTRUÇÃO LTDA;PESSOA JURIDICA;ICMS;"=""4011802603600""";"=""20260000003075""";13852167;683;Efetivada;24/02/2026 15:48:58;26/02/2026 18:05:52;27/02/2026;145;R$ 711,04;R$ 333.128,45;R$ 103.101,39;STT;"=""00001288130 - JOILSON JOSE DA SILVA""";Não atribuído
"=""05559853000181""";CASA DO CONSTRUTOR E DISTRIBUIDORA DE MATERIAIS PARA CONSTRUÇÃO LTDA;PESSOA JURIDICA;ICMS;"=""4012200767190""";"=""20260000003077""";13852175;683;Efetivada;24/02/2026 15:48:58;26/02/2026 18:05:59;27/02/2026;3;R$ 1.712,12;R$ 16.716,62;R$ 5.136,36;STT;"=""00001288130 - JOILSON JOSE DA SILVA""";Não atribuído
"=""05559853000181""";CASA DO CONSTRUTOR E DISTRIBUIDORA DE MATERIAIS PARA CONSTRUÇÃO LTDA;PESSOA JURIDICA;ICMS;"=""4011900760408""";"=""20260000003082""";13852191;683;Efetivada;24/02/2026 15:48:58;26/02/2026 18:06:06;27/02/2026;145;R$ 382,50;R$ 89.681,43;R$ 55.462,80;STT;"=""00001288130 - JOILSON JOSE DA SILVA""";Não atribuído
"=""05559853000181""";CASA DO CONSTRUTOR E DISTRIBUIDORA DE MATERIAIS PARA CONSTRUÇÃO LTDA;PESSOA JURIDICA;ICMS;"=""4012000007094""";"=""20260000003080""";13852183;683;Efetivada;24/02/2026 15:48:58;27/02/2026 18:03:59;27/02/2026;5;R$ 4.051,09;R$ 31.827,40;R$ 20.255,46;STT;"=""00001288130 - JOILSON JOSE DA SILVA""";Não atribuído
"=""05559853000181""";CASA DO CONSTRUTOR E DISTRIBUIDORA DE MATERIAIS PARA CONSTRUÇÃO LTDA;PESSOA JURIDICA;ICMS;"=""4011901270781""";"=""20260000004818""";13935488;954;Efetivada;06/03/2026 15:42:45;10/03/2026 06:09:44;13/03/2026;48;R$ 304,15;R$ 23.647,91;R$ 14.599,28;STT;"=""00001288130 - JOILSON JOSE DA SILVA""";Não atribuído
"=""05559853000181""";CASA DO CONSTRUTOR E DISTRIBUIDORA DE MATERIAIS PARA CONSTRUÇÃO LTDA;PESSOA JURIDICA;ICMS;"=""4011802949581""";"=""20260000004817""";13935518;954;Efetivada;06/03/2026 15:42:45;10/03/2026 06:09:46;13/03/2026;133;R$ 300,45;R$ 65.941,17;R$ 39.959,51;STT;"=""00001288130 - JOILSON JOSE DA SILVA""";Não atribuído
"=""05559853000181""";CASA DO CONSTRUTOR E DISTRIBUIDORA DE MATERIAIS PARA CONSTRUÇÃO LTDA;PESSOA JURIDICA;ICMS;"=""4011900501135""";"=""20260000004816""";13935500;954;Efetivada;06/03/2026 15:42:45;10/03/2026 06:09:51;13/03/2026;41;R$ 302,31;R$ 20.262,70;R$ 12.394,61;STT;"=""00001288130 - JOILSON JOSE DA SILVA""";Não atribuído
"=""05559853000181""";CASA DO CONSTRUTOR E DISTRIBUIDORA DE MATERIAIS PARA CONSTRUÇÃO LTDA;PESSOA JURIDICA;ICMS;"=""4012200767513""";"=""20260000004815""";13935496;954;Efetivada;06/03/2026 15:42:45;10/03/2026 06:09:52;13/03/2026;92;R$ 301,19;R$ 85.937,14;R$ 27.709,50;STT;"=""00001288130 - JOILSON JOSE DA SILVA""";Não atribuído
"=""05636541120""";GABRIELL FERREIRA BARBOSA;PESSOA FISICA;IPVA;"=""2338520022294""";"=""20260000003766""";13882554;772;Efetivada;27/02/2026 13:39:43;28/02/2026 06:06:13;27/02/2026;5;R$ 350,71;R$ 2.910,62;R$ 1.753,56;EXPRESSO;-;"=""86123360159 - VERONICA ISSI SIMOES BASTOS"""
"=""05647883000140""";JOSÉ MARIA DE MACEDO;PESSOA JURIDICA;IPVA;"=""2286906022208""";"=""20260000003407""";13863991;723;Efetivada;25/02/2026 14:51:26;26/02/2026 06:11:45;27/02/2026;1;R$ 410,34;R$ 750,12;R$ 410,34;STT;"=""86123360159 - VERONICA ISSI SIMOES BASTOS""";Não atribuído
"=""05647883000140""";JOSÉ MARIA DE MACEDO;PESSOA JURIDICA;IPVA;"=""2364428922291""";"=""20260000003408""";13864009;723;Efetivada;25/02/2026 14:51:26;26/02/2026 06:11:50;27/02/2026;1;R$ 526,13;R$ 886,80;R$ 526,13;STT;"=""86123360159 - VERONICA ISSI SIMOES BASTOS""";Não atribuído
"=""05647883000140""";JOSÉ MARIA DE MACEDO;PESSOA JURIDICA;IPVA;"=""2032696322284""";"=""20260000003405""";13863975;723;Efetivada;25/02/2026 14:51:26;26/02/2026 06:11:51;27/02/2026;1;R$ 433,44;R$ 823,52;R$ 433,44;STT;"=""86123360159 - VERONICA ISSI SIMOES BASTOS""";Não atribuído
"=""05647883000140""";JOSÉ MARIA DE MACEDO;PESSOA JURIDICA;IPVA;"=""2082723222270""";"=""20260000003406""";13863983;723;Efetivada;25/02/2026 14:51:26;26/02/2026 06:11:57;27/02/2026;1;R$ 419,95;R$ 778,60;R$ 419,95;STT;"=""86123360159 - VERONICA ISSI SIMOES BASTOS""";Não atribuído
"=""05815186597""";ACACIO LIMA FALCAO;PESSOA FISICA;IPVA;"=""2323424222280""";"=""20260000000905""";13712004;241;Efetivada;06/02/2026 12:21:50;09/02/2026 12:09:17;13/02/2026;1;R$ 1.038,38;R$ 1.879,30;R$ 1.038,38;EXPRESSO;-;"=""86123360159 - VERONICA ISSI SIMOES BASTOS"""
"=""05815186597""";ACACIO LIMA FALCAO;PESSOA FISICA;IPVA;"=""2333273122297""";"=""20260000000906""";13712012;241;Efetivada;06/02/2026 12:21:50;09/02/2026 12:09:24;13/02/2026;1;R$ 1.164,15;R$ 1.932,30;R$ 1.164,15;EXPRESSO;-;"=""86123360159 - VERONICA ISSI SIMOES BASTOS"""
"=""05857549000200""";KABANAS COMERCIAL DE ALIMENTACAO LTDA EM RECUPERACAO JUDICIAL;PESSOA JURIDICA;ICMS;"=""4022300009502""";"=""20260000004071""";13897349;822;Efetivada;02/03/2026 16:05:42;09/03/2026 18:00:45;09/03/2026;145;R$ 599,63;R$ 118.342,70;R$ 86.946,37;STT;"=""86123360159 - VERONICA ISSI SIMOES BASTOS""";Não atribuído
"=""05926841135""";RENAN MORAIS BULHOES;PESSOA FISICA;IPVA;"=""2273256722233""";"=""20260000003625""";13872443;745;Efetivada;26/02/2026 13:40:16;27/02/2026 12:08:06;27/02/2026;4;R$ 304,99;R$ 2.230,16;R$ 1.219,95;EXPRESSO;-;"=""70458480134 - RENATA VITORIA BONIFACIO E SOUZA"""
"=""05926841135""";RENAN MORAIS BULHOES;PESSOA FISICA;IPVA;"=""2370058722298""";"=""20260000003626""";13872451;745;Efetivada;26/02/2026 13:40:16;27/02/2026 12:08:07;27/02/2026;4;R$ 364,15;R$ 2.455,12;R$ 1.456,60;EXPRESSO;-;"=""70458480134 - RENATA VITORIA BONIFACIO E SOUZA"""
"=""05979543000116""";PEDREIRA ANAPOLIS LTDA.;PESSOA JURIDICA;ICMS;"=""4011601850537""";"=""20260000006407""";14129744;1202;Efetivada;13/04/2026 16:16:43;16/04/2026 12:03:58;20/04/2026;111;R$ 301,68;R$ 61.614,44;R$ 33.486,22;STT;"=""86123360159 - VERONICA ISSI SIMOES BASTOS""";Não atribuído
"=""05979543000116""";PEDREIRA ANAPOLIS LTDA.;PESSOA JURIDICA;ICMS;"=""2145919900000""";"=""20260000006400""";14129795;1202;Efetivada;13/04/2026 16:16:43;16/04/2026 12:04:05;20/04/2026;47;R$ 303,26;R$ 23.185,77;R$ 14.253,26;STT;"=""86123360159 - VERONICA ISSI SIMOES BASTOS""";Não atribuído
"=""05979543000116""";PEDREIRA ANAPOLIS LTDA.;PESSOA JURIDICA;ICMS;"=""4011802416176""";"=""20260000006402""";14129752;1202;Efetivada;13/04/2026 16:16:43;16/04/2026 12:04:12;20/04/2026;120;R$ 1.025,64;R$ 207.489,04;R$ 123.076,95;STT;"=""86123360159 - VERONICA ISSI SIMOES BASTOS""";Não atribuído
"=""05979543000116""";PEDREIRA ANAPOLIS LTDA.;PESSOA JURIDICA;ICMS;"=""2145332800048""";"=""20260000006406""";14129760;1202;Efetivada;13/04/2026 16:16:43;16/04/2026 12:04:19;20/04/2026;59;R$ 304,50;R$ 29.365,74;R$ 17.965,64;STT;"=""86123360159 - VERONICA ISSI SIMOES BASTOS""";Não atribuído
"=""05979543000116""";PEDREIRA ANAPOLIS LTDA.;PESSOA JURIDICA;ICMS;"=""4011603384886""";"=""20260000006403""";14129779;1202;Efetivada;13/04/2026 16:16:43;16/04/2026 12:04:26;20/04/2026;120;R$ 579,05;R$ 124.597,50;R$ 69.486,47;STT;"=""86123360159 - VERONICA ISSI SIMOES BASTOS""";Não atribuído
"=""05979543000116""";PEDREIRA ANAPOLIS LTDA.;PESSOA JURIDICA;ICMS;"=""2145043100063""";"=""20260000006405""";14129787;1202;Efetivada;13/04/2026 16:16:43;16/04/2026 12:04:33;20/04/2026;32;R$ 304,71;R$ 16.006,04;R$ 9.750,87;STT;"=""86123360159 - VERONICA ISSI SIMOES BASTOS""";Não atribuído
"=""05979543000116""";PEDREIRA ANAPOLIS LTDA.;PESSOA JURIDICA;ICMS;"=""4011701018981""";"=""20260000006404""";14129809;1202;Efetivada;13/04/2026 16:16:43;16/04/2026 12:04:40;20/04/2026;120;R$ 432,98;R$ 92.053,97;R$ 51.957,92;STT;"=""86123360159 - VERONICA ISSI SIMOES BASTOS""";Não atribuído
"=""05979543000116""";PEDREIRA ANAPOLIS LTDA.;PESSOA JURIDICA;ICMS;"=""4011602369794""";"=""20260000006408""";14129817;1202;Efetivada;13/04/2026 16:16:43;16/04/2026 12:04:47;20/04/2026;120;R$ 618,42;R$ 134.350,14;R$ 74.210,12;STT;"=""86123360159 - VERONICA ISSI SIMOES BASTOS""";Não atribuído
"=""05979543000116""";PEDREIRA ANAPOLIS LTDA.;PESSOA JURIDICA;ICMS;"=""4011800010806""";"=""20260000006401""";14129825;1202;Efetivada;13/04/2026 16:16:43;16/04/2026 12:04:54;20/04/2026;120;R$ 1.733,42;R$ 360.539,06;R$ 208.009,86;STT;"=""86123360159 - VERONICA ISSI SIMOES BASTOS""";Não atribuído
"=""06076894000180""";MARCENARIA EFATA FABRICACAO E COMERCIO VAREJISTA DE MOVEIS LTDA;PESSOA JURIDICA;ICMS;"=""4011902316572""";"=""20260000006543""";14162571;1218;Efetivada;22/04/2026 07:55:24;22/04/2026 18:01:25;29/04/2026;26;R$ 3.095,56;R$ 268.282,21;R$ 80.484,66;EXPRESSO;-;"=""70458480134 - RENATA VITORIA BONIFACIO E SOUZA"""
"=""06092064000146""";HAMBURGUERIA ESQUILO SANDUICHES LTDA;PESSOA JURIDICA;ICMS;"=""2009331711138""";"=""20260000005072""";13953923;1006;Efetivada;10/03/2026 11:59:56;16/03/2026 18:06:02;17/03/2026;11;R$ 303,42;R$ 6.541,78;R$ 3.337,63;STT;"=""00828686114 - GEOVANA REZENDE ABDON FRAGOSO OLIVEIRA""";Não atribuído
"=""06092064000146""";HAMBURGUERIA ESQUILO SANDUICHES LTDA;PESSOA JURIDICA;ICMS;"=""2013527811150""";"=""20260000005065""";13953982;1006;Efetivada;10/03/2026 11:59:56;09/04/2026 12:50:57;17/03/2026;1;R$ 172,87;R$ 323,99;R$ 172,87;STT;"=""00828686114 - GEOVANA REZENDE ABDON FRAGOSO OLIVEIRA""";Não atribuído
"=""06092064000146""";HAMBURGUERIA ESQUILO SANDUICHES LTDA;PESSOA JURIDICA;ICMS;"=""2013528111119""";"=""20260000005066""";13953990;1006;Efetivada;10/03/2026 11:59:56;09/04/2026 12:50:57;17/03/2026;1;R$ 212,63;R$ 397,28;R$ 212,63;STT;"=""00828686114 - GEOVANA REZENDE ABDON FRAGOSO OLIVEIRA""";Não atribuído
"=""06092064000146""";HAMBURGUERIA ESQUILO SANDUICHES LTDA;PESSOA JURIDICA;ICMS;"=""2017218011119""";"=""20260000005067""";13953940;1006;Efetivada;10/03/2026 11:59:56;09/04/2026 12:50:57;17/03/2026;1;R$ 200,62;R$ 372,95;R$ 200,62;STT;"=""00828686114 - GEOVANA REZENDE ABDON FRAGOSO OLIVEIRA""";Não atribuído
"=""06092064000146""";HAMBURGUERIA ESQUILO SANDUICHES LTDA;PESSOA JURIDICA;ICMS;"=""2013527911103""";"=""20260000005068""";13953907;1006;Efetivada;10/03/2026 11:59:56;09/04/2026 12:50:57;17/03/2026;1;R$ 173,78;R$ 325,36;R$ 173,78;STT;"=""00828686114 - GEOVANA REZENDE ABDON FRAGOSO OLIVEIRA""";Não atribuído
"=""06092064000146""";HAMBURGUERIA ESQUILO SANDUICHES LTDA;PESSOA JURIDICA;ICMS;"=""2013528011165""";"=""20260000005069""";13953915;1006;Efetivada;10/03/2026 11:59:56;09/04/2026 12:50:57;17/03/2026;1;R$ 184,45;R$ 344,99;R$ 184,45;STT;"=""00828686114 - GEOVANA REZENDE ABDON FRAGOSO OLIVEIRA""";Não atribuído
"=""06092064000146""";HAMBURGUERIA ESQUILO SANDUICHES LTDA;PESSOA JURIDICA;ICMS;"=""2013528211172""";"=""20260000005070""";13953966;1006;Efetivada;10/03/2026 11:59:56;09/04/2026 12:50:57;17/03/2026;1;R$ 214,29;R$ 400,01;R$ 214,29;STT;"=""00828686114 - GEOVANA REZENDE ABDON FRAGOSO OLIVEIRA""";Não atribuído
"=""06092064000146""";HAMBURGUERIA ESQUILO SANDUICHES LTDA;PESSOA JURIDICA;ICMS;"=""2013528311126""";"=""20260000005071""";13953974;1006;Efetivada;10/03/2026 11:59:56;09/04/2026 12:50:57;17/03/2026;1;R$ 470,06;R$ 895,07;R$ 470,06;STT;"=""00828686114 - GEOVANA REZENDE ABDON FRAGOSO OLIVEIRA""";Não atribuído
"=""06092064000146""";HAMBURGUERIA ESQUILO SANDUICHES LTDA;PESSOA JURIDICA;ICMS;"=""2009331811191""";"=""20260000005073""";13953958;1006;Efetivada;10/03/2026 11:59:56;09/04/2026 12:50:57;17/03/2026;1;R$ 123,28;R$ 249,36;R$ 123,28;STT;"=""00828686114 - GEOVANA REZENDE ABDON FRAGOSO OLIVEIRA""";Não atribuído
"=""06092064000146""";HAMBURGUERIA ESQUILO SANDUICHES LTDA;PESSOA JURIDICA;ICMS;"=""2017217911167""";"=""20260000005074""";13953931;1006;Efetivada;10/03/2026 11:59:56;09/04/2026 12:50:57;17/03/2026;1;R$ 232,78;R$ 433,28;R$ 232,78;STT;"=""00828686114 - GEOVANA REZENDE ABDON FRAGOSO OLIVEIRA""";Não atribuído
"=""06198753808""";AMÉRICO VAZ DE LIMA FILHO;PESSOA FISICA;ICMS;"=""4011602463464""";"=""20250000000008""";13340344;7;Efetivada;25/11/2025 11:25:24;;28/11/2025;145;R$ 3.474,41;R$ 1.677.058,72;R$ 503.789,92;STT;"=""13670181709 - LARISSA BELTRAO DE CARVALHO""";Não atribuído
"=""06209277000105""";CAVIUNA COMERCIO E SERVICOS LTDA;PESSOA JURIDICA;ICMS;"=""2227680100089""";"=""20260000004972""";13949195;990;Efetivada;09/03/2026 16:39:58;16/03/2026 18:04:42;16/03/2026;8;R$ 328,68;R$ 4.311,69;R$ 2.629,41;STT;"=""03279141141 - VANESSA FRANCO DE OLIVEIRA""";"=""70458480134 - RENATA VITORIA BONIFACIO E SOUZA"""
"=""06209277000105""";CAVIUNA COMERCIO E SERVICOS LTDA;PESSOA JURIDICA;ICMS;"=""2144116700024""";"=""20260000004969""";13949241;990;Efetivada;09/03/2026 16:39:58;16/03/2026 18:04:48;16/03/2026;119;R$ 302,33;R$ 59.294,87;R$ 35.977,20;STT;"=""03279141141 - VANESSA FRANCO DE OLIVEIRA""";"=""70458480134 - RENATA VITORIA BONIFACIO E SOUZA"""
"=""06209277000105""";CAVIUNA COMERCIO E SERVICOS LTDA;PESSOA JURIDICA;ICMS;"=""2017227311170""";"=""20260000004970""";13949209;990;Efetivada;09/03/2026 16:39:58;16/03/2026 18:04:48;16/03/2026;2;R$ 388,71;R$ 1.463,05;R$ 777,42;STT;"=""03279141141 - VANESSA FRANCO DE OLIVEIRA""";"=""70458480134 - RENATA VITORIA BONIFACIO E SOUZA"""
"=""06209277000105""";CAVIUNA COMERCIO E SERVICOS LTDA;PESSOA JURIDICA;ICMS;"=""2143628700076""";"=""20260000004968""";13949233;990;Efetivada;09/03/2026 16:39:58;16/03/2026 18:04:54;16/03/2026;64;R$ 302,97;R$ 32.144,21;R$ 19.390,06;STT;"=""03279141141 - VANESSA FRANCO DE OLIVEIRA""";"=""70458480134 - RENATA VITORIA BONIFACIO E SOUZA"""
"=""06209277000105""";CAVIUNA COMERCIO E SERVICOS LTDA;PESSOA JURIDICA;ICMS;"=""2141346300015""";"=""20260000004967""";13949225;990;Efetivada;09/03/2026 16:39:58;16/03/2026 18:04:55;16/03/2026;145;R$ 513,68;R$ 125.162,92;R$ 74.483,26;STT;"=""03279141141 - VANESSA FRANCO DE OLIVEIRA""";"=""70458480134 - RENATA VITORIA BONIFACIO E SOUZA"""
"=""06209277000105""";CAVIUNA COMERCIO E SERVICOS LTDA;PESSOA JURIDICA;ICMS;"=""2008836311163""";"=""20260000004971""";13949217;990;Efetivada;09/03/2026 16:39:58;16/03/2026 18:05:01;16/03/2026;145;R$ 1.544,16;R$ 482.717,13;R$ 223.902,73;STT;"=""03279141141 - VANESSA FRANCO DE OLIVEIRA""";"=""70458480134 - RENATA VITORIA BONIFACIO E SOUZA"""
"=""06219757000157""";VDM OPERAÇÕES LOGÍSTICAS EIRELI (EM RECUPERAÇÃO JUDICIAL);PESSOA JURIDICA;ICMS;"=""2088761400006""";"=""20260000004544""";13918320;899;Efetivada;04/03/2026 16:48:11;06/03/2026 18:06:40;11/03/2026;145;R$ 5.166,81;R$ 1.485.862,56;R$ 749.186,99;STT;"=""00001288130 - JOILSON JOSE DA SILVA""";Não atribuído
"=""06219757000157""";VDM OPERAÇÕES LOGÍSTICAS EIRELI (EM RECUPERAÇÃO JUDICIAL);PESSOA JURIDICA;ICMS;"=""2089329400030""";"=""20260000004546""";13918338;899;Efetivada;04/03/2026 16:48:11;06/03/2026 18:06:42;11/03/2026;145;R$ 10.540,54;R$ 3.023.589,58;R$ 1.528.377,69;STT;"=""00001288130 - JOILSON JOSE DA SILVA""";Não atribuído
"=""06219757000157""";VDM OPERAÇÕES LOGÍSTICAS EIRELI (EM RECUPERAÇÃO JUDICIAL);PESSOA JURIDICA;ICMS;"=""4011502861913""";"=""20260000004554""";13918346;899;Efetivada;04/03/2026 16:48:11;06/03/2026 18:06:47;11/03/2026;145;R$ 4.832,83;R$ 2.335.870,12;R$ 700.761,04;STT;"=""00001288130 - JOILSON JOSE DA SILVA""";Não atribuído
"=""06219757000157""";VDM OPERAÇÕES LOGÍSTICAS EIRELI (EM RECUPERAÇÃO JUDICIAL);PESSOA JURIDICA;ICMS;"=""4011502862219""";"=""20260000004555""";13918354;899;Efetivada;04/03/2026 16:48:11;06/03/2026 18:06:49;11/03/2026;145;R$ 3.878,76;R$ 1.874.733,60;R$ 562.420,08;STT;"=""00001288130 - JOILSON JOSE DA SILVA""";Não atribuído
"=""06219757000157""";VDM OPERAÇÕES LOGÍSTICAS EIRELI (EM RECUPERAÇÃO JUDICIAL);PESSOA JURIDICA;ICMS;"=""4011502862480""";"=""20260000004556""";13918362;899;Efetivada;04/03/2026 16:48:11;06/03/2026 18:06:54;11/03/2026;145;R$ 1.462,90;R$ 707.070,01;R$ 212.121,00;STT;"=""00001288130 - JOILSON JOSE DA SILVA""";Não atribuído
"=""06219757000157""";VDM OPERAÇÕES LOGÍSTICAS EIRELI (EM RECUPERAÇÃO JUDICIAL);PESSOA JURIDICA;ICMS;"=""4011502862561""";"=""20260000004558""";13918370;899;Efetivada;04/03/2026 16:48:11;06/03/2026 18:06:56;11/03/2026;145;R$ 6.647,24;R$ 3.145.667,87;R$ 963.850,17;STT;"=""00001288130 - JOILSON JOSE DA SILVA""";Não atribuído
"=""06219757000157""";VDM OPERAÇÕES LOGÍSTICAS EIRELI (EM RECUPERAÇÃO JUDICIAL);PESSOA JURIDICA;ICMS;"=""2096478100065""";"=""20260000004545""";13918397;899;Efetivada;04/03/2026 16:48:11;06/03/2026 18:07:01;11/03/2026;145;R$ 1.482,11;R$ 424.075,02;R$ 214.906,51;STT;"=""00001288130 - JOILSON JOSE DA SILVA""";Não atribuído
"=""06219757000157""";VDM OPERAÇÕES LOGÍSTICAS EIRELI (EM RECUPERAÇÃO JUDICIAL);PESSOA JURIDICA;ICMS;"=""4011303963821""";"=""20260000004543""";13918389;899;Efetivada;04/03/2026 16:48:11;06/03/2026 18:07:03;11/03/2026;145;R$ 3.869,16;R$ 1.158.061,67;R$ 561.028,09;STT;"=""00001288130 - JOILSON JOSE DA SILVA""";Não atribuído
"=""06219757000157""";VDM OPERAÇÕES LOGÍSTICAS EIRELI (EM RECUPERAÇÃO JUDICIAL);PESSOA JURIDICA;ICMS;"=""4011301965703""";"=""20260000004548""";13918419;899;Efetivada;04/03/2026 16:48:11;06/03/2026 18:07:09;11/03/2026;145;R$ 5.554,77;R$ 1.687.600,31;R$ 805.441,91;STT;"=""00001288130 - JOILSON JOSE DA SILVA""";Não atribuído
"=""06219757000157""";VDM OPERAÇÕES LOGÍSTICAS EIRELI (EM RECUPERAÇÃO JUDICIAL);PESSOA JURIDICA;ICMS;"=""4021300011142""";"=""20260000004547""";13918400;899;Efetivada;04/03/2026 16:48:11;06/03/2026 18:07:10;11/03/2026;145;R$ 1.718,26;R$ 527.337,02;R$ 249.147,18;STT;"=""00001288130 - JOILSON JOSE DA SILVA""";Não atribuído
"=""06219757000157""";VDM OPERAÇÕES LOGÍSTICAS EIRELI (EM RECUPERAÇÃO JUDICIAL);PESSOA JURIDICA;ICMS;"=""4011501080721""";"=""20260000004551""";13918443;899;Efetivada;04/03/2026 16:48:11;06/03/2026 18:07:16;11/03/2026;145;R$ 2.230,41;R$ 625.085,24;R$ 323.409,17;STT;"=""00001288130 - JOILSON JOSE DA SILVA""";Não atribuído
"=""06219757000157""";VDM OPERAÇÕES LOGÍSTICAS EIRELI (EM RECUPERAÇÃO JUDICIAL);PESSOA JURIDICA;ICMS;"=""2087337500009""";"=""20260000004549""";13918427;899;Efetivada;04/03/2026 16:48:11;06/03/2026 18:07:17;11/03/2026;145;R$ 3.374,10;R$ 981.668,66;R$ 489.244,29;STT;"=""00001288130 - JOILSON JOSE DA SILVA""";Não atribuído
"=""06219757000157""";VDM OPERAÇÕES LOGÍSTICAS EIRELI (EM RECUPERAÇÃO JUDICIAL);PESSOA JURIDICA;ICMS;"=""4011402089100""";"=""20260000004550""";13918435;899;Efetivada;04/03/2026 16:48:11;06/03/2026 18:07:23;11/03/2026;145;R$ 13.306,74;R$ 3.845.040,77;R$ 1.929.478,01;STT;"=""00001288130 - JOILSON JOSE DA SILVA""";Não atribuído
"=""06219757000157""";VDM OPERAÇÕES LOGÍSTICAS EIRELI (EM RECUPERAÇÃO JUDICIAL);PESSOA JURIDICA;ICMS;"=""4011501842672""";"=""20260000004553""";13918460;899;Efetivada;04/03/2026 16:48:11;06/03/2026 18:07:24;11/03/2026;145;R$ 2.407,99;R$ 669.841,39;R$ 349.158,78;STT;"=""00001288130 - JOILSON JOSE DA SILVA""";Não atribuído
"=""06219757000157""";VDM OPERAÇÕES LOGÍSTICAS EIRELI (EM RECUPERAÇÃO JUDICIAL);PESSOA JURIDICA;ICMS;"=""4011502862995""";"=""20260000004557""";13918478;899;Efetivada;04/03/2026 16:48:11;06/03/2026 18:07:30;11/03/2026;145;R$ 2.017,91;R$ 938.392,83;R$ 292.596,95;STT;"=""00001288130 - JOILSON JOSE DA SILVA""";Não atribuído
"=""06219757000157""";VDM OPERAÇÕES LOGÍSTICAS EIRELI (EM RECUPERAÇÃO JUDICIAL);PESSOA JURIDICA;ICMS;"=""4011500648490""";"=""20260000004552""";13918451;899;Efetivada;04/03/2026 16:48:11;06/03/2026 18:07:31;11/03/2026;145;R$ 12.136,27;R$ 3.436.919,66;R$ 1.759.759,19;STT;"=""00001288130 - JOILSON JOSE DA SILVA""";Não atribuído
"=""06219757000157""";VDM OPERAÇÕES LOGÍSTICAS EIRELI (EM RECUPERAÇÃO JUDICIAL);PESSOA JURIDICA;ICMS;"=""2087337400047""";"=""20260000004559""";13918486;899;Efetivada;04/03/2026 16:48:11;06/03/2026 18:07:37;11/03/2026;145;R$ 11.552,00;R$ 3.406.612,59;R$ 1.675.040,37;STT;"=""00001288130 - JOILSON JOSE DA SILVA""";Não atribuído
"=""06219757000157""";VDM OPERAÇÕES LOGÍSTICAS EIRELI (EM RECUPERAÇÃO JUDICIAL);PESSOA JURIDICA;ICMS;"=""4011503700522""";"=""20260000004561""";13918508;899;Efetivada;04/03/2026 16:48:11;06/03/2026 18:07:38;11/03/2026;145;R$ 4.840,13;R$ 1.329.502,41;R$ 701.818,15;STT;"=""00001288130 - JOILSON JOSE DA SILVA""";Não atribuído
"=""06219757000157""";VDM OPERAÇÕES LOGÍSTICAS EIRELI (EM RECUPERAÇÃO JUDICIAL);PESSOA JURIDICA;ICMS;"=""4011502862138""";"=""20260000004560""";13918494;899;Efetivada;04/03/2026 16:48:11;06/03/2026 18:07:44;11/03/2026;145;R$ 2.548,81;R$ 1.231.925,09;R$ 369.577,53;STT;"=""00001288130 - JOILSON JOSE DA SILVA""";Não atribuído
"=""06255771000106""";ELIAS REPRESENTACAO COMERCIAL LTDA;PESSOA JURIDICA;ICMS;"=""2009922400029""";"=""20260000006779""";14202417;1256;Efetivada;30/04/2026 16:46:18;01/05/2026 12:03:26;30/04/2026;145;R$ 330,36;R$ 114.849,87;R$ 47.902,02;STT;"=""70458480134 - RENATA VITORIA BONIFACIO E SOUZA""";Não atribuído
"=""06255771000106""";ELIAS REPRESENTACAO COMERCIAL LTDA;PESSOA JURIDICA;ICMS;"=""3014321333647""";"=""20260000006784""";14202433;1256;Efetivada;30/04/2026 16:46:18;01/05/2026 12:03:32;30/04/2026;145;R$ 1.204,29;R$ 582.075,18;R$ 174.622,55;STT;"=""70458480134 - RENATA VITORIA BONIFACIO E SOUZA""";Não atribuído
"=""06255771000106""";ELIAS REPRESENTACAO COMERCIAL LTDA;PESSOA JURIDICA;ICMS;"=""4011302421642""";"=""20260000006782""";14202425;1256;Efetivada;30/04/2026 16:46:18;01/05/2026 12:03:39;30/04/2026;145;R$ 413,26;R$ 199.743,64;R$ 59.923,09;STT;"=""70458480134 - RENATA VITORIA BONIFACIO E SOUZA""";Não atribuído
"=""06255771000106""";ELIAS REPRESENTACAO COMERCIAL LTDA;PESSOA JURIDICA;ICMS;"=""4011100294739""";"=""20260000006780""";14202441;1256;Efetivada;30/04/2026 16:46:18;01/05/2026 12:03:45;30/04/2026;145;R$ 775,54;R$ 273.607,82;R$ 112.453,60;STT;"=""70458480134 - RENATA VITORIA BONIFACIO E SOUZA""";Não atribuído
"=""06255771000106""";ELIAS REPRESENTACAO COMERCIAL LTDA;PESSOA JURIDICA;ICMS;"=""2009053900000""";"=""20260000006781""";14202450;1256;Efetivada;30/04/2026 16:46:18;01/05/2026 12:03:52;30/04/2026;145;R$ 1.851,66;R$ 648.542,02;R$ 268.491,36;STT;"=""70458480134 - RENATA VITORIA BONIFACIO E SOUZA""";Não atribuído
"=""06255771000106""";ELIAS REPRESENTACAO COMERCIAL LTDA;PESSOA JURIDICA;ICMS;"=""4011104168096""";"=""20260000006783""";14202468;1256;Efetivada;30/04/2026 16:46:18;01/05/2026 12:03:59;30/04/2026;137;R$ 300,63;R$ 95.391,98;R$ 41.186,17;STT;"=""70458480134 - RENATA VITORIA BONIFACIO E SOUZA""";Não atribuído
"=""06514341144""";MATHEUS JUNIO RODRIGUES ARAGAO;PESSOA FISICA;IPVA;"=""2051738422288""";"=""20260000002078""";13806653;496;Efetivada;15/02/2026 14:12:33;20/02/2026 06:06:04;20/02/2026;1;R$ 340,28;R$ 640,08;R$ 340,28;EXPRESSO;-;"=""86123360159 - VERONICA ISSI SIMOES BASTOS"""
"=""06514341144""";MATHEUS JUNIO RODRIGUES ARAGAO;PESSOA FISICA;IPVA;"=""2176991522211""";"=""20260000005243""";13964410;1029;Efetivada;11/03/2026 13:10:01;09/04/2026 12:50:58;18/03/2026;1;R$ 335,26;R$ 624,00;R$ 335,26;EXPRESSO;-;"=""70458480134 - RENATA VITORIA BONIFACIO E SOUZA"""
"=""06514341144""";MATHEUS JUNIO RODRIGUES ARAGAO;PESSOA FISICA;IPVA;"=""2316898422201""";"=""20260000005244""";13964429;1029;Efetivada;11/03/2026 13:10:01;09/04/2026 12:50:58;18/03/2026;1;R$ 329,34;R$ 599,99;R$ 329,34;EXPRESSO;-;"=""70458480134 - RENATA VITORIA BONIFACIO E SOUZA"""
"=""06515038178""";LUKAS SOUZA EVANGELISTA;PESSOA FISICA;IPVA;"=""2374449722280""";"=""20260000000385""";13681761;142;Efetivada;04/02/2026 13:32:22;09/02/2026 18:03:26;11/02/2026;1;R$ 184,68;R$ 309,02;R$ 184,68;EXPRESSO;-;"=""86123360159 - VERONICA ISSI SIMOES BASTOS"""
"=""06515038178""";LUKAS SOUZA EVANGELISTA;PESSOA FISICA;IPVA;"=""2270738022254""";"=""20260000000384""";13681753;142;Efetivada;04/02/2026 13:32:22;09/02/2026 18:03:32;11/02/2026;1;R$ 150,03;R$ 274,27;R$ 150,03;EXPRESSO;-;"=""86123360159 - VERONICA ISSI SIMOES BASTOS"""
"=""06700436990""";CAROLINA GUIMARAES RAMOS FALCONI MARTINI;PESSOA FISICA;IPVA;"=""2185728122274""";"=""20260000004444""";13915320;886;Efetivada;04/03/2026 11:53:46;04/03/2026 18:09:11;11/03/2026;3;R$ 369,67;R$ 2.062,48;R$ 1.109,02;STT;"=""00828686114 - GEOVANA REZENDE ABDON FRAGOSO OLIVEIRA""";"=""70458480134 - RENATA VITORIA BONIFACIO E SOUZA"""
"=""06700436990""";CAROLINA GUIMARAES RAMOS FALCONI MARTINI;PESSOA FISICA;IPVA;"=""2007848922210""";"=""20260000004443""";13915312;886;Efetivada;04/03/2026 11:53:46;04/03/2026 18:09:12;11/03/2026;3;R$ 383,57;R$ 2.174,08;R$ 1.150,70;STT;"=""00828686114 - GEOVANA REZENDE ABDON FRAGOSO OLIVEIRA""";"=""70458480134 - RENATA VITORIA BONIFACIO E SOUZA"""
"=""06700436990""";CAROLINA GUIMARAES RAMOS FALCONI MARTINI;PESSOA FISICA;IPVA;"=""2327717322299""";"=""20260000004445""";13915339;886;Efetivada;04/03/2026 11:53:46;05/03/2026 06:09:09;11/03/2026;3;R$ 355,69;R$ 1.944,03;R$ 1.067,08;STT;"=""00828686114 - GEOVANA REZENDE ABDON FRAGOSO OLIVEIRA""";"=""70458480134 - RENATA VITORIA BONIFACIO E SOUZA"""
"=""06700436990""";CAROLINA GUIMARAES RAMOS FALCONI MARTINI;PESSOA FISICA;IPVA;"=""2335002922200""";"=""20260000004446""";13915347;886;Efetivada;04/03/2026 11:53:46;05/03/2026 06:09:09;11/03/2026;4;R$ 307,59;R$ 2.056,95;R$ 1.230,35;STT;"=""00828686114 - GEOVANA REZENDE ABDON FRAGOSO OLIVEIRA""";"=""70458480134 - RENATA VITORIA BONIFACIO E SOUZA"""
"=""06827744990""";RUBENS BATISTA MENDANHA;PESSOA FISICA;IPVA;"=""2333365422238""";"=""20260000004013""";13895834;811;Efetivada;02/03/2026 13:04:30;02/03/2026 18:07:09;09/03/2026;1;R$ 677,68;R$ 1.132,96;R$ 677,68;EXPRESSO;-;"=""70458480134 - RENATA VITORIA BONIFACIO E SOUZA"""
"=""06934557131""";HIPOLITO PAULA DA SILVA JUNIOR;PESSOA FISICA;IPVA;"=""2309358022286""";"=""20260000002263""";13862235;539;Efetivada;19/02/2026 10:35:32;25/02/2026 18:14:10;26/02/2026;2;R$ 333,08;R$ 1.217,76;R$ 666,15;EXPRESSO;-;"=""00001288130 - JOILSON JOSE DA SILVA"""
"=""06934557131""";HIPOLITO PAULA DA SILVA JUNIOR;PESSOA FISICA;IPVA;"=""2101252422207""";"=""20260000002262""";13862219;539;Efetivada;19/02/2026 10:35:32;25/02/2026 18:14:14;26/02/2026;2;R$ 334,56;R$ 1.240,56;R$ 669,11;EXPRESSO;-;"=""00001288130 - JOILSON JOSE DA SILVA"""
"=""06934557131""";HIPOLITO PAULA DA SILVA JUNIOR;PESSOA FISICA;IPVA;"=""2370029222258""";"=""20260000002264""";13862227;539;Efetivada;19/02/2026 10:35:32;25/02/2026 18:14:16;26/02/2026;2;R$ 430,15;R$ 1.450,04;R$ 860,30;EXPRESSO;-;"=""00001288130 - JOILSON JOSE DA SILVA"""
"=""06948636000146""";HECKMANN E BOVE LTDA.;PESSOA JURIDICA;ICMS;"=""2061542300080""";"=""20260000005738""";14022869;1110;Efetivada;23/03/2026 12:02:50;25/03/2026 18:05:18;30/03/2026;145;R$ 772,37;R$ 233.382,39;R$ 111.994,30;STT;"=""00828686114 - GEOVANA REZENDE ABDON FRAGOSO OLIVEIRA""";Não atribuído
"=""06948636000146""";HECKMANN E BOVE LTDA.;PESSOA JURIDICA;ICMS;"=""4012000768532""";"=""20260000005734""";14022710;1110;Efetivada;23/03/2026 12:02:50;27/03/2026 18:05:46;30/03/2026;145;R$ 1.519,37;R$ 346.459,35;R$ 220.308,11;STT;"=""00828686114 - GEOVANA REZENDE ABDON FRAGOSO OLIVEIRA""";Não atribuído
"=""06948636000146""";HECKMANN E BOVE LTDA.;PESSOA JURIDICA;ICMS;"=""4012300105407""";"=""20260000005737""";14022729;1110;Efetivada;23/03/2026 12:02:50;27/03/2026 18:05:53;30/03/2026;145;R$ 1.250,12;R$ 253.663,62;R$ 181.267,54;STT;"=""00828686114 - GEOVANA REZENDE ABDON FRAGOSO OLIVEIRA""";Não atribuído
"=""06948636000146""";HECKMANN E BOVE LTDA.;PESSOA JURIDICA;ICMS;"=""4011901785005""";"=""20260000005742""";14022745;1110;Efetivada;23/03/2026 12:02:50;27/03/2026 18:06:01;30/03/2026;145;R$ 893,27;R$ 208.116,88;R$ 129.524,02;STT;"=""00828686114 - GEOVANA REZENDE ABDON FRAGOSO OLIVEIRA""";Não atribuído
"=""06948636000146""";HECKMANN E BOVE LTDA.;PESSOA JURIDICA;ICMS;"=""4011902023630""";"=""20260000005725""";14022753;1110;Efetivada;23/03/2026 12:02:50;27/03/2026 18:06:08;30/03/2026;145;R$ 335,96;R$ 77.919,28;R$ 48.714,78;STT;"=""00828686114 - GEOVANA REZENDE ABDON FRAGOSO OLIVEIRA""";Não atribuído
"=""06948636000146""";HECKMANN E BOVE LTDA.;PESSOA JURIDICA;ICMS;"=""4012001480052""";"=""20260000005727""";14022770;1110;Efetivada;23/03/2026 12:02:50;27/03/2026 18:06:15;30/03/2026;145;R$ 313,41;R$ 70.742,54;R$ 45.443,92;STT;"=""00828686114 - GEOVANA REZENDE ABDON FRAGOSO OLIVEIRA""";Não atribuído
"=""06948636000146""";HECKMANN E BOVE LTDA.;PESSOA JURIDICA;ICMS;"=""4012000264810""";"=""20260000005728""";14022788;1110;Efetivada;23/03/2026 12:02:50;27/03/2026 18:06:22;30/03/2026;145;R$ 322,08;R$ 81.722,74;R$ 46.701,38;STT;"=""00828686114 - GEOVANA REZENDE ABDON FRAGOSO OLIVEIRA""";Não atribuído
"=""06948636000146""";HECKMANN E BOVE LTDA.;PESSOA JURIDICA;ICMS;"=""4012001275807""";"=""20260000005739""";14022737;1110;Efetivada;23/03/2026 12:02:50;27/03/2026 18:06:29;30/03/2026;145;R$ 1.977,25;R$ 447.733,26;R$ 286.701,79;STT;"=""00828686114 - GEOVANA REZENDE ABDON FRAGOSO OLIVEIRA""";Não atribuído
"=""06948636000146""";HECKMANN E BOVE LTDA.;PESSOA JURIDICA;ICMS;"=""4011802000824""";"=""20260000005726""";14022761;1110;Efetivada;23/03/2026 12:02:50;27/03/2026 18:06:37;30/03/2026;145;R$ 542,48;R$ 130.840,77;R$ 78.658,88;STT;"=""00828686114 - GEOVANA REZENDE ABDON FRAGOSO OLIVEIRA""";Não atribuído
"=""06948636000146""";HECKMANN E BOVE LTDA.;PESSOA JURIDICA;ICMS;"=""4012001713251""";"=""20260000005733""";14022796;1110;Efetivada;23/03/2026 12:02:50;27/03/2026 18:06:44;30/03/2026;145;R$ 327,14;R$ 73.766,05;R$ 47.434,93;STT;"=""00828686114 - GEOVANA REZENDE ABDON FRAGOSO OLIVEIRA""";Não atribuído
"=""06948636000146""";HECKMANN E BOVE LTDA.;PESSOA JURIDICA;ICMS;"=""4011802656215""";"=""20260000005731""";14022842;1110;Efetivada;23/03/2026 12:02:50;27/03/2026 18:06:51;30/03/2026;145;R$ 842,25;R$ 201.502,40;R$ 122.126,61;STT;"=""00828686114 - GEOVANA REZENDE ABDON FRAGOSO OLIVEIRA""";Não atribuído
"=""06948636000146""";HECKMANN E BOVE LTDA.;PESSOA JURIDICA;ICMS;"=""4011902460509""";"=""20260000005724""";14022834;1110;Efetivada;23/03/2026 12:02:50;27/03/2026 18:06:58;30/03/2026;145;R$ 871,52;R$ 201.228,92;R$ 126.370,09;STT;"=""00828686114 - GEOVANA REZENDE ABDON FRAGOSO OLIVEIRA""";Não atribuído
"=""06948636000146""";HECKMANN E BOVE LTDA.;PESSOA JURIDICA;ICMS;"=""4012000372973""";"=""20260000005741""";14022826;1110;Efetivada;23/03/2026 12:02:50;27/03/2026 18:07:05;30/03/2026;145;R$ 456,94;R$ 104.273,25;R$ 66.255,73;STT;"=""00828686114 - GEOVANA REZENDE ABDON FRAGOSO OLIVEIRA""";Não atribuído
"=""06948636000146""";HECKMANN E BOVE LTDA.;PESSOA JURIDICA;ICMS;"=""4012001817464""";"=""20260000005736""";14022818;1110;Efetivada;23/03/2026 12:02:50;27/03/2026 18:07:12;30/03/2026;145;R$ 956,82;R$ 215.409,68;R$ 138.739,53;STT;"=""00828686114 - GEOVANA REZENDE ABDON FRAGOSO OLIVEIRA""";Não atribuído
"=""06948636000146""";HECKMANN E BOVE LTDA.;PESSOA JURIDICA;ICMS;"=""4011901275821""";"=""20260000005732""";14022800;1110;Efetivada;23/03/2026 12:02:50;27/03/2026 18:07:20;30/03/2026;145;R$ 859,09;R$ 201.459,65;R$ 124.567,57;STT;"=""00828686114 - GEOVANA REZENDE ABDON FRAGOSO OLIVEIRA""";Não atribuído
"=""06948636000146""";HECKMANN E BOVE LTDA.;PESSOA JURIDICA;ICMS;"=""4011900555308""";"=""20260000005735""";14022850;1110;Efetivada;23/03/2026 12:02:50;27/03/2026 18:07:27;30/03/2026;145;R$ 748,85;R$ 176.665,16;R$ 108.583,19;STT;"=""00828686114 - GEOVANA REZENDE ABDON FRAGOSO OLIVEIRA""";Não atribuído
"=""06948636000146""";HECKMANN E BOVE LTDA.;PESSOA JURIDICA;ICMS;"=""4011900115170""";"=""20260000005730""";14022885;1110;Efetivada;23/03/2026 12:02:50;27/03/2026 18:07:34;30/03/2026;145;R$ 787,53;R$ 186.878,10;R$ 114.192,21;STT;"=""00828686114 - GEOVANA REZENDE ABDON FRAGOSO OLIVEIRA""";Não atribuído
"=""06948636000146""";HECKMANN E BOVE LTDA.;PESSOA JURIDICA;ICMS;"=""4012000264739""";"=""20260000005743""";14022907;1110;Efetivada;23/03/2026 12:02:50;27/03/2026 18:07:41;30/03/2026;145;R$ 353,95;R$ 94.371,33;R$ 51.322,24;STT;"=""00828686114 - GEOVANA REZENDE ABDON FRAGOSO OLIVEIRA""";Não atribuído
"=""06948636000146""";HECKMANN E BOVE LTDA.;PESSOA JURIDICA;ICMS;"=""4012000264909""";"=""20260000005740""";14022893;1110;Efetivada;23/03/2026 12:02:50;27/03/2026 18:07:49;30/03/2026;145;R$ 914,16;R$ 209.857,51;R$ 132.553,12;STT;"=""00828686114 - GEOVANA REZENDE ABDON FRAGOSO OLIVEIRA""";Não atribuído
"=""06948636000146""";HECKMANN E BOVE LTDA.;PESSOA JURIDICA;ICMS;"=""4011801521693""";"=""20260000005729""";14022877;1110;Efetivada;23/03/2026 12:02:50;27/03/2026 18:07:56;30/03/2026;113;R$ 300,79;R$ 57.336,92;R$ 33.989,52;STT;"=""00828686114 - GEOVANA REZENDE ABDON FRAGOSO OLIVEIRA""";Não atribuído
"=""06948636000146""";HECKMANN E BOVE LTDA.;PESSOA JURIDICA;ICMS;"=""4011501598070""";"=""20260000006960""";14243954;1291;Efetivada;12/05/2026 10:51:01;18/05/2026 12:00:44;19/05/2026;145;R$ 3.634,23;R$ 1.505.611,34;R$ 526.963,97;STT;"=""86123360159 - VERONICA ISSI SIMOES BASTOS""";Não atribuído
"=""06948636000146""";HECKMANN E BOVE LTDA.;PESSOA JURIDICA;ICMS;"=""4011402829325""";"=""20260000006961""";14243962;1291;Efetivada;12/05/2026 10:51:01;18/05/2026 12:00:51;19/05/2026;145;R$ 4.653,12;R$ 1.927.719,52;R$ 674.701,83;STT;"=""86123360159 - VERONICA ISSI SIMOES BASTOS""";Não atribuído
"=""07027294000194""";ROSEVON BATISTA SOUSA;PESSOA JURIDICA;ICMS;"=""2013586711174""";"=""20260000002755""";13837001;628;Efetivada;23/02/2026 11:50:13;23/02/2026 18:12:14;27/02/2026;1;R$ 224,86;R$ 450,73;R$ 224,86;STT;"=""00828686114 - GEOVANA REZENDE ABDON FRAGOSO OLIVEIRA""";Não atribuído
"=""07057849168""";FLAVIO STORTO;PESSOA FISICA;ITCD;"=""4012001173478""";"=""20260000001900""";13775782;455;Efetivada;13/02/2026 10:33:33;19/02/2026 18:02:28;20/02/2026;61;R$ 302,14;R$ 48.179,70;R$ 18.430,52;EXPRESSO;-;Não atribuído
"=""07207453736""";HALECSON STINGUEL;PESSOA FISICA;ICMS;"=""4012301312910""";"=""20260000000003""";13472135;25;Efetivada;07/01/2026 09:44:48;12/01/2026 18:00:00;14/01/2026;145;R$ 13.269,29;R$ 4.777.555,40;R$ 1.924.046,99;STT;"=""00001288130 - JOILSON JOSE DA SILVA""";Não atribuído
"=""07267639000187""";CARLA CORREA;PESSOA JURIDICA;ICMS;"=""4011800680011""";"=""20260000005637""";14016583;1098;Efetivada;19/03/2026 16:56:41;26/03/2026 12:05:39;26/03/2026;145;R$ 745,28;R$ 340.209,02;R$ 108.064,89;EXPRESSO;-;"=""70458480134 - RENATA VITORIA BONIFACIO E SOUZA"""
"=""07305338249""";JOAO IVAN BEZERRA DE ALMEIDA;PESSOA FISICA;IPVA;"=""2318003022253""";"=""20260000002272""";13810863;542;Efetivada;19/02/2026 12:03:12;23/02/2026 18:04:48;26/02/2026;4;R$ 1.405,80;R$ 10.177,09;R$ 5.623,20;EXPRESSO;-;"=""70458480134 - RENATA VITORIA BONIFACIO E SOUZA"""
"=""07360221803""";MARCELO DO MONTE;PESSOA FISICA;IPVA;"=""2300297622218""";"=""20260000003187""";13858734;704;Efetivada;25/02/2026 10:30:27;26/02/2026 12:07:33;27/02/2026;2;R$ 313,56;R$ 1.146,40;R$ 627,11;STT;"=""70458480134 - RENATA VITORIA BONIFACIO E SOUZA""";Não atribuído
"=""07412905000118""";MÁRCIO CAMILO DA SILVA;PESSOA JURIDICA;ICMS;"=""4021900140504""";"=""20260000006241""";14093502;1173;Efetivada;06/04/2026 11:45:35;07/04/2026 06:05:11;13/04/2026;10;R$ 309,40;R$ 9.952,87;R$ 3.094,03;EXPRESSO;-;"=""70458480134 - RENATA VITORIA BONIFACIO E SOUZA"""
"=""07548858000134""";BRASLUZ INDÚSTRIA COMÉRCIO E DISTRIBUIÇÃO DE  ALIMENTOS LTDA;PESSOA JURIDICA;ICMS;"=""4012201229906""";"=""20250000000018""";13388045;17;Efetivada;10/12/2025 15:54:07;;17/12/2025;145;R$ 9.509,83;R$ 1.911.024,36;R$ 1.378.926,00;STT;"=""00001288130 - JOILSON JOSE DA SILVA""";Não atribuído
"=""07548858000134""";BRASLUZ INDÚSTRIA COMÉRCIO E DISTRIBUIÇÃO DE  ALIMENTOS LTDA;PESSOA JURIDICA;ICMS;"=""4012200172404""";"=""20250000000019""";13388053;17;Efetivada;10/12/2025 15:54:07;;17/12/2025;145;R$ 48.053,28;R$ 10.417.427,61;R$ 6.967.726,00;STT;"=""00001288130 - JOILSON JOSE DA SILVA""";Não atribuído
"=""07548858000134""";BRASLUZ INDÚSTRIA COMÉRCIO E DISTRIBUIÇÃO DE  ALIMENTOS LTDA;PESSOA JURIDICA;ICMS;"=""4012200852545""";"=""20250000000020""";13388061;17;Efetivada;10/12/2025 15:54:07;;17/12/2025;145;R$ 13.274,05;R$ 2.738.738,46;R$ 1.924.736,62;STT;"=""00001288130 - JOILSON JOSE DA SILVA""";Não atribuído
"=""07548858000134""";BRASLUZ INDÚSTRIA COMÉRCIO E DISTRIBUIÇÃO DE  ALIMENTOS LTDA;PESSOA JURIDICA;ICMS;"=""4012400282300""";"=""20250000000021""";13388096;17;Efetivada;10/12/2025 15:54:07;;17/12/2025;145;R$ 23.852,93;R$ 4.359.044,26;R$ 3.458.675,09;STT;"=""00001288130 - JOILSON JOSE DA SILVA""";Não atribuído
"=""07548858000134""";BRASLUZ INDÚSTRIA COMÉRCIO E DISTRIBUIÇÃO DE  ALIMENTOS LTDA;PESSOA JURIDICA;ICMS;"=""4012400377271""";"=""20250000000022""";13388070;17;Efetivada;10/12/2025 15:54:07;;17/12/2025;145;R$ 3.809,49;R$ 677.544,84;R$ 552.376,36;STT;"=""00001288130 - JOILSON JOSE DA SILVA""";Não atribuído
"=""07548858000134""";BRASLUZ INDÚSTRIA COMÉRCIO E DISTRIBUIÇÃO DE  ALIMENTOS LTDA;PESSOA JURIDICA;ICMS;"=""4012400847332""";"=""20250000000023""";13388088;17;Efetivada;10/12/2025 15:54:07;;17/12/2025;145;R$ 13.548,47;R$ 2.328.887,54;R$ 1.964.527,64;STT;"=""00001288130 - JOILSON JOSE DA SILVA""";Não atribuído
"=""07548858000134""";BRASLUZ INDÚSTRIA COMÉRCIO E DISTRIBUIÇÃO DE  ALIMENTOS LTDA;PESSOA JURIDICA;ICMS;"=""2003780666602""";"=""20260000005454""";14005255;1064;Efetivada;16/03/2026 14:57:39;19/03/2026 18:08:14;23/03/2026;145;R$ 5.807,83;R$ 1.168.411,77;R$ 842.135,00;EXPRESSO;-;"=""86123360159 - VERONICA ISSI SIMOES BASTOS"""
"=""07548858000134""";BRASLUZ INDÚSTRIA COMÉRCIO E DISTRIBUIÇÃO DE  ALIMENTOS LTDA;PESSOA JURIDICA;ICMS;"=""2004094666656""";"=""20260000005455""";14005263;1064;Efetivada;16/03/2026 14:57:39;19/03/2026 18:08:20;23/03/2026;145;R$ 5.080,53;R$ 1.013.343,40;R$ 736.677,00;EXPRESSO;-;"=""86123360159 - VERONICA ISSI SIMOES BASTOS"""
"=""07548858000134""";BRASLUZ INDÚSTRIA COMÉRCIO E DISTRIBUIÇÃO DE  ALIMENTOS LTDA;PESSOA JURIDICA;ICMS;"=""2004417966672""";"=""20260000005456""";14005271;1064;Efetivada;16/03/2026 14:57:39;19/03/2026 18:08:22;23/03/2026;145;R$ 4.550,75;R$ 900.074,06;R$ 659.859,00;EXPRESSO;-;"=""86123360159 - VERONICA ISSI SIMOES BASTOS"""
"=""07548858000134""";BRASLUZ INDÚSTRIA COMÉRCIO E DISTRIBUIÇÃO DE  ALIMENTOS LTDA;PESSOA JURIDICA;ICMS;"=""4012300204650""";"=""20260000005451""";14005301;1064;Efetivada;16/03/2026 14:57:39;19/03/2026 18:08:27;23/03/2026;145;R$ 13.079,63;R$ 2.641.418,93;R$ 1.896.546,00;EXPRESSO;-;"=""86123360159 - VERONICA ISSI SIMOES BASTOS"""
"=""07548858000134""";BRASLUZ INDÚSTRIA COMÉRCIO E DISTRIBUIÇÃO DE  ALIMENTOS LTDA;PESSOA JURIDICA;ICMS;"=""4012300372790""";"=""20260000005452""";14005310;1064;Efetivada;16/03/2026 14:57:39;19/03/2026 18:08:29;23/03/2026;145;R$ 4.200,45;R$ 836.125,46;R$ 609.065,75;EXPRESSO;-;"=""86123360159 - VERONICA ISSI SIMOES BASTOS"""
"=""07548858000134""";BRASLUZ INDÚSTRIA COMÉRCIO E DISTRIBUIÇÃO DE  ALIMENTOS LTDA;PESSOA JURIDICA;ICMS;"=""2004870066696""";"=""20260000005457""";14005247;1064;Efetivada;16/03/2026 14:57:39;19/03/2026 18:08:34;23/03/2026;145;R$ 4.635,63;R$ 908.312,71;R$ 672.167,01;EXPRESSO;-;"=""86123360159 - VERONICA ISSI SIMOES BASTOS"""
"=""07548858000134""";BRASLUZ INDÚSTRIA COMÉRCIO E DISTRIBUIÇÃO DE  ALIMENTOS LTDA;PESSOA JURIDICA;ICMS;"=""4012200625565""";"=""20260000005449""";14005280;1064;Efetivada;16/03/2026 14:57:39;19/03/2026 18:08:36;23/03/2026;145;R$ 13.599,68;R$ 2.930.851,31;R$ 1.971.954,00;EXPRESSO;-;"=""86123360159 - VERONICA ISSI SIMOES BASTOS"""
"=""07548858000134""";BRASLUZ INDÚSTRIA COMÉRCIO E DISTRIBUIÇÃO DE  ALIMENTOS LTDA;PESSOA JURIDICA;ICMS;"=""4012200978050""";"=""20260000005450""";14005298;1064;Efetivada;16/03/2026 14:57:39;19/03/2026 18:08:43;23/03/2026;145;R$ 4.868,46;R$ 1.013.356,92;R$ 705.926,10;EXPRESSO;-;"=""86123360159 - VERONICA ISSI SIMOES BASTOS"""
"=""07548858000134""";BRASLUZ INDÚSTRIA COMÉRCIO E DISTRIBUIÇÃO DE  ALIMENTOS LTDA;PESSOA JURIDICA;ICMS;"=""4012401276452""";"=""20260000005453""";14005328;1064;Efetivada;16/03/2026 14:57:39;19/03/2026 18:08:47;23/03/2026;145;R$ 1.105,66;R$ 261.225,44;R$ 160.320,02;EXPRESSO;-;"=""86123360159 - VERONICA ISSI SIMOES BASTOS"""
"=""07548858000134""";BRASLUZ INDÚSTRIA COMÉRCIO E DISTRIBUIÇÃO DE  ALIMENTOS LTDA;PESSOA JURIDICA;ICMS;"=""2005182566619""";"=""20260000005458""";14005352;1065;Efetivada;16/03/2026 14:59:28;19/03/2026 18:08:50;23/03/2026;145;R$ 5.409,18;R$ 1.049.151,71;R$ 784.330,41;EXPRESSO;-;"=""86123360159 - VERONICA ISSI SIMOES BASTOS"""
"=""07548858000134""";BRASLUZ INDÚSTRIA COMÉRCIO E DISTRIBUIÇÃO DE  ALIMENTOS LTDA;PESSOA JURIDICA;ICMS;"=""2005800766638""";"=""20260000005459""";14005360;1065;Efetivada;16/03/2026 14:59:28;19/03/2026 18:08:54;23/03/2026;145;R$ 6.176,72;R$ 1.186.200,44;R$ 895.624,15;EXPRESSO;-;"=""86123360159 - VERONICA ISSI SIMOES BASTOS"""
"=""07548858000134""";BRASLUZ INDÚSTRIA COMÉRCIO E DISTRIBUIÇÃO DE  ALIMENTOS LTDA;PESSOA JURIDICA;Pena Pecuniária;"=""4011701771930""";"=""20260000005448""";14005239;1064;Efetivada;16/03/2026 14:57:39;19/03/2026 18:08:12;23/03/2026;145;R$ 5.905,94;R$ 2.854.535,80;R$ 856.360,74;EXPRESSO;-;"=""86123360159 - VERONICA ISSI SIMOES BASTOS"""
"=""07645606894""";GILMAR PAES DA COSTA;PESSOA FISICA;IPVA;"=""2039587922210""";"=""20260000000455""";13671405;157;Efetivada;04/02/2026 15:38:26;09/02/2026 06:02:59;11/02/2026;1;R$ 2.196,30;R$ 4.152,23;R$ 2.196,30;STT;"=""00001288130 - JOILSON JOSE DA SILVA""";Não atribuído
"=""07645606894""";GILMAR PAES DA COSTA;PESSOA FISICA;IPVA;"=""2082072622232""";"=""20260000000456""";13671413;157;Efetivada;04/02/2026 15:38:26;09/02/2026 06:02:59;11/02/2026;1;R$ 2.114,85;R$ 3.917,68;R$ 2.114,85;STT;"=""00001288130 - JOILSON JOSE DA SILVA""";Não atribuído
"=""07666096852""";MARCELLO ALA RORIZ;PESSOA FISICA;IPVA;"=""2393135822289""";"=""20260000003988""";13892363;805;Efetivada;02/03/2026 10:54:26;02/03/2026 18:06:30;09/03/2026;1;R$ 2.525,06;R$ 4.221,48;R$ 2.525,06;STT;"=""00828686114 - GEOVANA REZENDE ABDON FRAGOSO OLIVEIRA""";Não atribuído
"=""07728719149""";RUBENS MARTINS BRAZ;PESSOA FISICA;ICMS;"=""4011501260622""";"=""20260000006203""";14068028;1166;Efetivada;31/03/2026 10:34:24;31/03/2026 18:13:31;31/03/2026;102;R$ 302,42;R$ 102.821,88;R$ 30.846,56;STT;"=""00828686114 - GEOVANA REZENDE ABDON FRAGOSO OLIVEIRA""";Não atribuído
"=""07728719149""";RUBENS MARTINS BRAZ;PESSOA FISICA;ICMS;"=""4011401841674""";"=""20260000006204""";14068044;1166;Efetivada;31/03/2026 10:34:24;31/03/2026 18:13:52;31/03/2026;58;R$ 303,06;R$ 58.591,82;R$ 17.577,55;STT;"=""00828686114 - GEOVANA REZENDE ABDON FRAGOSO OLIVEIRA""";Não atribuído
"=""07728719149""";RUBENS MARTINS BRAZ;PESSOA FISICA;IPVA;"=""2343038822281""";"=""20260000006206""";14068036;1166;Efetivada;31/03/2026 10:34:24;01/04/2026 17:57:27;31/03/2026;1;R$ 110,43;R$ 188,81;R$ 110,43;STT;"=""00828686114 - GEOVANA REZENDE ABDON FRAGOSO OLIVEIRA""";Não atribuído
"=""07728719149""";RUBENS MARTINS BRAZ;PESSOA FISICA;IPVA;"=""2279780322205""";"=""20260000006205""";14068052;1166;Efetivada;31/03/2026 10:34:24;01/04/2026 18:02:33;31/03/2026;1;R$ 87,66;R$ 161,30;R$ 87,66;STT;"=""00828686114 - GEOVANA REZENDE ABDON FRAGOSO OLIVEIRA""";Não atribuído
"=""07743589633""";JANE SWERTES SALGADO;PESSOA FISICA;IPVA;"=""2314894122223""";"=""20260000005316""";13974130;1043;Efetivada;12/03/2026 15:52:41;12/03/2026 18:12:20;19/03/2026;4;R$ 364,91;R$ 2.669,58;R$ 1.459,65;STT;"=""05276651183 - LUIZA HELENA LIMA ALVARENGA""";"=""70458480134 - RENATA VITORIA BONIFACIO E SOUZA"""
"=""07782490000174""";CIDADE LIMPA PRESTACAO DE SERVICOS DE LIMPEZA URBANA LTDA;PESSOA JURIDICA;IPVA;"=""2044241522296""";"=""20260000005544""";14009862;1087;Efetivada;19/03/2026 10:15:01;25/03/2026 18:02:27;26/03/2026;2;R$ 446,86;R$ 1.696,24;R$ 893,72;EXPRESSO;-;"=""70458480134 - RENATA VITORIA BONIFACIO E SOUZA"""
"=""07782490000174""";CIDADE LIMPA PRESTACAO DE SERVICOS DE LIMPEZA URBANA LTDA;PESSOA JURIDICA;IPVA;"=""2332104222296""";"=""20260000005546""";14009889;1087;Efetivada;19/03/2026 10:15:01;25/03/2026 18:02:34;26/03/2026;2;R$ 434,98;R$ 1.591,06;R$ 869,95;EXPRESSO;-;"=""70458480134 - RENATA VITORIA BONIFACIO E SOUZA"""
"=""07782490000174""";CIDADE LIMPA PRESTACAO DE SERVICOS DE LIMPEZA URBANA LTDA;PESSOA JURIDICA;IPVA;"=""2384404022201""";"=""20260000005547""";14009854;1087;Efetivada;19/03/2026 10:15:01;25/03/2026 18:02:34;26/03/2026;3;R$ 371,54;R$ 1.878,42;R$ 1.114,61;EXPRESSO;-;"=""70458480134 - RENATA VITORIA BONIFACIO E SOUZA"""
"=""07782490000174""";CIDADE LIMPA PRESTACAO DE SERVICOS DE LIMPEZA URBANA LTDA;PESSOA JURIDICA;IPVA;"=""2106252022285""";"=""20260000005545""";14009870;1087;Efetivada;19/03/2026 10:15:01;25/03/2026 18:02:41;26/03/2026;2;R$ 439,68;R$ 1.638,08;R$ 879,35;EXPRESSO;-;"=""70458480134 - RENATA VITORIA BONIFACIO E SOUZA"""
"=""07783008000110""";JR COMERCIO E EMPREENDIMENTOS DE SECOS E MOLHADOS LTDA - ME;PESSOA JURIDICA;ICMS;"=""2005064811184""";"=""20260000000431""";13670778;151;Efetivada;04/02/2026 15:12:01;05/02/2026 18:04:20;11/02/2026;57;R$ 305,07;R$ 41.994,99;R$ 17.388,89;STT;"=""00001288130 - JOILSON JOSE DA SILVA""";Não atribuído
"=""07783008000110""";JR COMERCIO E EMPREENDIMENTOS DE SECOS E MOLHADOS LTDA - ME;PESSOA JURIDICA;ICMS;"=""2009419511142""";"=""20260000000432""";13670786;151;Efetivada;04/02/2026 15:12:01;05/02/2026 18:04:26;11/02/2026;96;R$ 301,68;R$ 72.395,64;R$ 28.961,26;STT;"=""00001288130 - JOILSON JOSE DA SILVA""";Não atribuído
"=""07896383551""";MARIA ELIANE ALVES BEZERRA DESIDERIO;PESSOA FISICA;IPVA;"=""2386981122296""";"=""20260000002134""";13796305;508;Efetivada;17/02/2026 22:37:33;23/02/2026 06:03:38;24/02/2026;1;R$ 209,70;R$ 350,89;R$ 209,70;EXPRESSO;-;"=""70458480134 - RENATA VITORIA BONIFACIO E SOUZA"""
"=""08079473854""";ADAIR LAERTE MENEZES BRANDOLEZ;PESSOA FISICA;ICMS;"=""4012201093150""";"=""20260000000051""";13712764;40;Efetivada;02/02/2026 15:35:32;09/02/2026 12:10:27;09/02/2026;48;R$ 641,72;R$ 94.720,56;R$ 30.802,39;EXPRESSO;-;"=""86123360159 - VERONICA ISSI SIMOES BASTOS"""
"=""08079473854""";ADAIR LAERTE MENEZES BRANDOLEZ;PESSOA FISICA;ICMS;"=""4012201093079""";"=""20260000000050""";13712756;40;Efetivada;02/02/2026 15:35:32;09/02/2026 12:10:33;09/02/2026;48;R$ 886,67;R$ 132.514,51;R$ 42.559,94;EXPRESSO;-;"=""86123360159 - VERONICA ISSI SIMOES BASTOS"""
"=""08103687731""";LARA TAVARES NEIVA;PESSOA FISICA;ICMS;"=""4012100745860""";"=""20260000004984""";13949071;993;Efetivada;09/03/2026 17:37:57;23/04/2026 18:32:20;16/03/2026;1;R$ 3.407,73;R$ 10.494,43;R$ 3.407,73;EXPRESSO;-;"=""70458480134 - RENATA VITORIA BONIFACIO E SOUZA"""
"=""08303560000208""";DONNA BELLA CALÇADOS E ACESSORIOS LTDA;PESSOA JURIDICA;Pena Pecuniária;"=""4012001847029""";"=""20260000001533""";13749480;371;Efetivada;11/02/2026 11:15:27;11/02/2026 18:06:41;18/02/2026;7;R$ 317,89;R$ 7.417,49;R$ 2.225,25;STT;"=""03447962135 - LUCAS CARDOSO FRANCO""";Não atribuído
"=""08329320197""";ADEVAL LEANDRO CHAVES;PESSOA FISICA;IPVA;"=""2320058022206""";"=""20260000005288""";13969331;1039;Efetivada;12/03/2026 09:33:20;09/04/2026 12:50:58;19/03/2026;1;R$ 367,88;R$ 670,21;R$ 367,88;STT;"=""03447962135 - LUCAS CARDOSO FRANCO""";Não atribuído
"=""08329320197""";ADEVAL LEANDRO CHAVES;PESSOA FISICA;IPVA;"=""2392829522230""";"=""20260000005289""";13969358;1039;Efetivada;12/03/2026 09:33:20;09/04/2026 12:50:58;19/03/2026;1;R$ 447,15;R$ 747,54;R$ 447,15;STT;"=""03447962135 - LUCAS CARDOSO FRANCO""";Não atribuído
"=""08329320197""";ADEVAL LEANDRO CHAVES;PESSOA FISICA;IPVA;"=""2393928022269""";"=""20260000005290""";13969340;1039;Efetivada;12/03/2026 09:33:20;09/04/2026 12:50:58;19/03/2026;1;R$ 59,67;R$ 99,75;R$ 59,67;STT;"=""03447962135 - LUCAS CARDOSO FRANCO""";Não atribuído
"=""08355194000150""";FR INOX E REFRIGERACAO LTDA;PESSOA JURIDICA;ICMS;"=""4012200968500""";"=""20260000004082""";13897551;825;Efetivada;02/03/2026 16:18:23;02/03/2026 18:08:21;09/03/2026;1;R$ 1.190,00;R$ 3.416,49;R$ 1.190,00;STT;"=""04364786179 - SARAH BADI CARVALHO""";Não atribuído
"=""08693795000253""";ITAOBI TRANSPORTES LTDA. EM RECUPERAÇÃO JUDICIAL ;PESSOA JURIDICA;ICMS;"=""4012300452808""";"=""20260000002019""";13803492;482;Efetivada;13/02/2026 16:38:27;19/02/2026 18:06:16;20/02/2026;145;R$ 821,44;R$ 160.260,05;R$ 119.108,14;EXPRESSO;-;"=""00001288130 - JOILSON JOSE DA SILVA"""
"=""08693795000253""";ITAOBI TRANSPORTES LTDA. EM RECUPERAÇÃO JUDICIAL ;PESSOA JURIDICA;ICMS;"=""2000597166685""";"=""20260000002020""";13803476;482;Efetivada;13/02/2026 16:38:27;19/02/2026 18:06:16;20/02/2026;145;R$ 1.946,50;R$ 423.499,65;R$ 282.242,79;EXPRESSO;-;"=""00001288130 - JOILSON JOSE DA SILVA"""
"=""08693795000253""";ITAOBI TRANSPORTES LTDA. EM RECUPERAÇÃO JUDICIAL ;PESSOA JURIDICA;ICMS;"=""2000597266639""";"=""20260000002021""";13803506;482;Efetivada;13/02/2026 16:38:27;19/02/2026 18:06:22;20/02/2026;145;R$ 978,84;R$ 208.673,94;R$ 141.931,89;EXPRESSO;-;"=""00001288130 - JOILSON JOSE DA SILVA"""
"=""08693795000253""";ITAOBI TRANSPORTES LTDA. EM RECUPERAÇÃO JUDICIAL ;PESSOA JURIDICA;ICMS;"=""2000597366692""";"=""20260000002022""";13803484;482;Efetivada;13/02/2026 16:38:27;19/02/2026 18:06:23;20/02/2026;145;R$ 548,56;R$ 116.151,68;R$ 79.540,70;EXPRESSO;-;"=""00001288130 - JOILSON JOSE DA SILVA"""
"=""08693795000253""";ITAOBI TRANSPORTES LTDA. EM RECUPERAÇÃO JUDICIAL ;PESSOA JURIDICA;ICMS;"=""2000597466646""";"=""20260000002023""";13803514;482;Efetivada;13/02/2026 16:38:27;19/02/2026 18:06:29;20/02/2026;145;R$ 746,78;R$ 157.096,38;R$ 108.282,59;EXPRESSO;-;"=""00001288130 - JOILSON JOSE DA SILVA"""
"=""08693795000920""";ITAOBI TRANSPORTES LTDA. - EM RECUPERAÇÃO JUDICIAL;PESSOA JURIDICA;ICMS;"=""2001783266692""";"=""20260000002010""";13803611;481;Efetivada;13/02/2026 16:35:49;19/02/2026 18:06:30;20/02/2026;145;R$ 1.206,79;R$ 257.268,84;R$ 174.984,25;EXPRESSO;-;"=""00001288130 - JOILSON JOSE DA SILVA"""
"=""08693795000920""";ITAOBI TRANSPORTES LTDA. - EM RECUPERAÇÃO JUDICIAL;PESSOA JURIDICA;ICMS;"=""2001783366646""";"=""20260000002011""";13803620;481;Efetivada;13/02/2026 16:35:49;19/02/2026 18:06:36;20/02/2026;145;R$ 784,34;R$ 166.076,92;R$ 113.729,51;EXPRESSO;-;"=""00001288130 - JOILSON JOSE DA SILVA"""
"=""08693795000920""";ITAOBI TRANSPORTES LTDA. - EM RECUPERAÇÃO JUDICIAL;PESSOA JURIDICA;ICMS;"=""2001783466608""";"=""20260000002012""";13803654;481;Efetivada;13/02/2026 16:35:49;19/02/2026 18:06:36;20/02/2026;145;R$ 995,87;R$ 209.497,01;R$ 144.401,03;EXPRESSO;-;"=""00001288130 - JOILSON JOSE DA SILVA"""
"=""08693795000920""";ITAOBI TRANSPORTES LTDA. - EM RECUPERAÇÃO JUDICIAL;PESSOA JURIDICA;ICMS;"=""2001783566653""";"=""20260000002013""";13803638;481;Efetivada;13/02/2026 16:35:49;19/02/2026 18:06:42;20/02/2026;2;R$ 351,00;R$ 1.010,78;R$ 702,00;EXPRESSO;-;"=""00001288130 - JOILSON JOSE DA SILVA"""
"=""08693795000920""";ITAOBI TRANSPORTES LTDA. - EM RECUPERAÇÃO JUDICIAL;PESSOA JURIDICA;ICMS;"=""4012300453014""";"=""20260000002009""";13803646;481;Efetivada;13/02/2026 16:35:49;19/02/2026 18:06:43;20/02/2026;145;R$ 747,81;R$ 145.876,07;R$ 108.432,62;EXPRESSO;-;"=""00001288130 - JOILSON JOSE DA SILVA"""
"=""08728058000168""";FORTALEZA AGRICOLA LTDA.;PESSOA JURIDICA;ICMS;"=""4011702988968""";"=""20250000000016""";13370545;15;Efetivada;04/12/2025 10:02:36;;11/12/2025;145;R$ 4.514,25;R$ 2.121.580,36;R$ 654.566,33;STT;"=""00001288130 - JOILSON JOSE DA SILVA""";Não atribuído
"=""08728058000400""";FORTALEZA AGRICOLA LTDA EM RECUPERAÇÃO JUDICIAL;PESSOA JURIDICA;ICMS;"=""4011702354608""";"=""20250000000015""";13370537;14;Efetivada;04/12/2025 10:01:08;;11/12/2025;145;R$ 1.944,17;R$ 906.359,36;R$ 281.905,25;STT;"=""00001288130 - JOILSON JOSE DA SILVA""";Não atribuído
"=""08759932000124""";J. A. BENTO - ISABELLA FASCHION ME;PESSOA JURIDICA;ICMS;"=""3034867028352""";"=""20260000001466""";13745336;362;Efetivada;11/02/2026 08:30:40;12/02/2026 06:04:49;18/02/2026;145;R$ 446,38;R$ 155.716,78;R$ 64.725,10;STT;"=""03447962135 - LUCAS CARDOSO FRANCO""";Não atribuído
"=""09081195000116""";POP 2 COMERCIAL FARMACÊUTICA LTDA - ME;PESSOA JURIDICA;ICMS;"=""2005697911146""";"=""20260000006193""";14067234;1165;Efetivada;31/03/2026 09:33:23;31/03/2026 18:13:17;31/03/2026;24;R$ 811,83;R$ 51.419,19;R$ 19.483,83;STT;"=""03447962135 - LUCAS CARDOSO FRANCO""";Não atribuído
"=""09081195000116""";POP 2 COMERCIAL FARMACÊUTICA LTDA - ME;PESSOA JURIDICA;ICMS;"=""4011700929883""";"=""20260000006194""";14067242;1165;Efetivada;31/03/2026 09:33:23;31/03/2026 18:13:24;31/03/2026;24;R$ 1.472,28;R$ 117.782,61;R$ 35.334,78;STT;"=""03447962135 - LUCAS CARDOSO FRANCO""";Não atribuído
"=""09312388622""";LEONARDO TEIXEIRA SILVA;PESSOA FISICA;IPVA;"=""2175622022236""";"=""20260000006330""";14117819;1192;Efetivada;10/04/2026 08:22:32;14/04/2026 12:03:44;17/04/2026;5;R$ 339,08;R$ 3.177,63;R$ 1.695,39;EXPRESSO;-;"=""70458480134 - RENATA VITORIA BONIFACIO E SOUZA"""
"=""09312388622""";LEONARDO TEIXEIRA SILVA;PESSOA FISICA;IPVA;"=""2333404322243""";"=""20260000006332""";14117827;1192;Efetivada;10/04/2026 08:22:32;14/04/2026 12:03:51;17/04/2026;6;R$ 325,83;R$ 3.296,80;R$ 1.954,99;EXPRESSO;-;"=""70458480134 - RENATA VITORIA BONIFACIO E SOUZA"""
"=""09312388622""";LEONARDO TEIXEIRA SILVA;PESSOA FISICA;IPVA;"=""2009587422208""";"=""20260000006329""";14117800;1192;Efetivada;10/04/2026 08:22:32;14/04/2026 12:03:57;17/04/2026;5;R$ 346,02;R$ 3.293,87;R$ 1.730,09;EXPRESSO;-;"=""70458480134 - RENATA VITORIA BONIFACIO E SOUZA"""
"=""09312388622""";LEONARDO TEIXEIRA SILVA;PESSOA FISICA;IPVA;"=""2322995422207""";"=""20260000006331""";14117835;1192;Efetivada;10/04/2026 08:22:32;14/04/2026 12:04:04;17/04/2026;5;R$ 320,10;R$ 2.939,06;R$ 1.600,49;EXPRESSO;-;"=""70458480134 - RENATA VITORIA BONIFACIO E SOUZA"""
"=""09367645000131""";LOURIMAR LEANDRO DE SOUSA;PESSOA JURIDICA;ICMS;"=""4011304867567""";"=""20260000005483""";13994603;1072;Efetivada;17/03/2026 10:04:03;24/03/2026 18:03:18;24/03/2026;43;R$ 305,42;R$ 43.777,43;R$ 13.133,23;STT;"=""00901455180 - DANIEL BENKE AFONSO""";Não atribuído
"=""09367645000131""";LOURIMAR LEANDRO DE SOUSA;PESSOA JURIDICA;ICMS;"=""2021075711102""";"=""20260000005484""";13994590;1072;Efetivada;17/03/2026 10:04:03;09/04/2026 12:50:59;24/03/2026;1;R$ 286,07;R$ 516,01;R$ 286,07;STT;"=""00901455180 - DANIEL BENKE AFONSO""";Não atribuído
"=""09423004000157""";MULLER'S BRINQUEDOS LTDA;PESSOA JURIDICA;ICMS;"=""4011900163655""";"=""20260000001761""";13767640;432;Efetivada;12/02/2026 15:19:19;18/02/2026 18:03:20;19/02/2026;145;R$ 728,95;R$ 319.834,51;R$ 105.698,27;STT;"=""00001288130 - JOILSON JOSE DA SILVA""";Não atribuído
"=""09499610197""";ADEVANDRO ALVES MONTEIRO ;PESSOA FISICA;IPVA;"=""2371851822265""";"=""20260000002337""";13849115;555;Efetivada;19/02/2026 17:32:02;24/02/2026 18:13:09;26/02/2026;5;R$ 344,90;R$ 2.885,59;R$ 1.724,52;STT;"=""00001288130 - JOILSON JOSE DA SILVA""";"=""00001288130 - JOILSON JOSE DA SILVA"""
"=""09599574000100""";CONFECÇÃO FELICIDADE LTDA;PESSOA JURIDICA;Pena Pecuniária;"=""2135530800020""";"=""20260000002228""";13805070;532;Efetivada;18/02/2026 20:42:32;23/02/2026 12:05:51;25/02/2026;59;R$ 302,74;R$ 59.538,58;R$ 17.861,57;EXPRESSO;-;"=""70458480134 - RENATA VITORIA BONIFACIO E SOUZA"""
"=""09659963440""";JOCELIO WALTER SANTOS NUNES;PESSOA FISICA;IPVA;"=""2314107722275""";"=""20260000006618""";14176270;1234;Efetivada;24/04/2026 12:49:33;01/05/2026 12:02:09;30/04/2026;1;R$ 179,85;R$ 331,54;R$ 179,85;EXPRESSO;-;"=""70458480134 - RENATA VITORIA BONIFACIO E SOUZA"""
"=""09659963440""";JOCELIO WALTER SANTOS NUNES;PESSOA FISICA;IPVA;"=""2386806122207""";"=""20260000006619""";14176289;1234;Efetivada;24/04/2026 12:49:33;01/05/2026 12:02:21;30/04/2026;1;R$ 216,93;R$ 368,74;R$ 216,93;EXPRESSO;-;"=""70458480134 - RENATA VITORIA BONIFACIO E SOUZA"""
"=""09945927795""";MARIELI PONTES MONSORES;PESSOA FISICA;IPVA;"=""2342178022204""";"=""20260000002529""";13830457;589;Efetivada;20/02/2026 18:52:55;25/02/2026 18:03:52;27/02/2026;4;R$ 370,00;R$ 2.512,68;R$ 1.480,01;EXPRESSO;-;"=""70458480134 - RENATA VITORIA BONIFACIO E SOUZA"""
"=""10144552191""";WILER MONTEIRO DE SOUZA;PESSOA FISICA;IPVA;"=""2329489522201""";"=""20260000000138""";13663682;83;Efetivada;03/02/2026 11:14:01;05/02/2026 18:03:28;10/02/2026;4;R$ 359,90;R$ 2.605,41;R$ 1.439,58;EXPRESSO;-;"=""86123360159 - VERONICA ISSI SIMOES BASTOS"""
"=""10417945000167""";RODOLFO DE PAULO PEREIRA;PESSOA JURIDICA;ICMS;"=""2009638011153""";"=""20260000005296""";13969684;1040;Efetivada;12/03/2026 09:56:57;13/03/2026 12:10:52;19/03/2026;22;R$ 309,71;R$ 16.291,92;R$ 6.813,51;STT;"=""03447962135 - LUCAS CARDOSO FRANCO""";Não atribuído
"=""10417945000167""";RODOLFO DE PAULO PEREIRA;PESSOA JURIDICA;ICMS;"=""4011601532837""";"=""20260000005294""";13969692;1040;Efetivada;12/03/2026 09:56:57;13/03/2026 12:10:59;19/03/2026;145;R$ 845,04;R$ 408.436,55;R$ 122.530,96;STT;"=""03447962135 - LUCAS CARDOSO FRANCO""";Não atribuído
"=""10417945000167""";RODOLFO DE PAULO PEREIRA;PESSOA JURIDICA;ICMS;"=""4011701647687""";"=""20260000005295""";13969714;1040;Efetivada;12/03/2026 09:56:57;13/03/2026 12:11:05;19/03/2026;145;R$ 532,96;R$ 257.598,80;R$ 77.279,64;STT;"=""03447962135 - LUCAS CARDOSO FRANCO""";Não atribuído
"=""10417945000167""";RODOLFO DE PAULO PEREIRA;PESSOA JURIDICA;ICMS;"=""2009637911100""";"=""20260000005297""";13969706;1040;Efetivada;12/03/2026 09:56:57;18/03/2026 18:05:46;19/03/2026;84;R$ 302,96;R$ 62.296,84;R$ 25.448,96;STT;"=""03447962135 - LUCAS CARDOSO FRANCO""";Não atribuído
"=""10431659320""";JOZIEL REIS CORDEIRO;PESSOA FISICA;IPVA;"=""2336998422208""";"=""20260000004017""";13895907;813;Efetivada;02/03/2026 14:03:29;10/03/2026 12:00:13;09/03/2026;3;R$ 340,17;R$ 1.706,11;R$ 1.020,51;EXPRESSO;-;"=""70458480134 - RENATA VITORIA BONIFACIO E SOUZA"""
"=""10607820144""";ADEVENTINO MOREIRA DE SOUZA;PESSOA FISICA;IPVA;"=""2332894122256""";"=""20260000004286""";13907557;857;Efetivada;03/03/2026 15:13:45;04/03/2026 12:06:43;10/03/2026;3;R$ 369,11;R$ 1.851,28;R$ 1.107,33;EXPRESSO;-;"=""70458480134 - RENATA VITORIA BONIFACIO E SOUZA"""
"=""10625733665""";VIGMAR VALERIO DA SILVA JUNIOR;PESSOA FISICA;IPVA;"=""2319133222218""";"=""20260000002992""";13849883;668;Efetivada;24/02/2026 12:01:07;25/02/2026 06:10:27;27/02/2026;1;R$ 871,99;R$ 1.578,17;R$ 871,99;EXPRESSO;-;"=""70458480134 - RENATA VITORIA BONIFACIO E SOUZA"""
"=""10625733665""";VIGMAR VALERIO DA SILVA JUNIOR;PESSOA FISICA;IPVA;"=""2392596522276""";"=""20260000002993""";13849891;668;Efetivada;24/02/2026 12:01:07;25/02/2026 06:10:34;27/02/2026;1;R$ 1.231,16;R$ 2.043,52;R$ 1.231,16;EXPRESSO;-;"=""70458480134 - RENATA VITORIA BONIFACIO E SOUZA"""
"=""10742290000100""";LEGITIMA COMERCIO DE PECAS LTDA - ME;PESSOA JURIDICA;ICMS;"=""2005703011172""";"=""20260000007310""";14270374;1305;Efetivada;19/05/2026 11:44:37;22/05/2026 18:01:40;26/05/2026;145;R$ 336,79;R$ 102.802,15;R$ 48.834,34;STT;"=""03447962135 - LUCAS CARDOSO FRANCO""";Não atribuído
"=""10742290000100""";LEGITIMA COMERCIO DE PECAS LTDA - ME;PESSOA JURIDICA;ICMS;"=""2145350100044""";"=""20260000007309""";14270382;1305;Efetivada;19/05/2026 11:44:37;22/05/2026 18:01:47;26/05/2026;145;R$ 692,26;R$ 167.336,39;R$ 100.378,00;STT;"=""03447962135 - LUCAS CARDOSO FRANCO""";Não atribuído
"=""10742290000100""";LEGITIMA COMERCIO DE PECAS LTDA - ME;PESSOA JURIDICA;ICMS;"=""4011901244276""";"=""20260000007312""";14270404;1305;Efetivada;19/05/2026 11:44:37;22/05/2026 18:01:53;26/05/2026;145;R$ 603,81;R$ 291.843,56;R$ 87.553,07;STT;"=""03447962135 - LUCAS CARDOSO FRANCO""";Não atribuído
"=""10742290000100""";LEGITIMA COMERCIO DE PECAS LTDA - ME;PESSOA JURIDICA;ICMS;"=""2005796911128""";"=""20260000007311""";14270390;1305;Efetivada;19/05/2026 11:44:37;22/05/2026 18:02:07;26/05/2026;145;R$ 306,96;R$ 94.274,27;R$ 44.509,57;STT;"=""03447962135 - LUCAS CARDOSO FRANCO""";Não atribuído
"=""10935696000100"""; NDS SUPERMERCADO LTDA ;PESSOA JURIDICA;ICMS;"=""4021800150036""";"=""20260000006859""";14218470;1271;Efetivada;05/05/2026 16:51:07;12/05/2026 12:00:33;12/05/2026;145;R$ 1.591,40;R$ 406.080,94;R$ 230.752,53;STT;"=""03279141141 - VANESSA FRANCO DE OLIVEIRA""";Não atribuído
"=""10935696000100"""; NDS SUPERMERCADO LTDA ;PESSOA JURIDICA;ICMS;"=""4021800148210""";"=""20260000006861""";14218488;1271;Efetivada;05/05/2026 16:51:07;12/05/2026 12:00:40;12/05/2026;145;R$ 697,57;R$ 194.642,67;R$ 101.147,30;STT;"=""03279141141 - VANESSA FRANCO DE OLIVEIRA""";Não atribuído
"=""10935696000100"""; NDS SUPERMERCADO LTDA ;PESSOA JURIDICA;ICMS;"=""4021800151008""";"=""20260000006862""";14218496;1271;Efetivada;05/05/2026 16:51:07;12/05/2026 12:00:47;12/05/2026;145;R$ 1.948,89;R$ 479.438,76;R$ 282.588,63;STT;"=""03279141141 - VANESSA FRANCO DE OLIVEIRA""";Não atribuído
"=""10935696000100"""; NDS SUPERMERCADO LTDA ;PESSOA JURIDICA;ICMS;"=""4021800147590""";"=""20260000006863""";14218500;1271;Efetivada;05/05/2026 16:51:07;12/05/2026 12:00:53;12/05/2026;145;R$ 405,82;R$ 117.708,94;R$ 58.843,94;STT;"=""03279141141 - VANESSA FRANCO DE OLIVEIRA""";Não atribuído
"=""10935696000100"""; NDS SUPERMERCADO LTDA ;PESSOA JURIDICA;ICMS;"=""4011900123432""";"=""20260000006860""";14218518;1271;Efetivada;05/05/2026 16:51:07;12/05/2026 12:01:00;12/05/2026;145;R$ 312,21;R$ 75.747,24;R$ 45.270,89;STT;"=""03279141141 - VANESSA FRANCO DE OLIVEIRA""";Não atribuído
"=""10935696000100"""; NDS SUPERMERCADO LTDA ;PESSOA JURIDICA;ICMS;"=""4012300030210""";"=""20260000006864""";14218526;1271;Efetivada;05/05/2026 16:51:07;12/05/2026 12:01:07;12/05/2026;14;R$ 317,00;R$ 6.878,69;R$ 4.438,00;STT;"=""03279141141 - VANESSA FRANCO DE OLIVEIRA""";Não atribuído
"=""11212377000120""";LEONARDO TRINDADE TEIXEIRA LTDA;PESSOA JURIDICA;ICMS;"=""4011901707047""";"=""20260000003617""";13873385;744;Efetivada;26/02/2026 13:04:26;27/02/2026 12:08:25;27/02/2026;145;R$ 397,61;R$ 187.036,25;R$ 57.654,03;EXPRESSO;-;"=""70458480134 - RENATA VITORIA BONIFACIO E SOUZA"""
"=""11212377000120""";LEONARDO TRINDADE TEIXEIRA LTDA;PESSOA JURIDICA;ICMS;"=""2017478211100""";"=""20260000003615""";13873350;744;Efetivada;26/02/2026 13:04:26;27/02/2026 12:08:27;27/02/2026;43;R$ 300,28;R$ 24.075,05;R$ 12.911,94;EXPRESSO;-;"=""70458480134 - RENATA VITORIA BONIFACIO E SOUZA"""
"=""11212377000120""";LEONARDO TRINDADE TEIXEIRA LTDA;PESSOA JURIDICA;ICMS;"=""2017478111148""";"=""20260000003616""";13873377;744;Efetivada;26/02/2026 13:04:26;27/02/2026 12:08:32;27/02/2026;41;R$ 307,26;R$ 23.520,50;R$ 12.597,49;EXPRESSO;-;"=""70458480134 - RENATA VITORIA BONIFACIO E SOUZA"""
"=""11212377000120""";LEONARDO TRINDADE TEIXEIRA LTDA;PESSOA JURIDICA;ICMS;"=""2017478011194""";"=""20260000003619""";13873393;744;Efetivada;26/02/2026 13:04:26;27/02/2026 12:08:34;27/02/2026;42;R$ 307,03;R$ 24.113,40;R$ 12.895,15;EXPRESSO;-;"=""70458480134 - RENATA VITORIA BONIFACIO E SOUZA"""
"=""11212377000120""";LEONARDO TRINDADE TEIXEIRA LTDA;PESSOA JURIDICA;ICMS;"=""4012000479425""";"=""20260000003618""";13873369;744;Efetivada;26/02/2026 13:04:26;27/02/2026 12:08:40;27/02/2026;145;R$ 623,06;R$ 287.542,12;R$ 90.343,50;EXPRESSO;-;"=""70458480134 - RENATA VITORIA BONIFACIO E SOUZA"""
"=""11479769000150""";MULT PECAS COMERCIO DE PECAS E ACESSORIOS LTDA;PESSOA JURIDICA;ICMS;"=""4011601907156""";"=""20260000003451""";13884093;735;Efetivada;25/02/2026 17:57:34;28/02/2026 06:08:26;27/02/2026;145;R$ 380,34;R$ 183.830,43;R$ 55.149,13;EXPRESSO;-;"=""00001288130 - JOILSON JOSE DA SILVA"""
"=""11525147000111""";ALMEIDA BRASIL AUTO PEÇAS LTDA;PESSOA JURIDICA;Pena Pecuniária;"=""2136157200009""";"=""20260000002663""";13834355;612;Efetivada;23/02/2026 10:02:39;27/02/2026 18:02:16;27/02/2026;64;R$ 300,30;R$ 64.064,92;R$ 19.219,48;STT;"=""00001288130 - JOILSON JOSE DA SILVA""";Não atribuído
"=""11689440660""";SINDY DE OLIVEIRA LOPES;PESSOA FISICA;IPVA;"=""2291717222222""";"=""20260000001182""";13757334;295;Efetivada;09/02/2026 12:20:43;12/02/2026 18:07:06;18/02/2026;1;R$ 189,99;R$ 347,31;R$ 189,99;EXPRESSO;-;"=""86123360159 - VERONICA ISSI SIMOES BASTOS"""
"=""11689440660""";SINDY DE OLIVEIRA LOPES;PESSOA FISICA;IPVA;"=""2373114422287""";"=""20260000001183""";13757342;295;Efetivada;09/02/2026 12:20:43;12/02/2026 18:07:06;18/02/2026;1;R$ 234,18;R$ 391,85;R$ 234,18;EXPRESSO;-;"=""86123360159 - VERONICA ISSI SIMOES BASTOS"""
"=""11954210000135""";PEDREIRA CAMPO LIMPO LTDA.;PESSOA JURIDICA;ICMS;"=""4012200982597""";"=""20260000006436""";14130165;1204;Efetivada;13/04/2026 16:29:40;16/04/2026 12:06:05;20/04/2026;120;R$ 492,49;R$ 88.515,62;R$ 59.098,29;STT;"=""00001288130 - JOILSON JOSE DA SILVA""";Não atribuído
"=""11954210000135""";PEDREIRA CAMPO LIMPO LTDA.;PESSOA JURIDICA;ICMS;"=""4012001105715""";"=""20260000006444""";14130190;1204;Efetivada;13/04/2026 16:29:40;16/04/2026 12:06:12;20/04/2026;120;R$ 387,55;R$ 73.342,20;R$ 46.505,91;STT;"=""00001288130 - JOILSON JOSE DA SILVA""";Não atribuído
"=""11954210000135""";PEDREIRA CAMPO LIMPO LTDA.;PESSOA JURIDICA;ICMS;"=""2228020300020""";"=""20260000006443""";14130181;1204;Efetivada;13/04/2026 16:29:40;16/04/2026 12:06:19;20/04/2026;47;R$ 303,01;R$ 22.746,80;R$ 14.241,68;STT;"=""00001288130 - JOILSON JOSE DA SILVA""";Não atribuído
"=""11954210000135""";PEDREIRA CAMPO LIMPO LTDA.;PESSOA JURIDICA;ICMS;"=""2144355300060""";"=""20260000006439""";14130173;1204;Efetivada;13/04/2026 16:29:40;16/04/2026 12:06:26;20/04/2026;115;R$ 300,50;R$ 57.013,86;R$ 34.556,94;STT;"=""00001288130 - JOILSON JOSE DA SILVA""";Não atribuído
"=""11954210000135""";PEDREIRA CAMPO LIMPO LTDA.;PESSOA JURIDICA;ICMS;"=""4012100151480""";"=""20260000006441""";14130238;1204;Efetivada;13/04/2026 16:29:40;16/04/2026 12:06:33;20/04/2026;72;R$ 300,68;R$ 33.979,05;R$ 21.648,78;STT;"=""00001288130 - JOILSON JOSE DA SILVA""";Não atribuído
"=""11954210000135""";PEDREIRA CAMPO LIMPO LTDA.;PESSOA JURIDICA;ICMS;"=""4012000609574""";"=""20260000006442""";14130246;1204;Efetivada;13/04/2026 16:29:40;16/04/2026 12:06:40;20/04/2026;75;R$ 303,13;R$ 36.180,96;R$ 22.734,71;STT;"=""00001288130 - JOILSON JOSE DA SILVA""";Não atribuído
"=""11954210000135""";PEDREIRA CAMPO LIMPO LTDA.;PESSOA JURIDICA;ICMS;"=""2227794200082""";"=""20260000006438""";14130211;1204;Efetivada;13/04/2026 16:29:40;16/04/2026 12:06:47;20/04/2026;7;R$ 328,41;R$ 3.682,79;R$ 2.298,88;STT;"=""00001288130 - JOILSON JOSE DA SILVA""";Não atribuído
"=""11954210000135""";PEDREIRA CAMPO LIMPO LTDA.;PESSOA JURIDICA;ICMS;"=""2141385400076""";"=""20260000006437""";14130203;1204;Efetivada;13/04/2026 16:29:40;16/04/2026 12:06:54;20/04/2026;112;R$ 302,51;R$ 57.333,34;R$ 33.881,12;STT;"=""00001288130 - JOILSON JOSE DA SILVA""";Não atribuído
"=""11954210000135""";PEDREIRA CAMPO LIMPO LTDA.;PESSOA JURIDICA;ICMS;"=""2156102500013""";"=""20260000006440""";14130220;1204;Efetivada;13/04/2026 16:29:40;16/04/2026 12:07:00;20/04/2026;29;R$ 301,81;R$ 14.105,61;R$ 8.752,55;STT;"=""00001288130 - JOILSON JOSE DA SILVA""";Não atribuído
"=""12150537000117""";TICO MOTOS E AUTOS LTDA;PESSOA JURIDICA;Pena Pecuniária;"=""4011901512548""";"=""20260000001697""";13762524;409;Efetivada;12/02/2026 10:40:14;12/02/2026 18:08:33;19/02/2026;1;R$ 419,39;R$ 1.397,98;R$ 419,39;STT;"=""00828686114 - GEOVANA REZENDE ABDON FRAGOSO OLIVEIRA""";Não atribuído
"=""12150537000117""";TICO MOTOS E AUTOS LTDA;PESSOA JURIDICA;Pena Pecuniária;"=""4011901512629""";"=""20260000001695""";13762508;409;Efetivada;12/02/2026 10:40:14;12/02/2026 18:08:39;19/02/2026;1;R$ 374,82;R$ 1.249,41;R$ 374,82;STT;"=""00828686114 - GEOVANA REZENDE ABDON FRAGOSO OLIVEIRA""";Não atribuído
"=""12150537000117""";TICO MOTOS E AUTOS LTDA;PESSOA JURIDICA;Pena Pecuniária;"=""4011901512386""";"=""20260000001699""";13762540;409;Efetivada;12/02/2026 10:40:14;12/02/2026 18:08:39;19/02/2026;35;R$ 304,47;R$ 35.521,95;R$ 10.656,58;STT;"=""00828686114 - GEOVANA REZENDE ABDON FRAGOSO OLIVEIRA""";Não atribuído
"=""12150537000117""";TICO MOTOS E AUTOS LTDA;PESSOA JURIDICA;Pena Pecuniária;"=""4011901512467""";"=""20260000001696""";13762516;409;Efetivada;12/02/2026 10:40:14;12/02/2026 18:08:46;19/02/2026;3;R$ 374,83;R$ 3.748,33;R$ 1.124,50;STT;"=""00828686114 - GEOVANA REZENDE ABDON FRAGOSO OLIVEIRA""";Não atribuído
"=""12150537000117""";TICO MOTOS E AUTOS LTDA;PESSOA JURIDICA;Pena Pecuniária;"=""4011901510928""";"=""20260000001698""";13762532;409;Efetivada;12/02/2026 10:40:14;12/02/2026 18:08:46;19/02/2026;1;R$ 299,86;R$ 999,54;R$ 299,86;STT;"=""00828686114 - GEOVANA REZENDE ABDON FRAGOSO OLIVEIRA""";Não atribuído
"=""12210057000285""";ARAGUAIA TRANSPORTE E LOGISTICA LTDA;PESSOA JURIDICA;ICMS;"=""4011201619005""";"=""20260000000962""";13712691;251;Efetivada;06/02/2026 14:59:21;09/02/2026 12:10:13;13/02/2026;120;R$ 347,02;R$ 90.663,26;R$ 41.641,82;EXPRESSO;-;"=""86123360159 - VERONICA ISSI SIMOES BASTOS"""
"=""12210057000285""";ARAGUAIA TRANSPORTE E LOGISTICA LTDA;PESSOA JURIDICA;ICMS;"=""4011104286374""";"=""20260000000963""";13712705;251;Efetivada;06/02/2026 14:59:21;09/02/2026 12:10:20;13/02/2026;120;R$ 719,58;R$ 190.745,56;R$ 86.349,00;EXPRESSO;-;"=""86123360159 - VERONICA ISSI SIMOES BASTOS"""
"=""12210057000285""";ARAGUAIA TRANSPORTE E LOGISTICA LTDA;PESSOA JURIDICA;ICMS;"=""4011202912784""";"=""20260000000964""";13712721;251;Efetivada;06/02/2026 14:59:21;09/02/2026 12:10:20;13/02/2026;120;R$ 506,50;R$ 131.322,56;R$ 60.780,00;EXPRESSO;-;"=""86123360159 - VERONICA ISSI SIMOES BASTOS"""
"=""12210057000285""";ARAGUAIA TRANSPORTE E LOGISTICA LTDA;PESSOA JURIDICA;ICMS;"=""4011203741738""";"=""20260000000961""";13712713;251;Efetivada;06/02/2026 14:59:21;09/02/2026 12:10:27;13/02/2026;44;R$ 303,68;R$ 28.437,66;R$ 13.362,00;EXPRESSO;-;"=""86123360159 - VERONICA ISSI SIMOES BASTOS"""
"=""12326934000105""";"LATICINIO SAO FRANCISCO LTDA ""FALÊNCIA""";PESSOA JURIDICA;IPVA;"=""2037460122223""";"=""20260000005094""";13956671;1010;Efetivada;10/03/2026 15:46:39;09/04/2026 12:50:57;17/03/2026;1;R$ 386,57;R$ 463,88;R$ 386,57;STT;"=""03447962135 - LUCAS CARDOSO FRANCO""";Não atribuído
"=""12326934000105""";"LATICINIO SAO FRANCISCO LTDA ""FALÊNCIA""";PESSOA JURIDICA;IPVA;"=""2300043022278""";"=""20260000005095""";13956680;1010;Efetivada;10/03/2026 15:46:39;09/04/2026 12:50:57;17/03/2026;1;R$ 401,64;R$ 481,96;R$ 401,64;STT;"=""03447962135 - LUCAS CARDOSO FRANCO""";Não atribuído
"=""12326934000105""";"LATICINIO SAO FRANCISCO LTDA ""FALÊNCIA""";PESSOA JURIDICA;IPVA;"=""2371293822238""";"=""20260000005096""";13956698;1010;Efetivada;10/03/2026 15:46:39;09/04/2026 12:50:57;17/03/2026;1;R$ 514,59;R$ 617,50;R$ 514,59;STT;"=""03447962135 - LUCAS CARDOSO FRANCO""";Não atribuído
"=""12487600187""";JEOVA ALVES DE SOUSA;PESSOA FISICA;IPVA;"=""2346112422207""";"=""20260000003651""";13873717;750;Efetivada;26/02/2026 15:11:58;27/02/2026 18:07:15;27/02/2026;1;R$ 1.479,00;R$ 2.510,98;R$ 1.479,00;EXPRESSO;-;"=""70458480134 - RENATA VITORIA BONIFACIO E SOUZA"""
"=""12777820163""";MARLI HELENA GONÇALVES RIBEIRO ;PESSOA FISICA;IPVA;"=""2393586422200""";"=""20260000000808""";13697285;226;Efetivada;06/02/2026 10:39:29;10/02/2026 12:05:11;13/02/2026;6;R$ 305,69;R$ 3.044,32;R$ 1.834,11;STT;"=""00001288130 - JOILSON JOSE DA SILVA""";Não atribuído
"=""12777820163""";MARLI HELENA GONÇALVES RIBEIRO ;PESSOA FISICA;IPVA;"=""2321166222200""";"=""20260000000807""";13697293;226;Efetivada;06/02/2026 10:39:29;11/02/2026 12:03:47;13/02/2026;5;R$ 304,60;R$ 2.756,37;R$ 1.523,00;STT;"=""00001288130 - JOILSON JOSE DA SILVA""";Não atribuído
"=""12965090100""";PEDRO SILVA ARAUJO;PESSOA FISICA;IPVA;"=""2310700122211""";"=""20260000003768""";13883526;773;Efetivada;27/02/2026 13:48:48;28/02/2026 06:08:13;27/02/2026;1;R$ 734,64;R$ 1.334,78;R$ 734,64;EXPRESSO;-;"=""00001288130 - JOILSON JOSE DA SILVA"""
"=""12985104149""";JOSE FERREIRA LIMA;PESSOA FISICA;IPVA;"=""2185140322228""";"=""20260000002941""";13849581;659;Efetivada;24/02/2026 10:14:12;25/02/2026 18:07:48;27/02/2026;8;R$ 308,21;R$ 4.559,62;R$ 2.465,65;EXPRESSO;-;"=""70458480134 - RENATA VITORIA BONIFACIO E SOUZA"""
"=""12985104149""";JOSE FERREIRA LIMA;PESSOA FISICA;IPVA;"=""2322841422215""";"=""20260000002942""";13849573;659;Efetivada;24/02/2026 10:14:12;25/02/2026 18:07:53;27/02/2026;8;R$ 307,55;R$ 4.452,86;R$ 2.460,37;EXPRESSO;-;"=""70458480134 - RENATA VITORIA BONIFACIO E SOUZA"""
"=""13003356100""";ANA AMELIA FLEURY DE ALMEIDA BADAN;PESSOA FISICA;IPVA;"=""2363541122213""";"=""20260000006068""";14053365;1150;Efetivada;27/03/2026 14:00:56;01/04/2026 18:08:03;31/03/2026;1;R$ 537,27;R$ 912,01;R$ 537,27;STT;"=""05276651183 - LUIZA HELENA LIMA ALVARENGA""";Não atribuído
"=""13129493000106""";OLINDINA DE SOUSA SANTOS ME ;PESSOA JURIDICA;ICMS;"=""2014228611122""";"=""20260000005202""";13964526;1024;Efetivada;11/03/2026 10:53:58;19/03/2026 06:04:19;18/03/2026;3;R$ 367,72;R$ 2.067,59;R$ 1.103,15;EXPRESSO;-;"=""70458480134 - RENATA VITORIA BONIFACIO E SOUZA"""
"=""13129493000106""";OLINDINA DE SOUSA SANTOS ME ;PESSOA JURIDICA;ICMS;"=""2014229311106""";"=""20260000005199""";13964518;1024;Efetivada;11/03/2026 10:53:58;19/03/2026 06:04:25;18/03/2026;7;R$ 332,56;R$ 4.889,98;R$ 2.327,95;EXPRESSO;-;"=""70458480134 - RENATA VITORIA BONIFACIO E SOUZA"""
"=""13129493000106""";OLINDINA DE SOUSA SANTOS ME ;PESSOA JURIDICA;ICMS;"=""2014228711186""";"=""20260000005195""";13964500;1024;Efetivada;11/03/2026 10:53:58;19/03/2026 06:04:26;18/03/2026;6;R$ 348,08;R$ 3.910,41;R$ 2.088,50;EXPRESSO;-;"=""70458480134 - RENATA VITORIA BONIFACIO E SOUZA"""
"=""13129493000106""";OLINDINA DE SOUSA SANTOS ME ;PESSOA JURIDICA;ICMS;"=""2014228911193""";"=""20260000005196""";13964534;1024;Efetivada;11/03/2026 10:53:58;19/03/2026 06:04:32;18/03/2026;3;R$ 393,56;R$ 2.206,12;R$ 1.180,69;EXPRESSO;-;"=""70458480134 - RENATA VITORIA BONIFACIO E SOUZA"""
"=""13129493000106""";OLINDINA DE SOUSA SANTOS ME ;PESSOA JURIDICA;ICMS;"=""2014229211152""";"=""20260000005198""";13964577;1024;Efetivada;11/03/2026 10:53:58;19/03/2026 06:04:33;18/03/2026;7;R$ 326,48;R$ 4.257,59;R$ 2.285,35;EXPRESSO;-;"=""70458480134 - RENATA VITORIA BONIFACIO E SOUZA"""
"=""13129493000106""";OLINDINA DE SOUSA SANTOS ME ;PESSOA JURIDICA;ICMS;"=""2017593711144""";"=""20260000005201""";13964542;1024;Efetivada;11/03/2026 10:53:58;19/03/2026 06:04:39;18/03/2026;4;R$ 374,43;R$ 2.810,56;R$ 1.497,73;EXPRESSO;-;"=""70458480134 - RENATA VITORIA BONIFACIO E SOUZA"""
"=""13129493000106""";OLINDINA DE SOUSA SANTOS ME ;PESSOA JURIDICA;ICMS;"=""2014228811130""";"=""20260000005203""";13964550;1024;Efetivada;11/03/2026 10:53:58;19/03/2026 06:04:45;18/03/2026;5;R$ 339,73;R$ 3.177,19;R$ 1.698,65;EXPRESSO;-;"=""70458480134 - RENATA VITORIA BONIFACIO E SOUZA"""
"=""13129493000106""";OLINDINA DE SOUSA SANTOS ME ;PESSOA JURIDICA;ICMS;"=""2014229011145""";"=""20260000005197""";13964585;1024;Efetivada;11/03/2026 10:53:58;19/03/2026 06:04:52;18/03/2026;4;R$ 332,15;R$ 2.480,09;R$ 1.328,59;EXPRESSO;-;"=""70458480134 - RENATA VITORIA BONIFACIO E SOUZA"""
"=""13129493000106""";OLINDINA DE SOUSA SANTOS ME ;PESSOA JURIDICA;ICMS;"=""2017593511137""";"=""20260000005200""";13964593;1024;Efetivada;11/03/2026 10:53:58;09/04/2026 12:50:58;18/03/2026;1;R$ 582,63;R$ 1.096,48;R$ 582,63;EXPRESSO;-;"=""70458480134 - RENATA VITORIA BONIFACIO E SOUZA"""
"=""13129493000106""";OLINDINA DE SOUSA SANTOS ME ;PESSOA JURIDICA;ICMS;"=""2017593611190""";"=""20260000005204""";13964569;1024;Efetivada;11/03/2026 10:53:58;09/04/2026 12:50:58;18/03/2026;1;R$ 552,15;R$ 1.037,52;R$ 552,15;EXPRESSO;-;"=""70458480134 - RENATA VITORIA BONIFACIO E SOUZA"""
"=""13129493000106""";OLINDINA DE SOUSA SANTOS ME ;PESSOA JURIDICA;ICMS;"=""2014229111107""";"=""20260000005225""";13964640;1027;Efetivada;11/03/2026 11:11:29;19/03/2026 06:04:53;18/03/2026;34;R$ 305,91;R$ 19.985,54;R$ 10.400,85;EXPRESSO;-;"=""70458480134 - RENATA VITORIA BONIFACIO E SOUZA"""
"=""13226436104""";SILVONETE FERREIRA DE ANDRADE;PESSOA FISICA;IPVA;"=""2338484922251""";"=""20260000000909""";13699806;242;Efetivada;06/02/2026 12:28:33;06/02/2026 18:09:08;13/02/2026;1;R$ 2.209,06;R$ 3.666,68;R$ 2.209,06;STT;"=""13670181709 - LARISSA BELTRAO DE CARVALHO""";Não atribuído
"=""13226436104""";SILVONETE FERREIRA DE ANDRADE;PESSOA FISICA;IPVA;"=""2325946722299""";"=""20260000002581""";13833120;605;Efetivada;23/02/2026 09:17:20;23/02/2026 18:09:21;27/02/2026;1;R$ 1.820,14;R$ 3.294,14;R$ 1.820,14;STT;"=""86123360159 - VERONICA ISSI SIMOES BASTOS""";Não atribuído
"=""13247123172""";ALMIRO RIBEIRO DE SOUSA;PESSOA FISICA;ICMS;"=""4011800172458""";"=""20260000000548""";13678760;176;Efetivada;05/02/2026 09:35:26;06/02/2026 18:04:04;12/02/2026;58;R$ 304,09;R$ 57.362,60;R$ 17.637,02;STT;"=""00828686114 - GEOVANA REZENDE ABDON FRAGOSO OLIVEIRA""";Não atribuído
"=""13247123172""";ALMIRO RIBEIRO DE SOUSA;PESSOA FISICA;ICMS;"=""4011800028179""";"=""20260000000549""";13678779;176;Efetivada;05/02/2026 09:35:26;06/02/2026 18:04:04;12/02/2026;58;R$ 303,97;R$ 58.625,23;R$ 17.630,33;STT;"=""00828686114 - GEOVANA REZENDE ABDON FRAGOSO OLIVEIRA""";Não atribuído
"=""13247123172""";ALMIRO RIBEIRO DE SOUSA;PESSOA FISICA;ICMS;"=""4011703002110""";"=""20260000000547""";13678787;176;Efetivada;05/02/2026 09:35:26;06/02/2026 18:04:11;12/02/2026;65;R$ 302,18;R$ 65.471,87;R$ 19.641,56;STT;"=""00828686114 - GEOVANA REZENDE ABDON FRAGOSO OLIVEIRA""";Não atribuído
"=""13263275000160""";VALDOMIRO BARBOSA VIEIRA - ME;PESSOA JURIDICA;ICMS;"=""4011401659795""";"=""20260000002984""";13848186;667;Efetivada;24/02/2026 11:40:22;25/02/2026 18:07:02;27/02/2026;1;R$ 21.358,90;R$ 71.196,35;R$ 21.358,90;STT;"=""86123360159 - VERONICA ISSI SIMOES BASTOS""";Não atribuído
"=""13263275000160""";VALDOMIRO BARBOSA VIEIRA - ME;PESSOA JURIDICA;Pena Pecuniária;"=""2137028100073""";"=""20260000002985""";13848194;667;Efetivada;24/02/2026 11:40:22;25/02/2026 18:07:07;27/02/2026;1;R$ 19.527,87;R$ 65.092,90;R$ 19.527,87;STT;"=""86123360159 - VERONICA ISSI SIMOES BASTOS""";Não atribuído
"=""13263275000160""";VALDOMIRO BARBOSA VIEIRA - ME;PESSOA JURIDICA;Pena Pecuniária;"=""2137028200027""";"=""20260000002986""";13848208;667;Efetivada;24/02/2026 11:40:22;25/02/2026 18:07:09;27/02/2026;1;R$ 20.418,04;R$ 68.060,13;R$ 20.418,04;STT;"=""86123360159 - VERONICA ISSI SIMOES BASTOS""";Não atribuído
"=""13448516000650""";CGG TRADING S.A;PESSOA JURIDICA;ICMS;"=""4011403280882""";"=""20260000007011""";14256924;1299;Efetivada;15/05/2026 07:11:56;18/05/2026 12:02:35;22/05/2026;60;R$ 7.840,86;R$ 1.344.146,79;R$ 470.451,38;STT;"=""03279141141 - VANESSA FRANCO DE OLIVEIRA""";Não atribuído
"=""13519358000177""";METAL VALLE INDUSTRIA E COMERCIO LTDA;PESSOA JURIDICA;ICMS;"=""2014264311125""";"=""20260000000727""";13711644;210;Efetivada;05/02/2026 17:09:51;09/02/2026 12:08:05;12/02/2026;60;R$ 360,60;R$ 40.209,55;R$ 21.636,19;EXPRESSO;-;"=""86123360159 - VERONICA ISSI SIMOES BASTOS"""
"=""13519358000177""";METAL VALLE INDUSTRIA E COMERCIO LTDA;PESSOA JURIDICA;ICMS;"=""2014264411189""";"=""20260000000721""";13711660;210;Efetivada;05/02/2026 17:09:51;09/02/2026 12:08:11;12/02/2026;25;R$ 301,82;R$ 14.008,42;R$ 7.545,53;EXPRESSO;-;"=""86123360159 - VERONICA ISSI SIMOES BASTOS"""
"=""13519358000177""";METAL VALLE INDUSTRIA E COMERCIO LTDA;PESSOA JURIDICA;ICMS;"=""2014264611196""";"=""20260000000723""";13711679;210;Efetivada;05/02/2026 17:09:51;09/02/2026 12:08:11;12/02/2026;52;R$ 302,03;R$ 29.071,44;R$ 15.705,81;EXPRESSO;-;"=""86123360159 - VERONICA ISSI SIMOES BASTOS"""
"=""13519358000177""";METAL VALLE INDUSTRIA E COMERCIO LTDA;PESSOA JURIDICA;ICMS;"=""2014265011109""";"=""20260000000726""";13711652;210;Efetivada;05/02/2026 17:09:51;09/02/2026 12:08:18;12/02/2026;52;R$ 302,25;R$ 32.134,95;R$ 15.716,98;EXPRESSO;-;"=""86123360159 - VERONICA ISSI SIMOES BASTOS"""
"=""13519358000177""";METAL VALLE INDUSTRIA E COMERCIO LTDA;PESSOA JURIDICA;ICMS;"=""2014264711140""";"=""20260000000728""";13711687;210;Efetivada;05/02/2026 17:09:51;09/02/2026 12:08:18;12/02/2026;60;R$ 1.174,44;R$ 138.461,89;R$ 70.466,25;EXPRESSO;-;"=""86123360159 - VERONICA ISSI SIMOES BASTOS"""
"=""13519358000177""";METAL VALLE INDUSTRIA E COMERCIO LTDA;PESSOA JURIDICA;ICMS;"=""2014264811101""";"=""20260000000724""";13711709;210;Efetivada;05/02/2026 17:09:51;09/02/2026 12:08:24;12/02/2026;60;R$ 333,80;R$ 37.040,40;R$ 20.027,91;EXPRESSO;-;"=""86123360159 - VERONICA ISSI SIMOES BASTOS"""
"=""13519358000177""";METAL VALLE INDUSTRIA E COMERCIO LTDA;PESSOA JURIDICA;ICMS;"=""2014264911157""";"=""20260000000725""";13711717;210;Efetivada;05/02/2026 17:09:51;09/02/2026 12:08:25;12/02/2026;24;R$ 304,32;R$ 14.452,54;R$ 7.303,69;EXPRESSO;-;"=""86123360159 - VERONICA ISSI SIMOES BASTOS"""
"=""13519358000177""";METAL VALLE INDUSTRIA E COMERCIO LTDA;PESSOA JURIDICA;ICMS;"=""2014264511132""";"=""20260000000722""";13711695;210;Efetivada;05/02/2026 17:09:51;09/02/2026 12:08:31;12/02/2026;15;R$ 303,30;R$ 8.438,03;R$ 4.549,49;EXPRESSO;-;"=""86123360159 - VERONICA ISSI SIMOES BASTOS"""
"=""13519358000177""";METAL VALLE INDUSTRIA E COMERCIO LTDA;PESSOA JURIDICA;ICMS;"=""2014264111118""";"=""20260000000738""";13711741;211;Efetivada;05/02/2026 17:17:25;09/02/2026 12:08:31;12/02/2026;2;R$ 317,47;R$ 1.182,41;R$ 634,93;EXPRESSO;-;"=""86123360159 - VERONICA ISSI SIMOES BASTOS"""
"=""13519358000177""";METAL VALLE INDUSTRIA E COMERCIO LTDA;PESSOA JURIDICA;ICMS;"=""4022000001700""";"=""20260000000737""";13711733;211;Efetivada;05/02/2026 17:17:25;09/02/2026 12:08:38;12/02/2026;5;R$ 312,74;R$ 2.532,27;R$ 1.563,71;EXPRESSO;-;"=""86123360159 - VERONICA ISSI SIMOES BASTOS"""
"=""13519358000177""";METAL VALLE INDUSTRIA E COMERCIO LTDA;PESSOA JURIDICA;ICMS;"=""2017615011190""";"=""20260000000740""";13711768;211;Efetivada;05/02/2026 17:17:25;09/02/2026 12:08:38;12/02/2026;4;R$ 374,81;R$ 2.803,53;R$ 1.499,25;EXPRESSO;-;"=""86123360159 - VERONICA ISSI SIMOES BASTOS"""
"=""13519358000177""";METAL VALLE INDUSTRIA E COMERCIO LTDA;PESSOA JURIDICA;ICMS;"=""2014264211171""";"=""20260000000739""";13711750;211;Efetivada;05/02/2026 17:17:25;09/02/2026 12:08:45;12/02/2026;2;R$ 317,47;R$ 1.181,20;R$ 634,93;EXPRESSO;-;"=""86123360159 - VERONICA ISSI SIMOES BASTOS"""
"=""13519358000177""";METAL VALLE INDUSTRIA E COMERCIO LTDA;PESSOA JURIDICA;ICMS;"=""2014264011164""";"=""20260000000741""";13711725;211;Efetivada;05/02/2026 17:17:25;09/02/2026 12:08:45;12/02/2026;6;R$ 302,20;R$ 3.396,68;R$ 1.813,19;EXPRESSO;-;"=""86123360159 - VERONICA ISSI SIMOES BASTOS"""
"=""13551299153""";ANTONIO MARTINS DE SOUZA;PESSOA FISICA;IPVA;"=""2343518822242""";"=""20260000001160""";13757229;285;Efetivada;09/02/2026 10:48:30;12/02/2026 18:06:53;18/02/2026;10;R$ 347,06;R$ 5.892,30;R$ 3.470,63;EXPRESSO;-;"=""86123360159 - VERONICA ISSI SIMOES BASTOS"""
"=""13596764149""";EDIVAM RIBEIRO DE CASTRO;PESSOA FISICA;ITCD;"=""4012000251165""";"=""20260000004996""";13950924;998;Efetivada;09/03/2026 22:32:23;09/04/2026 12:50:56;16/03/2026;1;R$ 485,25;R$ 1.617,49;R$ 485,25;EXPRESSO;-;"=""70458480134 - RENATA VITORIA BONIFACIO E SOUZA"""
"=""13727118000168""";AVANT SERVIÇOS LTDA;PESSOA JURIDICA;ICMS;"=""4011802488169""";"=""20260000003184""";13858432;703;Efetivada;25/02/2026 10:19:25;25/02/2026 18:10:23;27/02/2026;6;R$ 347,75;R$ 5.961,37;R$ 2.086,48;STT;"=""86123360159 - VERONICA ISSI SIMOES BASTOS""";Não atribuído
"=""13972712000114""";BIA BOLSAS E ACESSORIOS LTDA;PESSOA JURIDICA;ICMS;"=""4011903001877""";"=""20260000000802""";13696971;224;Efetivada;06/02/2026 10:30:15;06/02/2026 18:08:22;13/02/2026;1;R$ 17.043,25;R$ 55.398,88;R$ 17.043,25;STT;"=""03447962135 - LUCAS CARDOSO FRANCO""";Não atribuído
"=""14040324000168""";VIAÇAO KUATY LTDA;PESSOA JURIDICA;Pena Pecuniária;"=""2118132700042""";"=""20260000001515""";13777874;369;Efetivada;11/02/2026 10:53:00;14/02/2026 06:10:56;18/02/2026;4;R$ 321,50;R$ 4.286,66;R$ 1.286,00;EXPRESSO;-;"=""70458480134 - RENATA VITORIA BONIFACIO E SOUZA"""
"=""14040324000168""";VIAÇAO KUATY LTDA;PESSOA JURIDICA;Pena Pecuniária;"=""2117258400031""";"=""20260000001517""";13777890;369;Efetivada;11/02/2026 10:53:00;14/02/2026 06:11:02;18/02/2026;6;R$ 321,50;R$ 6.429,99;R$ 1.929,00;EXPRESSO;-;"=""70458480134 - RENATA VITORIA BONIFACIO E SOUZA"""
"=""14040324000168""";VIAÇAO KUATY LTDA;PESSOA JURIDICA;Pena Pecuniária;"=""2136865200031""";"=""20260000001516""";13777882;369;Efetivada;11/02/2026 10:53:00;14/02/2026 06:11:03;18/02/2026;12;R$ 311,62;R$ 12.464,83;R$ 3.739,45;EXPRESSO;-;"=""70458480134 - RENATA VITORIA BONIFACIO E SOUZA"""
"=""14179156000196""";CONFIANÇA TRANSPORTE RODOVIÁRO DE CARGAS EIRELI;PESSOA JURIDICA;ICMS;"=""4011400038800""";"=""20260000004643""";13926462;920;Efetivada;05/03/2026 12:01:46;05/03/2026 18:12:39;12/03/2026;60;R$ 677,25;R$ 135.450,78;R$ 40.635,23;EXPRESSO;-;"=""70458480134 - RENATA VITORIA BONIFACIO E SOUZA"""
"=""14270121000168""";DOCES DEL CAMPO INDUSTRIA  E COMERCIO LTDA;PESSOA JURIDICA;Pena Pecuniária;"=""2136895500009""";"=""20260000002098""";13794078;502;Efetivada;16/02/2026 22:50:02;18/02/2026 12:08:38;23/02/2026;12;R$ 1.681,99;R$ 67.279,49;R$ 20.183,85;EXPRESSO;-;"=""70458480134 - RENATA VITORIA BONIFACIO E SOUZA"""
"=""14449833000149""";FERNANDO DE ASSIS OLIVEIRA;PESSOA JURIDICA;Pena Pecuniária;"=""2136964100060""";"=""20260000005906""";14025990;1126;Efetivada;23/03/2026 16:07:14;30/03/2026 12:08:14;30/03/2026;64;R$ 304,56;R$ 64.972,51;R$ 19.491,75;STT;"=""03279141141 - VANESSA FRANCO DE OLIVEIRA""";Não atribuído
"=""14485168115""";MAURO AUGUSTO KAISER CABRAL;PESSOA FISICA;IPVA;"=""2371382622277""";"=""20260000007348""";14279487;1310;Efetivada;21/05/2026 08:14:08;21/05/2026 12:04:56;28/05/2026;1;R$ 125,01;R$ 214,12;R$ 125,01;EXPRESSO;-;"=""86123360159 - VERONICA ISSI SIMOES BASTOS"""
"=""14485168115""";MAURO AUGUSTO KAISER CABRAL;PESSOA FISICA;IPVA;"=""2289038522280""";"=""20260000007347""";14279479;1310;Efetivada;21/05/2026 08:14:08;21/05/2026 12:05:02;28/05/2026;1;R$ 100,02;R$ 186,79;R$ 100,02;EXPRESSO;-;"=""86123360159 - VERONICA ISSI SIMOES BASTOS"""
"=""14490072104""";CARLOS ANTONIO DE SOUZA;PESSOA FISICA;IPVA;"=""2296896022283""";"=""20260000002704""";13835130;618;Efetivada;23/02/2026 10:23:13;23/02/2026 12:15:46;27/02/2026;1;R$ 1.163,53;R$ 2.127,03;R$ 1.163,53;EXPRESSO;-;Não atribuído
"=""14490072104""";CARLOS ANTONIO DE SOUZA;PESSOA FISICA;IPVA;"=""2356895922270""";"=""20260000002705""";13835149;618;Efetivada;23/02/2026 10:23:13;23/02/2026 12:15:46;27/02/2026;1;R$ 1.490,74;R$ 2.512,67;R$ 1.490,74;EXPRESSO;-;Não atribuído
"=""14524584000109""";LUCIANA LUCIA DA SILVA LIMA;PESSOA JURIDICA;Pena Pecuniária;"=""4011401553709""";"=""20260000005250""";13964267;1030;Efetivada;11/03/2026 14:25:24;17/03/2026 18:06:54;18/03/2026;145;R$ 334,10;R$ 161.479,71;R$ 48.443,91;STT;"=""05276651183 - LUIZA HELENA LIMA ALVARENGA""";Não atribuído
"=""14674430000101""";RAILDA CHAGAS DE SOUZA MARCELINO;PESSOA JURIDICA;Pena Pecuniária;"=""4011603576521""";"=""20260000005189""";13961780;1022;Efetivada;11/03/2026 10:17:43;17/03/2026 18:06:33;18/03/2026;17;R$ 307,04;R$ 17.399,19;R$ 5.219,76;STT;"=""03447962135 - LUCAS CARDOSO FRANCO""";Não atribuído
"=""14719398120""";INACIA PEREIRA DE GODOI;PESSOA FISICA;IPVA;"=""2343426322294""";"=""20260000005585""";14011883;1094;Efetivada;19/03/2026 15:34:36;20/03/2026 18:09:48;26/03/2026;2;R$ 317,87;R$ 1.086,96;R$ 635,74;STT;"=""04364786179 - SARAH BADI CARVALHO""";Não atribuído
"=""14732653120""";JOAO BATISTA VAZ;PESSOA FISICA;ICMS;"=""4012101438040""";"=""20260000001662""";13774670;405;Efetivada;12/02/2026 09:06:37;23/04/2026 18:10:36;19/02/2026;1;R$ 7.196,64;R$ 21.792,86;R$ 7.196,64;STT;"=""03447962135 - LUCAS CARDOSO FRANCO""";"=""70458480134 - RENATA VITORIA BONIFACIO E SOUZA"""
"=""15121210000105""";REOBOTE COMERCIO E SERVIÇOS LTDA;PESSOA JURIDICA;ICMS;"=""4011902901572""";"=""20260000002960""";13847007;662;Efetivada;24/02/2026 10:24:11;27/02/2026 12:03:56;27/02/2026;1;R$ 7.421,20;R$ 24.737,35;R$ 7.421,20;STT;"=""00828686114 - GEOVANA REZENDE ABDON FRAGOSO OLIVEIRA""";Não atribuído
"=""15221549000183""";PLAN COMERCIAL E SERVIÇOS LTDA.;PESSOA JURIDICA;ICMS;"=""4011600705401""";"=""20260000002672""";13834576;615;Efetivada;23/02/2026 10:07:57;23/02/2026 18:11:09;27/02/2026;84;R$ 1.306,30;R$ 365.764,41;R$ 109.729,32;STT;"=""70458480134 - RENATA VITORIA BONIFACIO E SOUZA""";Não atribuído
"=""15221549000183""";PLAN COMERCIAL E SERVIÇOS LTDA.;PESSOA JURIDICA;ICMS;"=""4011901294290""";"=""20260000002674""";13834550;615;Efetivada;23/02/2026 10:07:57;23/02/2026 18:11:15;27/02/2026;61;R$ 302,48;R$ 61.505,25;R$ 18.451,57;STT;"=""70458480134 - RENATA VITORIA BONIFACIO E SOUZA""";Não atribuído
"=""15221549000183""";PLAN COMERCIAL E SERVIÇOS LTDA.;PESSOA JURIDICA;ICMS;"=""2019518911120""";"=""20260000002675""";13834568;615;Efetivada;23/02/2026 10:07:57;23/02/2026 18:11:15;27/02/2026;84;R$ 481,56;R$ 74.875,22;R$ 40.451,24;STT;"=""70458480134 - RENATA VITORIA BONIFACIO E SOUZA""";Não atribuído
"=""15221549000183""";PLAN COMERCIAL E SERVIÇOS LTDA.;PESSOA JURIDICA;ICMS;"=""2008973711112""";"=""20260000002671""";13834584;615;Efetivada;23/02/2026 10:07:57;23/02/2026 18:11:22;27/02/2026;84;R$ 398,50;R$ 65.636,28;R$ 33.474,25;STT;"=""70458480134 - RENATA VITORIA BONIFACIO E SOUZA""";Não atribuído
"=""15221549000183""";PLAN COMERCIAL E SERVIÇOS LTDA.;PESSOA JURIDICA;ICMS;"=""4021900093832""";"=""20260000002673""";13834592;615;Efetivada;23/02/2026 10:07:57;23/02/2026 18:11:22;27/02/2026;84;R$ 767,72;R$ 204.993,63;R$ 64.488,46;STT;"=""70458480134 - RENATA VITORIA BONIFACIO E SOUZA""";Não atribuído
"=""15333341000156""";ITIQUIRA INDUSTRIA LTDA.;PESSOA JURIDICA;ICMS;"=""4022100014804""";"=""20250000000005""";13325507;5;Efetivada;18/11/2025 20:04:22;;25/11/2025;145;R$ 10.683,36;R$ 4.425.961,69;R$ 1.549.086,59;STT;"=""86123360159 - VERONICA ISSI SIMOES BASTOS""";Não atribuído
"=""15333341000156""";ITIQUIRA INDUSTRIA LTDA.;PESSOA JURIDICA;ICMS;"=""4022100015959""";"=""20250000000006""";13325515;5;Efetivada;18/11/2025 20:04:22;;25/11/2025;145;R$ 4.794,99;R$ 1.986.497,07;R$ 695.273,97;STT;"=""86123360159 - VERONICA ISSI SIMOES BASTOS""";Não atribuído
"=""15478602191""";HELENO ELIAS DE FRANCA;PESSOA FISICA;IPVA;"=""2288172622210""";"=""20260000002839""";13845454;648;Efetivada;24/02/2026 08:29:20;25/02/2026 12:06:27;27/02/2026;1;R$ 589,88;R$ 1.078,35;R$ 589,88;EXPRESSO;-;"=""70458480134 - RENATA VITORIA BONIFACIO E SOUZA"""
"=""15544940100""";ADÃO MARTINS VIEIRA;PESSOA FISICA;IPVA;"=""2296476622229""";"=""20260000004626""";13922475;914;Efetivada;05/03/2026 10:16:07;05/03/2026 12:12:20;12/03/2026;1;R$ 121,83;R$ 224,17;R$ 121,83;EXPRESSO;-;"=""70458480134 - RENATA VITORIA BONIFACIO E SOUZA"""
"=""15544940100""";ADÃO MARTINS VIEIRA;PESSOA FISICA;IPVA;"=""2375045622258""";"=""20260000004627""";13922467;914;Efetivada;05/03/2026 10:16:07;05/03/2026 12:12:20;12/03/2026;1;R$ 156,45;R$ 263,66;R$ 156,45;EXPRESSO;-;"=""70458480134 - RENATA VITORIA BONIFACIO E SOUZA"""
"=""15635814000170""";SAGA SUPERCENTER COM. DE VEÍCULOS PEÇAS E SERVIÇOS;PESSOA JURIDICA;IPVA;"=""2176218222294""";"=""20260000003967""";13890301;803;Efetivada;02/03/2026 09:28:51;02/03/2026 18:06:01;09/03/2026;1;R$ 884,61;R$ 1.645,14;R$ 884,61;STT;"=""03447962135 - LUCAS CARDOSO FRANCO""";Não atribuído
"=""15635814000170""";SAGA SUPERCENTER COM. DE VEÍCULOS PEÇAS E SERVIÇOS;PESSOA JURIDICA;IPVA;"=""2336299722210""";"=""20260000003969""";13890328;803;Efetivada;02/03/2026 09:28:51;02/03/2026 18:06:04;09/03/2026;1;R$ 1.122,56;R$ 1.876,73;R$ 1.122,56;STT;"=""03447962135 - LUCAS CARDOSO FRANCO""";Não atribuído
"=""15635814000170""";SAGA SUPERCENTER COM. DE VEÍCULOS PEÇAS E SERVIÇOS;PESSOA JURIDICA;IPVA;"=""2325015422220""";"=""20260000003968""";13890310;803;Efetivada;02/03/2026 09:28:51;02/03/2026 18:06:11;09/03/2026;1;R$ 838,59;R$ 1.527,78;R$ 838,59;STT;"=""03447962135 - LUCAS CARDOSO FRANCO""";Não atribuído
"=""15680740000193""";A. DOS SANTOS MEDEIROS - DOLCE *-E MERENDA LANCHONET;PESSOA JURIDICA;Pena Pecuniária;"=""2137208200009""";"=""20260000004439""";13914600;884;Efetivada;04/03/2026 11:31:17;05/03/2026 12:07:55;11/03/2026;1;R$ 1.107,93;R$ 3.693,10;R$ 1.107,93;EXPRESSO;-;Não atribuído
"=""15779467234""";ILDEBRANDO ROCHA LIMA;PESSOA FISICA;IPVA;"=""2360106322242""";"=""20260000000657""";13692305;197;Efetivada;05/02/2026 13:46:45;13/02/2026 06:02:21;12/02/2026;3;R$ 311,74;R$ 1.576,30;R$ 935,21;EXPRESSO;-;"=""86123360159 - VERONICA ISSI SIMOES BASTOS"""
"=""15929765000188""";ATELIE DAS MENINAS COMERCIO DE ROUPAS LTDA;PESSOA JURIDICA;ICMS;"=""4012000717202""";"=""20260000004606""";13921568;910;Efetivada;05/03/2026 09:25:29;06/03/2026 12:07:57;12/03/2026;145;R$ 576,42;R$ 262.093,91;R$ 83.581,10;STT;"=""70458480134 - RENATA VITORIA BONIFACIO E SOUZA""";Não atribuído
"=""15929765000188""";ATELIE DAS MENINAS COMERCIO DE ROUPAS LTDA;PESSOA JURIDICA;ICMS;"=""4011902482154""";"=""20260000004607""";13921576;910;Efetivada;05/03/2026 09:25:29;06/03/2026 12:08:04;12/03/2026;145;R$ 499,19;R$ 237.021,64;R$ 72.382,57;STT;"=""70458480134 - RENATA VITORIA BONIFACIO E SOUZA""";Não atribuído
"=""15929765000188""";ATELIE DAS MENINAS COMERCIO DE ROUPAS LTDA;PESSOA JURIDICA;ICMS;"=""2017744511157""";"=""20260000004608""";13921584;910;Efetivada;05/03/2026 09:25:29;06/03/2026 12:08:04;12/03/2026;1;R$ 595,35;R$ 1.109,13;R$ 595,35;STT;"=""70458480134 - RENATA VITORIA BONIFACIO E SOUZA""";Não atribuído
"=""15994916000181""";ENECOL ENGENHARIA E ELETRICIDADE LTDA;PESSOA JURIDICA;ICMS;"=""4011603118221""";"=""20260000003582""";13870610;741;Efetivada;26/02/2026 11:12:43;26/02/2026 18:11:34;27/02/2026;4;R$ 831,54;R$ 7.159,55;R$ 3.326,16;STT;"=""93784538134 - ALINE DOS REIS OLIVEIRA SANTOS""";Não atribuído
"=""16133021187""";IRACY ROSA DE SOUZA;PESSOA FISICA;ICMS;"=""4011802671281""";"=""20260000001224""";13757440;304;Efetivada;09/02/2026 16:36:15;12/02/2026 18:07:26;18/02/2026;15;R$ 308,96;R$ 15.447,76;R$ 4.634,33;EXPRESSO;-;"=""86123360159 - VERONICA ISSI SIMOES BASTOS"""
"=""16558385000147""";PINHEIRO E HERMINIO EMPREENDIMENTOS LTDA;PESSOA JURIDICA;Pena Pecuniária;"=""2137271900020""";"=""20260000003177""";13859048;700;Efetivada;25/02/2026 09:48:25;25/02/2026 18:10:40;27/02/2026;25;R$ 303,90;R$ 25.324,75;R$ 7.597,42;EXPRESSO;-;"=""70458480134 - RENATA VITORIA BONIFACIO E SOUZA"""
"=""16568337000130""";WILIAS F. VILELA TRANSPORTES ME;PESSOA JURIDICA;Pena Pecuniária;"=""4011902712508""";"=""20260000000957""";13701797;250;Efetivada;06/02/2026 14:25:33;09/02/2026 18:06:01;13/02/2026;1;R$ 321,74;R$ 1.072,48;R$ 321,74;STT;"=""13670181709 - LARISSA BELTRAO DE CARVALHO""";Não atribuído
"=""16568337000130""";WILIAS F. VILELA TRANSPORTES ME;PESSOA JURIDICA;Pena Pecuniária;"=""4011902717720""";"=""20260000000958""";13701800;250;Efetivada;06/02/2026 14:25:33;09/02/2026 18:06:07;13/02/2026;1;R$ 6.032,92;R$ 20.109,72;R$ 6.032,92;STT;"=""13670181709 - LARISSA BELTRAO DE CARVALHO""";Não atribuído
"=""16610830134""";VERA LUCIA PEREIRA CARVALHO;PESSOA FISICA;IPVA;"=""2337372222209""";"=""20260000002199""";13849042;524;Efetivada;18/02/2026 15:04:37;24/02/2026 18:12:56;25/02/2026;1;R$ 1.370,85;R$ 2.275,39;R$ 1.370,85;EXPRESSO;-;"=""00001288130 - JOILSON JOSE DA SILVA"""
"=""16610830134""";VERA LUCIA PEREIRA CARVALHO;PESSOA FISICA;IPVA;"=""2329154522285""";"=""20260000002198""";13849034;524;Efetivada;18/02/2026 15:04:37;24/02/2026 18:13:02;25/02/2026;1;R$ 1.132,39;R$ 2.049,44;R$ 1.132,39;EXPRESSO;-;"=""00001288130 - JOILSON JOSE DA SILVA"""
"=""16759087100""";ESTEVAO MAGALHAES ZAKHIA;PESSOA FISICA;IPVA;"=""2283515222239""";"=""20260000004218""";13903993;845;Efetivada;03/03/2026 11:23:43;03/03/2026 18:06:24;10/03/2026;1;R$ 745,24;R$ 1.371,30;R$ 745,24;STT;"=""00901455180 - DANIEL BENKE AFONSO""";Não atribuído
"=""16759087100""";ESTEVAO MAGALHAES ZAKHIA;PESSOA FISICA;IPVA;"=""2350573722206""";"=""20260000004219""";13904000;845;Efetivada;03/03/2026 11:23:43;03/03/2026 18:06:25;10/03/2026;1;R$ 902,70;R$ 1.543,40;R$ 902,70;STT;"=""00901455180 - DANIEL BENKE AFONSO""";Não atribuído
"=""16802608120""";VALERIA MARIA VAZ TRONCHA;PESSOA FISICA;IPVA;"=""2374990222210""";"=""20260000005641""";14013118;1099;Efetivada;19/03/2026 17:33:19;09/04/2026 12:51:00;26/03/2026;1;R$ 1.245,79;R$ 2.099,51;R$ 1.245,79;EXPRESSO;-;"=""86123360159 - VERONICA ISSI SIMOES BASTOS"""
"=""16987355000156""";ELLITE TRANSPORTES ;PESSOA JURIDICA;IPVA;"=""2288052822220""";"=""20260000004800""";13935151;950;Efetivada;06/03/2026 15:18:42;07/03/2026 06:11:19;13/03/2026;1;R$ 744,25;R$ 1.369,47;R$ 744,25;STT;"=""04364786179 - SARAH BADI CARVALHO""";"=""86123360159 - VERONICA ISSI SIMOES BASTOS"""
"=""17244498187""";WAGNER MARTINS DE MORAES;PESSOA FISICA;IPVA;"=""2383544522233""";"=""20260000000836""";13698028;230;Efetivada;06/02/2026 11:01:02;14/02/2026 06:02:59;13/02/2026;1;R$ 194,88;R$ 326,09;R$ 194,88;STT;"=""13670181709 - LARISSA BELTRAO DE CARVALHO""";Não atribuído
"=""17244498187""";WAGNER MARTINS DE MORAES;PESSOA FISICA;IPVA;"=""2311027122234""";"=""20260000002374""";13818830;565;Efetivada;20/02/2026 09:53:51;28/02/2026 12:01:04;27/02/2026;1;R$ 151,98;R$ 276,13;R$ 151,98;STT;"=""00828686114 - GEOVANA REZENDE ABDON FRAGOSO OLIVEIRA""";Não atribuído
"=""17258672000102""";G J DE CARVALHO ROCHA TRANSPORTE EIRELI;PESSOA JURIDICA;Pena Pecuniária;"=""4011500693282""";"=""20250000000007""";13335588;6;Efetivada;24/11/2025 10:46:00;;28/11/2025;145;R$ 2.748,90;R$ 1.138.829,71;R$ 398.590,40;STT;"=""86123360159 - VERONICA ISSI SIMOES BASTOS""";Não atribuído
"=""17393547000105""";EMSA EMPRESA SUL AMERICANA DE MONTAGENS SA;PESSOA JURIDICA;IPVA;"=""2277848522216""";"=""20260000006004""";14062879;1145;Efetivada;26/03/2026 17:40:43;30/03/2026 18:13:29;31/03/2026;3;R$ 392,52;R$ 2.166,80;R$ 1.177,56;EXPRESSO;-;"=""86123360159 - VERONICA ISSI SIMOES BASTOS"""
"=""17393547000105""";EMSA EMPRESA SUL AMERICANA DE MONTAGENS SA;PESSOA JURIDICA;IPVA;"=""2280842122283""";"=""20260000006005""";14062852;1145;Efetivada;26/03/2026 17:40:43;30/03/2026 18:13:45;31/03/2026;4;R$ 318,39;R$ 2.343,45;R$ 1.273,56;EXPRESSO;-;"=""86123360159 - VERONICA ISSI SIMOES BASTOS"""
"=""17393547000105""";EMSA EMPRESA SUL AMERICANA DE MONTAGENS SA;PESSOA JURIDICA;IPVA;"=""2262881122258""";"=""20260000005997""";14062887;1145;Efetivada;26/03/2026 17:40:43;30/03/2026 18:13:53;31/03/2026;4;R$ 304,31;R$ 2.239,80;R$ 1.217,23;EXPRESSO;-;"=""86123360159 - VERONICA ISSI SIMOES BASTOS"""
"=""17393547000105""";EMSA EMPRESA SUL AMERICANA DE MONTAGENS SA;PESSOA JURIDICA;IPVA;"=""2270482922278""";"=""20260000005998""";14062909;1145;Efetivada;26/03/2026 17:40:43;30/03/2026 18:14:01;31/03/2026;2;R$ 364,30;R$ 1.340,66;R$ 728,59;EXPRESSO;-;"=""86123360159 - VERONICA ISSI SIMOES BASTOS"""
"=""17393547000105""";EMSA EMPRESA SUL AMERICANA DE MONTAGENS SA;PESSOA JURIDICA;IPVA;"=""2274863922225""";"=""20260000006002""";14062895;1145;Efetivada;26/03/2026 17:40:43;30/03/2026 18:14:10;31/03/2026;3;R$ 392,52;R$ 2.166,80;R$ 1.177,56;EXPRESSO;-;"=""86123360159 - VERONICA ISSI SIMOES BASTOS"""
"=""17393547000105""";EMSA EMPRESA SUL AMERICANA DE MONTAGENS SA;PESSOA JURIDICA;IPVA;"=""2271858322237""";"=""20260000005999""";14062917;1145;Efetivada;26/03/2026 17:40:43;30/03/2026 18:14:18;31/03/2026;3;R$ 392,52;R$ 2.166,80;R$ 1.177,56;EXPRESSO;-;"=""86123360159 - VERONICA ISSI SIMOES BASTOS"""
"=""17393547000105""";EMSA EMPRESA SUL AMERICANA DE MONTAGENS SA;PESSOA JURIDICA;IPVA;"=""2274725022253""";"=""20260000006001""";14062925;1145;Efetivada;26/03/2026 17:40:43;30/03/2026 18:14:25;31/03/2026;2;R$ 360,06;R$ 1.325,07;R$ 720,12;EXPRESSO;-;"=""86123360159 - VERONICA ISSI SIMOES BASTOS"""
"=""17393547000105""";EMSA EMPRESA SUL AMERICANA DE MONTAGENS SA;PESSOA JURIDICA;IPVA;"=""2283841622260""";"=""20260000006006""";14062941;1145;Efetivada;26/03/2026 17:40:43;30/03/2026 18:14:33;31/03/2026;3;R$ 350,34;R$ 1.933,98;R$ 1.051,03;EXPRESSO;-;"=""86123360159 - VERONICA ISSI SIMOES BASTOS"""
"=""17393547000105""";EMSA EMPRESA SUL AMERICANA DE MONTAGENS SA;PESSOA JURIDICA;IPVA;"=""2273160422204""";"=""20260000006000""";14062860;1145;Efetivada;26/03/2026 17:40:43;01/04/2026 18:11:11;31/03/2026;1;R$ 486,96;R$ 896,03;R$ 486,96;EXPRESSO;-;"=""86123360159 - VERONICA ISSI SIMOES BASTOS"""
"=""17393547000105""";EMSA EMPRESA SUL AMERICANA DE MONTAGENS SA;PESSOA JURIDICA;IPVA;"=""2274979122225""";"=""20260000006003""";14062933;1145;Efetivada;26/03/2026 17:40:43;01/04/2026 18:11:19;31/03/2026;1;R$ 511,67;R$ 938,80;R$ 511,67;EXPRESSO;-;"=""86123360159 - VERONICA ISSI SIMOES BASTOS"""
"=""17393547000105""";EMSA EMPRESA SUL AMERICANA DE MONTAGENS SA;PESSOA JURIDICA;IPVA;"=""2285340122245""";"=""20260000006017""";14054949;1146;Efetivada;26/03/2026 17:46:53;09/04/2026 12:51:02;31/03/2026;4;R$ 304,31;R$ 2.239,80;R$ 1.217,23;EXPRESSO;-;"=""00001288130 - JOILSON JOSE DA SILVA"""
"=""17393547000105""";EMSA EMPRESA SUL AMERICANA DE MONTAGENS SA;PESSOA JURIDICA;IPVA;"=""2291426022227""";"=""20260000006018""";14055007;1146;Efetivada;26/03/2026 17:46:53;09/04/2026 12:51:02;31/03/2026;2;R$ 364,30;R$ 1.340,66;R$ 728,59;EXPRESSO;-;"=""00001288130 - JOILSON JOSE DA SILVA"""
"=""17393547000105""";EMSA EMPRESA SUL AMERICANA DE MONTAGENS SA;PESSOA JURIDICA;IPVA;"=""2301929422250""";"=""20260000006019""";14055015;1146;Efetivada;26/03/2026 17:46:53;09/04/2026 12:51:02;31/03/2026;1;R$ 511,67;R$ 938,80;R$ 511,67;EXPRESSO;-;"=""00001288130 - JOILSON JOSE DA SILVA"""
"=""17393547000105""";EMSA EMPRESA SUL AMERICANA DE MONTAGENS SA;PESSOA JURIDICA;IPVA;"=""2303176822237""";"=""20260000006020""";14055023;1146;Efetivada;26/03/2026 17:46:53;09/04/2026 12:51:02;31/03/2026;3;R$ 313,70;R$ 1.731,68;R$ 941,09;EXPRESSO;-;"=""00001288130 - JOILSON JOSE DA SILVA"""
"=""17393547000105""";EMSA EMPRESA SUL AMERICANA DE MONTAGENS SA;PESSOA JURIDICA;IPVA;"=""2304803622247""";"=""20260000006021""";14054957;1146;Efetivada;26/03/2026 17:46:53;09/04/2026 12:51:02;31/03/2026;4;R$ 304,31;R$ 2.239,80;R$ 1.217,23;EXPRESSO;-;"=""00001288130 - JOILSON JOSE DA SILVA"""
"=""17393547000105""";EMSA EMPRESA SUL AMERICANA DE MONTAGENS SA;PESSOA JURIDICA;IPVA;"=""2305857422210""";"=""20260000006022""";14054965;1146;Efetivada;26/03/2026 17:46:53;09/04/2026 12:51:02;31/03/2026;5;R$ 338,24;R$ 3.111,95;R$ 1.691,21;EXPRESSO;-;"=""00001288130 - JOILSON JOSE DA SILVA"""
"=""17393547000105""";EMSA EMPRESA SUL AMERICANA DE MONTAGENS SA;PESSOA JURIDICA;IPVA;"=""2309966922283""";"=""20260000006023""";14054973;1146;Efetivada;26/03/2026 17:46:53;09/04/2026 12:51:02;31/03/2026;1;R$ 73,65;R$ 135,51;R$ 73,65;EXPRESSO;-;"=""00001288130 - JOILSON JOSE DA SILVA"""
"=""17393547000105""";EMSA EMPRESA SUL AMERICANA DE MONTAGENS SA;PESSOA JURIDICA;IPVA;"=""2346475822259""";"=""20260000006024""";14055031;1146;Efetivada;26/03/2026 17:46:53;09/04/2026 12:51:02;31/03/2026;4;R$ 370,71;R$ 2.535,29;R$ 1.482,83;EXPRESSO;-;"=""00001288130 - JOILSON JOSE DA SILVA"""
"=""17393547000105""";EMSA EMPRESA SUL AMERICANA DE MONTAGENS SA;PESSOA JURIDICA;IPVA;"=""2348973422216""";"=""20260000006025""";14054981;1146;Efetivada;26/03/2026 17:46:53;09/04/2026 12:51:02;31/03/2026;4;R$ 370,71;R$ 2.535,29;R$ 1.482,83;EXPRESSO;-;"=""00001288130 - JOILSON JOSE DA SILVA"""
"=""17393547000105""";EMSA EMPRESA SUL AMERICANA DE MONTAGENS SA;PESSOA JURIDICA;IPVA;"=""2351111522204""";"=""20260000006026""";14054990;1146;Efetivada;26/03/2026 17:46:53;09/04/2026 12:51:02;31/03/2026;4;R$ 370,71;R$ 2.535,29;R$ 1.482,83;EXPRESSO;-;"=""00001288130 - JOILSON JOSE DA SILVA"""
"=""17393547000105""";EMSA EMPRESA SUL AMERICANA DE MONTAGENS SA;PESSOA JURIDICA;IPVA;"=""2354855222203""";"=""20260000006037""";14054752;1147;Efetivada;26/03/2026 17:52:43;09/04/2026 12:51:02;31/03/2026;6;R$ 329,99;R$ 3.361,01;R$ 1.979,96;EXPRESSO;-;"=""00001288130 - JOILSON JOSE DA SILVA"""
"=""17393547000105""";EMSA EMPRESA SUL AMERICANA DE MONTAGENS SA;PESSOA JURIDICA;IPVA;"=""2355878922218""";"=""20260000006038""";14054760;1147;Efetivada;26/03/2026 17:52:43;09/04/2026 12:51:02;31/03/2026;3;R$ 310,88;R$ 1.583,16;R$ 932,63;EXPRESSO;-;"=""00001288130 - JOILSON JOSE DA SILVA"""
"=""17393547000105""";EMSA EMPRESA SUL AMERICANA DE MONTAGENS SA;PESSOA JURIDICA;IPVA;"=""2356729222298""";"=""20260000006039""";14054779;1147;Efetivada;26/03/2026 17:52:43;09/04/2026 12:51:02;31/03/2026;4;R$ 348,33;R$ 2.365,17;R$ 1.393,31;EXPRESSO;-;"=""00001288130 - JOILSON JOSE DA SILVA"""
"=""17393547000105""";EMSA EMPRESA SUL AMERICANA DE MONTAGENS SA;PESSOA JURIDICA;IPVA;"=""2357221522275""";"=""20260000006040""";14054825;1147;Efetivada;26/03/2026 17:52:43;09/04/2026 12:51:02;31/03/2026;1;R$ 590,70;R$ 1.002,72;R$ 590,70;EXPRESSO;-;"=""00001288130 - JOILSON JOSE DA SILVA"""
"=""17393547000105""";EMSA EMPRESA SUL AMERICANA DE MONTAGENS SA;PESSOA JURIDICA;IPVA;"=""2358132722250""";"=""20260000006041""";14054795;1147;Efetivada;26/03/2026 17:52:43;09/04/2026 12:51:02;31/03/2026;3;R$ 322,64;R$ 1.643,04;R$ 967,91;EXPRESSO;-;"=""00001288130 - JOILSON JOSE DA SILVA"""
"=""17393547000105""";EMSA EMPRESA SUL AMERICANA DE MONTAGENS SA;PESSOA JURIDICA;IPVA;"=""2360209522210""";"=""20260000006042""";14054817;1147;Efetivada;26/03/2026 17:52:43;09/04/2026 12:51:02;31/03/2026;5;R$ 345,98;R$ 2.936,51;R$ 1.729,88;EXPRESSO;-;"=""00001288130 - JOILSON JOSE DA SILVA"""
"=""17393547000105""";EMSA EMPRESA SUL AMERICANA DE MONTAGENS SA;PESSOA JURIDICA;IPVA;"=""2364052822261""";"=""20260000006043""";14054809;1147;Efetivada;26/03/2026 17:52:43;09/04/2026 12:51:02;31/03/2026;3;R$ 383,65;R$ 1.953,75;R$ 1.150,95;EXPRESSO;-;"=""00001288130 - JOILSON JOSE DA SILVA"""
"=""17393547000105""";EMSA EMPRESA SUL AMERICANA DE MONTAGENS SA;PESSOA JURIDICA;IPVA;"=""2366589222239""";"=""20260000006044""";14054787;1147;Efetivada;26/03/2026 17:52:43;09/04/2026 12:51:02;31/03/2026;4;R$ 322,13;R$ 2.187,25;R$ 1.288,50;EXPRESSO;-;"=""00001288130 - JOILSON JOSE DA SILVA"""
"=""17810645000192""";LR MOVEIS EIRELI ME;PESSOA JURIDICA;ICMS;"=""2005817411137""";"=""20260000005921""";14029235;1129;Efetivada;24/03/2026 09:33:44;30/03/2026 18:07:54;31/03/2026;55;R$ 302,42;R$ 39.751,28;R$ 16.633,31;STT;"=""03447962135 - LUCAS CARDOSO FRANCO""";Não atribuído
"=""17902979000196""";VIA 40 SOLUCOES EIRELI;PESSOA JURIDICA;ICMS;"=""2007993411108""";"=""20260000006497""";14154170;1212;Efetivada;15/04/2026 17:54:12;23/04/2026 18:46:04;23/04/2026;1;R$ 325,78;R$ 628,20;R$ 325,78;EXPRESSO;-;"=""70458480134 - RENATA VITORIA BONIFACIO E SOUZA"""
"=""17902979000196""";VIA 40 SOLUCOES EIRELI;PESSOA JURIDICA;ICMS;"=""2017838811197""";"=""20260000006500""";14154188;1212;Efetivada;15/04/2026 17:54:12;23/04/2026 18:46:11;23/04/2026;67;R$ 304,19;R$ 38.455,59;R$ 20.380,53;EXPRESSO;-;"=""70458480134 - RENATA VITORIA BONIFACIO E SOUZA"""
"=""17902979000196""";VIA 40 SOLUCOES EIRELI;PESSOA JURIDICA;ICMS;"=""2017838711133""";"=""20260000006499""";14154196;1212;Efetivada;15/04/2026 17:54:12;23/04/2026 18:46:17;23/04/2026;15;R$ 300,37;R$ 8.531,36;R$ 4.505,54;EXPRESSO;-;"=""70458480134 - RENATA VITORIA BONIFACIO E SOUZA"""
"=""17902979000196""";VIA 40 SOLUCOES EIRELI;PESSOA JURIDICA;ICMS;"=""2014638411166""";"=""20260000006498""";14154200;1212;Efetivada;15/04/2026 17:54:12;23/04/2026 18:46:24;23/04/2026;145;R$ 379,76;R$ 103.752,93;R$ 55.064,68;EXPRESSO;-;"=""70458480134 - RENATA VITORIA BONIFACIO E SOUZA"""
"=""17902979000196""";VIA 40 SOLUCOES EIRELI;PESSOA JURIDICA;ICMS;"=""2007993311154""";"=""20260000006502""";14154226;1212;Efetivada;15/04/2026 17:54:12;23/04/2026 18:46:30;23/04/2026;2;R$ 324,16;R$ 1.261,00;R$ 648,31;EXPRESSO;-;"=""70458480134 - RENATA VITORIA BONIFACIO E SOUZA"""
"=""17902979000196""";VIA 40 SOLUCOES EIRELI;PESSOA JURIDICA;ICMS;"=""2017838911140""";"=""20260000006501""";14154218;1212;Efetivada;15/04/2026 17:54:12;23/04/2026 18:46:37;23/04/2026;15;R$ 316,64;R$ 8.970,89;R$ 4.749,53;EXPRESSO;-;"=""70458480134 - RENATA VITORIA BONIFACIO E SOUZA"""
"=""18040768000154"""; REFRINOX INDÚSTRIA E COMÉRCIO DE ARTEFATOS INOXIDÁVEIS LTDA.;PESSOA JURIDICA;ICMS;"=""4011802920923""";"=""20260000002381""";13819275;567;Efetivada;20/02/2026 10:10:49;24/02/2026 18:05:26;27/02/2026;14;R$ 307,50;R$ 14.350,04;R$ 4.305,01;STT;"=""13670181709 - LARISSA BELTRAO DE CARVALHO""";Não atribuído
"=""18040768000154"""; REFRINOX INDÚSTRIA E COMÉRCIO DE ARTEFATOS INOXIDÁVEIS LTDA.;PESSOA JURIDICA;ICMS;"=""2007999211178""";"=""20260000002379""";13819259;567;Efetivada;20/02/2026 10:10:49;24/02/2026 18:05:30;27/02/2026;21;R$ 305,76;R$ 12.200,93;R$ 6.420,87;STT;"=""13670181709 - LARISSA BELTRAO DE CARVALHO""";Não atribuído
"=""18040768000154"""; REFRINOX INDÚSTRIA E COMÉRCIO DE ARTEFATOS INOXIDÁVEIS LTDA.;PESSOA JURIDICA;ICMS;"=""4012100287706""";"=""20260000002380""";13819267;567;Efetivada;20/02/2026 10:10:49;24/02/2026 18:05:37;27/02/2026;145;R$ 704,67;R$ 158.064,00;R$ 102.177,63;STT;"=""13670181709 - LARISSA BELTRAO DE CARVALHO""";Não atribuído
"=""18216607000179""";LUCIANO ROSA DA SILVA;PESSOA JURIDICA;Pena Pecuniária;"=""2137559600034""";"=""20260000000157""";13645110;90;Efetivada;03/02/2026 12:11:21;09/02/2026 18:00:51;10/02/2026;25;R$ 310,97;R$ 25.914,23;R$ 7.774,27;STT;"=""00001288130 - JOILSON JOSE DA SILVA""";Não atribuído
"=""18362060000110""";MARCIO TEOFILO DE SOUZA SILVA ;PESSOA JURIDICA;IPVA;"=""2331211122246""";"=""20260000005672""";14022079;1109;Efetivada;23/03/2026 11:26:00;31/03/2026 06:01:30;30/03/2026;2;R$ 354,50;R$ 1.300,84;R$ 708,99;STT;"=""00828686114 - GEOVANA REZENDE ABDON FRAGOSO OLIVEIRA""";Não atribuído
"=""18362060000110""";MARCIO TEOFILO DE SOUZA SILVA ;PESSOA JURIDICA;IPVA;"=""2084264022256""";"=""20260000005671""";14022060;1109;Efetivada;23/03/2026 11:26:00;31/03/2026 06:01:37;30/03/2026;2;R$ 363,01;R$ 1.353,60;R$ 726,01;STT;"=""00828686114 - GEOVANA REZENDE ABDON FRAGOSO OLIVEIRA""";Não atribuído
"=""18362060000110""";MARCIO TEOFILO DE SOUZA SILVA ;PESSOA JURIDICA;IPVA;"=""2377615222224""";"=""20260000005675""";14022109;1109;Efetivada;23/03/2026 11:26:00;31/03/2026 12:00:57;30/03/2026;3;R$ 329,12;R$ 1.663,96;R$ 987,36;STT;"=""00828686114 - GEOVANA REZENDE ABDON FRAGOSO OLIVEIRA""";Não atribuído
"=""18362060000110""";MARCIO TEOFILO DE SOUZA SILVA ;PESSOA JURIDICA;IPVA;"=""2039249422200""";"=""20260000005670""";14022052;1109;Efetivada;23/03/2026 11:26:00;31/03/2026 12:01:18;30/03/2026;2;R$ 370,04;R$ 1.408,04;R$ 740,08;STT;"=""00828686114 - GEOVANA REZENDE ABDON FRAGOSO OLIVEIRA""";Não atribuído
"=""18362060000110""";MARCIO TEOFILO DE SOUZA SILVA ;PESSOA JURIDICA;IPVA;"=""2181344722205""";"=""20260000005673""";14022087;1109;Efetivada;23/03/2026 11:26:00;01/04/2026 18:00:26;30/03/2026;1;R$ 207,15;R$ 426,69;R$ 207,15;STT;"=""00828686114 - GEOVANA REZENDE ABDON FRAGOSO OLIVEIRA""";Não atribuído
"=""18362060000110""";MARCIO TEOFILO DE SOUZA SILVA ;PESSOA JURIDICA;IPVA;"=""2317473122256""";"=""20260000005674""";14022095;1109;Efetivada;23/03/2026 11:26:00;01/04/2026 18:00:33;30/03/2026;1;R$ 202,30;R$ 368,54;R$ 202,30;STT;"=""00828686114 - GEOVANA REZENDE ABDON FRAGOSO OLIVEIRA""";Não atribuído
"=""18362060000110""";MARCIO TEOFILO DE SOUZA SILVA ;PESSOA JURIDICA;IPVA;"=""2390745122243""";"=""20260000005676""";14022117;1109;Efetivada;23/03/2026 11:26:00;01/04/2026 18:00:40;30/03/2026;1;R$ 281,72;R$ 470,98;R$ 281,72;STT;"=""00828686114 - GEOVANA REZENDE ABDON FRAGOSO OLIVEIRA""";Não atribuído
"=""18825908000108""";W.S. COMERCIO DE MEDICAMENTOS LTDA;PESSOA JURIDICA;ICMS;"=""4011701314521""";"=""20260000004463""";13918001;892;Efetivada;04/03/2026 15:14:34;11/03/2026 12:04:28;11/03/2026;31;R$ 301,80;R$ 31.185,89;R$ 9.355,77;EXPRESSO;-;"=""70458480134 - RENATA VITORIA BONIFACIO E SOUZA"""
"=""19007728000173""";TECNOPREST SERVICOS EIRELI ;PESSOA JURIDICA;IPVA;"=""2281727022270""";"=""20260000002974""";13848143;666;Efetivada;24/02/2026 11:35:48;27/02/2026 18:03:46;27/02/2026;1;R$ 833,58;R$ 1.523,84;R$ 833,58;STT;"=""00901455180 - DANIEL BENKE AFONSO""";Não atribuído
"=""19007728000173""";TECNOPREST SERVICOS EIRELI ;PESSOA JURIDICA;IPVA;"=""2078678622202""";"=""20260000002973""";13848151;666;Efetivada;24/02/2026 11:35:48;27/02/2026 18:03:48;27/02/2026;1;R$ 938,11;R$ 1.739,29;R$ 938,11;STT;"=""00901455180 - DANIEL BENKE AFONSO""";Não atribuído
"=""19221150100""";ROSA MARIA DE S CAMARGO ;PESSOA FISICA;IPVA;"=""2349608822240""";"=""20260000003180""";13857959;701;Efetivada;25/02/2026 09:50:40;28/02/2026 06:03:59;27/02/2026;3;R$ 372,33;R$ 1.896,38;R$ 1.116,99;STT;"=""03279141141 - VANESSA FRANCO DE OLIVEIRA""";Não atribuído
"=""19226481000186""";CHAER CORRETAGEM E REPRESENTAÇÕES LTDA ME;PESSOA JURIDICA;IPVA;"=""2375690722224""";"=""20260000001653""";13759566;403;Efetivada;12/02/2026 08:06:54;19/02/2026 18:01:06;19/02/2026;20;R$ 374,59;R$ 12.535,85;R$ 7.491,79;STT;"=""03447962135 - LUCAS CARDOSO FRANCO""";Não atribuído
"=""19332354000161""";LIQUIDA COLCHOES E MOVEIS LTDA;PESSOA JURIDICA;ICMS;"=""4011900670670""";"=""20260000005124""";13961292;1015;Efetivada;11/03/2026 09:37:20;12/03/2026 18:09:16;18/03/2026;50;R$ 622,48;R$ 103.746,72;R$ 31.124,02;EXPRESSO;-;"=""70458480134 - RENATA VITORIA BONIFACIO E SOUZA"""
"=""19332354000161""";LIQUIDA COLCHOES E MOVEIS LTDA;PESSOA JURIDICA;ICMS;"=""4011702252368""";"=""20260000005129""";13961322;1015;Efetivada;11/03/2026 09:37:20;12/03/2026 18:09:16;18/03/2026;36;R$ 430,06;R$ 51.606,96;R$ 15.482,09;EXPRESSO;-;"=""70458480134 - RENATA VITORIA BONIFACIO E SOUZA"""
"=""19332354000161""";LIQUIDA COLCHOES E MOVEIS LTDA;PESSOA JURIDICA;ICMS;"=""2014792711107""";"=""20260000005127""";13961330;1015;Efetivada;11/03/2026 09:37:20;23/04/2026 18:33:39;18/03/2026;1;R$ 258,52;R$ 483,04;R$ 258,52;EXPRESSO;-;"=""70458480134 - RENATA VITORIA BONIFACIO E SOUZA"""
"=""19332354000161""";LIQUIDA COLCHOES E MOVEIS LTDA;PESSOA JURIDICA;ICMS;"=""2014792511191""";"=""20260000005125""";13961306;1015;Efetivada;11/03/2026 09:37:20;23/04/2026 18:33:45;18/03/2026;1;R$ 172,31;R$ 326,15;R$ 172,31;EXPRESSO;-;"=""70458480134 - RENATA VITORIA BONIFACIO E SOUZA"""
"=""19332354000161""";LIQUIDA COLCHOES E MOVEIS LTDA;PESSOA JURIDICA;ICMS;"=""2014792611145""";"=""20260000005126""";13961314;1015;Efetivada;11/03/2026 09:37:20;23/04/2026 18:33:52;18/03/2026;1;R$ 172,78;R$ 326,44;R$ 172,78;EXPRESSO;-;"=""70458480134 - RENATA VITORIA BONIFACIO E SOUZA"""
"=""19332354000161""";LIQUIDA COLCHOES E MOVEIS LTDA;PESSOA JURIDICA;ICMS;"=""2014792811152""";"=""20260000005128""";13961349;1015;Efetivada;11/03/2026 09:37:20;23/04/2026 18:33:59;18/03/2026;1;R$ 182,91;R$ 341,43;R$ 182,91;EXPRESSO;-;"=""70458480134 - RENATA VITORIA BONIFACIO E SOUZA"""
"=""19391315100""";SONIA MARIA TAVARES DE LIRA;PESSOA FISICA;IPVA;"=""2298260122224""";"=""20260000002564""";13830562;599;Efetivada;21/02/2026 21:44:49;23/02/2026 06:09:41;27/02/2026;1;R$ 315,81;R$ 577,31;R$ 315,81;EXPRESSO;-;"=""70458480134 - RENATA VITORIA BONIFACIO E SOUZA"""
"=""19391315100""";SONIA MARIA TAVARES DE LIRA;PESSOA FISICA;IPVA;"=""2376450222276""";"=""20260000002565""";13830570;599;Efetivada;21/02/2026 21:44:49;23/02/2026 06:09:42;27/02/2026;1;R$ 407,07;R$ 681,13;R$ 407,07;EXPRESSO;-;"=""70458480134 - RENATA VITORIA BONIFACIO E SOUZA"""
"=""19761295168""";VANDERLY BORBA DA SILVA;PESSOA FISICA;IPVA;"=""4012100113392""";"=""20260000000691""";13691465;201;Efetivada;05/02/2026 14:29:31;23/04/2026 18:04:43;12/02/2026;1;R$ 1.932,87;R$ 6.018,02;R$ 1.932,87;EXPRESSO;-;"=""86123360159 - VERONICA ISSI SIMOES BASTOS"""
"=""19762313100""";IRAI ALVES MOREIRA;PESSOA FISICA;ITCD;"=""4012201120491""";"=""20260000001993""";13784714;474;Efetivada;13/02/2026 14:07:07;20/02/2026 12:02:50;20/02/2026;1;R$ 4.516,94;R$ 15.056,48;R$ 4.516,94;EXPRESSO;-;"=""70458480134 - RENATA VITORIA BONIFACIO E SOUZA"""
"=""19790945191""";DIVA LUIZA DE ANDRADE;PESSOA FISICA;IPVA;"=""2374593422256""";"=""20260000004866""";13942360;966;Efetivada;09/03/2026 09:05:48;10/03/2026 18:06:08;16/03/2026;2;R$ 377,01;R$ 1.270,71;R$ 754,01;STT;"=""70458480134 - RENATA VITORIA BONIFACIO E SOUZA""";Não atribuído
"=""19844310130""";ODESVALDO DE SOUZA MATOS;PESSOA FISICA;ICMS;"=""4012400431900""";"=""20250000000038""";13434829;21;Efetivada;23/12/2025 09:51:57;29/12/2025 18:00:00;29/12/2025;145;R$ 2.660,90;R$ 927.074,80;R$ 385.831,04;STT;"=""86123360159 - VERONICA ISSI SIMOES BASTOS""";Não atribuído
"=""20269091000172""";RAUL MARCELO COELHO DOS SANTOS - ME;PESSOA JURIDICA;Pena Pecuniária;"=""4011902164616""";"=""20260000000811""";13697315;227;Efetivada;06/02/2026 10:40:36;13/02/2026 18:03:00;13/02/2026;4;R$ 301,30;R$ 4.017,33;R$ 1.205,20;STT;"=""13670181709 - LARISSA BELTRAO DE CARVALHO""";Não atribuído
"=""20399149000100""";NILSON MARTINS ARRUDA - RENT A CAR ARRUDA;PESSOA JURIDICA;ICMS;"=""4011802081565""";"=""20260000005191""";13961853;1023;Efetivada;11/03/2026 10:20:54;09/04/2026 12:50:58;18/03/2026;1;R$ 14.927,28;R$ 49.757,59;R$ 14.927,28;STT;"=""70458480134 - RENATA VITORIA BONIFACIO E SOUZA""";Não atribuído
"=""20399149000100""";NILSON MARTINS ARRUDA - RENT A CAR ARRUDA;PESSOA JURIDICA;ICMS;"=""4011802071500""";"=""20260000005192""";13961861;1023;Efetivada;11/03/2026 10:20:54;09/04/2026 12:50:58;18/03/2026;1;R$ 1.742,61;R$ 5.808,69;R$ 1.742,61;STT;"=""70458480134 - RENATA VITORIA BONIFACIO E SOUZA""";Não atribuído
"=""20663956000180""";KIPÃO DO CERRADO ALIMENTOS LTDA;PESSOA JURIDICA;ICMS;"=""2144379600080""";"=""20260000002352""";13819720;561;Efetivada;20/02/2026 07:59:06;25/02/2026 18:03:00;27/02/2026;30;R$ 304,48;R$ 14.851,35;R$ 9.134,44;EXPRESSO;-;"=""70458480134 - RENATA VITORIA BONIFACIO E SOUZA"""
"=""20663956000180""";KIPÃO DO CERRADO ALIMENTOS LTDA;PESSOA JURIDICA;ICMS;"=""4022100007182""";"=""20260000002354""";13819739;561;Efetivada;20/02/2026 07:59:06;25/02/2026 18:03:06;27/02/2026;145;R$ 430,86;R$ 97.406,16;R$ 62.475,36;EXPRESSO;-;"=""70458480134 - RENATA VITORIA BONIFACIO E SOUZA"""
"=""20663956000180""";KIPÃO DO CERRADO ALIMENTOS LTDA;PESSOA JURIDICA;ICMS;"=""4022100034660""";"=""20260000002356""";13819763;561;Efetivada;20/02/2026 07:59:06;25/02/2026 18:03:06;27/02/2026;145;R$ 1.095,78;R$ 243.802,90;R$ 158.887,48;EXPRESSO;-;"=""70458480134 - RENATA VITORIA BONIFACIO E SOUZA"""
"=""20663956000180""";KIPÃO DO CERRADO ALIMENTOS LTDA;PESSOA JURIDICA;ICMS;"=""4022100007263""";"=""20260000002355""";13819747;561;Efetivada;20/02/2026 07:59:06;25/02/2026 18:03:13;27/02/2026;145;R$ 670,73;R$ 150.015,04;R$ 97.255,33;EXPRESSO;-;"=""70458480134 - RENATA VITORIA BONIFACIO E SOUZA"""
"=""20663956000180""";KIPÃO DO CERRADO ALIMENTOS LTDA;PESSOA JURIDICA;ICMS;"=""4022200004940""";"=""20260000002353""";13819771;561;Efetivada;20/02/2026 07:59:06;25/02/2026 18:03:19;27/02/2026;145;R$ 525,87;R$ 114.415,60;R$ 76.251,65;EXPRESSO;-;"=""70458480134 - RENATA VITORIA BONIFACIO E SOUZA"""
"=""20663956000180""";KIPÃO DO CERRADO ALIMENTOS LTDA;PESSOA JURIDICA;IPVA;"=""2319144522269""";"=""20260000002357""";13819755;561;Efetivada;20/02/2026 07:59:06;25/02/2026 18:03:12;27/02/2026;3;R$ 314,19;R$ 1.705,89;R$ 942,57;EXPRESSO;-;"=""70458480134 - RENATA VITORIA BONIFACIO E SOUZA"""
"=""20797079300""";FRANCISCO PATRICIO DUARTE FRANCO;PESSOA FISICA;IPVA;"=""2264022122206""";"=""20260000001337""";13757830;326;Efetivada;10/02/2026 11:14:07;12/02/2026 18:08:19;18/02/2026;7;R$ 328,89;R$ 4.196,47;R$ 2.302,22;STT;"=""03447962135 - LUCAS CARDOSO FRANCO""";"=""86123360159 - VERONICA ISSI SIMOES BASTOS"""
"=""20797079300""";FRANCISCO PATRICIO DUARTE FRANCO;PESSOA FISICA;IPVA;"=""2377905022260""";"=""20260000001338""";13757849;326;Efetivada;10/02/2026 11:14:07;18/02/2026 12:03:06;18/02/2026;7;R$ 458,03;R$ 5.364,88;R$ 3.206,21;STT;"=""03447962135 - LUCAS CARDOSO FRANCO""";"=""86123360159 - VERONICA ISSI SIMOES BASTOS"""
"=""21216713000167""";OK STORE ELETRONICOS LTDA - ME;PESSOA JURIDICA;ICMS;"=""4011700825409""";"=""20260000002714""";13843893;621;Efetivada;23/02/2026 10:35:38;24/02/2026 18:11:03;27/02/2026;145;R$ 431,49;R$ 206.064,27;R$ 62.565,84;EXPRESSO;-;"=""70458480134 - RENATA VITORIA BONIFACIO E SOUZA"""
"=""21264376120""";JOSE ANTONIO PEREIRA;PESSOA FISICA;IPVA;"=""2071165022230""";"=""20260000000489""";13692542;165;Efetivada;04/02/2026 16:16:22;11/02/2026 18:02:52;11/02/2026;1;R$ 1.831,05;R$ 3.394,87;R$ 1.831,05;EXPRESSO;-;"=""86123360159 - VERONICA ISSI SIMOES BASTOS"""
"=""21264376120""";JOSE ANTONIO PEREIRA;PESSOA FISICA;IPVA;"=""2272732622248""";"=""20260000000490""";13692550;165;Efetivada;04/02/2026 16:16:22;11/02/2026 18:02:59;11/02/2026;1;R$ 1.809,08;R$ 3.307,14;R$ 1.809,08;EXPRESSO;-;"=""86123360159 - VERONICA ISSI SIMOES BASTOS"""
"=""21264376120""";JOSE ANTONIO PEREIRA;PESSOA FISICA;IPVA;"=""2345376522291""";"=""20260000003109""";13853996;688;Efetivada;24/02/2026 16:40:16;27/02/2026 12:04:56;27/02/2026;1;R$ 2.285,48;R$ 3.880,20;R$ 2.285,48;EXPRESSO;-;"=""86123360159 - VERONICA ISSI SIMOES BASTOS"""
"=""21286981115""";JOAQUIM MACHADO DE AMORIM;PESSOA FISICA;ICMS;"=""4011901144131""";"=""20260000004683""";13930583;933;Efetivada;06/03/2026 09:29:05;10/03/2026 06:05:58;13/03/2026;10;R$ 307,52;R$ 9.714,04;R$ 3.075,16;EXPRESSO;-;"=""86123360159 - VERONICA ISSI SIMOES BASTOS"""
"=""21286981115""";JOAQUIM MACHADO DE AMORIM;PESSOA FISICA;ICMS;"=""4011702823373""";"=""20260000004684""";13930591;933;Efetivada;06/03/2026 09:29:05;10/03/2026 06:05:59;13/03/2026;96;R$ 429,92;R$ 134.762,69;R$ 41.272,67;EXPRESSO;-;"=""86123360159 - VERONICA ISSI SIMOES BASTOS"""
"=""21391810000196""";PC DISTRIBUIÇÃO LTDA ;PESSOA JURIDICA;ICMS;"=""4011601689817""";"=""20260000001890""";13807269;454;Efetivada;13/02/2026 10:33:05;23/04/2026 18:14:30;20/02/2026;100;R$ 700,02;R$ 200.005,19;R$ 70.001,82;EXPRESSO;-;"=""86123360159 - VERONICA ISSI SIMOES BASTOS"""
"=""21391810000196""";PC DISTRIBUIÇÃO LTDA ;PESSOA JURIDICA;ICMS;"=""4011503092999""";"=""20260000001891""";13807277;454;Efetivada;13/02/2026 10:33:05;23/04/2026 18:14:37;20/02/2026;110;R$ 527,23;R$ 165.700,62;R$ 57.995,22;EXPRESSO;-;"=""86123360159 - VERONICA ISSI SIMOES BASTOS"""
"=""21391810000196""";PC DISTRIBUIÇÃO LTDA ;PESSOA JURIDICA;ICMS;"=""4012200126488""";"=""20260000001893""";13807250;454;Efetivada;13/02/2026 10:33:05;23/04/2026 18:14:44;20/02/2026;100;R$ 1.332,62;R$ 207.182,43;R$ 133.262,00;EXPRESSO;-;"=""86123360159 - VERONICA ISSI SIMOES BASTOS"""
"=""21391810000196""";PC DISTRIBUIÇÃO LTDA ;PESSOA JURIDICA;ICMS;"=""4012201231307""";"=""20260000001892""";13807285;454;Efetivada;13/02/2026 10:33:05;23/04/2026 18:14:51;20/02/2026;100;R$ 2.377,92;R$ 349.881,79;R$ 237.792,00;EXPRESSO;-;"=""86123360159 - VERONICA ISSI SIMOES BASTOS"""
"=""21391810000196""";PC DISTRIBUIÇÃO LTDA ;PESSOA JURIDICA;ICMS;"=""4012201216413""";"=""20260000001943""";13807412;464;Efetivada;13/02/2026 11:37:58;23/04/2026 18:14:58;20/02/2026;1;R$ 3.414,21;R$ 8.953,99;R$ 3.414,21;EXPRESSO;-;"=""86123360159 - VERONICA ISSI SIMOES BASTOS"""
"=""21438348000135""";TRINDADE ÔNIX PRODUTOS ALIMENTÍCIOS LTDA.;PESSOA JURIDICA;ICMS;"=""4021900102416""";"=""20260000001345""";13778331;328;Efetivada;10/02/2026 11:42:17;23/04/2026 18:12:04;18/02/2026;22;R$ 301,87;R$ 10.717,24;R$ 6.641,11;EXPRESSO;-;"=""86123360159 - VERONICA ISSI SIMOES BASTOS"""
"=""21438348000135""";TRINDADE ÔNIX PRODUTOS ALIMENTÍCIOS LTDA.;PESSOA JURIDICA;ICMS;"=""2228112500017""";"=""20260000001346""";13778340;328;Efetivada;10/02/2026 11:42:17;23/04/2026 18:12:11;18/02/2026;15;R$ 305,99;R$ 7.202,08;R$ 4.589,92;EXPRESSO;-;"=""86123360159 - VERONICA ISSI SIMOES BASTOS"""
"=""21964963168""";TEREZINHA MOREIRA DE ALMEIDA;PESSOA FISICA;IPVA;"=""2356813922297""";"=""20260000003959""";13891022;799;Efetivada;01/03/2026 16:20:30;04/03/2026 18:03:51;06/03/2026;4;R$ 334,82;R$ 2.273,46;R$ 1.339,28;EXPRESSO;-;"=""70458480134 - RENATA VITORIA BONIFACIO E SOUZA"""
"=""22193394000184""";A.L.G. SOARES;PESSOA JURIDICA;ICMS;"=""2145386200081""";"=""20260000003031""";13873768;677;Efetivada;24/02/2026 14:27:06;27/02/2026 12:08:47;27/02/2026;3;R$ 310,15;R$ 1.550,50;R$ 930,45;EXPRESSO;-;"=""70458480134 - RENATA VITORIA BONIFACIO E SOUZA"""
"=""22193394000184""";A.L.G. SOARES;PESSOA JURIDICA;Pena Pecuniária;"=""2145749600001""";"=""20260000003032""";13873750;677;Efetivada;24/02/2026 14:27:06;27/02/2026 12:08:45;27/02/2026;10;R$ 372,84;R$ 12.427,98;R$ 3.728,39;EXPRESSO;-;"=""70458480134 - RENATA VITORIA BONIFACIO E SOUZA"""
"=""22332686000150""";VLM PRODUTOS DESCARTÁVEIS LTDA;PESSOA JURIDICA;ICMS;"=""4012300806030""";"=""20250000000003""";13316605;4;Efetivada;14/11/2025 17:27:21;;21/11/2025;145;R$ 26.374,41;R$ 5.689.956,09;R$ 3.824.289,90;STT;"=""86123360159 - VERONICA ISSI SIMOES BASTOS""";Não atribuído
"=""22332686000150""";VLM PRODUTOS DESCARTÁVEIS LTDA;PESSOA JURIDICA;ICMS;"=""4012301526554""";"=""20250000000004""";13316613;4;Efetivada;14/11/2025 17:27:21;;21/11/2025;145;R$ 1.528,26;R$ 633.138,31;R$ 221.598,41;STT;"=""86123360159 - VERONICA ISSI SIMOES BASTOS""";Não atribuído
"=""22538149000161""";INDUSTRIA E COMERCIO DE ARTEFATOS DE COURO REI DO GADO LTDA;PESSOA JURIDICA;ICMS;"=""2008188011184""";"=""20260000005236""";13964747;1028;Efetivada;11/03/2026 11:55:18;18/03/2026 18:04:59;18/03/2026;2;R$ 436,20;R$ 1.668,20;R$ 872,40;STT;"=""03447962135 - LUCAS CARDOSO FRANCO""";"=""70458480134 - RENATA VITORIA BONIFACIO E SOUZA"""
"=""22538149000161""";INDUSTRIA E COMERCIO DE ARTEFATOS DE COURO REI DO GADO LTDA;PESSOA JURIDICA;ICMS;"=""4011900239732""";"=""20260000005237""";13964739;1028;Efetivada;11/03/2026 11:55:18;18/03/2026 18:04:59;18/03/2026;63;R$ 301,04;R$ 62.104,82;R$ 18.965,81;STT;"=""03447962135 - LUCAS CARDOSO FRANCO""";"=""70458480134 - RENATA VITORIA BONIFACIO E SOUZA"""
"=""22538149000161""";INDUSTRIA E COMERCIO DE ARTEFATOS DE COURO REI DO GADO LTDA;PESSOA JURIDICA;ICMS;"=""2008187911122""";"=""20260000005235""";13964755;1028;Efetivada;11/03/2026 11:55:18;19/03/2026 06:04:59;18/03/2026;3;R$ 300,54;R$ 1.734,43;R$ 901,62;STT;"=""03447962135 - LUCAS CARDOSO FRANCO""";"=""70458480134 - RENATA VITORIA BONIFACIO E SOUZA"""
"=""22538149000161""";INDUSTRIA E COMERCIO DE ARTEFATOS DE COURO REI DO GADO LTDA;PESSOA JURIDICA;ICMS;"=""2015172611120""";"=""20260000005238""";13964720;1028;Efetivada;11/03/2026 11:55:18;19/03/2026 06:04:59;18/03/2026;2;R$ 393,14;R$ 1.488,31;R$ 786,28;STT;"=""03447962135 - LUCAS CARDOSO FRANCO""";"=""70458480134 - RENATA VITORIA BONIFACIO E SOUZA"""
"=""22819649149""";PEDRO FERREIRA NARCISO NETO (ESPÓLIO);PESSOA FISICA;IPVA;"=""2286696122201""";"=""20260000006632""";14177544;1239;Efetivada;24/04/2026 15:35:22;28/04/2026 12:03:49;30/04/2026;1;R$ 982,84;R$ 1.822,77;R$ 982,84;STT;"=""03279141141 - VANESSA FRANCO DE OLIVEIRA""";Não atribuído
"=""22819649149""";PEDRO FERREIRA NARCISO NETO (ESPÓLIO);PESSOA FISICA;IPVA;"=""2341040322243""";"=""20260000006633""";14177536;1239;Efetivada;24/04/2026 15:35:22;28/04/2026 12:03:57;30/04/2026;1;R$ 1.354,05;R$ 2.334,75;R$ 1.354,05;STT;"=""03279141141 - VANESSA FRANCO DE OLIVEIRA""";Não atribuído
"=""23134860104""";VALDINEY ALVES GOUVEIA;PESSOA FISICA;ICMS;"=""4012000121628""";"=""20260000002743""";13843940;627;Efetivada;23/02/2026 11:30:24;25/02/2026 18:06:14;27/02/2026;1;R$ 3.099,57;R$ 9.602,16;R$ 3.099,57;EXPRESSO;-;"=""70458480134 - RENATA VITORIA BONIFACIO E SOUZA"""
"=""23378824115""";VICENTE BERNARDO DABADIA MELO;PESSOA FISICA;IPVA;"=""2278829522204""";"=""20260000003417""";13864130;725;Efetivada;25/02/2026 14:58:34;28/02/2026 06:04:38;27/02/2026;2;R$ 351,66;R$ 1.285,72;R$ 703,32;STT;"=""05276651183 - LUIZA HELENA LIMA ALVARENGA""";Não atribuído
"=""23540814000114""";VISUAL EVENTOS E FORMATURAS LTDA.;PESSOA JURIDICA;ICMS;"=""2015287611115""";"=""20260000005434""";13997572;1062;Efetivada;16/03/2026 13:07:05;23/03/2026 06:03:29;23/03/2026;18;R$ 710,90;R$ 23.910,08;R$ 12.796,28;EXPRESSO;-;"=""70458480134 - RENATA VITORIA BONIFACIO E SOUZA"""
"=""23540814000114""";VISUAL EVENTOS E FORMATURAS LTDA.;PESSOA JURIDICA;ICMS;"=""2018196911102""";"=""20260000005431""";13997548;1062;Efetivada;16/03/2026 13:07:05;23/03/2026 06:03:35;23/03/2026;18;R$ 642,06;R$ 21.551,63;R$ 11.557,08;EXPRESSO;-;"=""70458480134 - RENATA VITORIA BONIFACIO E SOUZA"""
"=""23540814000114""";VISUAL EVENTOS E FORMATURAS LTDA.;PESSOA JURIDICA;ICMS;"=""2018197111100""";"=""20260000005432""";13997556;1062;Efetivada;16/03/2026 13:07:05;23/03/2026 06:03:36;23/03/2026;18;R$ 456,04;R$ 15.790,03;R$ 8.208,74;EXPRESSO;-;"=""70458480134 - RENATA VITORIA BONIFACIO E SOUZA"""
"=""23540814000114""";VISUAL EVENTOS E FORMATURAS LTDA.;PESSOA JURIDICA;ICMS;"=""4012200219575""";"=""20260000005433""";13997564;1062;Efetivada;16/03/2026 13:07:05;23/03/2026 06:03:42;23/03/2026;18;R$ 2.604,87;R$ 71.446,81;R$ 46.887,68;EXPRESSO;-;"=""70458480134 - RENATA VITORIA BONIFACIO E SOUZA"""
"=""23540814000114""";VISUAL EVENTOS E FORMATURAS LTDA.;PESSOA JURIDICA;ICMS;"=""2015287511161""";"=""20260000005436""";13997610;1062;Efetivada;16/03/2026 13:07:05;23/03/2026 06:03:42;23/03/2026;18;R$ 742,45;R$ 24.996,62;R$ 13.364,04;EXPRESSO;-;"=""70458480134 - RENATA VITORIA BONIFACIO E SOUZA"""
"=""23540814000114""";VISUAL EVENTOS E FORMATURAS LTDA.;PESSOA JURIDICA;ICMS;"=""2015287711179""";"=""20260000005430""";13997602;1062;Efetivada;16/03/2026 13:07:05;23/03/2026 06:03:48;23/03/2026;18;R$ 710,20;R$ 23.863,50;R$ 12.783,66;EXPRESSO;-;"=""70458480134 - RENATA VITORIA BONIFACIO E SOUZA"""
"=""23540814000114""";VISUAL EVENTOS E FORMATURAS LTDA.;PESSOA JURIDICA;ICMS;"=""2018197011156""";"=""20260000005429""";13997599;1062;Efetivada;16/03/2026 13:07:05;23/03/2026 06:03:49;23/03/2026;18;R$ 1.058,66;R$ 35.500,93;R$ 19.055,80;EXPRESSO;-;"=""70458480134 - RENATA VITORIA BONIFACIO E SOUZA"""
"=""23540814000114""";VISUAL EVENTOS E FORMATURAS LTDA.;PESSOA JURIDICA;ICMS;"=""2018197211163""";"=""20260000005435""";13997580;1062;Efetivada;16/03/2026 13:07:05;23/03/2026 06:03:55;23/03/2026;18;R$ 1.737,25;R$ 60.570,19;R$ 31.270,49;EXPRESSO;-;"=""70458480134 - RENATA VITORIA BONIFACIO E SOUZA"""
"=""23592692000100""";WOLPP E TAVARES LTDA ;PESSOA JURIDICA;ICMS;"=""2005835611126""";"=""20260000001655""";13774336;404;Efetivada;12/02/2026 08:09:22;19/02/2026 18:02:10;19/02/2026;39;R$ 303,76;R$ 25.890,40;R$ 11.846,50;EXPRESSO;-;"=""00001288130 - JOILSON JOSE DA SILVA"""
"=""23592692000100""";WOLPP E TAVARES LTDA ;PESSOA JURIDICA;ICMS;"=""2006956911153""";"=""20260000001656""";13774344;404;Efetivada;12/02/2026 08:09:22;19/02/2026 18:02:16;19/02/2026;28;R$ 300,85;R$ 16.778,03;R$ 8.423,72;EXPRESSO;-;"=""00001288130 - JOILSON JOSE DA SILVA"""
"=""23592692000100""";WOLPP E TAVARES LTDA ;PESSOA JURIDICA;ICMS;"=""2015293711126""";"=""20260000001657""";13774352;404;Efetivada;12/02/2026 08:09:22;19/02/2026 18:02:17;19/02/2026;44;R$ 301,90;R$ 25.467,92;R$ 13.283,44;EXPRESSO;-;"=""00001288130 - JOILSON JOSE DA SILVA"""
"=""23637307120""";SIRLENE GUIMARAES RIBEIRO RUAS;PESSOA FISICA;IPVA;"=""2038216522208""";"=""20260000005106""";13960610;1012;Efetivada;11/03/2026 09:11:14;09/04/2026 12:50:57;18/03/2026;1;R$ 587,56;R$ 1.120,49;R$ 587,56;STT;"=""03447962135 - LUCAS CARDOSO FRANCO""";Não atribuído
"=""23828153968""";SINEZIO MESSIAS BERTOLINI;PESSOA FISICA;IPVA;"=""2310795322280""";"=""20260000000990""";13703439;253;Efetivada;06/02/2026 15:19:36;13/02/2026 18:03:06;13/02/2026;1;R$ 643,54;R$ 1.169,25;R$ 643,54;STT;"=""13670181709 - LARISSA BELTRAO DE CARVALHO""";Não atribuído
"=""24253553168""";MARIA ABADIA CAMPOS;PESSOA FISICA;ICMS;"=""4011902015459""";"=""20260000000644""";13692372;194;Efetivada;05/02/2026 12:33:13;10/02/2026 12:04:00;12/02/2026;18;R$ 312,60;R$ 17.766,62;R$ 5.626,80;EXPRESSO;-;"=""86123360159 - VERONICA ISSI SIMOES BASTOS"""
"=""24556851000183""";SABRINA VARGAS RAMALHO LTDA;PESSOA JURIDICA;ICMS;"=""2019731611170""";"=""20260000006261""";14102951;1182;Efetivada;07/04/2026 11:47:25;23/04/2026 09:39:04;14/04/2026;28;R$ 308,58;R$ 15.927,57;R$ 8.640,14;EXPRESSO;-;"=""70458480134 - RENATA VITORIA BONIFACIO E SOUZA"""
"=""24556851000183""";SABRINA VARGAS RAMALHO LTDA;PESSOA JURIDICA;ICMS;"=""2019731411163""";"=""20260000006262""";14102960;1182;Efetivada;07/04/2026 11:47:25;23/04/2026 09:39:04;14/04/2026;29;R$ 309,33;R$ 16.589,60;R$ 8.970,66;EXPRESSO;-;"=""70458480134 - RENATA VITORIA BONIFACIO E SOUZA"""
"=""24556851000183""";SABRINA VARGAS RAMALHO LTDA;PESSOA JURIDICA;ICMS;"=""2019731511117""";"=""20260000006263""";14102978;1182;Efetivada;07/04/2026 11:47:25;23/04/2026 09:39:04;14/04/2026;9;R$ 325,54;R$ 5.941,64;R$ 2.929,86;EXPRESSO;-;"=""70458480134 - RENATA VITORIA BONIFACIO E SOUZA"""
"=""24556851000183""";SABRINA VARGAS RAMALHO LTDA;PESSOA JURIDICA;ICMS;"=""4012201006524""";"=""20260000006264""";14102986;1182;Efetivada;07/04/2026 11:47:25;23/04/2026 09:39:04;14/04/2026;43;R$ 304,36;R$ 18.945,45;R$ 13.087,49;EXPRESSO;-;"=""70458480134 - RENATA VITORIA BONIFACIO E SOUZA"""
"=""24556851000183""";SABRINA VARGAS RAMALHO LTDA;PESSOA JURIDICA;ICMS;"=""4011902887219""";"=""20260000006265""";14102994;1182;Efetivada;07/04/2026 11:47:25;23/04/2026 09:39:04;14/04/2026;60;R$ 303,53;R$ 60.705,51;R$ 18.211,65;EXPRESSO;-;"=""70458480134 - RENATA VITORIA BONIFACIO E SOUZA"""
"=""24556851000183""";SABRINA VARGAS RAMALHO LTDA;PESSOA JURIDICA;ICMS;"=""2019731711124""";"=""20260000006266""";14103001;1182;Efetivada;07/04/2026 11:47:25;23/04/2026 09:39:04;14/04/2026;5;R$ 335,67;R$ 3.421,99;R$ 1.678,34;EXPRESSO;-;"=""70458480134 - RENATA VITORIA BONIFACIO E SOUZA"""
"=""24710993000153""";NEVES VEICULOS LTDA.;PESSOA JURIDICA;ICMS;"=""4012000692706""";"=""20260000002607""";13833677;607;Efetivada;23/02/2026 09:38:04;24/02/2026 18:08:30;27/02/2026;42;R$ 302,28;R$ 41.753,25;R$ 12.695,59;STT;"=""13670181709 - LARISSA BELTRAO DE CARVALHO""";Não atribuído
"=""24710993000153""";NEVES VEICULOS LTDA.;PESSOA JURIDICA;ICMS;"=""4011901094444""";"=""20260000002605""";13833650;607;Efetivada;23/02/2026 09:38:04;24/02/2026 18:08:34;27/02/2026;58;R$ 300,45;R$ 55.570,00;R$ 17.426,07;STT;"=""13670181709 - LARISSA BELTRAO DE CARVALHO""";Não atribuído
"=""24710993000153""";NEVES VEICULOS LTDA.;PESSOA JURIDICA;ICMS;"=""4012001219729""";"=""20260000002608""";13833685;607;Efetivada;23/02/2026 09:38:04;24/02/2026 18:08:37;27/02/2026;13;R$ 318,29;R$ 13.690,91;R$ 4.137,73;STT;"=""13670181709 - LARISSA BELTRAO DE CARVALHO""";Não atribuído
"=""24710993000153""";NEVES VEICULOS LTDA.;PESSOA JURIDICA;ICMS;"=""4011900579835""";"=""20260000002604""";13833669;607;Efetivada;23/02/2026 09:38:04;24/02/2026 18:08:42;27/02/2026;25;R$ 304,50;R$ 24.836,79;R$ 7.612,58;STT;"=""13670181709 - LARISSA BELTRAO DE CARVALHO""";Não atribuído
"=""24710993000153""";NEVES VEICULOS LTDA.;PESSOA JURIDICA;ICMS;"=""4012001374376""";"=""20260000002615""";13833707;607;Efetivada;23/02/2026 09:38:04;24/02/2026 18:08:44;27/02/2026;8;R$ 303,60;R$ 7.783,35;R$ 2.428,81;STT;"=""13670181709 - LARISSA BELTRAO DE CARVALHO""";Não atribuído
"=""24710993000153""";NEVES VEICULOS LTDA.;PESSOA JURIDICA;ICMS;"=""4012001361800""";"=""20260000002614""";13833693;607;Efetivada;23/02/2026 09:38:04;24/02/2026 18:08:49;27/02/2026;1;R$ 375,95;R$ 1.194,88;R$ 375,95;STT;"=""13670181709 - LARISSA BELTRAO DE CARVALHO""";Não atribuído
"=""24710993000153""";NEVES VEICULOS LTDA.;PESSOA JURIDICA;ICMS;"=""4012001215570""";"=""20260000002617""";13833715;607;Efetivada;23/02/2026 09:38:04;24/02/2026 18:08:51;27/02/2026;13;R$ 318,29;R$ 13.690,91;R$ 4.137,73;STT;"=""13670181709 - LARISSA BELTRAO DE CARVALHO""";Não atribuído
"=""24710993000153""";NEVES VEICULOS LTDA.;PESSOA JURIDICA;ICMS;"=""4011901045230""";"=""20260000002619""";13833723;607;Efetivada;23/02/2026 09:38:04;24/02/2026 18:08:56;27/02/2026;19;R$ 307,03;R$ 18.789,19;R$ 5.833,58;STT;"=""13670181709 - LARISSA BELTRAO DE CARVALHO""";Não atribuído
"=""24710993000153""";NEVES VEICULOS LTDA.;PESSOA JURIDICA;ICMS;"=""4012001320284""";"=""20260000002609""";13833740;607;Efetivada;23/02/2026 09:38:04;24/02/2026 18:08:58;27/02/2026;2;R$ 320,31;R$ 2.113,26;R$ 640,62;STT;"=""13670181709 - LARISSA BELTRAO DE CARVALHO""";Não atribuído
"=""24710993000153""";NEVES VEICULOS LTDA.;PESSOA JURIDICA;ICMS;"=""4012001361207""";"=""20260000002611""";13833782;607;Efetivada;23/02/2026 09:38:04;24/02/2026 18:09:03;27/02/2026;3;R$ 368,73;R$ 3.521,77;R$ 1.106,19;STT;"=""13670181709 - LARISSA BELTRAO DE CARVALHO""";Não atribuído
"=""24710993000153""";NEVES VEICULOS LTDA.;PESSOA JURIDICA;ICMS;"=""4011901099322""";"=""20260000002613""";13833758;607;Efetivada;23/02/2026 09:38:04;24/02/2026 18:09:06;27/02/2026;20;R$ 300,97;R$ 19.669,10;R$ 6.019,44;STT;"=""13670181709 - LARISSA BELTRAO DE CARVALHO""";Não atribuído
"=""24710993000153""";NEVES VEICULOS LTDA.;PESSOA JURIDICA;ICMS;"=""4011901109654""";"=""20260000002606""";13833766;607;Efetivada;23/02/2026 09:38:04;24/02/2026 18:09:10;27/02/2026;23;R$ 300,76;R$ 22.568,69;R$ 6.917,40;STT;"=""13670181709 - LARISSA BELTRAO DE CARVALHO""";Não atribuído
"=""24710993000153""";NEVES VEICULOS LTDA.;PESSOA JURIDICA;ICMS;"=""4012001340552""";"=""20260000002610""";13833774;607;Efetivada;23/02/2026 09:38:04;24/02/2026 18:09:13;27/02/2026;9;R$ 303,32;R$ 8.676,48;R$ 2.729,92;STT;"=""13670181709 - LARISSA BELTRAO DE CARVALHO""";Não atribuído
"=""24710993000153""";NEVES VEICULOS LTDA.;PESSOA JURIDICA;ICMS;"=""4012001422109""";"=""20260000002612""";13833731;607;Efetivada;23/02/2026 09:38:04;24/02/2026 18:09:17;27/02/2026;21;R$ 306,87;R$ 21.290,53;R$ 6.444,26;STT;"=""13670181709 - LARISSA BELTRAO DE CARVALHO""";Não atribuído
"=""24710993000153""";NEVES VEICULOS LTDA.;PESSOA JURIDICA;ICMS;"=""4012001406162""";"=""20260000002616""";13833812;607;Efetivada;23/02/2026 09:38:04;24/02/2026 18:09:24;27/02/2026;11;R$ 311,17;R$ 11.308,37;R$ 3.422,84;STT;"=""13670181709 - LARISSA BELTRAO DE CARVALHO""";Não atribuído
"=""24710993000153""";NEVES VEICULOS LTDA.;PESSOA JURIDICA;ICMS;"=""4012001070407""";"=""20260000002622""";13833804;607;Efetivada;23/02/2026 09:38:04;24/02/2026 18:09:26;27/02/2026;5;R$ 303,48;R$ 5.045,95;R$ 1.517,40;STT;"=""13670181709 - LARISSA BELTRAO DE CARVALHO""";Não atribuído
"=""24710993000153""";NEVES VEICULOS LTDA.;PESSOA JURIDICA;ICMS;"=""4012000700300""";"=""20260000002620""";13833790;607;Efetivada;23/02/2026 09:38:04;24/02/2026 18:09:38;27/02/2026;39;R$ 305,30;R$ 39.158,90;R$ 11.906,75;STT;"=""13670181709 - LARISSA BELTRAO DE CARVALHO""";Não atribuído
"=""24710993000153""";NEVES VEICULOS LTDA.;PESSOA JURIDICA;ICMS;"=""4012001324352""";"=""20260000002618""";13833820;607;Efetivada;23/02/2026 09:38:04;25/02/2026 06:06:51;27/02/2026;23;R$ 300,88;R$ 22.288,93;R$ 6.920,16;STT;"=""13670181709 - LARISSA BELTRAO DE CARVALHO""";Não atribuído
"=""24710993000153""";NEVES VEICULOS LTDA.;PESSOA JURIDICA;ICMS;"=""4012000703759""";"=""20260000002621""";13833839;607;Efetivada;23/02/2026 09:38:04;25/02/2026 06:06:58;27/02/2026;40;R$ 301,53;R$ 38.399,65;R$ 12.061,33;STT;"=""13670181709 - LARISSA BELTRAO DE CARVALHO""";Não atribuído
"=""24813931391""";VICENTE FERREIRA COSTA;PESSOA FISICA;IPVA;"=""2351646322260""";"=""20260000004993""";13950886;997;Efetivada;09/03/2026 20:42:30;16/03/2026 12:05:01;16/03/2026;4;R$ 332,92;R$ 2.276,81;R$ 1.331,66;EXPRESSO;-;"=""70458480134 - RENATA VITORIA BONIFACIO E SOUZA"""
"=""24813931391""";VICENTE FERREIRA COSTA;PESSOA FISICA;IPVA;"=""2274329022226""";"=""20260000004992""";13950878;997;Efetivada;09/03/2026 20:42:30;16/03/2026 12:05:08;16/03/2026;3;R$ 369,60;R$ 2.040,27;R$ 1.108,80;EXPRESSO;-;"=""70458480134 - RENATA VITORIA BONIFACIO E SOUZA"""
"=""24828782000110""";ECONOMIA COMERCIO LTDA;PESSOA JURIDICA;ICMS;"=""4011902786960""";"=""20260000001195""";13784390;298;Efetivada;09/02/2026 13:32:44;18/02/2026 12:07:22;18/02/2026;1;R$ 36.656,54;R$ 59.361,59;R$ 36.656,54;EXPRESSO;-;"=""70458480134 - RENATA VITORIA BONIFACIO E SOUZA"""
"=""24828782000110""";ECONOMIA COMERCIO LTDA;PESSOA JURIDICA;ICMS;"=""4012300049744""";"=""20260000001194""";13784382;298;Efetivada;09/02/2026 13:32:44;18/02/2026 12:07:23;18/02/2026;1;R$ 128.614,12;R$ 178.690,96;R$ 128.614,12;EXPRESSO;-;"=""70458480134 - RENATA VITORIA BONIFACIO E SOUZA"""
"=""24839737000160""";GLOBATEC ADAPTAÇÕES DE VEÍCULOS LTDA.;PESSOA JURIDICA;ICMS;"=""4011902976238""";"=""20260000005375""";13988522;1058;Efetivada;16/03/2026 12:16:04;16/03/2026 18:10:55;23/03/2026;23;R$ 302,10;R$ 22.078,09;R$ 6.948,26;STT;"=""03279141141 - VANESSA FRANCO DE OLIVEIRA""";Não atribuído
"=""24839737000160""";GLOBATEC ADAPTAÇÕES DE VEÍCULOS LTDA.;PESSOA JURIDICA;ICMS;"=""4011902982637""";"=""20260000005369""";13988514;1058;Efetivada;16/03/2026 12:16:04;16/03/2026 18:10:57;23/03/2026;23;R$ 302,10;R$ 22.078,09;R$ 6.948,26;STT;"=""03279141141 - VANESSA FRANCO DE OLIVEIRA""";Não atribuído
"=""24839737000160""";GLOBATEC ADAPTAÇÕES DE VEÍCULOS LTDA.;PESSOA JURIDICA;ICMS;"=""4011902993400""";"=""20260000005368""";13988506;1058;Efetivada;16/03/2026 12:16:04;16/03/2026 18:11:03;23/03/2026;23;R$ 302,10;R$ 22.015,41;R$ 6.948,26;STT;"=""03279141141 - VANESSA FRANCO DE OLIVEIRA""";Não atribuído
"=""24839737000160""";GLOBATEC ADAPTAÇÕES DE VEÍCULOS LTDA.;PESSOA JURIDICA;ICMS;"=""4011902972321""";"=""20260000005370""";13988565;1058;Efetivada;16/03/2026 12:16:04;16/03/2026 18:11:04;23/03/2026;23;R$ 302,10;R$ 21.948,70;R$ 6.948,26;STT;"=""03279141141 - VANESSA FRANCO DE OLIVEIRA""";Não atribuído
"=""24839737000160""";GLOBATEC ADAPTAÇÕES DE VEÍCULOS LTDA.;PESSOA JURIDICA;ICMS;"=""4011902994139""";"=""20260000005376""";13988549;1058;Efetivada;16/03/2026 12:16:04;16/03/2026 18:11:17;23/03/2026;23;R$ 302,10;R$ 22.015,41;R$ 6.948,26;STT;"=""03279141141 - VANESSA FRANCO DE OLIVEIRA""";Não atribuído
"=""24839737000160""";GLOBATEC ADAPTAÇÕES DE VEÍCULOS LTDA.;PESSOA JURIDICA;ICMS;"=""4012200538832""";"=""20260000005374""";13988530;1058;Efetivada;16/03/2026 12:16:04;16/03/2026 18:11:19;23/03/2026;48;R$ 2.400,00;R$ 360.046,34;R$ 115.200,00;STT;"=""03279141141 - VANESSA FRANCO DE OLIVEIRA""";Não atribuído
"=""24839737000160""";GLOBATEC ADAPTAÇÕES DE VEÍCULOS LTDA.;PESSOA JURIDICA;ICMS;"=""4011902618072""";"=""20260000005390""";13988638;1059;Efetivada;16/03/2026 12:21:26;16/03/2026 18:11:26;23/03/2026;19;R$ 309,55;R$ 18.965,29;R$ 5.881,44;STT;"=""03279141141 - VANESSA FRANCO DE OLIVEIRA""";Não atribuído
"=""24839737000160""";GLOBATEC ADAPTAÇÕES DE VEÍCULOS LTDA.;PESSOA JURIDICA;ICMS;"=""4011902598292""";"=""20260000005388""";13988611;1059;Efetivada;16/03/2026 12:21:26;16/03/2026 18:11:32;23/03/2026;23;R$ 312,68;R$ 23.190,15;R$ 7.191,64;STT;"=""03279141141 - VANESSA FRANCO DE OLIVEIRA""";Não atribuído
"=""24839737000160""";GLOBATEC ADAPTAÇÕES DE VEÍCULOS LTDA.;PESSOA JURIDICA;ICMS;"=""4011902627306""";"=""20260000005389""";13988620;1059;Efetivada;16/03/2026 12:21:26;16/03/2026 18:11:33;23/03/2026;19;R$ 309,55;R$ 18.965,29;R$ 5.881,44;STT;"=""03279141141 - VANESSA FRANCO DE OLIVEIRA""";Não atribuído
"=""24839737000160""";GLOBATEC ADAPTAÇÕES DE VEÍCULOS LTDA.;PESSOA JURIDICA;ICMS;"=""4011902518361""";"=""20260000005387""";13988670;1059;Efetivada;16/03/2026 12:21:26;16/03/2026 18:11:40;23/03/2026;14;R$ 319,98;R$ 14.445,14;R$ 4.479,67;STT;"=""03279141141 - VANESSA FRANCO DE OLIVEIRA""";Não atribuído
"=""24839737000160""";GLOBATEC ADAPTAÇÕES DE VEÍCULOS LTDA.;PESSOA JURIDICA;ICMS;"=""4011902656594""";"=""20260000005392""";13988646;1059;Efetivada;16/03/2026 12:21:26;16/03/2026 18:11:40;23/03/2026;27;R$ 307,51;R$ 26.468,17;R$ 8.302,70;STT;"=""03279141141 - VANESSA FRANCO DE OLIVEIRA""";Não atribuído
"=""24839737000160""";GLOBATEC ADAPTAÇÕES DE VEÍCULOS LTDA.;PESSOA JURIDICA;ICMS;"=""4011902607119""";"=""20260000005386""";13988662;1059;Efetivada;16/03/2026 12:21:26;16/03/2026 18:11:47;23/03/2026;19;R$ 309,55;R$ 18.965,29;R$ 5.881,44;STT;"=""03279141141 - VANESSA FRANCO DE OLIVEIRA""";Não atribuído
"=""24839737000160""";GLOBATEC ADAPTAÇÕES DE VEÍCULOS LTDA.;PESSOA JURIDICA;ICMS;"=""4011902979504""";"=""20260000005395""";13988654;1059;Efetivada;16/03/2026 12:21:26;16/03/2026 18:11:48;23/03/2026;23;R$ 302,10;R$ 22.015,41;R$ 6.948,26;STT;"=""03279141141 - VANESSA FRANCO DE OLIVEIRA""";Não atribuído
"=""24839737000160""";GLOBATEC ADAPTAÇÕES DE VEÍCULOS LTDA.;PESSOA JURIDICA;ICMS;"=""4011902615057""";"=""20260000005391""";13988689;1059;Efetivada;16/03/2026 12:21:26;16/03/2026 18:11:54;23/03/2026;19;R$ 309,55;R$ 18.965,29;R$ 5.881,44;STT;"=""03279141141 - VANESSA FRANCO DE OLIVEIRA""";Não atribuído
"=""24839737000160""";GLOBATEC ADAPTAÇÕES DE VEÍCULOS LTDA.;PESSOA JURIDICA;ICMS;"=""4011902931480""";"=""20260000005394""";13988700;1059;Efetivada;16/03/2026 12:21:26;16/03/2026 18:12:01;23/03/2026;23;R$ 304,14;R$ 21.862,80;R$ 6.995,20;STT;"=""03279141141 - VANESSA FRANCO DE OLIVEIRA""";Não atribuído
"=""24839737000160""";GLOBATEC ADAPTAÇÕES DE VEÍCULOS LTDA.;PESSOA JURIDICA;Pena Pecuniária;"=""4012200533954""";"=""20260000005373""";13988557;1058;Efetivada;16/03/2026 12:16:04;16/03/2026 18:11:11;23/03/2026;6;R$ 346,67;R$ 6.933,42;R$ 2.080,03;STT;"=""03279141141 - VANESSA FRANCO DE OLIVEIRA""";Não atribuído
"=""24839737000160""";GLOBATEC ADAPTAÇÕES DE VEÍCULOS LTDA.;PESSOA JURIDICA;Pena Pecuniária;"=""4012200538085""";"=""20260000005393""";13988697;1059;Efetivada;16/03/2026 12:21:26;16/03/2026 18:11:55;23/03/2026;48;R$ 2.463,39;R$ 394.142,75;R$ 118.242,82;STT;"=""03279141141 - VANESSA FRANCO DE OLIVEIRA""";Não atribuído
"=""24839737000160""";GLOBATEC ADAPTAÇÕES DE VEÍCULOS LTDA.;PESSOA JURIDICA;IPVA;"=""2105620722256""";"=""20260000005371""";13988573;1058;Efetivada;16/03/2026 12:16:04;16/03/2026 18:11:10;23/03/2026;3;R$ 326,59;R$ 1.825,16;R$ 979,76;STT;"=""03279141141 - VANESSA FRANCO DE OLIVEIRA""";Não atribuído
"=""24839737000160""";GLOBATEC ADAPTAÇÕES DE VEÍCULOS LTDA.;PESSOA JURIDICA;IPVA;"=""2316516722200""";"=""20260000005372""";13988581;1058;Efetivada;16/03/2026 12:16:04;16/03/2026 18:11:25;23/03/2026;3;R$ 325,97;R$ 1.788,51;R$ 977,91;STT;"=""03279141141 - VANESSA FRANCO DE OLIVEIRA""";Não atribuído
"=""24876435000162""";LOURDES LEITE PEREIRA DE ASSIS ;PESSOA JURIDICA;Pena Pecuniária;"=""2111030100073""";"=""20260000001985""";13784633;472;Efetivada;13/02/2026 13:32:30;20/02/2026 18:02:30;20/02/2026;1;R$ 1.286,00;R$ 4.286,66;R$ 1.286,00;EXPRESSO;-;"=""70458480134 - RENATA VITORIA BONIFACIO E SOUZA"""
"=""24876435000162""";LOURDES LEITE PEREIRA DE ASSIS ;PESSOA JURIDICA;Pena Pecuniária;"=""2134285500076""";"=""20260000001986""";13784641;472;Efetivada;13/02/2026 13:32:30;20/02/2026 18:02:30;20/02/2026;1;R$ 6.429,96;R$ 21.433,20;R$ 6.429,96;EXPRESSO;-;"=""70458480134 - RENATA VITORIA BONIFACIO E SOUZA"""
"=""24894095000100""";BRUNO BRANDAO SOLUTIONS;PESSOA JURIDICA;ICMS;"=""4012200051704""";"=""20260000002000""";13784862;478;Efetivada;13/02/2026 15:49:20;25/03/2026 15:26:44;20/02/2026;12;R$ 1.302,23;R$ 46.667,89;R$ 15.626,81;EXPRESSO;-;"=""70458480134 - RENATA VITORIA BONIFACIO E SOUZA"""
"=""24906368000181""";J MACHADO INDUSTRIA E COMERCIO DE CARNES LTDA - ME;PESSOA JURIDICA;ICMS;"=""4012001367590""";"=""20260000002509""";13830350;588;Efetivada;20/02/2026 18:28:35;24/02/2026 18:07:07;27/02/2026;58;R$ 304,49;R$ 27.437,86;R$ 17.660,68;EXPRESSO;-;"=""70458480134 - RENATA VITORIA BONIFACIO E SOUZA"""
"=""24906368000181""";J MACHADO INDUSTRIA E COMERCIO DE CARNES LTDA - ME;PESSOA JURIDICA;ICMS;"=""2156131700092""";"=""20260000002515""";13830376;588;Efetivada;20/02/2026 18:28:35;24/02/2026 18:07:15;27/02/2026;2;R$ 430,09;R$ 1.384,70;R$ 860,17;EXPRESSO;-;"=""70458480134 - RENATA VITORIA BONIFACIO E SOUZA"""
"=""24906368000181""";J MACHADO INDUSTRIA E COMERCIO DE CARNES LTDA - ME;PESSOA JURIDICA;ICMS;"=""2144394300067""";"=""20260000002514""";13830368;588;Efetivada;20/02/2026 18:28:35;24/02/2026 18:07:19;27/02/2026;15;R$ 304,93;R$ 7.454,67;R$ 4.573,98;EXPRESSO;-;"=""70458480134 - RENATA VITORIA BONIFACIO E SOUZA"""
"=""24906368000181""";J MACHADO INDUSTRIA E COMERCIO DE CARNES LTDA - ME;PESSOA JURIDICA;ICMS;"=""2144170200000""";"=""20260000002513""";13830392;588;Efetivada;20/02/2026 18:28:35;24/02/2026 18:07:22;27/02/2026;43;R$ 301,18;R$ 21.200,49;R$ 12.950,85;EXPRESSO;-;"=""70458480134 - RENATA VITORIA BONIFACIO E SOUZA"""
"=""24906368000181""";J MACHADO INDUSTRIA E COMERCIO DE CARNES LTDA - ME;PESSOA JURIDICA;ICMS;"=""4012100094665""";"=""20260000002516""";13830384;588;Efetivada;20/02/2026 18:28:35;24/02/2026 18:07:26;27/02/2026;6;R$ 334,50;R$ 3.260,96;R$ 2.007,00;EXPRESSO;-;"=""70458480134 - RENATA VITORIA BONIFACIO E SOUZA"""
"=""24906368000181""";J MACHADO INDUSTRIA E COMERCIO DE CARNES LTDA - ME;PESSOA JURIDICA;ICMS;"=""2143700800019""";"=""20260000002518""";13830414;588;Efetivada;20/02/2026 18:28:35;24/02/2026 18:07:29;27/02/2026;48;R$ 301,29;R$ 23.948,97;R$ 14.461,78;EXPRESSO;-;"=""70458480134 - RENATA VITORIA BONIFACIO E SOUZA"""
"=""24906368000181""";J MACHADO INDUSTRIA E COMERCIO DE CARNES LTDA - ME;PESSOA JURIDICA;ICMS;"=""4012000690916""";"=""20260000002517""";13830406;588;Efetivada;20/02/2026 18:28:35;24/02/2026 18:07:33;27/02/2026;145;R$ 311,71;R$ 71.151,87;R$ 45.197,35;EXPRESSO;-;"=""70458480134 - RENATA VITORIA BONIFACIO E SOUZA"""
"=""24906368000181""";J MACHADO INDUSTRIA E COMERCIO DE CARNES LTDA - ME;PESSOA JURIDICA;ICMS;"=""4012100616467""";"=""20260000002512""";13830449;588;Efetivada;20/02/2026 18:28:35;24/02/2026 18:07:36;27/02/2026;64;R$ 301,93;R$ 29.707,51;R$ 19.323,49;EXPRESSO;-;"=""70458480134 - RENATA VITORIA BONIFACIO E SOUZA"""
"=""24906368000181""";J MACHADO INDUSTRIA E COMERCIO DE CARNES LTDA - ME;PESSOA JURIDICA;ICMS;"=""2141784300083""";"=""20260000002511""";13830430;588;Efetivada;20/02/2026 18:28:35;24/02/2026 18:07:47;27/02/2026;8;R$ 337,27;R$ 4.633,00;R$ 2.698,17;EXPRESSO;-;"=""70458480134 - RENATA VITORIA BONIFACIO E SOUZA"""
"=""25003216300""";JOAO DE DEUS NASCIMENTO NETO;PESSOA FISICA;IPVA;"=""2375919122207""";"=""20260000002799""";13843966;637;Efetivada;23/02/2026 15:16:36;24/02/2026 12:11:24;27/02/2026;1;R$ 1.253,59;R$ 2.097,61;R$ 1.253,59;EXPRESSO;-;"=""70458480134 - RENATA VITORIA BONIFACIO E SOUZA"""
"=""25003216300""";JOAO DE DEUS NASCIMENTO NETO;PESSOA FISICA;IPVA;"=""2297330922269""";"=""20260000002798""";13843974;637;Efetivada;23/02/2026 15:16:36;24/02/2026 12:11:26;27/02/2026;1;R$ 1.039,01;R$ 1.899,39;R$ 1.039,01;EXPRESSO;-;"=""70458480134 - RENATA VITORIA BONIFACIO E SOUZA"""
"=""25242148187""";NORMIA DAS GRACAS PIRES DA SILVA;PESSOA FISICA;IPVA;"=""2334927822282""";"=""20260000004111""";13900358;834;Efetivada;03/03/2026 08:20:02;03/03/2026 12:08:05;10/03/2026;3;R$ 335,69;R$ 1.683,64;R$ 1.007,06;STT;"=""70458480134 - RENATA VITORIA BONIFACIO E SOUZA""";Não atribuído
"=""25242148187""";NORMIA DAS GRACAS PIRES DA SILVA;PESSOA FISICA;IPVA;"=""2327787922279""";"=""20260000004112""";13900366;834;Efetivada;03/03/2026 08:20:02;03/03/2026 12:08:06;10/03/2026;2;R$ 415,78;R$ 1.514,96;R$ 831,56;STT;"=""70458480134 - RENATA VITORIA BONIFACIO E SOUZA""";Não atribuído
"=""25577735149""";SEBASTIAO PEREIRA FILHO;PESSOA FISICA;ICMS;"=""4012000449356""";"=""20260000006323""";14108992;1189;Efetivada;08/04/2026 15:58:04;08/04/2026 18:03:45;15/04/2026;1;R$ 1.131,74;R$ 3.772,09;R$ 1.131,74;EXPRESSO;-;"=""70458480134 - RENATA VITORIA BONIFACIO E SOUZA"""
"=""25617010182""";LUZDEI ALVES FERNANDES;PESSOA FISICA;ICMS;"=""4012000122195""";"=""20260000002740""";13843923;626;Efetivada;23/02/2026 11:24:00;25/02/2026 18:06:08;27/02/2026;1;R$ 1.654,98;R$ 5.126,96;R$ 1.654,98;EXPRESSO;-;"=""70458480134 - RENATA VITORIA BONIFACIO E SOUZA"""
"=""25617010182""";LUZDEI ALVES FERNANDES;PESSOA FISICA;ICMS;"=""4012100739380""";"=""20260000002739""";13843931;626;Efetivada;23/02/2026 11:24:00;27/02/2026 12:03:23;27/02/2026;1;R$ 4.549,02;R$ 13.949,11;R$ 4.549,02;EXPRESSO;-;"=""70458480134 - RENATA VITORIA BONIFACIO E SOUZA"""
"=""26199502000187""";CHURRASCARIA NATIVAS GRIL LTDA;PESSOA JURIDICA;ICMS;"=""4011902186180""";"=""20260000002793""";13840070;636;Efetivada;23/02/2026 15:01:44;27/02/2026 18:02:48;27/02/2026;77;R$ 495,41;R$ 122.784,68;R$ 38.146,57;STT;"=""70458480134 - RENATA VITORIA BONIFACIO E SOUZA""";Não atribuído
"=""26199502000187""";CHURRASCARIA NATIVAS GRIL LTDA;PESSOA JURIDICA;ICMS;"=""4011802451672""";"=""20260000002790""";13840088;636;Efetivada;23/02/2026 15:01:44;27/02/2026 18:02:55;27/02/2026;77;R$ 1.229,13;R$ 156.728,66;R$ 94.642,91;STT;"=""70458480134 - RENATA VITORIA BONIFACIO E SOUZA""";Não atribuído
"=""26199502000187""";CHURRASCARIA NATIVAS GRIL LTDA;PESSOA JURIDICA;ICMS;"=""4011900261312""";"=""20260000002791""";13840096;636;Efetivada;23/02/2026 15:01:44;27/02/2026 18:02:55;27/02/2026;77;R$ 733,74;R$ 92.080,80;R$ 56.498,22;STT;"=""70458480134 - RENATA VITORIA BONIFACIO E SOUZA""";Não atribuído
"=""26199502000187""";CHURRASCARIA NATIVAS GRIL LTDA;PESSOA JURIDICA;ICMS;"=""4011801044666""";"=""20260000002792""";13840100;636;Efetivada;23/02/2026 15:01:44;27/02/2026 18:03:02;27/02/2026;77;R$ 300,57;R$ 38.566,54;R$ 23.143,63;STT;"=""70458480134 - RENATA VITORIA BONIFACIO E SOUZA""";Não atribuído
"=""26210673104""";WASHINGTON RODRIGUES PEIXOTO;PESSOA FISICA;IPVA;"=""2302923122237""";"=""20260000001715""";13809229;414;Efetivada;12/02/2026 11:39:30;19/02/2026 18:08:41;19/02/2026;3;R$ 301,48;R$ 1.653,37;R$ 904,43;EXPRESSO;-;"=""00001288130 - JOILSON JOSE DA SILVA"""
"=""26210673104""";WASHINGTON RODRIGUES PEIXOTO;PESSOA FISICA;IPVA;"=""2366588522255""";"=""20260000001716""";13809237;414;Efetivada;12/02/2026 11:39:30;19/02/2026 18:08:41;19/02/2026;3;R$ 365,29;R$ 1.847,08;R$ 1.095,86;EXPRESSO;-;"=""00001288130 - JOILSON JOSE DA SILVA"""
"=""26678109880""";JOSE JUCIANO RIBEIRO DE MELO ;PESSOA FISICA;ITCD;"=""4012100131293""";"=""20260000006622""";14195100;1235;Efetivada;24/04/2026 14:04:08;30/04/2026 12:03:10;30/04/2026;1;R$ 160.000,00;R$ 374.568,00;R$ 160.000,00;EXPRESSO;-;"=""00001288130 - JOILSON JOSE DA SILVA"""
"=""26876272591""";MARIA CLEIDE NUNES;PESSOA FISICA;IPVA;"=""2277179922205""";"=""20260000003998""";13895427;808;Efetivada;02/03/2026 12:02:17;09/03/2026 18:00:13;09/03/2026;2;R$ 397,36;R$ 1.462,31;R$ 794,71;EXPRESSO;-;"=""70458480134 - RENATA VITORIA BONIFACIO E SOUZA"""
"=""26876272591""";MARIA CLEIDE NUNES;PESSOA FISICA;IPVA;"=""2341947322202""";"=""20260000003997""";13895419;808;Efetivada;02/03/2026 12:02:17;10/03/2026 12:00:00;09/03/2026;3;R$ 319,30;R$ 1.637,77;R$ 957,90;EXPRESSO;-;"=""70458480134 - RENATA VITORIA BONIFACIO E SOUZA"""
"=""26876272591""";MARIA CLEIDE NUNES;PESSOA FISICA;IPVA;"=""2074726322215""";"=""20260000003995""";13895397;808;Efetivada;02/03/2026 12:02:17;10/03/2026 12:00:06;09/03/2026;2;R$ 425,53;R$ 1.588,10;R$ 851,05;EXPRESSO;-;"=""70458480134 - RENATA VITORIA BONIFACIO E SOUZA"""
"=""26876272591""";MARIA CLEIDE NUNES;PESSOA FISICA;IPVA;"=""2101513822203""";"=""20260000003996""";13895400;808;Efetivada;02/03/2026 12:02:17;10/03/2026 12:00:07;09/03/2026;2;R$ 438,78;R$ 1.695,70;R$ 877,55;EXPRESSO;-;"=""70458480134 - RENATA VITORIA BONIFACIO E SOUZA"""
"=""26942259187""";EDNA DE ARAUJO ANDRADE;PESSOA FISICA;IPVA;"=""2361581522240""";"=""20260000003715""";13880420;766;Efetivada;27/02/2026 11:53:25;27/02/2026 18:08:39;27/02/2026;8;R$ 376,30;R$ 5.074,07;R$ 3.010,39;STT;"=""86123360159 - VERONICA ISSI SIMOES BASTOS""";"=""86123360159 - VERONICA ISSI SIMOES BASTOS"""
"=""27058823000124""";DOMA PRODUTOS VETERINÁRIOS;PESSOA JURIDICA;Pena Pecuniária;"=""4012000101279""";"=""20260000005542""";14007967;1086;Efetivada;19/03/2026 09:23:33;09/04/2026 12:51:00;26/03/2026;1;R$ 8.501,40;R$ 28.338,01;R$ 8.501,40;STT;"=""03279141141 - VANESSA FRANCO DE OLIVEIRA""";Não atribuído
"=""27138372191""";JOSE ALVES DE SOUZA;PESSOA FISICA;IPVA;"=""2351647822282""";"=""20260000001560""";13750364;376;Efetivada;11/02/2026 12:01:27;11/02/2026 18:07:06;18/02/2026;1;R$ 1.331,01;R$ 2.259,72;R$ 1.331,01;EXPRESSO;-;Não atribuído
"=""27138372191""";JOSE ALVES DE SOUZA;PESSOA FISICA;IPVA;"=""2297238422220""";"=""20260000001559""";13750356;376;Efetivada;11/02/2026 12:01:27;11/02/2026 18:07:07;18/02/2026;1;R$ 1.101,00;R$ 2.012,71;R$ 1.101,00;EXPRESSO;-;Não atribuído
"=""27188360000115""";PASCHOA RESTAURANTE LTDA - ME;PESSOA JURIDICA;Pena Pecuniária;"=""4012200097879""";"=""20260000006843""";14214644;1269;Efetivada;05/05/2026 09:57:22;06/05/2026 12:04:01;12/05/2026;1;R$ 352,13;R$ 1.173,78;R$ 352,13;STT;"=""00828686114 - GEOVANA REZENDE ABDON FRAGOSO OLIVEIRA""";Não atribuído
"=""27257334000100""";GGP CUNHA REFEICOES;PESSOA JURIDICA;ICMS;"=""2007407211118""";"=""20260000001567""";13750712;378;Efetivada;11/02/2026 12:25:41;12/02/2026 12:06:09;18/02/2026;1;R$ 105,54;R$ 205,62;R$ 105,54;STT;"=""37486381168 - RONE FERNANDES SANTANA MELO""";Não atribuído
"=""27257334000100""";GGP CUNHA REFEICOES;PESSOA JURIDICA;ICMS;"=""2007407311171""";"=""20260000001566""";13750704;378;Efetivada;11/02/2026 12:25:41;12/02/2026 12:06:15;18/02/2026;1;R$ 1.969,96;R$ 3.954,59;R$ 1.969,96;STT;"=""37486381168 - RONE FERNANDES SANTANA MELO""";Não atribuído
"=""27257334000100""";GGP CUNHA REFEICOES;PESSOA JURIDICA;IPVA;"=""2353356422209""";"=""20260000001569""";13750690;378;Efetivada;11/02/2026 12:25:41;12/02/2026 12:06:02;18/02/2026;1;R$ 1.317,60;R$ 2.220,84;R$ 1.317,60;STT;"=""37486381168 - RONE FERNANDES SANTANA MELO""";Não atribuído
"=""27257334000100""";GGP CUNHA REFEICOES;PESSOA JURIDICA;IPVA;"=""2301670222230""";"=""20260000001568""";13750720;378;Efetivada;11/02/2026 12:25:41;12/02/2026 12:06:08;18/02/2026;1;R$ 942,57;R$ 1.723,08;R$ 942,57;STT;"=""37486381168 - RONE FERNANDES SANTANA MELO""";Não atribuído
"=""27549828172""";GERALDO LUIZ GONCALVES GUIMARAES;PESSOA FISICA;IPVA;"=""2324590222209""";"=""20260000006489""";14139049;1209;Efetivada;15/04/2026 09:01:56;16/04/2026 12:08:07;23/04/2026;4;R$ 374,98;R$ 2.754,41;R$ 1.499,93;STT;"=""00828686114 - GEOVANA REZENDE ABDON FRAGOSO OLIVEIRA""";Não atribuído
"=""27549828172""";GERALDO LUIZ GONCALVES GUIMARAES;PESSOA FISICA;IPVA;"=""2335545222241""";"=""20260000006488""";14139030;1209;Efetivada;15/04/2026 09:01:56;16/04/2026 12:08:14;23/04/2026;5;R$ 342,07;R$ 2.884,25;R$ 1.710,34;STT;"=""00828686114 - GEOVANA REZENDE ABDON FRAGOSO OLIVEIRA""";Não atribuído
"=""27677291000103""";AGROPECUARIA WATERLOO LTDA;PESSOA JURIDICA;ICMS;"=""4011900839250""";"=""20260000002546""";13830490;593;Efetivada;20/02/2026 21:52:46;27/02/2026 18:01:31;27/02/2026;145;R$ 1.015,88;R$ 491.008,00;R$ 147.302,40;EXPRESSO;-;"=""70458480134 - RENATA VITORIA BONIFACIO E SOUZA"""
"=""27794342000187""";POLY MODAS FEMININA;PESSOA JURIDICA;IPVA;"=""2331108122204""";"=""20260000004637""";13923480;918;Efetivada;05/03/2026 11:36:49;11/03/2026 12:05:00;12/03/2026;5;R$ 339,95;R$ 3.127,67;R$ 1.699,75;STT;"=""03447962135 - LUCAS CARDOSO FRANCO""";Não atribuído
"=""27794342000187""";POLY MODAS FEMININA;PESSOA JURIDICA;IPVA;"=""2364319922274""";"=""20260000004638""";13923498;918;Efetivada;05/03/2026 11:36:49;11/03/2026 12:05:01;12/03/2026;7;R$ 338,16;R$ 4.018,20;R$ 2.367,11;STT;"=""03447962135 - LUCAS CARDOSO FRANCO""";Não atribuído
"=""27947655000128""";COMERCIO DE ALIMENTOS OLIVEIRA LTDA;PESSOA JURIDICA;ICMS;"=""2018544511119""";"=""20260000002154""";13802895;514;Efetivada;18/02/2026 12:59:13;18/02/2026 18:10:17;25/02/2026;1;R$ 270,35;R$ 499,34;R$ 270,35;EXPRESSO;-;"=""00001288130 - JOILSON JOSE DA SILVA"""
"=""27947655000128""";COMERCIO DE ALIMENTOS OLIVEIRA LTDA;PESSOA JURIDICA;ICMS;"=""2018544711126""";"=""20260000002155""";13802909;514;Efetivada;18/02/2026 12:59:13;18/02/2026 18:10:18;25/02/2026;4;R$ 365,32;R$ 2.887,92;R$ 1.461,28;EXPRESSO;-;"=""00001288130 - JOILSON JOSE DA SILVA"""
"=""27947655000128""";COMERCIO DE ALIMENTOS OLIVEIRA LTDA;PESSOA JURIDICA;ICMS;"=""4011901798840""";"=""20260000002156""";13802917;514;Efetivada;18/02/2026 12:59:13;18/02/2026 18:10:24;25/02/2026;145;R$ 321,92;R$ 155.594,05;R$ 46.678,21;EXPRESSO;-;"=""00001288130 - JOILSON JOSE DA SILVA"""
"=""27947655000128""";COMERCIO DE ALIMENTOS OLIVEIRA LTDA;PESSOA JURIDICA;ICMS;"=""2018544311101""";"=""20260000002157""";13802925;514;Efetivada;18/02/2026 12:59:13;18/02/2026 18:10:25;25/02/2026;1;R$ 513,17;R$ 949,86;R$ 513,17;EXPRESSO;-;"=""00001288130 - JOILSON JOSE DA SILVA"""
"=""27947655000128""";COMERCIO DE ALIMENTOS OLIVEIRA LTDA;PESSOA JURIDICA;ICMS;"=""2018544611172""";"=""20260000002158""";13802933;514;Efetivada;18/02/2026 12:59:13;18/02/2026 18:10:31;25/02/2026;37;R$ 303,15;R$ 21.858,16;R$ 11.216,64;EXPRESSO;-;"=""00001288130 - JOILSON JOSE DA SILVA"""
"=""27947655000128""";COMERCIO DE ALIMENTOS OLIVEIRA LTDA;PESSOA JURIDICA;ICMS;"=""2018544411165""";"=""20260000002159""";13802941;514;Efetivada;18/02/2026 12:59:13;18/02/2026 18:10:32;25/02/2026;1;R$ 113,76;R$ 210,38;R$ 113,76;EXPRESSO;-;"=""00001288130 - JOILSON JOSE DA SILVA"""
"=""27986705191""";SAMUEL ATAIDE CAVALCANTE;PESSOA FISICA;IPVA;"=""2346698022287""";"=""20260000002964""";13849832;664;Efetivada;24/02/2026 10:35:31;24/02/2026 18:13:41;27/02/2026;10;R$ 336,32;R$ 5.709,96;R$ 3.363,23;STT;"=""00828686114 - GEOVANA REZENDE ABDON FRAGOSO OLIVEIRA""";"=""70458480134 - RENATA VITORIA BONIFACIO E SOUZA"""
"=""28737763000643""";PEROLAS MAKE COMERCIO DE PRODUTOS COSMETICOS LTDA;PESSOA JURIDICA;ICMS;"=""4012301231678""";"=""20260000001997""";13810340;476;Efetivada;13/02/2026 15:02:48;25/03/2026 15:30:35;20/02/2026;145;R$ 2.960,47;R$ 618.171,52;R$ 429.268,40;EXPRESSO;-;"=""13670181709 - LARISSA BELTRAO DE CARVALHO"""
"=""28802695000144""";PRANA CAFE LTDA - ME;PESSOA JURIDICA;ICMS;"=""2018619011193""";"=""20260000002967""";13847716;665;Efetivada;24/02/2026 11:08:06;28/02/2026 06:02:40;27/02/2026;19;R$ 312,56;R$ 11.365,37;R$ 5.938,65;STT;"=""03279141141 - VANESSA FRANCO DE OLIVEIRA""";Não atribuído
"=""28878612000109""";JP RESTAURANTE STECK HALLS LTDA;PESSOA JURIDICA;ICMS;"=""2146298400001""";"=""20260000002469""";13826069;584;Efetivada;20/02/2026 17:07:09;27/02/2026 18:01:18;27/02/2026;145;R$ 691,59;R$ 159.898,05;R$ 100.281,00;STT;"=""70458480134 - RENATA VITORIA BONIFACIO E SOUZA""";Não atribuído
"=""28948682865""";MARIZETH ROSA;PESSOA FISICA;ICMS;"=""4011802208573""";"=""20260000004139""";13905805;837;Efetivada;03/03/2026 10:04:56;05/03/2026 06:05:45;10/03/2026;96;R$ 301,80;R$ 96.576,13;R$ 28.972,84;EXPRESSO;-;"=""70458480134 - RENATA VITORIA BONIFACIO E SOUZA"""
"=""29037301800""";SOASIVO VOIERIA DA SILVA FILHO;PESSOA FISICA;ITCD;"=""4012001102961""";"=""20260000001755""";13767429;429;Efetivada;12/02/2026 15:07:40;19/02/2026 18:01:19;19/02/2026;1;R$ 18.771,37;R$ 62.571,24;R$ 18.771,37;STT;"=""13670181709 - LARISSA BELTRAO DE CARVALHO""";Não atribuído
"=""29071860191""";PAULO ROBERTO NUNES DOS SANTOS;PESSOA FISICA;IPVA;"=""2007442722220""";"=""20260000001168""";13757261;289;Efetivada;09/02/2026 11:02:43;13/02/2026 12:06:14;18/02/2026;1;R$ 102,91;R$ 193,19;R$ 102,91;EXPRESSO;-;"=""86123360159 - VERONICA ISSI SIMOES BASTOS"""
"=""29071860191""";PAULO ROBERTO NUNES DOS SANTOS;PESSOA FISICA;IPVA;"=""2342169622237""";"=""20260000003208""";13860585;710;Efetivada;25/02/2026 12:04:17;26/02/2026 18:07:49;27/02/2026;3;R$ 326,71;R$ 1.664,04;R$ 980,14;STT;"=""70458480134 - RENATA VITORIA BONIFACIO E SOUZA""";Não atribuído
"=""29071860191""";PAULO ROBERTO NUNES DOS SANTOS;PESSOA FISICA;IPVA;"=""2276260622200""";"=""20260000003207""";13860593;710;Efetivada;25/02/2026 12:04:17;26/02/2026 18:07:50;27/02/2026;2;R$ 400,97;R$ 1.466,01;R$ 801,94;STT;"=""70458480134 - RENATA VITORIA BONIFACIO E SOUZA""";Não atribuído
"=""29117838000141""";COMERCIAL DE ALIMENTOS MAIS VOCE LTDA;PESSOA JURIDICA;ICMS;"=""4012200933111""";"=""20260000006287""";14108909;1186;Efetivada;08/04/2026 10:43:02;23/04/2026 09:39:05;15/04/2026;36;R$ 300,49;R$ 15.811,67;R$ 10.817,50;EXPRESSO;-;"=""86123360159 - VERONICA ISSI SIMOES BASTOS"""
"=""29117838000141""";COMERCIAL DE ALIMENTOS MAIS VOCE LTDA;PESSOA JURIDICA;ICMS;"=""4012201057862""";"=""20260000006288""";14108925;1186;Efetivada;08/04/2026 10:43:02;23/04/2026 09:39:05;15/04/2026;32;R$ 302,20;R$ 14.696,18;R$ 9.670,52;EXPRESSO;-;"=""86123360159 - VERONICA ISSI SIMOES BASTOS"""
"=""29117838000141""";COMERCIAL DE ALIMENTOS MAIS VOCE LTDA;PESSOA JURIDICA;ICMS;"=""4021800100608""";"=""20260000006289""";14108917;1186;Efetivada;08/04/2026 10:43:02;23/04/2026 09:39:05;15/04/2026;14;R$ 307,33;R$ 13.891,34;R$ 4.302,56;EXPRESSO;-;"=""86123360159 - VERONICA ISSI SIMOES BASTOS"""
"=""29500605104""";MARIA EMILIA DE MORAIS ROCHA;PESSOA FISICA;IPVA;"=""2336033522260""";"=""20260000005966""";14037700;1138;Efetivada;25/03/2026 10:52:28;01/04/2026 12:07:43;31/03/2026;15;R$ 314,23;R$ 7.880,19;R$ 4.713,49;STT;"=""00001288130 - JOILSON JOSE DA SILVA""";Não atribuído
"=""29541913091""";NILSON LUIS MARTINS SUTTON;PESSOA FISICA;IPVA;"=""2389142122221""";"=""20260000005261""";13965883;1034;Efetivada;11/03/2026 16:21:43;12/03/2026 18:10:49;18/03/2026;2;R$ 441,34;R$ 1.487,57;R$ 882,68;STT;"=""00001288130 - JOILSON JOSE DA SILVA""";Não atribuído
"=""29541913091""";NILSON LUIS MARTINS SUTTON;PESSOA FISICA;IPVA;"=""2315953622256""";"=""20260000005260""";13965875;1034;Efetivada;11/03/2026 16:21:43;12/03/2026 18:10:55;18/03/2026;2;R$ 350,48;R$ 1.281,98;R$ 700,95;STT;"=""00001288130 - JOILSON JOSE DA SILVA""";Não atribuído
"=""30162190182""";CILENE LOPES DA SILVA;PESSOA FISICA;IPVA;"=""2392379122261""";"=""20260000002205""";13802844;526;Efetivada;18/02/2026 16:34:44;20/02/2026 18:04:14;25/02/2026;1;R$ 234,18;R$ 388,70;R$ 234,18;EXPRESSO;-;"=""00001288130 - JOILSON JOSE DA SILVA"""
"=""30162190182""";CILENE LOPES DA SILVA;PESSOA FISICA;IPVA;"=""2319406822256""";"=""20260000002204""";13802836;526;Efetivada;18/02/2026 16:34:44;20/02/2026 18:04:15;25/02/2026;1;R$ 189,99;R$ 343,85;R$ 189,99;EXPRESSO;-;"=""00001288130 - JOILSON JOSE DA SILVA"""
"=""30346347149""";CRISTIANE FRANCO BORGES;PESSOA FISICA;IPVA;"=""2361571722212""";"=""20260000004381""";13912364;874;Efetivada;04/03/2026 09:32:08;05/03/2026 06:07:09;11/03/2026;1;R$ 3.225,37;R$ 5.475,12;R$ 3.225,37;STT;"=""00828686114 - GEOVANA REZENDE ABDON FRAGOSO OLIVEIRA""";Não atribuído
"=""30494010100""";CLAYTON ANTONY DE SANTANA;PESSOA FISICA;ITCD;"=""4011600456851""";"=""20260000001230""";13763679;306;Efetivada;09/02/2026 17:01:12;18/02/2026 12:03:19;18/02/2026;60;R$ 390,67;R$ 66.851,88;R$ 23.440,10;EXPRESSO;-;"=""00001288130 - JOILSON JOSE DA SILVA"""
"=""30722900163""";GERVÁSIO ALVES DA SILVA;PESSOA FISICA;IPVA;"=""2318496822260""";"=""20260000004437""";13914545;883;Efetivada;04/03/2026 11:29:04;06/03/2026 18:04:36;11/03/2026;1;R$ 362,28;R$ 660,01;R$ 362,28;STT;"=""03279141141 - VANESSA FRANCO DE OLIVEIRA""";Não atribuído
"=""30726581100""";LILIAN MANRIQUE PINTO DE MORAES;PESSOA FISICA;IPVA;"=""2013448322296""";"=""20260000000026""";13639480;32;Efetivada;02/02/2026 15:08:46;05/02/2026 18:00:32;09/02/2026;1;R$ 657,04;R$ 1.261,72;R$ 657,04;EXPRESSO;-;"=""00001288130 - JOILSON JOSE DA SILVA"""
"=""30726581100""";LILIAN MANRIQUE PINTO DE MORAES;PESSOA FISICA;IPVA;"=""2099526622288""";"=""20260000000027""";13639498;32;Efetivada;02/02/2026 15:08:46;05/02/2026 18:00:32;09/02/2026;1;R$ 631,99;R$ 1.171,75;R$ 631,99;EXPRESSO;-;"=""00001288130 - JOILSON JOSE DA SILVA"""
"=""30853932000148""";CAFUNDO PRESTADORA DE SERVIÇOS LTDA;PESSOA JURIDICA;Pena Pecuniária;"=""4012200236232""";"=""20260000003062""";13854518;681;Efetivada;24/02/2026 15:03:12;25/02/2026 18:08:55;27/02/2026;1;R$ 7.176,58;R$ 23.921,93;R$ 7.176,58;STT;"=""03279141141 - VANESSA FRANCO DE OLIVEIRA""";"=""86123360159 - VERONICA ISSI SIMOES BASTOS"""
"=""30853932000148""";CAFUNDO PRESTADORA DE SERVIÇOS LTDA;PESSOA JURIDICA;Pena Pecuniária;"=""4012200235422""";"=""20260000003061""";13854500;681;Efetivada;24/02/2026 15:03:12;25/02/2026 18:08:59;27/02/2026;1;R$ 6.400,44;R$ 21.334,79;R$ 6.400,44;STT;"=""03279141141 - VANESSA FRANCO DE OLIVEIRA""";"=""86123360159 - VERONICA ISSI SIMOES BASTOS"""
"=""30853932000148""";CAFUNDO PRESTADORA DE SERVIÇOS LTDA;PESSOA JURIDICA;Pena Pecuniária;"=""4012200236151""";"=""20260000003063""";13854496;681;Efetivada;24/02/2026 15:03:12;25/02/2026 18:09:02;27/02/2026;1;R$ 8.213,46;R$ 27.378,20;R$ 8.213,46;STT;"=""03279141141 - VANESSA FRANCO DE OLIVEIRA""";"=""86123360159 - VERONICA ISSI SIMOES BASTOS"""
"=""30853932000148""";CAFUNDO PRESTADORA DE SERVIÇOS LTDA;PESSOA JURIDICA;Pena Pecuniária;"=""4012200235503""";"=""20260000003064""";13854526;681;Efetivada;24/02/2026 15:03:12;25/02/2026 18:09:06;27/02/2026;1;R$ 8.050,40;R$ 26.834,68;R$ 8.050,40;STT;"=""03279141141 - VANESSA FRANCO DE OLIVEIRA""";"=""86123360159 - VERONICA ISSI SIMOES BASTOS"""
"=""30853932000148""";CAFUNDO PRESTADORA DE SERVIÇOS LTDA;PESSOA JURIDICA;Pena Pecuniária;"=""4012200236402""";"=""20260000003065""";13854534;681;Efetivada;24/02/2026 15:03:12;25/02/2026 18:09:09;27/02/2026;1;R$ 3.840,41;R$ 12.801,36;R$ 3.840,41;STT;"=""03279141141 - VANESSA FRANCO DE OLIVEIRA""";"=""86123360159 - VERONICA ISSI SIMOES BASTOS"""
"=""31301686000184""";FERREIRA GONCALVES HOLDING LTDA;PESSOA JURIDICA;ICMS;"=""4022000013474""";"=""20260000006847""";14217538;1270;Efetivada;05/05/2026 12:15:16;07/05/2026 12:00:54;12/05/2026;36;R$ 777,65;R$ 89.054,25;R$ 27.995,45;EXPRESSO;-;"=""70458480134 - RENATA VITORIA BONIFACIO E SOUZA"""
"=""31301686000184""";FERREIRA GONCALVES HOLDING LTDA;PESSOA JURIDICA;ICMS;"=""4012200071489""";"=""20260000006845""";14217546;1270;Efetivada;05/05/2026 12:15:16;07/05/2026 12:01:00;12/05/2026;36;R$ 816,44;R$ 45.616,25;R$ 29.391,91;EXPRESSO;-;"=""70458480134 - RENATA VITORIA BONIFACIO E SOUZA"""
"=""31301686000184""";FERREIRA GONCALVES HOLDING LTDA;PESSOA JURIDICA;ICMS;"=""4012100099209""";"=""20260000006846""";14217554;1270;Efetivada;05/05/2026 12:15:16;07/05/2026 12:01:07;12/05/2026;36;R$ 1.443,25;R$ 81.993,08;R$ 51.956,84;EXPRESSO;-;"=""70458480134 - RENATA VITORIA BONIFACIO E SOUZA"""
"=""31301686000184""";FERREIRA GONCALVES HOLDING LTDA;PESSOA JURIDICA;ICMS;"=""4012200570485""";"=""20260000006848""";14217562;1270;Efetivada;05/05/2026 12:15:16;07/05/2026 12:01:14;12/05/2026;36;R$ 7.815,12;R$ 429.274,27;R$ 281.344,29;EXPRESSO;-;"=""70458480134 - RENATA VITORIA BONIFACIO E SOUZA"""
"=""31594166153""";LUIZ ANTONIO DOS SANTOS;PESSOA FISICA;IPVA;"=""2333728022210""";"=""20260000004635""";13923188;917;Efetivada;05/03/2026 11:14:21;13/03/2026 06:03:21;12/03/2026;2;R$ 378,64;R$ 1.266,03;R$ 757,28;STT;"=""00828686114 - GEOVANA REZENDE ABDON FRAGOSO OLIVEIRA""";Não atribuído
"=""31929583168""";CARLOS ROSA DA SILVA;PESSOA FISICA;IPVA;"=""2008504322202""";"=""20260000001873""";13775685;451;Efetivada;13/02/2026 09:21:28;13/02/2026 18:11:16;20/02/2026;1;R$ 1.215,54;R$ 2.281,99;R$ 1.215,54;EXPRESSO;-;"=""70458480134 - RENATA VITORIA BONIFACIO E SOUZA"""
"=""31929583168""";CARLOS ROSA DA SILVA;PESSOA FISICA;IPVA;"=""2181638722237""";"=""20260000001874""";13775693;451;Efetivada;13/02/2026 09:21:28;13/02/2026 18:11:17;20/02/2026;1;R$ 1.187,94;R$ 2.195,02;R$ 1.187,94;EXPRESSO;-;"=""70458480134 - RENATA VITORIA BONIFACIO E SOUZA"""
"=""31940073000197""";TUDO DELAS MAKE UP COSMETICOS LTDA;PESSOA JURIDICA;ICMS;"=""4012201107630""";"=""20260000003631""";13872745;746;Efetivada;26/02/2026 14:33:27;27/02/2026 06:09:04;27/02/2026;82;R$ 301,30;R$ 34.954,35;R$ 24.706,22;STT;"=""04364786179 - SARAH BADI CARVALHO""";Não atribuído
"=""31940073000197""";TUDO DELAS MAKE UP COSMETICOS LTDA;PESSOA JURIDICA;ICMS;"=""4012200859981""";"=""20260000003632""";13872753;746;Efetivada;26/02/2026 14:33:27;27/02/2026 06:09:04;27/02/2026;120;R$ 1.156,27;R$ 201.484,31;R$ 138.751,93;STT;"=""04364786179 - SARAH BADI CARVALHO""";Não atribuído
"=""31940073000278""";TUDO  DELAS MAKE UP;PESSOA JURIDICA;ICMS;"=""4012201135251""";"=""20260000007323""";14274523;1307;Efetivada;20/05/2026 09:30:52;21/05/2026 12:03:08;27/05/2026;27;R$ 310,25;R$ 12.128,05;R$ 8.376,88;STT;"=""03447962135 - LUCAS CARDOSO FRANCO""";Não atribuído
"=""31958290106""";GERCINETE MARIA NUNES SILVERIO;PESSOA FISICA;IPVA;"=""2354217322246""";"=""20260000005258""";13970470;1033;Efetivada;11/03/2026 15:32:49;23/04/2026 18:34:58;18/03/2026;1;R$ 130,86;R$ 222,13;R$ 130,86;EXPRESSO;-;"=""70458480134 - RENATA VITORIA BONIFACIO E SOUZA"""
"=""31983316172""";LUIZ CESAR COSTA MONTEIRO;PESSOA FISICA;IPVA;"=""2317099422250""";"=""20260000002466""";13826450;583;Efetivada;20/02/2026 17:04:40;23/02/2026 12:10:45;27/02/2026;1;R$ 259,32;R$ 469,32;R$ 259,32;EXPRESSO;-;"=""70458480134 - RENATA VITORIA BONIFACIO E SOUZA"""
"=""31983316172""";LUIZ CESAR COSTA MONTEIRO;PESSOA FISICA;IPVA;"=""2273232522277""";"=""20260000002465""";13826441;583;Efetivada;20/02/2026 17:04:40;23/02/2026 12:10:47;27/02/2026;1;R$ 632,96;R$ 1.153,76;R$ 632,96;EXPRESSO;-;"=""70458480134 - RENATA VITORIA BONIFACIO E SOUZA"""
"=""32090110104""";LUSMAR BARBA DE SOUZA;PESSOA FISICA;IPVA;"=""2297352122290""";"=""20260000005221""";13962523;1026;Efetivada;11/03/2026 11:09:59;09/04/2026 12:50:58;18/03/2026;1;R$ 409,20;R$ 750,80;R$ 409,20;EXPRESSO;-;Não atribuído
"=""32090110104""";LUSMAR BARBA DE SOUZA;PESSOA FISICA;IPVA;"=""2382972822202""";"=""20260000005222""";13962531;1026;Efetivada;11/03/2026 11:09:59;09/04/2026 12:50:58;18/03/2026;1;R$ 518,10;R$ 873,14;R$ 518,10;EXPRESSO;-;Não atribuído
"=""32693796172""";EDMILSON DIVINO DOS SANTOS;PESSOA FISICA;IPVA;"=""2337191922250""";"=""20260000002439""";13826409;579;Efetivada;20/02/2026 16:22:34;23/02/2026 18:07:20;27/02/2026;1;R$ 4.080,00;R$ 6.772,15;R$ 4.080,00;EXPRESSO;-;"=""70458480134 - RENATA VITORIA BONIFACIO E SOUZA"""
"=""33173265149""";FRANCISCO CARLOS CORRALES FERREIRA;PESSOA FISICA;IPVA;"=""2327852822202""";"=""20260000000368""";13666061;137;Efetivada;04/02/2026 12:00:40;10/02/2026 18:01:24;11/02/2026;1;R$ 1.046,18;R$ 1.893,42;R$ 1.046,18;EXPRESSO;-;Não atribuído
"=""33173265149""";FRANCISCO CARLOS CORRALES FERREIRA;PESSOA FISICA;IPVA;"=""2335798922209""";"=""20260000000369""";13666053;137;Efetivada;04/02/2026 12:00:40;10/02/2026 18:01:24;11/02/2026;1;R$ 1.300,50;R$ 2.158,62;R$ 1.300,50;EXPRESSO;-;Não atribuído
"=""33208107153""";MARLEY PEREIRA;PESSOA FISICA;IPVA;"=""2335497922277""";"=""20260000004345""";13921150;865;Efetivada;03/03/2026 21:05:10;09/04/2026 12:50:53;10/03/2026;1;R$ 912,30;R$ 1.525,22;R$ 912,30;EXPRESSO;-;"=""70458480134 - RENATA VITORIA BONIFACIO E SOUZA"""
"=""33627860497""";JOAO MARIA INACIO LOPES;PESSOA FISICA;IPVA;"=""2379872522266""";"=""20260000000693""";13691414;202;Efetivada;05/02/2026 14:56:58;06/02/2026 06:07:16;12/02/2026;10;R$ 311,10;R$ 5.205,57;R$ 3.111,00;EXPRESSO;-;"=""86123360159 - VERONICA ISSI SIMOES BASTOS"""
"=""33680370130""";EDVALDO ALVES VARANDA;PESSOA FISICA;IPVA;"=""2343354922207""";"=""20260000001593""";13751670;383;Efetivada;11/02/2026 13:38:56;11/02/2026 18:07:53;18/02/2026;1;R$ 329,55;R$ 559,49;R$ 329,55;STT;"=""03279141141 - VANESSA FRANCO DE OLIVEIRA""";Não atribuído
"=""33680370130""";EDVALDO ALVES VARANDA;PESSOA FISICA;IPVA;"=""2292022422272""";"=""20260000001592""";13751662;383;Efetivada;11/02/2026 13:38:56;11/02/2026 18:07:58;18/02/2026;1;R$ 271,62;R$ 496,54;R$ 271,62;STT;"=""03279141141 - VANESSA FRANCO DE OLIVEIRA""";Não atribuído
"=""34148973187""";GERALDO MAGELO COSTA;PESSOA FISICA;IPVA;"=""2323225022264""";"=""20260000005496""";13997637;1076;Efetivada;17/03/2026 14:19:02;18/03/2026 12:09:05;24/03/2026;2;R$ 429,83;R$ 1.566,14;R$ 859,65;EXPRESSO;-;"=""70458480134 - RENATA VITORIA BONIFACIO E SOUZA"""
"=""34486194349"""; TOILDA DA SILVA PEREIRA;PESSOA FISICA;ICMS;"=""4011801568061""";"=""20260000002725""";13836129;623;Efetivada;23/02/2026 11:07:32;24/02/2026 12:10:01;27/02/2026;34;R$ 307,60;R$ 34.426,46;R$ 10.458,43;STT;"=""70458480134 - RENATA VITORIA BONIFACIO E SOUZA""";Não atribuído
"=""34731631807""";DIEGO HENRIQUE SENNA;PESSOA FISICA;IPVA;"=""2337277822229""";"=""20260000003403""";13863606;722;Efetivada;25/02/2026 14:30:20;26/02/2026 18:10:23;27/02/2026;3;R$ 317,94;R$ 1.583,17;R$ 953,82;STT;"=""00001288130 - JOILSON JOSE DA SILVA""";Não atribuído
"=""34820116134""";FLAVIO EURIPEDES BORGES ALVES;PESSOA FISICA;ITCD;"=""4012201108521""";"=""20260000001711""";13763652;412;Efetivada;12/02/2026 11:24:43;19/02/2026 18:01:12;19/02/2026;10;R$ 3.799,73;R$ 126.657,66;R$ 37.997,30;STT;"=""37486381168 - RONE FERNANDES SANTANA MELO""";Não atribuído
"=""34825596860""";MONICA MACHADO CANTARELLAS FERRAZ;PESSOA FISICA;IPVA;"=""2354084022247""";"=""20260000001076""";13712608;266;Efetivada;07/02/2026 08:01:45;09/02/2026 06:10:20;13/02/2026;1;R$ 591,81;R$ 997,50;R$ 591,81;EXPRESSO;-;"=""86123360159 - VERONICA ISSI SIMOES BASTOS"""
"=""34825596860""";MONICA MACHADO CANTARELLAS FERRAZ;PESSOA FISICA;IPVA;"=""2303371422242""";"=""20260000001075""";13712594;266;Efetivada;07/02/2026 08:01:45;09/02/2026 06:10:26;13/02/2026;1;R$ 334,84;R$ 612,12;R$ 334,84;EXPRESSO;-;"=""86123360159 - VERONICA ISSI SIMOES BASTOS"""
"=""35179309115""";LUCI FERREIRA DA CRUZ DE OLIVEIRA;PESSOA FISICA;IPVA;"=""2310119922239""";"=""20260000005552""";14011085;1088;Efetivada;19/03/2026 10:30:00;09/04/2026 12:51:00;26/03/2026;1;R$ 887,96;R$ 1.629,22;R$ 887,96;EXPRESSO;-;"=""70458480134 - RENATA VITORIA BONIFACIO E SOUZA"""
"=""35179309115""";LUCI FERREIRA DA CRUZ DE OLIVEIRA;PESSOA FISICA;IPVA;"=""2382607722244""";"=""20260000005553""";14011093;1088;Efetivada;19/03/2026 10:30:00;09/04/2026 12:51:00;26/03/2026;1;R$ 1.008,56;R$ 1.699,70;R$ 1.008,56;EXPRESSO;-;"=""70458480134 - RENATA VITORIA BONIFACIO E SOUZA"""
"=""35516275172""";WALMIR GONCALVES ROSA;PESSOA FISICA;IPVA;"=""2102054522211""";"=""20260000002224""";13804626;531;Efetivada;18/02/2026 19:54:31;24/02/2026 12:03:23;25/02/2026;6;R$ 329,88;R$ 3.663,34;R$ 1.979,28;EXPRESSO;-;"=""70458480134 - RENATA VITORIA BONIFACIO E SOUZA"""
"=""35516275172""";WALMIR GONCALVES ROSA;PESSOA FISICA;IPVA;"=""2311145222204""";"=""20260000002225""";13804634;531;Efetivada;18/02/2026 19:54:31;24/02/2026 12:03:28;25/02/2026;6;R$ 316,91;R$ 3.454,75;R$ 1.901,44;EXPRESSO;-;"=""70458480134 - RENATA VITORIA BONIFACIO E SOUZA"""
"=""35958430106""";DIJALMA ALVES VALADAO;PESSOA FISICA;IPVA;"=""2358862222283""";"=""20260000006065""";14051630;1149;Efetivada;27/03/2026 09:59:15;09/04/2026 12:51:03;31/03/2026;2;R$ 317,73;R$ 1.078,70;R$ 635,46;STT;"=""03447962135 - LUCAS CARDOSO FRANCO""";Não atribuído
"=""36242329832""";LETICIA CAMILA TEIXEIRA CATAO;PESSOA FISICA;IPVA;"=""2365518522282""";"=""20260000001635""";13774069;396;Efetivada;11/02/2026 19:31:04;18/02/2026 12:05:27;18/02/2026;1;R$ 480,39;R$ 809,71;R$ 480,39;EXPRESSO;-;"=""86123360159 - VERONICA ISSI SIMOES BASTOS"""
"=""36242329832""";LETICIA CAMILA TEIXEIRA CATAO;PESSOA FISICA;IPVA;"=""2277875122274""";"=""20260000001637""";13793977;397;Efetivada;11/02/2026 19:40:16;19/02/2026 06:06:24;18/02/2026;1;R$ 390,39;R$ 713,66;R$ 390,39;EXPRESSO;-;"=""70458480134 - RENATA VITORIA BONIFACIO E SOUZA"""
"=""36423890153""";JANE ALVES MOREIRA BATISTA;PESSOA FISICA;IPVA;"=""2317409922204""";"=""20260000001456""";13771850;359;Efetivada;10/02/2026 20:29:16;14/02/2026 06:08:42;18/02/2026;1;R$ 483,86;R$ 875,69;R$ 483,86;EXPRESSO;-;"=""86123360159 - VERONICA ISSI SIMOES BASTOS"""
"=""36423890153""";JANE ALVES MOREIRA BATISTA;PESSOA FISICA;IPVA;"=""2050098222284""";"=""20260000001457""";13771868;359;Efetivada;10/02/2026 20:29:16;14/02/2026 06:08:49;18/02/2026;1;R$ 530,28;R$ 997,52;R$ 530,28;EXPRESSO;-;"=""86123360159 - VERONICA ISSI SIMOES BASTOS"""
"=""36423890153""";JANE ALVES MOREIRA BATISTA;PESSOA FISICA;IPVA;"=""2390699322290""";"=""20260000001458""";13771876;359;Efetivada;10/02/2026 20:29:16;14/02/2026 06:08:49;18/02/2026;1;R$ 545,40;R$ 905,27;R$ 545,40;EXPRESSO;-;"=""86123360159 - VERONICA ISSI SIMOES BASTOS"""
"=""36705876000180""";SMX GUIMARAES SUPERMERCADO LTDA;PESSOA JURIDICA;ICMS;"=""2020175411145""";"=""20260000004383""";13912470;875;Efetivada;04/03/2026 09:35:01;10/03/2026 12:02:05;11/03/2026;1;R$ 1.803,47;R$ 3.318,52;R$ 1.803,47;STT;"=""03447962135 - LUCAS CARDOSO FRANCO""";Não atribuído
"=""36705876000180""";SMX GUIMARAES SUPERMERCADO LTDA;PESSOA JURIDICA;ICMS;"=""2020175511107""";"=""20260000004384""";13912500;875;Efetivada;04/03/2026 09:35:01;10/03/2026 12:02:05;11/03/2026;1;R$ 1.721,59;R$ 3.158,75;R$ 1.721,59;STT;"=""03447962135 - LUCAS CARDOSO FRANCO""";Não atribuído
"=""36705876000180""";SMX GUIMARAES SUPERMERCADO LTDA;PESSOA JURIDICA;ICMS;"=""2020175611152""";"=""20260000004385""";13912488;875;Efetivada;04/03/2026 09:35:01;09/04/2026 12:50:53;11/03/2026;1;R$ 1.481,01;R$ 2.708,63;R$ 1.481,01;STT;"=""03447962135 - LUCAS CARDOSO FRANCO""";Não atribuído
"=""36705876000180""";SMX GUIMARAES SUPERMERCADO LTDA;PESSOA JURIDICA;ICMS;"=""2020175711106""";"=""20260000004386""";13912496;875;Efetivada;04/03/2026 09:35:01;09/04/2026 12:50:53;11/03/2026;1;R$ 5.485,03;R$ 10.214,61;R$ 5.485,03;STT;"=""03447962135 - LUCAS CARDOSO FRANCO""";Não atribuído
"=""36705876000180""";SMX GUIMARAES SUPERMERCADO LTDA;PESSOA JURIDICA;ICMS;"=""2020175811160""";"=""20260000004387""";13912518;875;Efetivada;04/03/2026 09:35:01;09/04/2026 12:50:54;11/03/2026;1;R$ 1.521,40;R$ 2.840,43;R$ 1.521,40;STT;"=""03447962135 - LUCAS CARDOSO FRANCO""";Não atribuído
"=""36919527634""";RICARDO NAZARENO RUAS DE ABREU;PESSOA FISICA;IPVA;"=""2318180322209""";"=""20260000002043""";13784188;485;Efetivada;13/02/2026 16:56:01;14/02/2026 06:11:21;20/02/2026;1;R$ 984,56;R$ 1.781,88;R$ 984,56;EXPRESSO;-;"=""13670181709 - LARISSA BELTRAO DE CARVALHO"""
"=""36919527634""";RICARDO NAZARENO RUAS DE ABREU;PESSOA FISICA;IPVA;"=""2391426022207""";"=""20260000002044""";13784170;485;Efetivada;13/02/2026 16:56:01;14/02/2026 06:11:29;20/02/2026;1;R$ 1.197,26;R$ 1.987,25;R$ 1.197,26;EXPRESSO;-;"=""13670181709 - LARISSA BELTRAO DE CARVALHO"""
"=""36996750172""";ANTÔNIO PEREIRA DOS SANTOS;PESSOA FISICA;IPVA;"=""2347456122261""";"=""20260000004736""";13932390;940;Efetivada;06/03/2026 11:46:13;10/03/2026 18:05:39;13/03/2026;3;R$ 377,81;R$ 1.937,89;R$ 1.133,44;STT;"=""00828686114 - GEOVANA REZENDE ABDON FRAGOSO OLIVEIRA""";Não atribuído
"=""37020790178""";BONI DE OLIVEIRA;PESSOA FISICA;IPVA;"=""2312694022288""";"=""20260000001917""";13776614;458;Efetivada;13/02/2026 11:04:07;13/02/2026 18:11:42;20/02/2026;1;R$ 1.184,29;R$ 2.151,75;R$ 1.184,29;STT;"=""03447962135 - LUCAS CARDOSO FRANCO""";Não atribuído
"=""37020790178""";BONI DE OLIVEIRA;PESSOA FISICA;IPVA;"=""2384873922213""";"=""20260000001918""";13776622;458;Efetivada;13/02/2026 11:04:07;13/02/2026 18:11:48;20/02/2026;1;R$ 1.409,93;R$ 2.359,21;R$ 1.409,93;STT;"=""03447962135 - LUCAS CARDOSO FRANCO""";Não atribuído
"=""37032607187""";PATRICIA CECILIA SILVA;PESSOA FISICA;IPVA;"=""2318407322208""";"=""20260000003023""";13850067;675;Efetivada;24/02/2026 14:05:14;25/02/2026 12:07:51;27/02/2026;1;R$ 570,24;R$ 1.032,05;R$ 570,24;EXPRESSO;-;Não atribuído
"=""37032607187""";PATRICIA CECILIA SILVA;PESSOA FISICA;IPVA;"=""2048860122234""";"=""20260000003021""";13850075;675;Efetivada;24/02/2026 14:05:14;25/02/2026 12:07:57;27/02/2026;2;R$ 308,51;R$ 1.160,69;R$ 617,01;EXPRESSO;-;Não atribuído
"=""37032607187""";PATRICIA CECILIA SILVA;PESSOA FISICA;IPVA;"=""2178741722228""";"=""20260000003022""";13850059;675;Efetivada;24/02/2026 14:05:14;25/02/2026 12:07:57;27/02/2026;1;R$ 597,33;R$ 1.104,62;R$ 597,33;EXPRESSO;-;Não atribuído
"=""37032607187""";PATRICIA CECILIA SILVA;PESSOA FISICA;IPVA;"=""2391280022291""";"=""20260000003024""";13850040;675;Efetivada;24/02/2026 14:05:14;25/02/2026 12:08:04;27/02/2026;2;R$ 342,17;R$ 1.135,88;R$ 684,33;EXPRESSO;-;Não atribuído
"=""37110055191""";PAULO LUIS DA SILVA;PESSOA FISICA;IPVA;"=""2332117422272""";"=""20260000003397""";13862650;719;Efetivada;25/02/2026 14:01:15;25/02/2026 18:14:36;27/02/2026;3;R$ 357,31;R$ 1.953,89;R$ 1.071,92;EXPRESSO;-;Não atribuído
"=""37359460000110""";GYNSOL DISTRIBUIDORA E LOGÍSTICA DE PRODUTOS ALIMENTÍCIOS LTDA;PESSOA JURIDICA;ICMS;"=""4011000298538""";"=""20260000006172""";14060019;1157;Efetivada;27/03/2026 16:04:42;09/04/2026 12:51:03;31/03/2026;120;R$ 477,40;R$ 163.678,56;R$ 57.287,50;EXPRESSO;-;"=""86123360159 - VERONICA ISSI SIMOES BASTOS"""
"=""37359460000110""";GYNSOL DISTRIBUIDORA E LOGÍSTICA DE PRODUTOS ALIMENTÍCIOS LTDA;PESSOA JURIDICA;ICMS;"=""4011402101178""";"=""20260000006173""";14060027;1157;Efetivada;27/03/2026 16:04:42;09/04/2026 12:51:03;31/03/2026;120;R$ 559,49;R$ 134.149,05;R$ 67.138,78;EXPRESSO;-;"=""86123360159 - VERONICA ISSI SIMOES BASTOS"""
"=""37359460000382""";GYNSOL DISTRIBUIDORA E LOGÍSTICA DE PRODUTOS ALIMENTÍCIOS;PESSOA JURIDICA;ICMS;"=""4012101176762""";"=""20260000006352""";14129280;1199;Efetivada;13/04/2026 15:56:32;15/04/2026 18:03:49;20/04/2026;120;R$ 1.919,27;R$ 358.273,78;R$ 230.312,28;STT;"=""86123360159 - VERONICA ISSI SIMOES BASTOS""";Não atribuído
"=""37359460000382""";GYNSOL DISTRIBUIDORA E LOGÍSTICA DE PRODUTOS ALIMENTÍCIOS;PESSOA JURIDICA;ICMS;"=""2156091100057""";"=""20260000006353""";14129299;1199;Efetivada;13/04/2026 15:56:32;15/04/2026 18:03:57;20/04/2026;120;R$ 1.022,35;R$ 197.714,63;R$ 122.682,20;STT;"=""86123360159 - VERONICA ISSI SIMOES BASTOS""";Não atribuído
"=""37359460000382""";GYNSOL DISTRIBUIDORA E LOGÍSTICA DE PRODUTOS ALIMENTÍCIOS;PESSOA JURIDICA;ICMS;"=""2227784400054""";"=""20260000006355""";14129302;1199;Efetivada;13/04/2026 15:56:32;15/04/2026 18:04:04;20/04/2026;120;R$ 1.281,05;R$ 246.268,87;R$ 153.725,89;STT;"=""86123360159 - VERONICA ISSI SIMOES BASTOS""";Não atribuído
"=""37359460000382""";GYNSOL DISTRIBUIDORA E LOGÍSTICA DE PRODUTOS ALIMENTÍCIOS;PESSOA JURIDICA;ICMS;"=""2227685200065""";"=""20260000006354""";14129310;1199;Efetivada;13/04/2026 15:56:32;15/04/2026 18:04:11;20/04/2026;120;R$ 1.687,07;R$ 325.254,27;R$ 202.448,82;STT;"=""86123360159 - VERONICA ISSI SIMOES BASTOS""";Não atribuído
"=""37359460000382""";GYNSOL DISTRIBUIDORA E LOGÍSTICA DE PRODUTOS ALIMENTÍCIOS;PESSOA JURIDICA;ICMS;"=""4011801029195""";"=""20260000006363""";14129388;1200;Efetivada;13/04/2026 16:03:25;15/04/2026 18:04:18;20/04/2026;120;R$ 2.168,69;R$ 442.753,81;R$ 260.242,91;STT;"=""86123360159 - VERONICA ISSI SIMOES BASTOS""";Não atribuído
"=""37359460000382""";GYNSOL DISTRIBUIDORA E LOGÍSTICA DE PRODUTOS ALIMENTÍCIOS;PESSOA JURIDICA;ICMS;"=""2145049500055""";"=""20260000006367""";14129396;1200;Efetivada;13/04/2026 16:03:25;15/04/2026 18:04:25;20/04/2026;120;R$ 1.636,29;R$ 322.316,94;R$ 196.355,13;STT;"=""86123360159 - VERONICA ISSI SIMOES BASTOS""";Não atribuído
"=""37359460000382""";GYNSOL DISTRIBUIDORA E LOGÍSTICA DE PRODUTOS ALIMENTÍCIOS;PESSOA JURIDICA;ICMS;"=""4011701418653""";"=""20260000006362""";14129370;1200;Efetivada;13/04/2026 16:03:25;15/04/2026 18:04:32;20/04/2026;120;R$ 1.941,27;R$ 409.771,56;R$ 232.952,32;STT;"=""86123360159 - VERONICA ISSI SIMOES BASTOS""";Não atribuído
"=""37359460000382""";GYNSOL DISTRIBUIDORA E LOGÍSTICA DE PRODUTOS ALIMENTÍCIOS;PESSOA JURIDICA;ICMS;"=""4011603277451""";"=""20260000006361""";14129361;1200;Efetivada;13/04/2026 16:03:25;15/04/2026 18:04:39;20/04/2026;120;R$ 1.986,67;R$ 428.145,91;R$ 238.400,58;STT;"=""86123360159 - VERONICA ISSI SIMOES BASTOS""";Não atribuído
"=""37359460000382""";GYNSOL DISTRIBUIDORA E LOGÍSTICA DE PRODUTOS ALIMENTÍCIOS;PESSOA JURIDICA;ICMS;"=""4011900121065""";"=""20260000006364""";14129418;1200;Efetivada;13/04/2026 16:03:25;15/04/2026 18:04:47;20/04/2026;120;R$ 1.284,86;R$ 255.465,66;R$ 154.182,91;STT;"=""86123360159 - VERONICA ISSI SIMOES BASTOS""";Não atribuído
"=""37359460000382""";GYNSOL DISTRIBUIDORA E LOGÍSTICA DE PRODUTOS ALIMENTÍCIOS;PESSOA JURIDICA;ICMS;"=""4011700613061""";"=""20260000006360""";14129400;1200;Efetivada;13/04/2026 16:03:25;15/04/2026 18:04:54;20/04/2026;120;R$ 1.768,12;R$ 378.939,68;R$ 212.173,98;STT;"=""86123360159 - VERONICA ISSI SIMOES BASTOS""";Não atribuído
"=""37359460000382""";GYNSOL DISTRIBUIDORA E LOGÍSTICA DE PRODUTOS ALIMENTÍCIOS;PESSOA JURIDICA;ICMS;"=""2145924500007""";"=""20260000006366""";14129434;1200;Efetivada;13/04/2026 16:03:25;15/04/2026 18:05:01;20/04/2026;120;R$ 1.367,89;R$ 267.016,89;R$ 164.146,37;STT;"=""86123360159 - VERONICA ISSI SIMOES BASTOS""";Não atribuído
"=""37359460000382""";GYNSOL DISTRIBUIDORA E LOGÍSTICA DE PRODUTOS ALIMENTÍCIOS;PESSOA JURIDICA;ICMS;"=""2146039000066""";"=""20260000006365""";14129426;1200;Efetivada;13/04/2026 16:03:25;15/04/2026 18:05:08;20/04/2026;120;R$ 1.175,93;R$ 228.784,19;R$ 141.111,58;STT;"=""86123360159 - VERONICA ISSI SIMOES BASTOS""";Não atribuído
"=""37359460000382""";GYNSOL DISTRIBUIDORA E LOGÍSTICA DE PRODUTOS ALIMENTÍCIOS;PESSOA JURIDICA;ICMS;"=""2145340200062""";"=""20260000006368""";14129442;1200;Efetivada;13/04/2026 16:03:25;15/04/2026 18:05:15;20/04/2026;120;R$ 2.430,99;R$ 476.634,85;R$ 291.718,61;STT;"=""86123360159 - VERONICA ISSI SIMOES BASTOS""";Não atribuído
"=""37359460000382""";GYNSOL DISTRIBUIDORA E LOGÍSTICA DE PRODUTOS ALIMENTÍCIOS;PESSOA JURIDICA;ICMS;"=""4011700836877""";"=""20260000006369""";14129450;1200;Efetivada;13/04/2026 16:03:25;15/04/2026 18:05:23;20/04/2026;120;R$ 2.071,33;R$ 439.763,10;R$ 248.559,89;STT;"=""86123360159 - VERONICA ISSI SIMOES BASTOS""";Não atribuído
"=""37359460000382""";GYNSOL DISTRIBUIDORA E LOGÍSTICA DE PRODUTOS ALIMENTÍCIOS;PESSOA JURIDICA;ICMS;"=""2146252100021""";"=""20260000006381""";14129558;1201;Efetivada;13/04/2026 16:11:26;15/04/2026 18:05:30;20/04/2026;120;R$ 1.380,56;R$ 267.817,61;R$ 165.667,22;STT;"=""86123360159 - VERONICA ISSI SIMOES BASTOS""";Não atribuído
"=""37359460000382""";GYNSOL DISTRIBUIDORA E LOGÍSTICA DE PRODUTOS ALIMENTÍCIOS;PESSOA JURIDICA;ICMS;"=""4011601982360""";"=""20260000006388""";14129574;1201;Efetivada;13/04/2026 16:11:26;15/04/2026 18:05:37;20/04/2026;120;R$ 975,54;R$ 213.034,26;R$ 117.064,66;STT;"=""86123360159 - VERONICA ISSI SIMOES BASTOS""";Não atribuído
"=""37359460000382""";GYNSOL DISTRIBUIDORA E LOGÍSTICA DE PRODUTOS ALIMENTÍCIOS;PESSOA JURIDICA;ICMS;"=""4011402719066""";"=""20260000006382""";14129566;1201;Efetivada;13/04/2026 16:11:26;15/04/2026 18:05:44;20/04/2026;120;R$ 1.935,08;R$ 463.920,25;R$ 232.209,99;STT;"=""86123360159 - VERONICA ISSI SIMOES BASTOS""";Não atribuído
"=""37359460000382""";GYNSOL DISTRIBUIDORA E LOGÍSTICA DE PRODUTOS ALIMENTÍCIOS;PESSOA JURIDICA;ICMS;"=""4011501931268""";"=""20260000006380""";14129582;1201;Efetivada;13/04/2026 16:11:26;15/04/2026 18:05:54;20/04/2026;120;R$ 1.467,64;R$ 339.721,12;R$ 176.116,86;STT;"=""86123360159 - VERONICA ISSI SIMOES BASTOS""";Não atribuído
"=""37359460000382""";GYNSOL DISTRIBUIDORA E LOGÍSTICA DE PRODUTOS ALIMENTÍCIOS;PESSOA JURIDICA;ICMS;"=""4011601621260""";"=""20260000006386""";14129590;1201;Efetivada;13/04/2026 16:11:26;15/04/2026 18:06:01;20/04/2026;120;R$ 764,33;R$ 167.929,96;R$ 91.719,90;STT;"=""86123360159 - VERONICA ISSI SIMOES BASTOS""";Não atribuído
"=""37359460000382""";GYNSOL DISTRIBUIDORA E LOGÍSTICA DE PRODUTOS ALIMENTÍCIOS;PESSOA JURIDICA;ICMS;"=""4011501082422""";"=""20260000006383""";14129612;1201;Efetivada;13/04/2026 16:11:26;15/04/2026 18:06:08;20/04/2026;120;R$ 2.129,37;R$ 499.312,68;R$ 255.524,82;STT;"=""86123360159 - VERONICA ISSI SIMOES BASTOS""";Não atribuído
"=""37359460000382""";GYNSOL DISTRIBUIDORA E LOGÍSTICA DE PRODUTOS ALIMENTÍCIOS;PESSOA JURIDICA;ICMS;"=""4011602471998""";"=""20260000006389""";14129604;1201;Efetivada;13/04/2026 16:11:26;15/04/2026 18:06:15;20/04/2026;120;R$ 1.634,73;R$ 354.012,66;R$ 196.167,67;STT;"=""86123360159 - VERONICA ISSI SIMOES BASTOS""";Não atribuído
"=""37359460000382""";GYNSOL DISTRIBUIDORA E LOGÍSTICA DE PRODUTOS ALIMENTÍCIOS;PESSOA JURIDICA;ICMS;"=""4011500157402""";"=""20260000006384""";14129620;1201;Efetivada;13/04/2026 16:11:26;15/04/2026 18:06:22;20/04/2026;120;R$ 491,66;R$ 116.081,28;R$ 58.999,38;STT;"=""86123360159 - VERONICA ISSI SIMOES BASTOS""";Não atribuído
"=""37359460000382""";GYNSOL DISTRIBUIDORA E LOGÍSTICA DE PRODUTOS ALIMENTÍCIOS;PESSOA JURIDICA;ICMS;"=""4011402186300""";"=""20260000006385""";14129639;1201;Efetivada;13/04/2026 16:11:26;15/04/2026 18:06:29;20/04/2026;79;R$ 300,55;R$ 47.672,95;R$ 23.743,76;STT;"=""86123360159 - VERONICA ISSI SIMOES BASTOS""";Não atribuído
"=""37359460000382""";GYNSOL DISTRIBUIDORA E LOGÍSTICA DE PRODUTOS ALIMENTÍCIOS;PESSOA JURIDICA;ICMS;"=""2228011400092""";"=""20260000006387""";14129647;1201;Efetivada;13/04/2026 16:11:26;15/04/2026 18:06:36;20/04/2026;120;R$ 1.303,60;R$ 249.853,80;R$ 156.432,38;STT;"=""86123360159 - VERONICA ISSI SIMOES BASTOS""";Não atribuído
"=""37363561000165""";PAULO OTAVIANO GOMES DOS SANTOS ME;PESSOA JURIDICA;IPVA;"=""2290925522278""";"=""20260000003781""";13882724;778;Efetivada;27/02/2026 15:08:01;27/02/2026 18:09:00;27/02/2026;1;R$ 1.053,84;R$ 1.926,50;R$ 1.053,84;STT;"=""00001288130 - JOILSON JOSE DA SILVA""";Não atribuído
"=""37406972000190""";IRRIGA MAQUINAS E ILUMINACAO LTDA;PESSOA JURIDICA;ICMS;"=""4010901404631""";"=""20250000000029""";13389572;19;Efetivada;11/12/2025 09:42:35;;18/12/2025;120;R$ 9.694,92;R$ 2.908.475,47;R$ 1.163.390,19;STT;"=""13670181709 - LARISSA BELTRAO DE CARVALHO""";Não atribuído
"=""37406972000190""";IRRIGA MAQUINAS E ILUMINACAO LTDA;PESSOA JURIDICA;ICMS;"=""4011101287140""";"=""20250000000030""";13389530;19;Efetivada;11/12/2025 09:42:35;;18/12/2025;120;R$ 14.081,69;R$ 4.224.508,19;R$ 1.689.803,28;STT;"=""13670181709 - LARISSA BELTRAO DE CARVALHO""";Não atribuído
"=""37406972000190""";IRRIGA MAQUINAS E ILUMINACAO LTDA;PESSOA JURIDICA;ICMS;"=""4010901171432""";"=""20250000000031""";13389564;19;Efetivada;11/12/2025 09:42:35;;18/12/2025;120;R$ 5.571,65;R$ 1.671.496,40;R$ 668.598,56;STT;"=""13670181709 - LARISSA BELTRAO DE CARVALHO""";Não atribuído
"=""37406972000190""";IRRIGA MAQUINAS E ILUMINACAO LTDA;PESSOA JURIDICA;ICMS;"=""4010900757263""";"=""20250000000032""";13389548;19;Efetivada;11/12/2025 09:42:35;;18/12/2025;120;R$ 4.070,04;R$ 1.221.011,64;R$ 488.404,66;STT;"=""13670181709 - LARISSA BELTRAO DE CARVALHO""";Não atribuído
"=""37406972000190""";IRRIGA MAQUINAS E ILUMINACAO LTDA;PESSOA JURIDICA;ICMS;"=""4010901405107""";"=""20250000000033""";13389556;19;Efetivada;11/12/2025 09:42:35;;18/12/2025;120;R$ 4.910,66;R$ 1.473.197,93;R$ 589.279,17;STT;"=""13670181709 - LARISSA BELTRAO DE CARVALHO""";Não atribuído
"=""37406972000190""";IRRIGA MAQUINAS E ILUMINACAO LTDA;PESSOA JURIDICA;ICMS;"=""4011100751498""";"=""20260000006053""";14049740;1148;Efetivada;26/03/2026 18:22:12;09/04/2026 12:51:02;31/03/2026;100;R$ 517,45;R$ 117.606,41;R$ 51.745,17;STT;"=""86123360159 - VERONICA ISSI SIMOES BASTOS""";Não atribuído
"=""37406972000190""";IRRIGA MAQUINAS E ILUMINACAO LTDA;PESSOA JURIDICA;ICMS;"=""4010900599765""";"=""20260000006054""";14049759;1148;Efetivada;26/03/2026 18:22:12;09/04/2026 12:51:02;31/03/2026;120;R$ 746,83;R$ 255.128,55;R$ 89.619,72;STT;"=""86123360159 - VERONICA ISSI SIMOES BASTOS""";Não atribuído
"=""37406972000190""";IRRIGA MAQUINAS E ILUMINACAO LTDA;PESSOA JURIDICA;ICMS;"=""4010800609718""";"=""20260000006055""";14049767;1148;Efetivada;26/03/2026 18:22:12;09/04/2026 12:51:03;31/03/2026;120;R$ 1.118,28;R$ 383.410,77;R$ 134.193,77;STT;"=""86123360159 - VERONICA ISSI SIMOES BASTOS""";Não atribuído
"=""37406972000190""";IRRIGA MAQUINAS E ILUMINACAO LTDA;PESSOA JURIDICA;ICMS;"=""4011302037540""";"=""20260000006056""";14049775;1148;Efetivada;26/03/2026 18:22:12;09/04/2026 12:51:03;31/03/2026;48;R$ 507,19;R$ 69.558,01;R$ 24.345,30;STT;"=""86123360159 - VERONICA ISSI SIMOES BASTOS""";Não atribuído
"=""37406972000190""";IRRIGA MAQUINAS E ILUMINACAO LTDA;PESSOA JURIDICA;IPVA;"=""2263280422220""";"=""20260000006057""";14049783;1148;Efetivada;26/03/2026 18:22:12;09/04/2026 12:51:03;31/03/2026;1;R$ 151,47;R$ 278,70;R$ 151,47;STT;"=""86123360159 - VERONICA ISSI SIMOES BASTOS""";Não atribuído
"=""37526790187""";ISOLINA BERTOLDO DE SIQUEIRA CAIXETA;PESSOA FISICA;IPVA;"=""2317587922235""";"=""20260000002931""";13846760;657;Efetivada;24/02/2026 10:08:39;27/02/2026 18:03:34;27/02/2026;2;R$ 307,97;R$ 1.114,73;R$ 615,94;EXPRESSO;-;Não atribuído
"=""37526790187""";ISOLINA BERTOLDO DE SIQUEIRA CAIXETA;PESSOA FISICA;IPVA;"=""2177130722265""";"=""20260000002930""";13846744;657;Efetivada;24/02/2026 10:08:39;27/02/2026 18:03:35;27/02/2026;2;R$ 321,16;R$ 1.187,78;R$ 642,31;EXPRESSO;-;Não atribuído
"=""37526790187""";ISOLINA BERTOLDO DE SIQUEIRA CAIXETA;PESSOA FISICA;IPVA;"=""2049668022209""";"=""20260000002929""";13846752;657;Efetivada;24/02/2026 10:08:39;27/02/2026 18:03:41;27/02/2026;2;R$ 332,61;R$ 1.251,37;R$ 665,22;EXPRESSO;-;Não atribuído
"=""37618758000106""";CLAUDINALE SOUZA DE LIMA;PESSOA JURIDICA;ICMS;"=""4012100816393""";"=""20260000006350""";14127946;1198;Efetivada;13/04/2026 14:02:17;17/04/2026 18:02:00;20/04/2026;1;R$ 102.679,78;R$ 320.165,82;R$ 102.679,78;STT;"=""00001288130 - JOILSON JOSE DA SILVA""";Não atribuído
"=""37732420187""";GERCIOCLEITO NUNES SILVÉRIO;PESSOA FISICA;ICMS;"=""4011801964331""";"=""20260000006495""";14143216;1211;Efetivada;15/04/2026 16:12:16;20/04/2026 18:00:46;23/04/2026;24;R$ 978,17;R$ 78.253,23;R$ 23.475,97;EXPRESSO;-;"=""70458480134 - RENATA VITORIA BONIFACIO E SOUZA"""
"=""37845708000153""";ALTO PARAISO SUPER POSTO LTDA;PESSOA JURIDICA;ICMS;"=""4011203790194""";"=""20260000003196""";13859480;706;Efetivada;25/02/2026 10:58:01;25/02/2026 12:10:47;27/02/2026;1;R$ 20.072,63;R$ 66.908,76;R$ 20.072,63;STT;"=""00901455180 - DANIEL BENKE AFONSO""";Não atribuído
"=""37845708000153""";ALTO PARAISO SUPER POSTO LTDA;PESSOA JURIDICA;Pena Pecuniária;"=""3013559704052""";"=""20260000003195""";13859498;706;Efetivada;25/02/2026 10:58:01;25/02/2026 12:10:55;27/02/2026;1;R$ 14.324,38;R$ 47.747,95;R$ 14.324,38;STT;"=""00901455180 - DANIEL BENKE AFONSO""";Não atribuído
"=""37962493100""";ANTONIO DIAS DA SILVA;PESSOA FISICA;IPVA;"=""2184069722283""";"=""20260000002246""";13805681;536;Efetivada;19/02/2026 08:09:21;27/02/2026 12:00:20;26/02/2026;3;R$ 336,10;R$ 1.864,60;R$ 1.008,30;STT;"=""13670181709 - LARISSA BELTRAO DE CARVALHO""";Não atribuído
"=""37962493100""";ANTONIO DIAS DA SILVA;PESSOA FISICA;IPVA;"=""2317473222200""";"=""20260000002247""";13805665;536;Efetivada;19/02/2026 08:09:21;27/02/2026 12:00:20;26/02/2026;3;R$ 328,22;R$ 1.782,08;R$ 984,67;STT;"=""13670181709 - LARISSA BELTRAO DE CARVALHO""";Não atribuído
"=""37962493100""";ANTONIO DIAS DA SILVA;PESSOA FISICA;IPVA;"=""2050763122286""";"=""20260000002245""";13805673;536;Efetivada;19/02/2026 08:09:21;27/02/2026 12:00:27;26/02/2026;3;R$ 342,62;R$ 1.933,54;R$ 1.027,85;STT;"=""13670181709 - LARISSA BELTRAO DE CARVALHO""";Não atribuído
"=""38333775187""";GILCIENE MARIA DE ALMEIDA TEIXEIRA;PESSOA FISICA;IPVA;"=""2286739922280""";"=""20260000004041""";13896628;816;Efetivada;02/03/2026 14:57:05;10/03/2026 12:00:33;09/03/2026;1;R$ 261,12;R$ 480,47;R$ 261,12;EXPRESSO;-;"=""70458480134 - RENATA VITORIA BONIFACIO E SOUZA"""
"=""38427184000143""";GUSTAVO PRAZER PESSOA;PESSOA JURIDICA;ICMS;"=""4012300395901""";"=""20260000006276""";14099926;1183;Efetivada;07/04/2026 12:06:42;23/04/2026 09:39:05;14/04/2026;1;R$ 23.093,08;R$ 63.422,81;R$ 23.093,08;STT;"=""00828686114 - GEOVANA REZENDE ABDON FRAGOSO OLIVEIRA""";Não atribuído
"=""38427184000143""";GUSTAVO PRAZER PESSOA;PESSOA JURIDICA;Pena Pecuniária;"=""4012300395812""";"=""20260000006275""";14099918;1183;Efetivada;07/04/2026 12:06:42;23/04/2026 09:39:04;14/04/2026;1;R$ 1.368,82;R$ 4.562,75;R$ 1.368,82;STT;"=""00828686114 - GEOVANA REZENDE ABDON FRAGOSO OLIVEIRA""";Não atribuído
"=""38628616861""";ETIVALDO GOMES FILHO;PESSOA FISICA;ICMS;"=""4011800277713""";"=""20260000002835""";14055970;646;Efetivada;24/02/2026 08:09:23;09/04/2026 12:50:52;31/03/2026;60;R$ 1.004,18;R$ 193.733,84;R$ 60.250,53;EXPRESSO;-;"=""00001288130 - JOILSON JOSE DA SILVA"""
"=""38738546191""";RONALDO RODRIGUES FERREIRA;PESSOA FISICA;IPVA;"=""2091083422271""";"=""20260000004051""";13896350;818;Efetivada;02/03/2026 15:09:52;03/03/2026 12:06:48;09/03/2026;3;R$ 346,60;R$ 1.940,33;R$ 1.039,80;EXPRESSO;-;Não atribuído
"=""38738546191""";RONALDO RODRIGUES FERREIRA;PESSOA FISICA;IPVA;"=""2297411022276""";"=""20260000006283""";14104679;1185;Efetivada;08/04/2026 09:46:45;08/04/2026 12:03:09;15/04/2026;3;R$ 339,80;R$ 1.890,57;R$ 1.019,40;STT;"=""00828686114 - GEOVANA REZENDE ABDON FRAGOSO OLIVEIRA""";Não atribuído
"=""38738546191""";RONALDO RODRIGUES FERREIRA;PESSOA FISICA;IPVA;"=""2363528622232""";"=""20260000006284""";14104687;1185;Efetivada;08/04/2026 09:46:45;08/04/2026 12:03:16;15/04/2026;4;R$ 312,29;R$ 2.138,61;R$ 1.249,16;STT;"=""00828686114 - GEOVANA REZENDE ABDON FRAGOSO OLIVEIRA""";Não atribuído
"=""38744732104""";OTAVIO ROSA TAVARES;PESSOA FISICA;IPVA;"=""2352030022242""";"=""20260000003379""";13861972;713;Efetivada;25/02/2026 13:20:12;26/02/2026 18:09:56;27/02/2026;3;R$ 427,85;R$ 2.163,44;R$ 1.283,55;STT;"=""00001288130 - JOILSON JOSE DA SILVA""";Não atribuído
"=""39157314000138""";FAST PHONE DISTRIBUIDORA DE PECAS E ELETRONICOS PGTU LTDA;PESSOA JURIDICA;ICMS;"=""4012100584913""";"=""20260000004370""";13912178;872;Efetivada;04/03/2026 09:21:19;11/03/2026 18:00:58;11/03/2026;101;R$ 302,05;R$ 94.094,56;R$ 30.506,60;STT;"=""00001288130 - JOILSON JOSE DA SILVA""";Não atribuído
"=""39514595653""";ALFREDO ALFO FREIRES;PESSOA FISICA;IPVA;"=""2385562222293""";"=""20260000004289""";13907301;858;Efetivada;03/03/2026 15:23:46;05/03/2026 06:06:10;10/03/2026;1;R$ 1.164,15;R$ 1.961,91;R$ 1.164,15;STT;"=""86123360159 - VERONICA ISSI SIMOES BASTOS""";Não atribuído
"=""39514595653""";ALFREDO ALFO FREIRES;PESSOA FISICA;IPVA;"=""2312176222271""";"=""20260000004288""";13907298;858;Efetivada;03/03/2026 15:23:46;09/03/2026 06:02:02;10/03/2026;1;R$ 1.038,38;R$ 1.899,11;R$ 1.038,38;STT;"=""86123360159 - VERONICA ISSI SIMOES BASTOS""";Não atribuído
"=""39725596153""";JURACY PEREIRA DA SILVA;PESSOA FISICA;ITCD;"=""4012101407160""";"=""20260000005335""";13977679;1047;Efetivada;13/03/2026 09:57:42;16/03/2026 12:10:50;20/03/2026;12;R$ 1.633,33;R$ 44.808,54;R$ 19.600,00;STT;"=""70458480134 - RENATA VITORIA BONIFACIO E SOUZA""";Não atribuído
"=""39820548187""";MARCIA MARIA DA SILVA SANTOS;PESSOA FISICA;IPVA;"=""2387261622213""";"=""20260000005513""";14001357;1080;Efetivada;17/03/2026 19:42:27;24/03/2026 12:03:00;24/03/2026;11;R$ 423,48;R$ 7.850,52;R$ 4.658,29;EXPRESSO;-;"=""70458480134 - RENATA VITORIA BONIFACIO E SOUZA"""
"=""40085430587""";JOADILSON CIRILO DOS SANTOS;PESSOA FISICA;IPVA;"=""2272503022200""";"=""20260000001911""";13776193;457;Efetivada;13/02/2026 10:50:48;19/02/2026 12:03:14;20/02/2026;1;R$ 161,37;R$ 294,13;R$ 161,37;STT;"=""86123360159 - VERONICA ISSI SIMOES BASTOS""";Não atribuído
"=""40085430587""";JOADILSON CIRILO DOS SANTOS;PESSOA FISICA;IPVA;"=""2381910122209""";"=""20260000001912""";13776185;457;Efetivada;13/02/2026 10:50:48;19/02/2026 12:03:14;20/02/2026;1;R$ 200,19;R$ 334,97;R$ 200,19;STT;"=""86123360159 - VERONICA ISSI SIMOES BASTOS""";Não atribuído
"=""40290220149""";MARIA DINA PEIXOTO;PESSOA FISICA;IPVA;"=""2025172522273""";"=""20260000002681""";13834606;616;Efetivada;23/02/2026 10:08:07;23/02/2026 18:11:29;27/02/2026;1;R$ 423,00;R$ 805,69;R$ 423,00;STT;"=""13670181709 - LARISSA BELTRAO DE CARVALHO""";Não atribuído
"=""40290220149""";MARIA DINA PEIXOTO;PESSOA FISICA;IPVA;"=""2301699922206""";"=""20260000002683""";13834614;616;Efetivada;23/02/2026 10:08:07;23/02/2026 18:11:29;27/02/2026;1;R$ 393,55;R$ 719,44;R$ 393,55;STT;"=""13670181709 - LARISSA BELTRAO DE CARVALHO""";Não atribuído
"=""40290220149""";MARIA DINA PEIXOTO;PESSOA FISICA;IPVA;"=""2094766822205""";"=""20260000002682""";13834622;616;Efetivada;23/02/2026 10:08:07;23/02/2026 18:11:35;27/02/2026;1;R$ 407,50;R$ 755,52;R$ 407,50;STT;"=""13670181709 - LARISSA BELTRAO DE CARVALHO""";Não atribuído
"=""40312593104""";ADINALDO ROSA DA SILVA;PESSOA FISICA;ICMS;"=""4012101552845""";"=""20260000001990""";13784668;473;Efetivada;13/02/2026 14:00:44;19/02/2026 18:03:39;20/02/2026;24;R$ 806,72;R$ 60.490,89;R$ 19.361,22;EXPRESSO;-;"=""70458480134 - RENATA VITORIA BONIFACIO E SOUZA"""
"=""40312593104""";ADINALDO ROSA DA SILVA;PESSOA FISICA;ICMS;"=""4012200518564""";"=""20260000001989""";13784676;473;Efetivada;13/02/2026 14:00:44;19/02/2026 18:03:40;20/02/2026;2;R$ 956,11;R$ 5.614,24;R$ 1.912,21;EXPRESSO;-;"=""70458480134 - RENATA VITORIA BONIFACIO E SOUZA"""
"=""40848230582""";SILVANO BOMFIM DE SOUZA;PESSOA FISICA;IPVA;"=""2344030022209""";"=""20260000006884""";14223546;1276;Efetivada;06/05/2026 15:14:53;07/05/2026 06:06:53;13/05/2026;1;R$ 171,31;R$ 297,61;R$ 171,31;STT;"=""03279141141 - VANESSA FRANCO DE OLIVEIRA""";"=""00001288130 - JOILSON JOSE DA SILVA"""
"=""41288050178""";LAZARO ARRUDA VIEIRA;PESSOA FISICA;ITCD;"=""4012200949620""";"=""20260000002322""";13813323;553;Efetivada;19/02/2026 15:43:46;19/02/2026 18:09:45;26/02/2026;1;R$ 8.056,48;R$ 26.854,94;R$ 8.056,48;STT;"=""03279141141 - VANESSA FRANCO DE OLIVEIRA""";Não atribuído
"=""41549118000150""";L.S CONFECCOES LTDA;PESSOA JURIDICA;ICMS;"=""4012200668108""";"=""20260000002303""";13810766;550;Efetivada;19/02/2026 13:56:22;19/02/2026 18:08:48;26/02/2026;10;R$ 342,31;R$ 9.909,93;R$ 3.423,12;EXPRESSO;-;Não atribuído
"=""41784839191""";JARBAS CARDOSO DA SILVA;PESSOA FISICA;IPVA;"=""2391099922278""";"=""20260000000253""";13681524;124;Efetivada;03/02/2026 20:25:33;06/02/2026 06:05:22;10/02/2026;1;R$ 4.186,64;R$ 6.949,15;R$ 4.186,64;EXPRESSO;-;"=""86123360159 - VERONICA ISSI SIMOES BASTOS"""
"=""41851048120""";DIVINA FERNANDES DA SILVA;PESSOA FISICA;ICMS;"=""4012000970609""";"=""20260000003385""";13862103;716;Efetivada;25/02/2026 13:36:43;27/02/2026 12:06:41;27/02/2026;80;R$ 913,29;R$ 230.993,87;R$ 73.063,09;STT;"=""00001288130 - JOILSON JOSE DA SILVA""";Não atribuído
"=""41851048120""";DIVINA FERNANDES DA SILVA;PESSOA FISICA;Pena Pecuniária;"=""4012000970013""";"=""20260000001506""";13773747;366;Efetivada;11/02/2026 10:07:32;06/04/2026 16:22:32;18/02/2026;1;R$ 1.390,84;R$ 4.636,12;R$ 1.390,84;EXPRESSO;-;"=""86123360159 - VERONICA ISSI SIMOES BASTOS"""
"=""41888359153""";CESAR SALVADOR DA SILVA;PESSOA FISICA;ICMS;"=""4011802648620""";"=""20260000000749""";13711776;213;Efetivada;06/02/2026 08:03:00;11/02/2026 18:05:04;13/02/2026;28;R$ 308,19;R$ 28.299,61;R$ 8.629,44;EXPRESSO;-;"=""86123360159 - VERONICA ISSI SIMOES BASTOS"""
"=""42234005002091""";REGINAVES  INDÚSTRIA E COMÉRCIO DE AVES LTDA;PESSOA JURIDICA;ICMS;"=""4022300003490""";"=""20260000007363""";14281996;1313;Efetivada;21/05/2026 15:29:08;28/05/2026 18:00:02;28/05/2026;145;R$ 11.172,13;R$ 4.777.226,55;R$ 1.619.958,97;STT;"=""86123360159 - VERONICA ISSI SIMOES BASTOS""";Não atribuído
"=""42357799153""";MIRIAN DE OLIVEIRA;PESSOA FISICA;IPVA;"=""2390065622206""";"=""20260000000070""";13660306;52;Efetivada;02/02/2026 16:50:52;06/02/2026 18:02:19;09/02/2026;3;R$ 316,16;R$ 1.574,34;R$ 948,49;EXPRESSO;-;"=""86123360159 - VERONICA ISSI SIMOES BASTOS"""
"=""42395577120""";ANESIO PAULO DA SILVA;PESSOA FISICA;ICMS;"=""4011601378226""";"=""20260000003201""";13860879;708;Efetivada;25/02/2026 11:26:10;25/02/2026 18:11:15;27/02/2026;43;R$ 300,47;R$ 35.212,42;R$ 12.920,00;EXPRESSO;-;"=""70458480134 - RENATA VITORIA BONIFACIO E SOUZA"""
"=""42471826172""";GILDO AUGUSTO MENDES;PESSOA FISICA;ICMS;"=""4011801475217""";"=""20260000004212""";13903969;844;Efetivada;03/03/2026 11:04:16;03/03/2026 18:06:18;10/03/2026;58;R$ 300,61;R$ 58.117,78;R$ 17.435,33;EXPRESSO;-;"=""70458480134 - RENATA VITORIA BONIFACIO E SOUZA"""
"=""42471826172""";GILDO AUGUSTO MENDES;PESSOA FISICA;ICMS;"=""4012000336900""";"=""20260000004213""";13903977;844;Efetivada;03/03/2026 11:04:16;03/03/2026 18:06:19;10/03/2026;1;R$ 280,39;R$ 874,23;R$ 280,39;EXPRESSO;-;"=""70458480134 - RENATA VITORIA BONIFACIO E SOUZA"""
"=""42671060106""";DIVINA APARECIDA MARTINS VIEIRA GONCALVES;PESSOA FISICA;IPVA;"=""2363818022254""";"=""20260000000125""";13639064;75;Efetivada;03/02/2026 09:46:09;07/02/2026 12:00:13;10/02/2026;1;R$ 1.549,95;R$ 2.612,47;R$ 1.549,95;EXPRESSO;-;Não atribuído
"=""43018076168""";RONIVALDO XAVIER DA COSTA;PESSOA FISICA;ITCD;"=""4012101431622""";"=""20260000000640""";13756575;192;Efetivada;05/02/2026 12:10:16;12/02/2026 12:07:14;12/02/2026;10;R$ 300,00;R$ 6.835,50;R$ 3.000,00;EXPRESSO;-;"=""86123360159 - VERONICA ISSI SIMOES BASTOS"""
"=""43095674104""";IRAILDO MANOEL DOS SANTOS;PESSOA FISICA;IPVA;"=""2265458822297""";"=""20260000003906""";13884522;785;Efetivada;27/02/2026 16:38:25;28/02/2026 06:08:45;27/02/2026;2;R$ 375,13;R$ 1.371,52;R$ 750,26;STT;"=""86123360159 - VERONICA ISSI SIMOES BASTOS""";Não atribuído
"=""43095674104""";IRAILDO MANOEL DOS SANTOS;PESSOA FISICA;IPVA;"=""2064810822226""";"=""20260000003905""";13884549;785;Efetivada;27/02/2026 16:38:25;28/02/2026 06:08:51;27/02/2026;2;R$ 392,19;R$ 1.454,26;R$ 784,38;STT;"=""86123360159 - VERONICA ISSI SIMOES BASTOS""";Não atribuído
"=""43095674104""";IRAILDO MANOEL DOS SANTOS;PESSOA FISICA;IPVA;"=""2352801622223""";"=""20260000003907""";13884530;785;Efetivada;27/02/2026 16:38:25;28/02/2026 06:08:51;27/02/2026;2;R$ 435,24;R$ 1.467,18;R$ 870,47;STT;"=""86123360159 - VERONICA ISSI SIMOES BASTOS""";Não atribuído
"=""43095674104""";IRAILDO MANOEL DOS SANTOS;PESSOA FISICA;IPVA;"=""2022023922275""";"=""20260000003904""";13884514;785;Efetivada;27/02/2026 16:38:25;28/02/2026 06:08:58;27/02/2026;2;R$ 408,21;R$ 1.559,67;R$ 816,41;STT;"=""86123360159 - VERONICA ISSI SIMOES BASTOS""";Não atribuído
"=""43338402104""";SERGIO DE CARVALHO SOUSA;PESSOA FISICA;Pena Pecuniária;"=""4011800985475""";"=""20260000000476""";13751590;163;Efetivada;04/02/2026 16:11:14;11/02/2026 18:07:46;11/02/2026;24;R$ 301,23;R$ 24.098,58;R$ 7.229,57;EXPRESSO;-;"=""00001288130 - JOILSON JOSE DA SILVA"""
"=""43338402104""";SERGIO DE CARVALHO SOUSA;PESSOA FISICA;Pena Pecuniária;"=""4011800986790""";"=""20260000000477""";13751603;163;Efetivada;04/02/2026 16:11:14;11/02/2026 18:07:52;11/02/2026;4;R$ 301,23;R$ 4.016,41;R$ 1.204,92;EXPRESSO;-;"=""00001288130 - JOILSON JOSE DA SILVA"""
"=""43598447191""";IVANISIO GOMES DE SANTANA;PESSOA FISICA;IPVA;"=""2353872322280""";"=""20260000002377""";13819810;566;Efetivada;20/02/2026 10:08:35;21/02/2026 06:06:52;27/02/2026;5;R$ 312,94;R$ 2.637,31;R$ 1.564,69;EXPRESSO;-;"=""70458480134 - RENATA VITORIA BONIFACIO E SOUZA"""
"=""43807224149""";SELMA DA CUNHA RODRIGUES;PESSOA FISICA;IPVA;"=""2301450722285""";"=""20260000004284""";13907506;856;Efetivada;03/03/2026 14:57:02;03/03/2026 18:07:29;10/03/2026;1;R$ 294,87;R$ 542,57;R$ 294,87;EXPRESSO;-;"=""70458480134 - RENATA VITORIA BONIFACIO E SOUZA"""
"=""43889948120""";EDSON PEREIRA DO NASCIMENTO ;PESSOA FISICA;IPVA;"=""2333552422211""";"=""20260000004803""";13935127;951;Efetivada;06/03/2026 15:28:30;06/03/2026 18:13:54;13/03/2026;3;R$ 367,06;R$ 1.840,99;R$ 1.101,18;STT;"=""04364786179 - SARAH BADI CARVALHO""";Não atribuído
"=""43954460002296""";RODOVIARIO MORADA DO SOL LTDA EM RECUPERAÇÃO JUDICIAL;PESSOA JURIDICA;ICMS;"=""2001198966678""";"=""20260000002030""";13803301;483;Efetivada;13/02/2026 16:43:24;20/02/2026 06:04:54;20/02/2026;1;R$ 253,64;R$ 466,98;R$ 253,64;EXPRESSO;-;"=""00001288130 - JOILSON JOSE DA SILVA"""
"=""43954460002296""";RODOVIARIO MORADA DO SOL LTDA EM RECUPERAÇÃO JUDICIAL;PESSOA JURIDICA;ICMS;"=""4012400797726""";"=""20260000002029""";13803328;483;Efetivada;13/02/2026 16:43:24;20/02/2026 06:05:00;20/02/2026;145;R$ 478,02;R$ 84.505,97;R$ 69.313,16;EXPRESSO;-;"=""00001288130 - JOILSON JOSE DA SILVA"""
"=""43954460002296""";RODOVIARIO MORADA DO SOL LTDA EM RECUPERAÇÃO JUDICIAL;PESSOA JURIDICA;ICMS;"=""2001199166683""";"=""20260000002032""";13803344;483;Efetivada;13/02/2026 16:43:24;20/02/2026 06:05:01;20/02/2026;3;R$ 380,45;R$ 1.596,43;R$ 1.141,36;EXPRESSO;-;"=""00001288130 - JOILSON JOSE DA SILVA"""
"=""43954460002296""";RODOVIARIO MORADA DO SOL LTDA EM RECUPERAÇÃO JUDICIAL;PESSOA JURIDICA;ICMS;"=""2001199066620""";"=""20260000002031""";13803336;483;Efetivada;13/02/2026 16:43:24;20/02/2026 06:05:07;20/02/2026;17;R$ 301,03;R$ 7.206,38;R$ 5.117,45;EXPRESSO;-;"=""00001288130 - JOILSON JOSE DA SILVA"""
"=""43954460002296""";RODOVIARIO MORADA DO SOL LTDA EM RECUPERAÇÃO JUDICIAL;PESSOA JURIDICA;ICMS;"=""2003651066692""";"=""20260000002033""";13803310;483;Efetivada;13/02/2026 16:43:24;20/02/2026 06:05:07;20/02/2026;3;R$ 380,33;R$ 1.583,19;R$ 1.141,00;EXPRESSO;-;"=""00001288130 - JOILSON JOSE DA SILVA"""
"=""44091877168""";ELDER GALDINO PEREIRA;PESSOA FISICA;ICMS;"=""4011802755892""";"=""20250000000009""";13344080;8;Efetivada;26/11/2025 09:58:53;;28/11/2025;145;R$ 1.754,40;R$ 796.411,79;R$ 254.387,77;STT;"=""86123360159 - VERONICA ISSI SIMOES BASTOS""";Não atribuído
"=""44142234153""";MARIA DA GUIA SILVA FERREIRA;PESSOA FISICA;IPVA;"=""2283408722289""";"=""20260000003182""";13858050;702;Efetivada;25/02/2026 09:57:32;25/02/2026 18:10:20;27/02/2026;1;R$ 193,36;R$ 353,47;R$ 193,36;STT;"=""00828686114 - GEOVANA REZENDE ABDON FRAGOSO OLIVEIRA""";Não atribuído
"=""44409443100""";CLAUDIO PAULINO PEREIRA;PESSOA FISICA;IPVA;"=""2346949222230""";"=""20260000003658""";13879901;753;Efetivada;26/02/2026 18:19:21;27/02/2026 18:08:06;27/02/2026;3;R$ 303,76;R$ 1.547,12;R$ 911,28;EXPRESSO;-;"=""86123360159 - VERONICA ISSI SIMOES BASTOS"""
"=""44409443100""";CLAUDIO PAULINO PEREIRA;PESSOA FISICA;IPVA;"=""2276141022217""";"=""20260000003657""";13879898;753;Efetivada;26/02/2026 18:19:21;27/02/2026 18:08:14;27/02/2026;2;R$ 379,69;R$ 1.388,17;R$ 759,37;EXPRESSO;-;"=""86123360159 - VERONICA ISSI SIMOES BASTOS"""
"=""44894937204""";ELVI BIOMAR TOLENTINO DE SOUZA;PESSOA FISICA;ICMS;"=""4011902524337""";"=""20260000003453""";13870270;736;Efetivada;25/02/2026 19:51:05;27/02/2026 12:07:40;27/02/2026;18;R$ 322,38;R$ 18.408,81;R$ 5.802,91;EXPRESSO;-;"=""70458480134 - RENATA VITORIA BONIFACIO E SOUZA"""
"=""45123721134""";CLEIDIMAR FERREIRA PACHECO ROQUE;PESSOA FISICA;ICMS;"=""4011802139407""";"=""20260000004663""";13925636;925;Efetivada;05/03/2026 14:16:19;13/03/2026 06:03:26;12/03/2026;10;R$ 480,33;R$ 16.011,01;R$ 4.803,30;EXPRESSO;-;"=""70458480134 - RENATA VITORIA BONIFACIO E SOUZA"""
"=""45852677191""";REGIANE DIVINA SILVA CARVALHO;PESSOA FISICA;ICMS;"=""4011802006270""";"=""20260000003435""";13868250;729;Efetivada;25/02/2026 15:45:21;27/02/2026 18:06:16;27/02/2026;9;R$ 301,12;R$ 8.597,91;R$ 2.710,06;EXPRESSO;-;"=""70458480134 - RENATA VITORIA BONIFACIO E SOUZA"""
"=""46107320687""";EVERSON LUIS GRABOSKI;PESSOA FISICA;IPVA;"=""2312279622256""";"=""20260000001757""";13767542;430;Efetivada;12/02/2026 15:12:49;19/02/2026 12:01:57;19/02/2026;1;R$ 362,28;R$ 658,24;R$ 362,28;EXPRESSO;-;Não atribuído
"=""46443355172""";MARLENE MARCIA DA SILVA;PESSOA FISICA;IPVA;"=""2372538222210""";"=""20260000000553""";13692674;177;Efetivada;05/02/2026 09:46:25;11/02/2026 06:03:25;12/02/2026;10;R$ 310,36;R$ 5.193,20;R$ 3.103,62;EXPRESSO;-;"=""86123360159 - VERONICA ISSI SIMOES BASTOS"""
"=""46663762168""";NEIDE AVELINO MESSIAS;PESSOA FISICA;IPVA;"=""2008992022289""";"=""20260000004119""";13901192;835;Efetivada;03/03/2026 08:57:04;03/03/2026 12:08:24;10/03/2026;1;R$ 810,93;R$ 1.532,12;R$ 810,93;STT;"=""03447962135 - LUCAS CARDOSO FRANCO""";Não atribuído
"=""46663762168""";NEIDE AVELINO MESSIAS;PESSOA FISICA;IPVA;"=""2184052522219""";"=""20260000004120""";13901184;835;Efetivada;03/03/2026 08:57:04;03/03/2026 12:08:25;10/03/2026;1;R$ 780,13;R$ 1.450,84;R$ 780,13;STT;"=""03447962135 - LUCAS CARDOSO FRANCO""";Não atribuído
"=""46663762168""";NEIDE AVELINO MESSIAS;PESSOA FISICA;IPVA;"=""2333393322200""";"=""20260000004122""";13901214;835;Efetivada;03/03/2026 08:57:04;03/03/2026 12:08:31;10/03/2026;1;R$ 936,90;R$ 1.566,34;R$ 936,90;STT;"=""03447962135 - LUCAS CARDOSO FRANCO""";Não atribuído
"=""46663762168""";NEIDE AVELINO MESSIAS;PESSOA FISICA;IPVA;"=""2323416922219""";"=""20260000004121""";13901206;835;Efetivada;03/03/2026 08:57:04;03/03/2026 12:08:32;10/03/2026;1;R$ 741,90;R$ 1.351,61;R$ 741,90;STT;"=""03447962135 - LUCAS CARDOSO FRANCO""";Não atribuído
"=""47054085191""";GILMAR GOMES DA SILVA;PESSOA FISICA;IPVA;"=""2047840322256""";"=""20260000000107""";13663577;65;Efetivada;02/02/2026 19:39:10;04/02/2026 18:03:54;09/02/2026;4;R$ 362,48;R$ 2.734,44;R$ 1.449,90;EXPRESSO;-;"=""86123360159 - VERONICA ISSI SIMOES BASTOS"""
"=""47245085153""";JOAO TELES DE MOURA NETO;PESSOA FISICA;IPVA;"=""2338413022266""";"=""20260000000083""";13680277;55;Efetivada;02/02/2026 17:01:15;06/02/2026 18:04:31;09/02/2026;3;R$ 1.834,45;R$ 9.134,66;R$ 5.503,34;EXPRESSO;-;"=""00001288130 - JOILSON JOSE DA SILVA"""
"=""47245085153""";JOAO TELES DE MOURA NETO;PESSOA FISICA;IPVA;"=""2329471722209""";"=""20260000000084""";13680269;55;Efetivada;02/02/2026 17:01:15;06/02/2026 18:04:38;09/02/2026;3;R$ 1.317,24;R$ 7.151,98;R$ 3.951,73;EXPRESSO;-;"=""00001288130 - JOILSON JOSE DA SILVA"""
"=""47604808115""";ENIO CARLOS DO NASCIMENTO ASSIS;PESSOA FISICA;IPVA;"=""2332647322267""";"=""20260000003437""";13880101;730;Efetivada;25/02/2026 15:54:38;27/02/2026 18:08:13;27/02/2026;10;R$ 312,04;R$ 5.647,36;R$ 3.120,37;STT;"=""86123360159 - VERONICA ISSI SIMOES BASTOS""";"=""86123360159 - VERONICA ISSI SIMOES BASTOS"""
"=""47627409187""";CARLOS ROBERTO FARIA FILHO;PESSOA FISICA;IPVA;"=""2314341222224""";"=""20260000005310""";13971212;1042;Efetivada;12/03/2026 11:58:34;13/03/2026 06:11:18;19/03/2026;2;R$ 309,99;R$ 1.133,89;R$ 619,98;STT;"=""70458480134 - RENATA VITORIA BONIFACIO E SOUZA""";Não atribuído
"=""47627409187""";CARLOS ROBERTO FARIA FILHO;PESSOA FISICA;IPVA;"=""2387491922243""";"=""20260000005311""";13971204;1042;Efetivada;12/03/2026 11:58:34;13/03/2026 06:11:19;19/03/2026;3;R$ 317,55;R$ 1.605,50;R$ 952,66;STT;"=""70458480134 - RENATA VITORIA BONIFACIO E SOUZA""";Não atribuído
"=""47662638120""";KLAYTON DE ALMEIDA LIMA;PESSOA FISICA;IPVA;"=""2337844722293""";"=""20260000000064""";13659359;48;Efetivada;02/02/2026 16:39:17;09/02/2026 12:01:31;09/02/2026;4;R$ 313,34;R$ 2.080,37;R$ 1.253,36;STT;"=""93784538134 - ALINE DOS REIS OLIVEIRA SANTOS""";"=""86123360159 - VERONICA ISSI SIMOES BASTOS"""
"=""47662638120""";KLAYTON DE ALMEIDA LIMA;PESSOA FISICA;IPVA;"=""2329567022291""";"=""20260000000063""";13659340;48;Efetivada;02/02/2026 16:39:17;09/02/2026 12:01:38;09/02/2026;3;R$ 325,85;R$ 1.769,20;R$ 977,55;STT;"=""93784538134 - ALINE DOS REIS OLIVEIRA SANTOS""";"=""86123360159 - VERONICA ISSI SIMOES BASTOS"""
"=""47703237191""";LUIZ FERNANDO FERREIRA ;PESSOA FISICA;IPVA;"=""2289198922243""";"=""20260000000778""";13695363;220;Efetivada;06/02/2026 09:36:24;06/02/2026 12:08:42;13/02/2026;1;R$ 432,93;R$ 791,44;R$ 432,93;STT;"=""03447962135 - LUCAS CARDOSO FRANCO""";Não atribuído
"=""47703237191""";LUIZ FERNANDO FERREIRA ;PESSOA FISICA;IPVA;"=""2371622722297""";"=""20260000000779""";13695371;220;Efetivada;06/02/2026 09:36:24;06/02/2026 12:08:43;13/02/2026;1;R$ 521,97;R$ 873,39;R$ 521,97;STT;"=""03447962135 - LUCAS CARDOSO FRANCO""";Não atribuído
"=""47820764104""";MARIA APARECIDA SOUZA SILVEIRA;PESSOA FISICA;IPVA;"=""2344590622287""";"=""20260000001509""";13747924;367;Efetivada;11/02/2026 10:25:02;13/02/2026 18:04:43;18/02/2026;1;R$ 512,54;R$ 870,15;R$ 512,54;STT;"=""00828686114 - GEOVANA REZENDE ABDON FRAGOSO OLIVEIRA""";Não atribuído
"=""47898380134""";PATRICIA NUNES M DE SOUZA MARCELINO;PESSOA FISICA;IPVA;"=""2335869422297""";"=""20260000006347""";14127377;1197;Efetivada;13/04/2026 11:52:06;13/04/2026 18:04:15;20/04/2026;6;R$ 320,61;R$ 3.243,97;R$ 1.923,66;STT;"=""03447962135 - LUCAS CARDOSO FRANCO""";Não atribuído
"=""47919310172""";CARMELIA FERNANDES DE ARAUJO;PESSOA FISICA;IPVA;"=""2095006622205""";"=""20260000000390""";13692453;144;Efetivada;04/02/2026 14:06:00;12/02/2026 06:02:27;11/02/2026;2;R$ 330,12;R$ 1.224,11;R$ 660,23;EXPRESSO;-;"=""86123360159 - VERONICA ISSI SIMOES BASTOS"""
"=""47919310172""";CARMELIA FERNANDES DE ARAUJO;PESSOA FISICA;IPVA;"=""2016287322294""";"=""20260000000389""";13692461;144;Efetivada;04/02/2026 14:06:00;12/02/2026 06:02:28;11/02/2026;2;R$ 337,45;R$ 1.292,83;R$ 674,89;EXPRESSO;-;"=""86123360159 - VERONICA ISSI SIMOES BASTOS"""
"=""47919310172""";CARMELIA FERNANDES DE ARAUJO;PESSOA FISICA;IPVA;"=""2301936622260""";"=""20260000000402""";13692496;146;Efetivada;04/02/2026 14:30:03;12/02/2026 06:02:35;11/02/2026;2;R$ 324,37;R$ 1.185,95;R$ 648,74;EXPRESSO;-;"=""86123360159 - VERONICA ISSI SIMOES BASTOS"""
"=""48496146120""";IVANICY PIRES DOS REIS SILVA;PESSOA FISICA;IPVA;"=""2023387122230""";"=""20260000000032""";13658972;36;Efetivada;02/02/2026 15:22:56;06/02/2026 06:01:37;09/02/2026;1;R$ 401,91;R$ 767,81;R$ 401,91;EXPRESSO;-;"=""86123360159 - VERONICA ISSI SIMOES BASTOS"""
"=""48496146120""";IVANICY PIRES DOS REIS SILVA;PESSOA FISICA;IPVA;"=""2267336722286""";"=""20260000000034""";13658964;36;Efetivada;02/02/2026 15:22:56;06/02/2026 06:01:38;09/02/2026;1;R$ 380,31;R$ 695,22;R$ 380,31;EXPRESSO;-;"=""86123360159 - VERONICA ISSI SIMOES BASTOS"""
"=""48496146120""";IVANICY PIRES DOS REIS SILVA;PESSOA FISICA;IPVA;"=""2067541722206""";"=""20260000000033""";13658980;36;Efetivada;02/02/2026 15:22:56;06/02/2026 06:01:44;09/02/2026;1;R$ 392,46;R$ 727,63;R$ 392,46;EXPRESSO;-;"=""86123360159 - VERONICA ISSI SIMOES BASTOS"""
"=""48496146120""";IVANICY PIRES DOS REIS SILVA;PESSOA FISICA;IPVA;"=""2354199922224""";"=""20260000000035""";13658956;36;Efetivada;02/02/2026 15:22:56;06/02/2026 06:01:44;09/02/2026;1;R$ 484,50;R$ 816,63;R$ 484,50;EXPRESSO;-;"=""86123360159 - VERONICA ISSI SIMOES BASTOS"""
"=""49106619134""";ELSA DE ARAUJO LOPES;PESSOA FISICA;IPVA;"=""2357108822250""";"=""20260000004004""";13895729;809;Efetivada;02/03/2026 12:43:48;03/03/2026 12:06:22;09/03/2026;1;R$ 857,64;R$ 1.455,86;R$ 857,64;STT;"=""03279141141 - VANESSA FRANCO DE OLIVEIRA""";"=""70458480134 - RENATA VITORIA BONIFACIO E SOUZA"""
"=""49106619134""";ELSA DE ARAUJO LOPES;PESSOA FISICA;IPVA;"=""2297175422202""";"=""20260000004003""";13895737;809;Efetivada;02/03/2026 12:43:48;03/03/2026 18:04:30;09/03/2026;1;R$ 710,31;R$ 1.307,02;R$ 710,31;STT;"=""03279141141 - VANESSA FRANCO DE OLIVEIRA""";"=""70458480134 - RENATA VITORIA BONIFACIO E SOUZA"""
"=""49462377120""";VANDERLEY AGENOR DOS SANTOS;PESSOA FISICA;IPVA;"=""2358342022263""";"=""20260000004831""";13942468;958;Efetivada;07/03/2026 17:53:22;10/03/2026 12:07:18;13/03/2026;1;R$ 1.068,53;R$ 1.813,85;R$ 1.068,53;EXPRESSO;-;"=""70458480134 - RENATA VITORIA BONIFACIO E SOUZA"""
"=""49462377120""";VANDERLEY AGENOR DOS SANTOS;PESSOA FISICA;IPVA;"=""2269075722233""";"=""20260000004830""";13942450;958;Efetivada;07/03/2026 17:53:22;10/03/2026 12:07:21;13/03/2026;1;R$ 81,21;R$ 149,00;R$ 81,21;EXPRESSO;-;"=""70458480134 - RENATA VITORIA BONIFACIO E SOUZA"""
"=""49462377120""";VANDERLEY AGENOR DOS SANTOS;PESSOA FISICA;IPVA;"=""2389570522279""";"=""20260000004832""";13942476;958;Efetivada;07/03/2026 17:53:22;10/03/2026 12:07:25;13/03/2026;1;R$ 301,92;R$ 508,81;R$ 301,92;EXPRESSO;-;"=""70458480134 - RENATA VITORIA BONIFACIO E SOUZA"""
"=""49462377120""";VANDERLEY AGENOR DOS SANTOS;PESSOA FISICA;IPVA;"=""2316435822264""";"=""20260000004833""";13942484;958;Efetivada;07/03/2026 17:53:22;10/03/2026 12:07:27;13/03/2026;1;R$ 250,47;R$ 458,08;R$ 250,47;EXPRESSO;-;"=""70458480134 - RENATA VITORIA BONIFACIO E SOUZA"""
"=""49860917191""";ANGELICA AIRES;PESSOA FISICA;IPVA;"=""2348209622258""";"=""20260000000869""";13711911;232;Efetivada;06/02/2026 11:08:00;11/02/2026 18:05:10;13/02/2026;1;R$ 475,84;R$ 807,85;R$ 475,84;EXPRESSO;-;"=""86123360159 - VERONICA ISSI SIMOES BASTOS"""
"=""50027700100""";JOAO LUIZ DOS REIS;PESSOA FISICA;IPVA;"=""2323799522200""";"=""20260000006221""";14090503;1170;Efetivada;02/04/2026 13:52:32;17/04/2026 17:47:30;10/04/2026;2;R$ 394,93;R$ 1.450,46;R$ 789,86;EXPRESSO;-;"=""70458480134 - RENATA VITORIA BONIFACIO E SOUZA"""
"=""50027700100""";JOAO LUIZ DOS REIS;PESSOA FISICA;IPVA;"=""2334139022257""";"=""20260000006222""";14090511;1170;Efetivada;02/04/2026 13:52:32;17/04/2026 17:47:30;10/04/2026;3;R$ 337,38;R$ 1.706,82;R$ 1.012,13;EXPRESSO;-;"=""70458480134 - RENATA VITORIA BONIFACIO E SOUZA"""
"=""50591827115""";JULIO TOLLENDAL GOMES RIBEIRO;PESSOA FISICA;IPVA;"=""2277259222277""";"=""20260000001759""";13767585;431;Efetivada;12/02/2026 15:18:06;19/02/2026 18:01:24;19/02/2026;5;R$ 312,76;R$ 2.858,77;R$ 1.563,82;EXPRESSO;-;Não atribuído
"=""50759264104""";ERONDES FERREIRA CARDOSO;PESSOA FISICA;ICMS;"=""4011900945106""";"=""20260000001651""";13774719;402;Efetivada;12/02/2026 07:40:39;18/02/2026 06:07:01;19/02/2026;1;R$ 3.162,00;R$ 9.925,13;R$ 3.162,00;EXPRESSO;-;"=""86123360159 - VERONICA ISSI SIMOES BASTOS"""
"=""50944010172""";RICARDO MOREIRA DOS SANTOS;PESSOA FISICA;IPVA;"=""2338968322279""";"=""20260000000448""";13683187;155;Efetivada;04/02/2026 15:36:15;06/02/2026 12:06:02;11/02/2026;1;R$ 1.233,26;R$ 2.047,01;R$ 1.233,26;EXPRESSO;-;"=""86123360159 - VERONICA ISSI SIMOES BASTOS"""
"=""50944010172""";RICARDO MOREIRA DOS SANTOS;PESSOA FISICA;IPVA;"=""2007195922270""";"=""20260000000445""";13683195;155;Efetivada;04/02/2026 15:36:15;06/02/2026 12:06:03;11/02/2026;1;R$ 1.067,44;R$ 2.003,97;R$ 1.067,44;EXPRESSO;-;"=""86123360159 - VERONICA ISSI SIMOES BASTOS"""
"=""50944010172""";RICARDO MOREIRA DOS SANTOS;PESSOA FISICA;IPVA;"=""2326495822268""";"=""20260000000447""";13683179;155;Efetivada;04/02/2026 15:36:15;06/02/2026 12:06:08;11/02/2026;1;R$ 976,58;R$ 1.767,46;R$ 976,58;EXPRESSO;-;"=""86123360159 - VERONICA ISSI SIMOES BASTOS"""
"=""50944010172""";RICARDO MOREIRA DOS SANTOS;PESSOA FISICA;IPVA;"=""2176769522219""";"=""20260000000446""";13683160;155;Efetivada;04/02/2026 15:36:15;06/02/2026 12:06:09;11/02/2026;1;R$ 1.026,90;R$ 1.897,46;R$ 1.026,90;EXPRESSO;-;"=""86123360159 - VERONICA ISSI SIMOES BASTOS"""
"=""51510316000""";MARCOS ANTONIO CASSOL;PESSOA FISICA;Pena Pecuniária;"=""4011703072169""";"=""20260000001739""";13775332;423;Efetivada;12/02/2026 13:56:58;18/02/2026 12:06:00;19/02/2026;1;R$ 1.300,61;R$ 4.335,37;R$ 1.300,61;EXPRESSO;-;"=""70458480134 - RENATA VITORIA BONIFACIO E SOUZA"""
"=""51686627149""";FERNANDES MARTINS DOS SANTOS;PESSOA FISICA;IPVA;"=""2054493122281""";"=""20260000000396""";13669591;145;Efetivada;04/02/2026 14:30:00;05/02/2026 12:04:25;11/02/2026;1;R$ 121,05;R$ 224,43;R$ 121,05;STT;"=""86123360159 - VERONICA ISSI SIMOES BASTOS""";Não atribuído
"=""51686627149""";FERNANDES MARTINS DOS SANTOS;PESSOA FISICA;IPVA;"=""2291590622266""";"=""20260000000397""";13669583;145;Efetivada;04/02/2026 14:30:00;05/02/2026 12:04:25;11/02/2026;1;R$ 120,66;R$ 220,56;R$ 120,66;STT;"=""86123360159 - VERONICA ISSI SIMOES BASTOS""";Não atribuído
"=""51686627149""";FERNANDES MARTINS DOS SANTOS;PESSOA FISICA;IPVA;"=""2360339922277""";"=""20260000000398""";13669575;145;Efetivada;04/02/2026 14:30:00;09/02/2026 06:02:46;11/02/2026;1;R$ 145,65;R$ 245,49;R$ 145,65;STT;"=""86123360159 - VERONICA ISSI SIMOES BASTOS""";Não atribuído
"=""51987074572""";GILCERLANIA RIBEIRO PEREIRA LOPES;PESSOA FISICA;IPVA;"=""2328145122255""";"=""20260000000030""";13648837;34;Efetivada;02/02/2026 15:15:01;04/02/2026 12:01:49;09/02/2026;1;R$ 641,32;R$ 1.160,68;R$ 641,32;EXPRESSO;-;"=""86123360159 - VERONICA ISSI SIMOES BASTOS"""
"=""51987074572""";GILCERLANIA RIBEIRO PEREIRA LOPES;PESSOA FISICA;IPVA;"=""2335455922236""";"=""20260000000029""";13648829;34;Efetivada;02/02/2026 15:15:01;04/02/2026 12:01:50;09/02/2026;1;R$ 795,66;R$ 1.320,65;R$ 795,66;EXPRESSO;-;"=""86123360159 - VERONICA ISSI SIMOES BASTOS"""
"=""52659208115""";NORMA DOS SANTOS RIBEIRO;PESSOA FISICA;IPVA;"=""2391222822205""";"=""20260000002736""";13843915;625;Efetivada;23/02/2026 11:21:32;24/02/2026 06:11:08;27/02/2026;1;R$ 740,10;R$ 1.228,45;R$ 740,10;EXPRESSO;-;"=""70458480134 - RENATA VITORIA BONIFACIO E SOUZA"""
"=""52659208115""";NORMA DOS SANTOS RIBEIRO;PESSOA FISICA;IPVA;"=""2318242422228""";"=""20260000002735""";13843907;625;Efetivada;23/02/2026 11:21:32;24/02/2026 06:11:09;27/02/2026;1;R$ 622,17;R$ 1.126,02;R$ 622,17;EXPRESSO;-;"=""70458480134 - RENATA VITORIA BONIFACIO E SOUZA"""
"=""52744485187""";MARIA IZABEL TOMAZINI;PESSOA FISICA;IPVA;"=""2348223322290""";"=""20260000004965""";13968521;989;Efetivada;09/03/2026 16:36:51;12/03/2026 12:11:01;16/03/2026;4;R$ 646,70;R$ 4.422,80;R$ 2.586,80;EXPRESSO;-;"=""70458480134 - RENATA VITORIA BONIFACIO E SOUZA"""
"=""52779653191""";JAMIR RUBENS CLEMENTE;PESSOA FISICA;IPVA;"=""2336496622286""";"=""20260000003099""";13852477;685;Efetivada;24/02/2026 16:04:16;25/02/2026 06:11:18;27/02/2026;1;R$ 2.375,66;R$ 3.943,20;R$ 2.375,66;STT;"=""86123360159 - VERONICA ISSI SIMOES BASTOS""";Não atribuído
"=""52999882149""";ZERLI ALVES OLIVEIRA;PESSOA FISICA;IPVA;"=""2303511222275""";"=""20260000002002""";13784897;479;Efetivada;13/02/2026 15:51:40;18/02/2026 12:08:01;20/02/2026;1;R$ 117,39;R$ 214,59;R$ 117,39;EXPRESSO;-;"=""70458480134 - RENATA VITORIA BONIFACIO E SOUZA"""
"=""52999882149""";ZERLI ALVES OLIVEIRA;PESSOA FISICA;IPVA;"=""2354295922272""";"=""20260000002003""";13784900;479;Efetivada;13/02/2026 15:51:40;18/02/2026 12:08:06;20/02/2026;1;R$ 151,26;R$ 254,94;R$ 151,26;EXPRESSO;-;"=""70458480134 - RENATA VITORIA BONIFACIO E SOUZA"""
"=""53005171191""";ELMO DIVINO COSTA;PESSOA FISICA;ICMS;"=""4012100338637""";"=""20260000001012""";13752693;258;Efetivada;06/02/2026 15:51:25;12/02/2026 06:07:16;13/02/2026;32;R$ 303,12;R$ 29.743,13;R$ 9.699,69;EXPRESSO;-;"=""00001288130 - JOILSON JOSE DA SILVA"""
"=""53064950100""";ISMAIL AUGUSTO VEIGA;PESSOA FISICA;IPVA;"=""2325412822216""";"=""20260000002730""";13836293;624;Efetivada;23/02/2026 11:18:43;25/02/2026 18:05:02;27/02/2026;2;R$ 322,05;R$ 1.165,71;R$ 644,10;STT;"=""86123360159 - VERONICA ISSI SIMOES BASTOS""";Não atribuído
"=""53064950100""";ISMAIL AUGUSTO VEIGA;PESSOA FISICA;IPVA;"=""2008547422233""";"=""20260000002727""";13836277;624;Efetivada;23/02/2026 11:18:43;25/02/2026 18:05:03;27/02/2026;2;R$ 341,08;R$ 1.280,66;R$ 682,16;STT;"=""86123360159 - VERONICA ISSI SIMOES BASTOS""";Não atribuído
"=""53064950100""";ISMAIL AUGUSTO VEIGA;PESSOA FISICA;IPVA;"=""2337165422253""";"=""20260000002728""";13836285;624;Efetivada;23/02/2026 11:18:43;25/02/2026 18:05:09;27/02/2026;2;R$ 407,67;R$ 1.353,31;R$ 815,33;STT;"=""86123360159 - VERONICA ISSI SIMOES BASTOS""";Não atribuído
"=""53064950100""";ISMAIL AUGUSTO VEIGA;PESSOA FISICA;IPVA;"=""2184793322292""";"=""20260000002729""";13836307;624;Efetivada;23/02/2026 11:18:43;25/02/2026 18:05:10;27/02/2026;2;R$ 331,95;R$ 1.226,72;R$ 663,90;STT;"=""86123360159 - VERONICA ISSI SIMOES BASTOS""";Não atribuído
"=""53419979134""";WALBER VINICIUS DOS REIS;PESSOA FISICA;IPVA;"=""2320363922282""";"=""20260000003936""";13885367;792;Efetivada;27/02/2026 17:46:54;28/02/2026 06:09:29;27/02/2026;1;R$ 852,41;R$ 1.542,71;R$ 852,41;STT;"=""04364786179 - SARAH BADI CARVALHO""";Não atribuído
"=""53419979134""";WALBER VINICIUS DOS REIS;PESSOA FISICA;IPVA;"=""2392814622226""";"=""20260000003937""";13885375;792;Efetivada;27/02/2026 17:46:54;28/02/2026 06:09:36;27/02/2026;1;R$ 255,24;R$ 423,66;R$ 255,24;STT;"=""04364786179 - SARAH BADI CARVALHO""";Não atribuído
"=""53434668187""";OSVALDO NASCIMENTO DOS SANTOS;PESSOA FISICA;IPVA;"=""2294014222258""";"=""20260000000193""";13678680;105;Efetivada;03/02/2026 15:39:28;09/02/2026 12:03:27;10/02/2026;1;R$ 577,56;R$ 1.055,81;R$ 577,56;EXPRESSO;-;"=""86123360159 - VERONICA ISSI SIMOES BASTOS"""
"=""53434668187""";OSVALDO NASCIMENTO DOS SANTOS;PESSOA FISICA;IPVA;"=""2349686322277""";"=""20260000000194""";13678698;105;Efetivada;03/02/2026 15:39:28;09/02/2026 12:03:27;10/02/2026;2;R$ 367,86;R$ 1.249,07;R$ 735,72;EXPRESSO;-;"=""86123360159 - VERONICA ISSI SIMOES BASTOS"""
"=""53434668187""";OSVALDO NASCIMENTO DOS SANTOS;PESSOA FISICA;IPVA;"=""2018362522263""";"=""20260000000191""";13678663;105;Efetivada;03/02/2026 15:39:28;09/02/2026 12:03:33;10/02/2026;2;R$ 310,77;R$ 1.190,63;R$ 621,54;EXPRESSO;-;"=""86123360159 - VERONICA ISSI SIMOES BASTOS"""
"=""53434668187""";OSVALDO NASCIMENTO DOS SANTOS;PESSOA FISICA;IPVA;"=""2089015622285""";"=""20260000000192""";13678671;105;Efetivada;03/02/2026 15:39:28;09/02/2026 12:03:34;10/02/2026;1;R$ 593,04;R$ 1.099,54;R$ 593,04;EXPRESSO;-;"=""86123360159 - VERONICA ISSI SIMOES BASTOS"""
"=""53876407168""";NILVA DOLORES FOGACA LOPES;PESSOA FISICA;IPVA;"=""2289296222203""";"=""20260000001369""";13794159;336;Efetivada;10/02/2026 14:25:17;18/02/2026 12:08:45;18/02/2026;1;R$ 1.305,08;R$ 2.385,79;R$ 1.305,08;STT;"=""13670181709 - LARISSA BELTRAO DE CARVALHO""";"=""70458480134 - RENATA VITORIA BONIFACIO E SOUZA"""
"=""53876407168""";NILVA DOLORES FOGACA LOPES;PESSOA FISICA;IPVA;"=""2359222122234""";"=""20260000001370""";13794167;336;Efetivada;10/02/2026 14:25:17;18/02/2026 12:08:45;18/02/2026;1;R$ 1.607,81;R$ 2.709,99;R$ 1.607,81;STT;"=""13670181709 - LARISSA BELTRAO DE CARVALHO""";"=""70458480134 - RENATA VITORIA BONIFACIO E SOUZA"""
"=""53966834011076""";TNG COMERCIO E INDUSTRIA DE ROUPAS LTDA EM RECUPERACAO JUDICIAL;PESSOA JURIDICA;ICMS;"=""4012000811721""";"=""20260000004695""";13931695;936;Efetivada;06/03/2026 11:25:52;10/03/2026 06:06:11;13/03/2026;145;R$ 305,15;R$ 69.292,74;R$ 44.246,72;STT;"=""86123360159 - VERONICA ISSI SIMOES BASTOS""";Não atribuído
"=""53966834011076""";TNG COMERCIO E INDUSTRIA DE ROUPAS LTDA EM RECUPERACAO JUDICIAL;PESSOA JURIDICA;ICMS;"=""4011701860283""";"=""20260000004693""";13931725;936;Efetivada;06/03/2026 11:25:52;10/03/2026 06:06:13;13/03/2026;145;R$ 925,98;R$ 447.555,58;R$ 134.266,67;STT;"=""86123360159 - VERONICA ISSI SIMOES BASTOS""";Não atribuído
"=""53966834011076""";TNG COMERCIO E INDUSTRIA DE ROUPAS LTDA EM RECUPERACAO JUDICIAL;PESSOA JURIDICA;ICMS;"=""4012000112556""";"=""20260000004696""";13931709;936;Efetivada;06/03/2026 11:25:52;10/03/2026 06:06:18;13/03/2026;72;R$ 302,03;R$ 34.353,23;R$ 21.746,20;STT;"=""86123360159 - VERONICA ISSI SIMOES BASTOS""";Não atribuído
"=""53966834011076""";TNG COMERCIO E INDUSTRIA DE ROUPAS LTDA EM RECUPERACAO JUDICIAL;PESSOA JURIDICA;ICMS;"=""4011701958682""";"=""20260000004694""";13931717;936;Efetivada;06/03/2026 11:25:52;10/03/2026 06:06:19;13/03/2026;145;R$ 533,69;R$ 257.947,77;R$ 77.384,33;STT;"=""86123360159 - VERONICA ISSI SIMOES BASTOS""";Não atribuído
"=""53966834011076""";TNG COMERCIO E INDUSTRIA DE ROUPAS LTDA EM RECUPERACAO JUDICIAL;PESSOA JURIDICA;ICMS;"=""4011502979400""";"=""20260000004692""";13931687;936;Efetivada;06/03/2026 11:25:52;10/03/2026 06:06:24;13/03/2026;92;R$ 300,31;R$ 92.093,91;R$ 27.628,17;STT;"=""86123360159 - VERONICA ISSI SIMOES BASTOS""";Não atribuído
"=""53966834011823""";TNG COMERCIO E INDUSTRIA DE ROUPAS LTDA EM RECUPERACAO JUDICIAL                           ;PESSOA JURIDICA;ICMS;"=""4012000419872""";"=""20260000004706""";13931792;937;Efetivada;06/03/2026 11:28:36;10/03/2026 06:06:32;13/03/2026;145;R$ 325,78;R$ 74.372,28;R$ 47.238,66;EXPRESSO;-;Não atribuído
"=""53966834011823""";TNG COMERCIO E INDUSTRIA DE ROUPAS LTDA EM RECUPERACAO JUDICIAL                           ;PESSOA JURIDICA;ICMS;"=""4011800039375""";"=""20260000004703""";13931814;937;Efetivada;06/03/2026 11:28:36;10/03/2026 06:06:37;13/03/2026;141;R$ 301,45;R$ 141.681,24;R$ 42.504,37;EXPRESSO;-;Não atribuído
"=""53966834011823""";TNG COMERCIO E INDUSTRIA DE ROUPAS LTDA EM RECUPERACAO JUDICIAL                           ;PESSOA JURIDICA;ICMS;"=""4011503686279""";"=""20260000004702""";13931806;937;Efetivada;06/03/2026 11:28:36;10/03/2026 06:06:39;13/03/2026;145;R$ 422,48;R$ 204.197,26;R$ 61.259,18;EXPRESSO;-;Não atribuído
"=""53966834011823""";TNG COMERCIO E INDUSTRIA DE ROUPAS LTDA EM RECUPERACAO JUDICIAL                           ;PESSOA JURIDICA;ICMS;"=""4011503685205""";"=""20260000004704""";13931822;937;Efetivada;06/03/2026 11:28:36;10/03/2026 06:06:44;13/03/2026;145;R$ 887,88;R$ 429.139,80;R$ 128.741,94;EXPRESSO;-;Não atribuído
"=""53966834011823""";TNG COMERCIO E INDUSTRIA DE ROUPAS LTDA EM RECUPERACAO JUDICIAL                           ;PESSOA JURIDICA;ICMS;"=""4012201141901""";"=""20260000004707""";13931849;937;Efetivada;06/03/2026 11:28:36;10/03/2026 06:06:45;13/03/2026;145;R$ 2.959,65;R$ 647.724,02;R$ 429.148,65;EXPRESSO;-;Não atribuído
"=""53966834011823""";TNG COMERCIO E INDUSTRIA DE ROUPAS LTDA EM RECUPERACAO JUDICIAL                           ;PESSOA JURIDICA;ICMS;"=""4012000131186""";"=""20260000004705""";13931830;937;Efetivada;06/03/2026 11:28:36;10/03/2026 06:06:51;13/03/2026;102;R$ 302,52;R$ 48.679,68;R$ 30.856,80;EXPRESSO;-;Não atribuído
"=""53966834019050""";TNG COMERCIO E INDUSTRIA DE ROUPAS LTDA EM RECUPERACAO JUDICIAL                           ;PESSOA JURIDICA;ICMS;"=""4012000892462""";"=""20260000004708""";13931890;938;Efetivada;06/03/2026 11:30:40;10/03/2026 06:06:52;13/03/2026;44;R$ 300,06;R$ 20.776,14;R$ 13.202,76;STT;"=""70458480134 - RENATA VITORIA BONIFACIO E SOUZA""";Não atribuído
"=""53966834019050""";TNG COMERCIO E INDUSTRIA DE ROUPAS LTDA EM RECUPERACAO JUDICIAL                           ;PESSOA JURIDICA;ICMS;"=""4012201142622""";"=""20260000004709""";13931903;938;Efetivada;06/03/2026 11:30:40;10/03/2026 06:06:57;13/03/2026;145;R$ 732,30;R$ 164.116,28;R$ 106.182,90;STT;"=""70458480134 - RENATA VITORIA BONIFACIO E SOUZA""";Não atribuído
"=""53966834019050""";TNG COMERCIO E INDUSTRIA DE ROUPAS LTDA EM RECUPERACAO JUDICIAL                           ;PESSOA JURIDICA;ICMS;"=""4011702526832""";"=""20260000004710""";13931911;938;Efetivada;06/03/2026 11:30:40;10/03/2026 06:06:59;13/03/2026;145;R$ 574,67;R$ 260.989,10;R$ 83.327,72;STT;"=""70458480134 - RENATA VITORIA BONIFACIO E SOUZA""";Não atribuído
"=""53966834019050""";TNG COMERCIO E INDUSTRIA DE ROUPAS LTDA EM RECUPERACAO JUDICIAL                           ;PESSOA JURIDICA;ICMS;"=""4011702530007""";"=""20260000004711""";13931920;938;Efetivada;06/03/2026 11:30:40;10/03/2026 06:07:04;13/03/2026;145;R$ 602,19;R$ 291.057,72;R$ 87.317,32;STT;"=""70458480134 - RENATA VITORIA BONIFACIO E SOUZA""";Não atribuído
"=""53966834020652""";TNG COMERCIO E INDUSTRIA DE ROUPAS LTDA EM RECUPERACAO JUDICIAL                           ;PESSOA JURIDICA;ICMS;"=""2004213766624""";"=""20260000004731""";13932217;939;Efetivada;06/03/2026 11:43:01;10/03/2026 06:07:17;13/03/2026;40;R$ 305,28;R$ 16.796,95;R$ 12.211,00;STT;"=""86123360159 - VERONICA ISSI SIMOES BASTOS""";Não atribuído
"=""53966834020652""";TNG COMERCIO E INDUSTRIA DE ROUPAS LTDA EM RECUPERACAO JUDICIAL                           ;PESSOA JURIDICA;ICMS;"=""4012301221796""";"=""20260000004726""";13932195;939;Efetivada;06/03/2026 11:43:01;10/03/2026 06:07:25;13/03/2026;39;R$ 306,84;R$ 16.043,83;R$ 11.966,76;STT;"=""86123360159 - VERONICA ISSI SIMOES BASTOS""";Não atribuído
"=""53966834020652""";TNG COMERCIO E INDUSTRIA DE ROUPAS LTDA EM RECUPERACAO JUDICIAL                           ;PESSOA JURIDICA;ICMS;"=""4012000892705""";"=""20260000004718""";13932187;939;Efetivada;06/03/2026 11:43:01;10/03/2026 06:07:30;13/03/2026;145;R$ 353,99;R$ 80.671,78;R$ 51.329,24;STT;"=""86123360159 - VERONICA ISSI SIMOES BASTOS""";Não atribuído
"=""53966834020652""";TNG COMERCIO E INDUSTRIA DE ROUPAS LTDA EM RECUPERACAO JUDICIAL                           ;PESSOA JURIDICA;ICMS;"=""2004582766617""";"=""20260000004732""";13932225;939;Efetivada;06/03/2026 11:43:01;10/03/2026 06:07:31;13/03/2026;21;R$ 307,95;R$ 8.821,23;R$ 6.467,00;STT;"=""86123360159 - VERONICA ISSI SIMOES BASTOS""";Não atribuído
"=""53966834020652""";TNG COMERCIO E INDUSTRIA DE ROUPAS LTDA EM RECUPERACAO JUDICIAL                           ;PESSOA JURIDICA;ICMS;"=""4012200337500""";"=""20260000004719""";13932250;939;Efetivada;06/03/2026 11:43:01;10/03/2026 06:07:37;13/03/2026;78;R$ 302,29;R$ 74.077,60;R$ 23.578,83;STT;"=""86123360159 - VERONICA ISSI SIMOES BASTOS""";Não atribuído
"=""53966834020652""";TNG COMERCIO E INDUSTRIA DE ROUPAS LTDA EM RECUPERACAO JUDICIAL                           ;PESSOA JURIDICA;ICMS;"=""4011902345912""";"=""20260000004717""";13932241;939;Efetivada;06/03/2026 11:43:01;10/03/2026 06:07:38;13/03/2026;145;R$ 818,87;R$ 386.146,25;R$ 118.735,44;STT;"=""86123360159 - VERONICA ISSI SIMOES BASTOS""";Não atribuído
"=""53966834020652""";TNG COMERCIO E INDUSTRIA DE ROUPAS LTDA EM RECUPERACAO JUDICIAL                           ;PESSOA JURIDICA;ICMS;"=""2004820966600""";"=""20260000004733""";13932233;939;Efetivada;06/03/2026 11:43:01;10/03/2026 06:07:44;13/03/2026;35;R$ 308,34;R$ 14.583,41;R$ 10.791,98;STT;"=""86123360159 - VERONICA ISSI SIMOES BASTOS""";Não atribuído
"=""53966834020652""";TNG COMERCIO E INDUSTRIA DE ROUPAS LTDA EM RECUPERACAO JUDICIAL                           ;PESSOA JURIDICA;ICMS;"=""4011902273407""";"=""20260000004723""";13932276;939;Efetivada;06/03/2026 11:43:01;10/03/2026 06:07:45;13/03/2026;38;R$ 307,49;R$ 34.258,12;R$ 11.684,72;STT;"=""86123360159 - VERONICA ISSI SIMOES BASTOS""";Não atribuído
"=""53966834020652""";TNG COMERCIO E INDUSTRIA DE ROUPAS LTDA EM RECUPERACAO JUDICIAL                           ;PESSOA JURIDICA;ICMS;"=""2006028466608""";"=""20260000004735""";13932284;939;Efetivada;06/03/2026 11:43:01;10/03/2026 06:07:50;13/03/2026;98;R$ 302,73;R$ 39.292,88;R$ 29.667,55;STT;"=""86123360159 - VERONICA ISSI SIMOES BASTOS""";Não atribuído
"=""53966834020652""";TNG COMERCIO E INDUSTRIA DE ROUPAS LTDA EM RECUPERACAO JUDICIAL                           ;PESSOA JURIDICA;ICMS;"=""4011800094040""";"=""20260000004720""";13932268;939;Efetivada;06/03/2026 11:43:01;10/03/2026 06:07:52;13/03/2026;145;R$ 3.374,78;R$ 1.631.144,59;R$ 489.343,38;STT;"=""86123360159 - VERONICA ISSI SIMOES BASTOS""";Não atribuído
"=""53966834020652""";TNG COMERCIO E INDUSTRIA DE ROUPAS LTDA EM RECUPERACAO JUDICIAL                           ;PESSOA JURIDICA;ICMS;"=""2000937566692""";"=""20260000004729""";13932322;939;Efetivada;06/03/2026 11:43:01;10/03/2026 06:07:58;13/03/2026;82;R$ 303,07;R$ 37.349,57;R$ 24.852,01;STT;"=""86123360159 - VERONICA ISSI SIMOES BASTOS""";Não atribuído
"=""53966834020652""";TNG COMERCIO E INDUSTRIA DE ROUPAS LTDA EM RECUPERACAO JUDICIAL                           ;PESSOA JURIDICA;ICMS;"=""4011703022307""";"=""20260000004722""";13932292;939;Efetivada;06/03/2026 11:43:01;10/03/2026 06:07:59;13/03/2026;76;R$ 303,53;R$ 71.415,67;R$ 23.068,43;STT;"=""86123360159 - VERONICA ISSI SIMOES BASTOS""";Não atribuído
"=""53966834020652""";TNG COMERCIO E INDUSTRIA DE ROUPAS LTDA EM RECUPERACAO JUDICIAL                           ;PESSOA JURIDICA;ICMS;"=""4012300483606""";"=""20260000004725""";13932306;939;Efetivada;06/03/2026 11:43:01;10/03/2026 06:08:04;13/03/2026;145;R$ 690,78;R$ 138.125,64;R$ 100.162,95;STT;"=""86123360159 - VERONICA ISSI SIMOES BASTOS""";Não atribuído
"=""53966834020652""";TNG COMERCIO E INDUSTRIA DE ROUPAS LTDA EM RECUPERACAO JUDICIAL                           ;PESSOA JURIDICA;ICMS;"=""2000937466639""";"=""20260000004728""";13932314;939;Efetivada;06/03/2026 11:43:01;10/03/2026 06:08:06;13/03/2026;4;R$ 374,51;R$ 2.265,71;R$ 1.498,02;STT;"=""86123360159 - VERONICA ISSI SIMOES BASTOS""";Não atribuído
"=""53966834020652""";TNG COMERCIO E INDUSTRIA DE ROUPAS LTDA EM RECUPERACAO JUDICIAL                           ;PESSOA JURIDICA;ICMS;"=""4011702109999""";"=""20260000004721""";13932330;939;Efetivada;06/03/2026 11:43:01;10/03/2026 06:08:11;13/03/2026;37;R$ 305,49;R$ 37.677,65;R$ 11.303,29;STT;"=""86123360159 - VERONICA ISSI SIMOES BASTOS""";Não atribuído
"=""53966834020652""";TNG COMERCIO E INDUSTRIA DE ROUPAS LTDA EM RECUPERACAO JUDICIAL                           ;PESSOA JURIDICA;ICMS;"=""4012201142541""";"=""20260000004724""";13932349;939;Efetivada;06/03/2026 11:43:01;10/03/2026 06:08:12;13/03/2026;145;R$ 3.942,98;R$ 855.042,34;R$ 571.731,71;STT;"=""86123360159 - VERONICA ISSI SIMOES BASTOS""";Não atribuído
"=""53966834020652""";TNG COMERCIO E INDUSTRIA DE ROUPAS LTDA EM RECUPERACAO JUDICIAL                           ;PESSOA JURIDICA;ICMS;"=""2005139366646""";"=""20260000004734""";13932365;939;Efetivada;06/03/2026 11:43:01;10/03/2026 06:08:18;13/03/2026;60;R$ 302,67;R$ 24.291,61;R$ 18.160,06;STT;"=""86123360159 - VERONICA ISSI SIMOES BASTOS""";Não atribuído
"=""53966834020652""";TNG COMERCIO E INDUSTRIA DE ROUPAS LTDA EM RECUPERACAO JUDICIAL                           ;PESSOA JURIDICA;ICMS;"=""2000937366685""";"=""20260000004727""";13932357;939;Efetivada;06/03/2026 11:43:01;10/03/2026 06:08:19;13/03/2026;18;R$ 315,40;R$ 8.776,03;R$ 5.677,20;STT;"=""86123360159 - VERONICA ISSI SIMOES BASTOS""";Não atribuído
"=""53966834020652""";TNG COMERCIO E INDUSTRIA DE ROUPAS LTDA EM RECUPERACAO JUDICIAL                           ;PESSOA JURIDICA;ICMS;"=""2000937666646""";"=""20260000004730""";13932209;939;Efetivada;06/03/2026 11:43:01;10/03/2026 12:06:27;13/03/2026;1;R$ 315,14;R$ 444,56;R$ 315,14;STT;"=""86123360159 - VERONICA ISSI SIMOES BASTOS""";Não atribuído
"=""53966834022515""";TNG COMERCIO E INDUSTRIA DE ROUPAS LTDA EM RECUPERACAO JUDICIAL                           ;PESSOA JURIDICA;ICMS;"=""2001187566673""";"=""20260000004747""";13932489;942;Efetivada;06/03/2026 11:47:52;10/03/2026 06:08:26;13/03/2026;46;R$ 303,17;R$ 21.557,64;R$ 13.945,59;STT;"=""86123360159 - VERONICA ISSI SIMOES BASTOS""";Não atribuído
"=""53966834022515""";TNG COMERCIO E INDUSTRIA DE ROUPAS LTDA EM RECUPERACAO JUDICIAL                           ;PESSOA JURIDICA;ICMS;"=""4012300483789""";"=""20260000004744""";13932470;942;Efetivada;06/03/2026 11:47:52;10/03/2026 06:08:31;13/03/2026;145;R$ 506,73;R$ 101.258,83;R$ 73.475,76;STT;"=""86123360159 - VERONICA ISSI SIMOES BASTOS""";Não atribuído
"=""53966834022515""";TNG COMERCIO E INDUSTRIA DE ROUPAS LTDA EM RECUPERACAO JUDICIAL                           ;PESSOA JURIDICA;ICMS;"=""4011702543508""";"=""20260000004741""";13932454;942;Efetivada;06/03/2026 11:47:52;10/03/2026 06:08:33;13/03/2026;142;R$ 301,84;R$ 142.869,53;R$ 42.860,86;STT;"=""86123360159 - VERONICA ISSI SIMOES BASTOS""";Não atribuído
"=""53966834022515""";TNG COMERCIO E INDUSTRIA DE ROUPAS LTDA EM RECUPERACAO JUDICIAL                           ;PESSOA JURIDICA;ICMS;"=""2005207966607""";"=""20260000004754""";13932462;942;Efetivada;06/03/2026 11:47:52;10/03/2026 06:08:38;13/03/2026;38;R$ 307,13;R$ 15.611,39;R$ 11.670,86;STT;"=""86123360159 - VERONICA ISSI SIMOES BASTOS""";Não atribuído
"=""53966834022515""";TNG COMERCIO E INDUSTRIA DE ROUPAS LTDA EM RECUPERACAO JUDICIAL                           ;PESSOA JURIDICA;ICMS;"=""2006043266649""";"=""20260000004755""";13932497;942;Efetivada;06/03/2026 11:47:52;10/03/2026 06:08:40;13/03/2026;42;R$ 306,44;R$ 17.045,99;R$ 12.870,34;STT;"=""86123360159 - VERONICA ISSI SIMOES BASTOS""";Não atribuído
"=""53966834022515""";TNG COMERCIO E INDUSTRIA DE ROUPAS LTDA EM RECUPERACAO JUDICIAL                           ;PESSOA JURIDICA;ICMS;"=""4012201142894""";"=""20260000004743""";13932527;942;Efetivada;06/03/2026 11:47:52;10/03/2026 06:08:45;13/03/2026;145;R$ 2.164,70;R$ 466.465,37;R$ 313.881,88;STT;"=""86123360159 - VERONICA ISSI SIMOES BASTOS""";Não atribuído
"=""53966834022515""";TNG COMERCIO E INDUSTRIA DE ROUPAS LTDA EM RECUPERACAO JUDICIAL                           ;PESSOA JURIDICA;ICMS;"=""4011702541556""";"=""20260000004740""";13932500;942;Efetivada;06/03/2026 11:47:52;10/03/2026 06:08:46;13/03/2026;145;R$ 419,34;R$ 188.212,62;R$ 60.804,63;STT;"=""86123360159 - VERONICA ISSI SIMOES BASTOS""";Não atribuído
"=""53966834022515""";TNG COMERCIO E INDUSTRIA DE ROUPAS LTDA EM RECUPERACAO JUDICIAL                           ;PESSOA JURIDICA;ICMS;"=""4012000893000""";"=""20260000004742""";13932519;942;Efetivada;06/03/2026 11:47:52;10/03/2026 06:08:51;13/03/2026;79;R$ 302,66;R$ 37.628,22;R$ 23.909,92;STT;"=""86123360159 - VERONICA ISSI SIMOES BASTOS""";Não atribuído
"=""53966834022515""";TNG COMERCIO E INDUSTRIA DE ROUPAS LTDA EM RECUPERACAO JUDICIAL                           ;PESSOA JURIDICA;ICMS;"=""2004194266668""";"=""20260000004751""";13932586;942;Efetivada;06/03/2026 11:47:52;10/03/2026 06:08:53;13/03/2026;56;R$ 302,16;R$ 23.275,84;R$ 16.921,00;STT;"=""86123360159 - VERONICA ISSI SIMOES BASTOS""";Não atribuído
"=""53966834022515""";TNG COMERCIO E INDUSTRIA DE ROUPAS LTDA EM RECUPERACAO JUDICIAL                           ;PESSOA JURIDICA;ICMS;"=""2004601466644""";"=""20260000004752""";13932594;942;Efetivada;06/03/2026 11:47:52;10/03/2026 06:08:58;13/03/2026;16;R$ 301,38;R$ 6.577,39;R$ 4.822,00;STT;"=""86123360159 - VERONICA ISSI SIMOES BASTOS""";Não atribuído
"=""53966834022515""";TNG COMERCIO E INDUSTRIA DE ROUPAS LTDA EM RECUPERACAO JUDICIAL                           ;PESSOA JURIDICA;ICMS;"=""2004897666600""";"=""20260000004753""";13932608;942;Efetivada;06/03/2026 11:47:52;10/03/2026 06:09:00;13/03/2026;14;R$ 320,54;R$ 6.064,05;R$ 4.487,51;STT;"=""86123360159 - VERONICA ISSI SIMOES BASTOS""";Não atribuído
"=""53966834022515""";TNG COMERCIO E INDUSTRIA DE ROUPAS LTDA EM RECUPERACAO JUDICIAL                           ;PESSOA JURIDICA;ICMS;"=""4012301220390""";"=""20260000004745""";13932535;942;Efetivada;06/03/2026 11:47:52;10/03/2026 06:09:05;13/03/2026;145;R$ 304,63;R$ 58.477,39;R$ 44.171,50;STT;"=""86123360159 - VERONICA ISSI SIMOES BASTOS""";Não atribuído
"=""53966834022515""";TNG COMERCIO E INDUSTRIA DE ROUPAS LTDA EM RECUPERACAO JUDICIAL                           ;PESSOA JURIDICA;ICMS;"=""2001187466610""";"=""20260000004746""";13932543;942;Efetivada;06/03/2026 11:47:52;10/03/2026 06:09:06;13/03/2026;15;R$ 312,17;R$ 7.294,72;R$ 4.682,59;STT;"=""86123360159 - VERONICA ISSI SIMOES BASTOS""";Não atribuído
"=""53966834022515""";TNG COMERCIO E INDUSTRIA DE ROUPAS LTDA EM RECUPERACAO JUDICIAL                           ;PESSOA JURIDICA;ICMS;"=""2001187666627""";"=""20260000004748""";13932551;942;Efetivada;06/03/2026 11:47:52;10/03/2026 06:09:11;13/03/2026;145;R$ 305,04;R$ 66.898,93;R$ 44.231,29;STT;"=""86123360159 - VERONICA ISSI SIMOES BASTOS""";Não atribuído
"=""53966834022515""";TNG COMERCIO E INDUSTRIA DE ROUPAS LTDA EM RECUPERACAO JUDICIAL                           ;PESSOA JURIDICA;ICMS;"=""2001187766680""";"=""20260000004749""";13932560;942;Efetivada;06/03/2026 11:47:52;10/03/2026 06:09:13;13/03/2026;56;R$ 303,82;R$ 25.569,92;R$ 17.013,95;STT;"=""86123360159 - VERONICA ISSI SIMOES BASTOS""";Não atribuído
"=""53966834022515""";TNG COMERCIO E INDUSTRIA DE ROUPAS LTDA EM RECUPERACAO JUDICIAL                           ;PESSOA JURIDICA;ICMS;"=""2001187866634""";"=""20260000004750""";13932578;942;Efetivada;06/03/2026 11:47:52;10/03/2026 06:09:18;13/03/2026;67;R$ 300,94;R$ 30.101,39;R$ 20.162,77;STT;"=""86123360159 - VERONICA ISSI SIMOES BASTOS""";Não atribuído
"=""53966834026421""";TNG COMERCIO E INDUSTRIA DE ROUPAS LTDA EM RECUPERACAO JUDICIAL                           ;PESSOA JURIDICA;ICMS;"=""4012201238140""";"=""20260000004774""";13932632;943;Efetivada;06/03/2026 11:49:55;10/03/2026 06:09:20;13/03/2026;145;R$ 1.271,42;R$ 284.939,48;R$ 184.355,26;STT;"=""86123360159 - VERONICA ISSI SIMOES BASTOS""";Não atribuído
"=""53966834026421""";TNG COMERCIO E INDUSTRIA DE ROUPAS LTDA EM RECUPERACAO JUDICIAL                           ;PESSOA JURIDICA;ICMS;"=""4012000893949""";"=""20260000004772""";13932624;943;Efetivada;06/03/2026 11:49:55;10/03/2026 06:09:25;13/03/2026;76;R$ 303,32;R$ 36.236,27;R$ 23.052,48;STT;"=""86123360159 - VERONICA ISSI SIMOES BASTOS""";Não atribuído
"=""53966834026421""";TNG COMERCIO E INDUSTRIA DE ROUPAS LTDA EM RECUPERACAO JUDICIAL                           ;PESSOA JURIDICA;ICMS;"=""4011901632101""";"=""20260000004773""";13932640;943;Efetivada;06/03/2026 11:49:55;10/03/2026 06:09:26;13/03/2026;25;R$ 301,72;R$ 12.138,36;R$ 7.543,11;STT;"=""86123360159 - VERONICA ISSI SIMOES BASTOS""";Não atribuído
"=""54608589172""";FRANCILENE LIMA DE ANDRADE E REZENDE;PESSOA FISICA;ICMS;"=""4011800431062""";"=""20260000005427""";13988999;1061;Efetivada;16/03/2026 12:50:31;20/03/2026 12:05:08;23/03/2026;58;R$ 300,25;R$ 58.047,77;R$ 17.414,33;STT;"=""00828686114 - GEOVANA REZENDE ABDON FRAGOSO OLIVEIRA""";Não atribuído
"=""54898218172""";OLIVERIO MOURA DE FARIA;PESSOA FISICA;IPVA;"=""2043944722207""";"=""20260000003725""";13880322;769;Efetivada;27/02/2026 12:01:57;27/02/2026 18:08:26;27/02/2026;4;R$ 333,54;R$ 2.522,29;R$ 1.334,16;STT;"=""00901455180 - DANIEL BENKE AFONSO""";Não atribuído
"=""54898218172""";OLIVERIO MOURA DE FARIA;PESSOA FISICA;IPVA;"=""2098475222255""";"=""20260000003726""";13880349;769;Efetivada;27/02/2026 12:01:57;27/02/2026 18:08:33;27/02/2026;4;R$ 315,79;R$ 2.339,89;R$ 1.263,14;STT;"=""00901455180 - DANIEL BENKE AFONSO""";Não atribuído
"=""54898218172""";OLIVERIO MOURA DE FARIA;PESSOA FISICA;IPVA;"=""2306220322294""";"=""20260000003727""";13880330;769;Efetivada;27/02/2026 12:01:57;27/02/2026 18:08:34;27/02/2026;3;R$ 395,27;R$ 2.161,50;R$ 1.185,82;STT;"=""00901455180 - DANIEL BENKE AFONSO""";Não atribuído
"=""54898218172""";OLIVERIO MOURA DE FARIA;PESSOA FISICA;IPVA;"=""2381371422260""";"=""20260000003728""";13880357;769;Efetivada;27/02/2026 12:01:57;27/02/2026 18:08:40;27/02/2026;4;R$ 363,59;R$ 2.433,52;R$ 1.454,35;STT;"=""00901455180 - DANIEL BENKE AFONSO""";Não atribuído
"=""54932815115""";VALDELINO MENDES;PESSOA FISICA;ICMS;"=""4012001354340""";"=""20260000003993""";13893297;807;Efetivada;02/03/2026 12:01:57;03/03/2026 18:04:16;09/03/2026;1;R$ 2.515,77;R$ 8.385,91;R$ 2.515,77;EXPRESSO;-;Não atribuído
"=""55237533272""";WENDERSON DELGADO BARROS;PESSOA FISICA;IPVA;"=""2286784222259""";"=""20260000001713""";13763687;413;Efetivada;12/02/2026 11:26:52;12/02/2026 12:09:30;19/02/2026;1;R$ 570,24;R$ 1.039,43;R$ 570,24;STT;"=""00828686114 - GEOVANA REZENDE ABDON FRAGOSO OLIVEIRA""";Não atribuído
"=""55689256153""";DALVA MARIA DE LIMA;PESSOA FISICA;IPVA;"=""2333008622287""";"=""20260000001564""";13750437;377;Efetivada;11/02/2026 12:06:39;12/02/2026 06:06:18;18/02/2026;6;R$ 301,70;R$ 3.004,65;R$ 1.810,21;STT;"=""03279141141 - VANESSA FRANCO DE OLIVEIRA""";Não atribuído
"=""56039263172""";EDIMILSON GOMES ARANTES;PESSOA FISICA;IPVA;"=""2276463422280""";"=""20260000001073""";13712578;265;Efetivada;06/02/2026 20:13:14;09/02/2026 18:08:00;13/02/2026;1;R$ 694,53;R$ 1.265,99;R$ 694,53;EXPRESSO;-;"=""86123360159 - VERONICA ISSI SIMOES BASTOS"""
"=""56082320115""";WANDERLEY BARBOSA DE MOURA;PESSOA FISICA;IPVA;"=""2385356122220""";"=""20260000001236""";13757474;308;Efetivada;09/02/2026 17:48:34;12/02/2026 06:08:20;18/02/2026;1;R$ 1.158,21;R$ 1.937,99;R$ 1.158,21;EXPRESSO;-;"=""86123360159 - VERONICA ISSI SIMOES BASTOS"""
"=""56547331172""";SANDRO PEREIRA DOS SANTOS;PESSOA FISICA;IPVA;"=""2284959722267""";"=""20260000000122""";13637452;73;Efetivada;03/02/2026 09:12:47;03/02/2026 12:00:32;10/02/2026;1;R$ 1.296,44;R$ 2.370,00;R$ 1.296,44;EXPRESSO;-;Não atribuído
"=""56547331172""";SANDRO PEREIRA DOS SANTOS;PESSOA FISICA;IPVA;"=""2376049722204""";"=""20260000000123""";13637460;73;Efetivada;03/02/2026 09:12:47;03/02/2026 12:00:32;10/02/2026;1;R$ 1.798,95;R$ 3.010,15;R$ 1.798,95;EXPRESSO;-;Não atribuído
"=""56547331172""";SANDRO PEREIRA DOS SANTOS;PESSOA FISICA;IPVA;"=""2081574322288""";"=""20260000000121""";13637479;73;Efetivada;03/02/2026 09:12:47;03/02/2026 12:00:39;10/02/2026;1;R$ 1.329,11;R$ 2.464,24;R$ 1.329,11;EXPRESSO;-;Não atribuído
"=""56625588172""";VIVIANE KEIKO MORIBAYASHI;PESSOA FISICA;IPVA;"=""2276261122278""";"=""20260000002665""";13834479;613;Efetivada;23/02/2026 10:05:59;23/02/2026 18:11:02;27/02/2026;1;R$ 880,50;R$ 1.609,62;R$ 880,50;STT;"=""00001288130 - JOILSON JOSE DA SILVA""";Não atribuído
"=""56625588172""";VIVIANE KEIKO MORIBAYASHI;PESSOA FISICA;IPVA;"=""2358693522242""";"=""20260000002666""";13834460;613;Efetivada;23/02/2026 10:05:59;23/02/2026 18:11:02;27/02/2026;1;R$ 1.089,15;R$ 1.835,78;R$ 1.089,15;STT;"=""00001288130 - JOILSON JOSE DA SILVA""";Não atribuído
"=""56758537234""";CLAUDENI DOS SANTOS COUTINHO;PESSOA FISICA;IPVA;"=""2382703122260""";"=""20260000005918""";14032147;1128;Efetivada;24/03/2026 09:32:37;01/04/2026 18:06:30;31/03/2026;1;R$ 578,58;R$ 975,07;R$ 578,58;EXPRESSO;-;"=""70458480134 - RENATA VITORIA BONIFACIO E SOUZA"""
"=""56758537234""";CLAUDENI DOS SANTOS COUTINHO;PESSOA FISICA;IPVA;"=""2309227522277""";"=""20260000005917""";14032155;1128;Efetivada;24/03/2026 09:32:37;01/04/2026 18:06:37;31/03/2026;1;R$ 526,65;R$ 966,29;R$ 526,65;EXPRESSO;-;"=""70458480134 - RENATA VITORIA BONIFACIO E SOUZA"""
"=""57343292234""";EDIEL ARAUJO DA SILVA;PESSOA FISICA;IPVA;"=""2382234522202""";"=""20260000005023""";13952218;1002;Efetivada;10/03/2026 10:19:51;17/03/2026 18:04:34;17/03/2026;6;R$ 303,00;R$ 3.063,83;R$ 1.818,00;STT;"=""03447962135 - LUCAS CARDOSO FRANCO""";Não atribuído
"=""57570639120""";CLAUDIA CLENEN OLIVEIRA FREITAS;PESSOA FISICA;IPVA;"=""2363147222239""";"=""20260000005963""";14037386;1137;Efetivada;25/03/2026 10:30:12;01/04/2026 12:07:36;31/03/2026;3;R$ 364,17;R$ 1.854,53;R$ 1.092,50;STT;"=""03447962135 - LUCAS CARDOSO FRANCO""";Não atribuído
"=""57735603134""";LUCINEIDE DA SILVA PEREIRA;PESSOA FISICA;IPVA;"=""2393934822255""";"=""20260000005656""";14026520;1106;Efetivada;21/03/2026 09:21:14;01/04/2026 18:05:51;27/03/2026;1;R$ 927,36;R$ 1.550,39;R$ 927,36;EXPRESSO;-;"=""70458480134 - RENATA VITORIA BONIFACIO E SOUZA"""
"=""57735603134""";LUCINEIDE DA SILVA PEREIRA;PESSOA FISICA;IPVA;"=""2321285122200""";"=""20260000005655""";14026511;1106;Efetivada;21/03/2026 09:21:14;01/04/2026 18:05:58;27/03/2026;1;R$ 769,05;R$ 1.401,08;R$ 769,05;EXPRESSO;-;"=""70458480134 - RENATA VITORIA BONIFACIO E SOUZA"""
"=""57749566104""";JOICE VICENTE RODRIGUES;PESSOA FISICA;IPVA;"=""2268503322299""";"=""20260000004582""";13921258;906;Efetivada;04/03/2026 22:47:27;05/03/2026 12:11:35;11/03/2026;2;R$ 330,98;R$ 1.218,03;R$ 661,95;EXPRESSO;-;"=""70458480134 - RENATA VITORIA BONIFACIO E SOUZA"""
"=""57749566104""";JOICE VICENTE RODRIGUES;PESSOA FISICA;IPVA;"=""2355163722258""";"=""20260000004583""";13921266;906;Efetivada;04/03/2026 22:47:27;05/03/2026 12:11:35;11/03/2026;2;R$ 424,32;R$ 1.440,57;R$ 848,63;EXPRESSO;-;"=""70458480134 - RENATA VITORIA BONIFACIO E SOUZA"""
"=""57989192268""";NEWILTON SANTANA DE BRITO OLIVEIRA;PESSOA FISICA;IPVA;"=""2389589422261""";"=""20260000004347""";13911228;866;Efetivada;03/03/2026 21:42:01;05/03/2026 06:06:36;10/03/2026;1;R$ 3.132,56;R$ 5.279,24;R$ 3.132,56;EXPRESSO;-;"=""70458480134 - RENATA VITORIA BONIFACIO E SOUZA"""
"=""58118551172""";MARCELO SOUSA DE OLIVEIRA;PESSOA FISICA;IPVA;"=""2089891522258""";"=""20260000000153""";13644700;89;Efetivada;03/02/2026 11:58:41;10/02/2026 12:00:32;10/02/2026;2;R$ 367,49;R$ 1.361,48;R$ 734,97;EXPRESSO;-;Não atribuído
"=""58118551172""";MARCELO SOUSA DE OLIVEIRA;PESSOA FISICA;IPVA;"=""2270272522265""";"=""20260000000155""";13644696;89;Efetivada;03/02/2026 11:58:41;10/02/2026 12:00:39;10/02/2026;1;R$ 424,74;R$ 776,46;R$ 424,74;EXPRESSO;-;Não atribuído
"=""58118551172""";MARCELO SOUSA DE OLIVEIRA;PESSOA FISICA;IPVA;"=""2374229222289""";"=""20260000000156""";13644726;89;Efetivada;03/02/2026 11:58:41;10/02/2026 12:00:45;10/02/2026;1;R$ 534,57;R$ 894,47;R$ 534,57;EXPRESSO;-;Não atribuído
"=""58118551172""";MARCELO SOUSA DE OLIVEIRA;PESSOA FISICA;IPVA;"=""2069796422239""";"=""20260000000152""";13644718;89;Efetivada;03/02/2026 11:58:41;10/02/2026 12:00:46;10/02/2026;1;R$ 457,65;R$ 848,51;R$ 457,65;EXPRESSO;-;Não atribuído
"=""58118551172""";MARCELO SOUSA DE OLIVEIRA;PESSOA FISICA;IPVA;"=""2035267022208""";"=""20260000000150""";13644670;89;Efetivada;03/02/2026 11:58:41;10/02/2026 18:00:26;10/02/2026;1;R$ 482,49;R$ 914,34;R$ 482,49;EXPRESSO;-;Não atribuído
"=""58118551172""";MARCELO SOUSA DE OLIVEIRA;PESSOA FISICA;IPVA;"=""2043745922206""";"=""20260000000151""";13644688;89;Efetivada;03/02/2026 11:58:41;10/02/2026 18:00:32;10/02/2026;2;R$ 374,84;R$ 1.417,28;R$ 749,67;EXPRESSO;-;Não atribuído
"=""58118551172""";MARCELO SOUSA DE OLIVEIRA;PESSOA FISICA;IPVA;"=""2296888422251""";"=""20260000000154""";13644734;89;Efetivada;03/02/2026 11:58:41;10/02/2026 18:00:32;10/02/2026;2;R$ 340,95;R$ 1.242,97;R$ 681,90;EXPRESSO;-;Não atribuído
"=""58506155000931""";MIRA OTM TRANSPORTES LTDA;PESSOA JURIDICA;ICMS;"=""2006041766628""";"=""20260000003002""";13848607;669;Efetivada;24/02/2026 12:03:49;27/02/2026 12:04:15;27/02/2026;145;R$ 678,16;R$ 129.056,61;R$ 98.333,35;STT;"=""00828686114 - GEOVANA REZENDE ABDON FRAGOSO OLIVEIRA""";Não atribuído
"=""58506155000931""";MIRA OTM TRANSPORTES LTDA;PESSOA JURIDICA;ICMS;"=""2005213766649""";"=""20260000003001""";13848593;669;Efetivada;24/02/2026 12:03:49;27/02/2026 12:04:16;27/02/2026;145;R$ 1.068,09;R$ 205.305,33;R$ 154.872,62;STT;"=""00828686114 - GEOVANA REZENDE ABDON FRAGOSO OLIVEIRA""";Não atribuído
"=""58506155000931""";MIRA OTM TRANSPORTES LTDA;PESSOA JURIDICA;ICMS;"=""2000229966676""";"=""20260000002997""";13848550;669;Efetivada;24/02/2026 12:03:49;27/02/2026 12:04:23;27/02/2026;145;R$ 1.469,55;R$ 298.045,98;R$ 213.084,82;STT;"=""00828686114 - GEOVANA REZENDE ABDON FRAGOSO OLIVEIRA""";Não atribuído
"=""58506155000931""";MIRA OTM TRANSPORTES LTDA;PESSOA JURIDICA;ICMS;"=""2004905266602""";"=""20260000003000""";13848585;669;Efetivada;24/02/2026 12:03:49;27/02/2026 12:04:23;27/02/2026;145;R$ 1.540,90;R$ 299.245,76;R$ 223.431,12;STT;"=""00828686114 - GEOVANA REZENDE ABDON FRAGOSO OLIVEIRA""";Não atribuído
"=""58506155000931""";MIRA OTM TRANSPORTES LTDA;PESSOA JURIDICA;ICMS;"=""2004104166685""";"=""20260000002998""";13848569;669;Efetivada;24/02/2026 12:03:49;27/02/2026 12:04:29;27/02/2026;145;R$ 1.038,54;R$ 205.335,76;R$ 150.588,00;STT;"=""00828686114 - GEOVANA REZENDE ABDON FRAGOSO OLIVEIRA""";Não atribuído
"=""58506155000931""";MIRA OTM TRANSPORTES LTDA;PESSOA JURIDICA;ICMS;"=""2004424266699""";"=""20260000002999""";13848577;669;Efetivada;24/02/2026 12:03:49;27/02/2026 12:04:30;27/02/2026;145;R$ 1.262,22;R$ 247.453,05;R$ 183.022,00;STT;"=""00828686114 - GEOVANA REZENDE ABDON FRAGOSO OLIVEIRA""";Não atribuído
"=""58506155000931""";MIRA OTM TRANSPORTES LTDA;PESSOA JURIDICA;ICMS;"=""4012400950508""";"=""20260000002996""";13848542;669;Efetivada;24/02/2026 12:03:49;27/02/2026 12:04:36;27/02/2026;145;R$ 3.564,71;R$ 619.628,61;R$ 516.883,60;STT;"=""00828686114 - GEOVANA REZENDE ABDON FRAGOSO OLIVEIRA""";Não atribuído
"=""58725881191""";SANDRO SIMOES DOS SANTOS;PESSOA FISICA;IPVA;"=""2342183522287""";"=""20260000006645""";14184893;1243;Efetivada;27/04/2026 13:56:37;30/04/2026 06:03:00;30/04/2026;1;R$ 242,74;R$ 418,55;R$ 242,74;EXPRESSO;-;"=""70458480134 - RENATA VITORIA BONIFACIO E SOUZA"""
"=""58842039187""";OSMAR SERAFIM DOS SANTOS;PESSOA FISICA;IPVA;"=""2303339722228""";"=""20260000002333""";13815105;554;Efetivada;19/02/2026 17:25:20;20/02/2026 18:06:18;26/02/2026;1;R$ 443,95;R$ 811,56;R$ 443,95;EXPRESSO;-;"=""00001288130 - JOILSON JOSE DA SILVA"""
"=""58842039187""";OSMAR SERAFIM DOS SANTOS;PESSOA FISICA;IPVA;"=""2354428722201""";"=""20260000002334""";13815113;554;Efetivada;19/02/2026 17:25:20;20/02/2026 18:06:24;26/02/2026;1;R$ 551,92;R$ 930,25;R$ 551,92;EXPRESSO;-;"=""00001288130 - JOILSON JOSE DA SILVA"""
"=""59105151104""";ELIZANGELA ROSARIA DE OLIVEIRA;PESSOA FISICA;IPVA;"=""2392269022246""";"=""20260000002170""";13800663;516;Efetivada;18/02/2026 13:48:25;19/02/2026 06:07:59;25/02/2026;6;R$ 349,96;R$ 3.485,19;R$ 2.099,73;EXPRESSO;-;"=""00001288130 - JOILSON JOSE DA SILVA"""
"=""59562285634""";ELIAMAR FERREIRA DE SOUZA LUIZ;PESSOA FISICA;IPVA;"=""2097235322290""";"=""20260000000361""";13682547;136;Efetivada;04/02/2026 11:56:25;06/02/2026 06:06:13;11/02/2026;1;R$ 970,01;R$ 1.798,44;R$ 970,01;EXPRESSO;-;"=""86123360159 - VERONICA ISSI SIMOES BASTOS"""
"=""59562285634""";ELIAMAR FERREIRA DE SOUZA LUIZ;PESSOA FISICA;IPVA;"=""2304454722217""";"=""20260000000362""";13682555;136;Efetivada;04/02/2026 11:56:25;06/02/2026 06:06:18;11/02/2026;1;R$ 925,65;R$ 1.692,16;R$ 925,65;EXPRESSO;-;"=""86123360159 - VERONICA ISSI SIMOES BASTOS"""
"=""59562285634""";ELIAMAR FERREIRA DE SOUZA LUIZ;PESSOA FISICA;IPVA;"=""2024566222246""";"=""20260000000360""";13682563;136;Efetivada;04/02/2026 11:56:25;06/02/2026 06:06:19;11/02/2026;1;R$ 1.011,94;R$ 1.927,48;R$ 1.011,94;EXPRESSO;-;"=""86123360159 - VERONICA ISSI SIMOES BASTOS"""
"=""59672897120""";ANTONIO RAILDO PERES DE SOUSA;PESSOA FISICA;ICMS;"=""4012201194185""";"=""20260000002062""";13793985;492;Efetivada;13/02/2026 22:39:16;21/02/2026 06:02:42;20/02/2026;10;R$ 486,86;R$ 13.676,92;R$ 4.868,62;EXPRESSO;-;"=""70458480134 - RENATA VITORIA BONIFACIO E SOUZA"""
"=""59812133100""";NELSON FERRAZ DA MAIA;PESSOA FISICA;IPVA;"=""2291861522220""";"=""20260000007317""";14275368;1306;Efetivada;19/05/2026 16:16:06;21/05/2026 18:02:11;26/05/2026;1;R$ 130,83;R$ 243,66;R$ 130,83;EXPRESSO;-;"=""00001288130 - JOILSON JOSE DA SILVA"""
"=""59812133100""";NELSON FERRAZ DA MAIA;PESSOA FISICA;IPVA;"=""2379325522280""";"=""20260000007318""";14275350;1306;Efetivada;19/05/2026 16:16:06;21/05/2026 18:02:17;26/05/2026;1;R$ 162,36;R$ 278,09;R$ 162,36;EXPRESSO;-;"=""00001288130 - JOILSON JOSE DA SILVA"""
"=""59849061120""";ROSA MARIA DA SILVA AGUIAR;PESSOA FISICA;ICMS;"=""4012001395020""";"=""20260000005535""";14005379;1085;Efetivada;18/03/2026 15:05:10;25/03/2026 18:02:21;25/03/2026;145;R$ 979,44;R$ 455.706,97;R$ 142.019,07;STT;"=""70458480134 - RENATA VITORIA BONIFACIO E SOUZA""";"=""70458480134 - RENATA VITORIA BONIFACIO E SOUZA"""
"=""59953616191""";MARIA MARQUES PERDIGÃO;PESSOA FISICA;IPVA;"=""2352978122251""";"=""20260000000166""";13648624;97;Efetivada;03/02/2026 14:21:40;09/02/2026 12:00:58;10/02/2026;1;R$ 63,71;R$ 107,38;R$ 63,71;EXPRESSO;-;Não atribuído
"=""59953616191""";MARIA MARQUES PERDIGÃO;PESSOA FISICA;IPVA;"=""2358854022220""";"=""20260000000167""";13648632;97;Efetivada;03/02/2026 14:21:40;09/02/2026 12:01:06;10/02/2026;2;R$ 449,42;R$ 1.514,98;R$ 898,83;EXPRESSO;-;Não atribuído
"=""59958804115""";RODRIGO SANTANA RODRIGUES;PESSOA FISICA;IPVA;"=""2389735422259""";"=""20260000001975""";13778544;469;Efetivada;13/02/2026 12:35:41;13/02/2026 18:12:59;20/02/2026;1;R$ 2.367,04;R$ 3.928,91;R$ 2.367,04;STT;"=""00828686114 - GEOVANA REZENDE ABDON FRAGOSO OLIVEIRA""";Não atribuído
"=""60328444120""";RONALDO RANGEL DE ALBUQUERQUE SA FILHO;PESSOA FISICA;IPVA;"=""2362824122240""";"=""20260000001733""";13775324;420;Efetivada;12/02/2026 13:32:27;19/02/2026 12:03:01;19/02/2026;1;R$ 1.436,45;R$ 2.421,15;R$ 1.436,45;EXPRESSO;-;"=""86123360159 - VERONICA ISSI SIMOES BASTOS"""
"=""60480037302""";RAYSSA GUIMARAES MESQUITA;PESSOA FISICA;IPVA;"=""2362362322279""";"=""20260000006556""";14169410;1222;Efetivada;23/04/2026 10:58:32;28/04/2026 18:00:19;30/04/2026;1;R$ 366,30;R$ 627,12;R$ 366,30;STT;"=""03447962135 - LUCAS CARDOSO FRANCO""";Não atribuído
"=""60480037302""";RAYSSA GUIMARAES MESQUITA;PESSOA FISICA;IPVA;"=""2271363522215""";"=""20260000006555""";14169401;1222;Efetivada;23/04/2026 10:58:32;28/04/2026 18:00:26;30/04/2026;1;R$ 293,85;R$ 544,97;R$ 293,85;STT;"=""03447962135 - LUCAS CARDOSO FRANCO""";Não atribuído
"=""61410080382""";PAULO AFONSO CORREIA LIMA SIQUEIRA;PESSOA FISICA;IPVA;"=""2347484922218""";"=""20260000006809""";14207230;1261;Efetivada;03/05/2026 21:43:20;06/05/2026 12:03:07;08/05/2026;3;R$ 302,17;R$ 1.574,92;R$ 906,51;EXPRESSO;-;"=""70458480134 - RENATA VITORIA BONIFACIO E SOUZA"""
"=""61860352120""";GISELA FERNANDES COSTA DE FARIAS;PESSOA FISICA;IPVA;"=""2048665122204""";"=""20260000001977""";13784420;470;Efetivada;13/02/2026 13:06:56;18/02/2026 06:08:28;20/02/2026;1;R$ 409,43;R$ 770,20;R$ 409,43;EXPRESSO;-;"=""70458480134 - RENATA VITORIA BONIFACIO E SOUZA"""
"=""61860352120""";GISELA FERNANDES COSTA DE FARIAS;PESSOA FISICA;IPVA;"=""2182673522263""";"=""20260000001978""";13784439;470;Efetivada;13/02/2026 13:06:56;18/02/2026 06:08:35;20/02/2026;1;R$ 403,21;R$ 745,62;R$ 403,21;EXPRESSO;-;"=""70458480134 - RENATA VITORIA BONIFACIO E SOUZA"""
"=""61901148149""";ALESSANDRA SANTOS MIRANDA OLIVEIRA;PESSOA FISICA;IPVA;"=""2328462022218""";"=""20260000000423""";13682687;149;Efetivada;04/02/2026 15:00:02;05/02/2026 18:08:32;11/02/2026;1;R$ 897,85;R$ 1.624,95;R$ 897,85;EXPRESSO;-;"=""86123360159 - VERONICA ISSI SIMOES BASTOS"""
"=""61901148149""";ALESSANDRA SANTOS MIRANDA OLIVEIRA;PESSOA FISICA;IPVA;"=""2336657522288""";"=""20260000000424""";13682695;149;Efetivada;04/02/2026 15:00:02;05/02/2026 18:08:38;11/02/2026;1;R$ 1.079,29;R$ 1.791,43;R$ 1.079,29;EXPRESSO;-;"=""86123360159 - VERONICA ISSI SIMOES BASTOS"""
"=""62437186115""";ANGELA FELIZARDA DA CONCEICAO;PESSOA FISICA;IPVA;"=""2068690422210""";"=""20260000000408""";13670018;147;Efetivada;04/02/2026 14:36:29;04/02/2026 18:05:44;11/02/2026;1;R$ 2.102,40;R$ 3.897,97;R$ 2.102,40;EXPRESSO;-;"=""13670181709 - LARISSA BELTRAO DE CARVALHO"""
"=""62437186115""";ANGELA FELIZARDA DA CONCEICAO;PESSOA FISICA;IPVA;"=""2029562022243""";"=""20260000000407""";13670034;147;Efetivada;04/02/2026 14:36:29;04/02/2026 18:05:45;11/02/2026;1;R$ 2.183,30;R$ 4.148,35;R$ 2.183,30;EXPRESSO;-;"=""13670181709 - LARISSA BELTRAO DE CARVALHO"""
"=""62437186115""";ANGELA FELIZARDA DA CONCEICAO;PESSOA FISICA;IPVA;"=""2367415522251""";"=""20260000000410""";13670000;147;Efetivada;04/02/2026 14:36:29;05/02/2026 06:04:28;11/02/2026;1;R$ 2.814,98;R$ 4.744,70;R$ 2.814,98;EXPRESSO;-;"=""13670181709 - LARISSA BELTRAO DE CARVALHO"""
"=""62437186115""";ANGELA FELIZARDA DA CONCEICAO;PESSOA FISICA;IPVA;"=""2269895622271""";"=""20260000000409""";13670026;147;Efetivada;04/02/2026 14:36:29;05/02/2026 06:04:35;11/02/2026;1;R$ 2.032,26;R$ 3.715,12;R$ 2.032,26;EXPRESSO;-;"=""13670181709 - LARISSA BELTRAO DE CARVALHO"""
"=""62508644153""";BENEVENUTA LUCIA ARANTES DOS SANTOS;PESSOA FISICA;IPVA;"=""2353135122270""";"=""20260000004810""";13936140;953;Efetivada;06/03/2026 15:39:51;12/03/2026 18:04:08;13/03/2026;2;R$ 341,10;R$ 1.158,03;R$ 682,20;STT;"=""86123360159 - VERONICA ISSI SIMOES BASTOS""";"=""70458480134 - RENATA VITORIA BONIFACIO E SOUZA"""
"=""62508644153""";BENEVENUTA LUCIA ARANTES DOS SANTOS;PESSOA FISICA;IPVA;"=""2022258122228""";"=""20260000004807""";13936166;953;Efetivada;06/03/2026 15:39:51;13/03/2026 18:03:56;13/03/2026;2;R$ 333,87;R$ 1.283,66;R$ 667,74;STT;"=""86123360159 - VERONICA ISSI SIMOES BASTOS""";"=""70458480134 - RENATA VITORIA BONIFACIO E SOUZA"""
"=""62508644153""";BENEVENUTA LUCIA ARANTES DOS SANTOS;PESSOA FISICA;IPVA;"=""2277449522255""";"=""20260000004809""";13936158;953;Efetivada;06/03/2026 15:39:51;13/03/2026 18:03:57;13/03/2026;2;R$ 300,60;R$ 1.106,25;R$ 601,20;STT;"=""86123360159 - VERONICA ISSI SIMOES BASTOS""";"=""70458480134 - RENATA VITORIA BONIFACIO E SOUZA"""
"=""62508644153""";BENEVENUTA LUCIA ARANTES DOS SANTOS;PESSOA FISICA;IPVA;"=""2074878522225""";"=""20260000004808""";13936131;953;Efetivada;06/03/2026 15:39:51;13/03/2026 18:04:03;13/03/2026;2;R$ 312,57;R$ 1.166,51;R$ 625,13;STT;"=""86123360159 - VERONICA ISSI SIMOES BASTOS""";"=""70458480134 - RENATA VITORIA BONIFACIO E SOUZA"""
"=""62531751149""";EVALDO MARTINS SOUZA;PESSOA FISICA;IPVA;"=""2393012322270""";"=""20260000004666""";13931741;928;Efetivada;05/03/2026 16:39:21;09/04/2026 12:50:54;12/03/2026;1;R$ 2.263,31;R$ 3.783,88;R$ 2.263,31;EXPRESSO;-;"=""70458480134 - RENATA VITORIA BONIFACIO E SOUZA"""
"=""62868390110""";MAZIO BANDEIRA SOARES;PESSOA FISICA;IPVA;"=""2364553722294""";"=""20260000004617""";13921860;911;Efetivada;05/03/2026 09:45:43;06/03/2026 06:11:28;12/03/2026;1;R$ 1.984,74;R$ 3.369,13;R$ 1.984,74;STT;"=""03447962135 - LUCAS CARDOSO FRANCO""";Não atribuído
"=""62868390110""";MAZIO BANDEIRA SOARES;PESSOA FISICA;IPVA;"=""2331103022210""";"=""20260000004616""";13921851;911;Efetivada;05/03/2026 09:45:43;06/03/2026 18:08:24;12/03/2026;4;R$ 387,28;R$ 2.850,48;R$ 1.549,11;STT;"=""03447962135 - LUCAS CARDOSO FRANCO""";Não atribuído
"=""63887851668""";ANDRE LUIS DA SILVA;PESSOA FISICA;IPVA;"=""2305916222242""";"=""20260000004680""";13932039;932;Efetivada;05/03/2026 23:14:33;07/03/2026 06:08:35;12/03/2026;1;R$ 12,36;R$ 22,73;R$ 12,36;EXPRESSO;-;"=""70458480134 - RENATA VITORIA BONIFACIO E SOUZA"""
"=""64100286104""";ELIANA BARBOSA GOUVEIA;PESSOA FISICA;IPVA;"=""2334183222274""";"=""20260000004924""";13947230;982;Efetivada;09/03/2026 14:23:53;09/04/2026 12:50:55;16/03/2026;1;R$ 2.352,60;R$ 3.933,16;R$ 2.352,60;STT;"=""03279141141 - VANESSA FRANCO DE OLIVEIRA""";"=""70458480134 - RENATA VITORIA BONIFACIO E SOUZA"""
"=""64722139172""";ROGERIO GOMES DE SOUSA;PESSOA FISICA;IPVA;"=""2311881322208""";"=""20260000000805""";13697056;225;Efetivada;06/02/2026 10:32:40;06/02/2026 18:08:28;13/02/2026;7;R$ 335,05;R$ 4.261,26;R$ 2.345,33;STT;"=""86123360159 - VERONICA ISSI SIMOES BASTOS""";Não atribuído
"=""65791980002349""";RODOPA INDUSTRIA E COMERCIO DE ALIMENTOS LTDA;PESSOA JURIDICA;ICMS;"=""4011403772408""";"=""20260000005481""";14001250;1071;Efetivada;17/03/2026 10:02:38;24/03/2026 12:02:53;24/03/2026;24;R$ 7.228,95;R$ 495.699,75;R$ 173.494,91;EXPRESSO;-;"=""70458480134 - RENATA VITORIA BONIFACIO E SOUZA"""
"=""65791980002934""";RODOPA INDÚSTRIA E COMERCIO DE ALIMENTOS LTDA;PESSOA JURIDICA;ICMS;"=""4011500065397""";"=""20260000005487""";14001330;1073;Efetivada;17/03/2026 10:08:24;24/03/2026 12:03:00;24/03/2026;24;R$ 6.810,11;R$ 466.978,86;R$ 163.442,60;EXPRESSO;-;"=""70458480134 - RENATA VITORIA BONIFACIO E SOUZA"""
"=""65881397649""";MARCIO OLIVEIRA NUNES;PESSOA FISICA;IPVA;"=""2286571322280""";"=""20260000004794""";13935186;948;Efetivada;06/03/2026 14:01:08;06/03/2026 18:14:00;13/03/2026;1;R$ 1.018,41;R$ 1.873,95;R$ 1.018,41;EXPRESSO;-;"=""86123360159 - VERONICA ISSI SIMOES BASTOS"""
"=""65881397649""";MARCIO OLIVEIRA NUNES;PESSOA FISICA;IPVA;"=""2352248822236""";"=""20260000004795""";13935194;948;Efetivada;06/03/2026 14:01:08;06/03/2026 18:14:05;13/03/2026;1;R$ 1.429,31;R$ 2.426,27;R$ 1.429,31;EXPRESSO;-;"=""86123360159 - VERONICA ISSI SIMOES BASTOS"""
"=""65971019104""";ELTON DA LUZ PEIXOTO;PESSOA FISICA;IPVA;"=""2390132122206""";"=""20260000001258""";13757504;310;Efetivada;09/02/2026 18:00:07;14/02/2026 06:06:14;18/02/2026;5;R$ 340,31;R$ 2.824,27;R$ 1.701,53;EXPRESSO;-;"=""86123360159 - VERONICA ISSI SIMOES BASTOS"""
"=""66503221487""";EDILSON MARCELO ROCHA;PESSOA FISICA;IPVA;"=""2301433022262""";"=""20260000000929""";13712420;244;Efetivada;06/02/2026 12:54:46;09/02/2026 18:07:26;13/02/2026;5;R$ 317,88;R$ 2.905,57;R$ 1.589,42;EXPRESSO;-;"=""86123360159 - VERONICA ISSI SIMOES BASTOS"""
"=""66503221487""";EDILSON MARCELO ROCHA;PESSOA FISICA;IPVA;"=""2372205022283""";"=""20260000000930""";13712411;244;Efetivada;06/02/2026 12:54:46;09/02/2026 18:07:33;13/02/2026;6;R$ 339,40;R$ 3.407,47;R$ 2.036,40;EXPRESSO;-;"=""86123360159 - VERONICA ISSI SIMOES BASTOS"""
"=""67688560659""";GUSTAVO FLUMIAN ARCAS PLAZZA;PESSOA FISICA;ICMS;"=""4011902480372""";"=""20260000005085""";13958593;1007;Efetivada;10/03/2026 13:38:21;11/03/2026 18:10:30;17/03/2026;60;R$ 581,36;R$ 116.271,28;R$ 34.881,38;EXPRESSO;-;"=""70458480134 - RENATA VITORIA BONIFACIO E SOUZA"""
"=""69033730120""";EDUARDO A RIBEIRO DE SOUZA;PESSOA FISICA;IPVA;"=""2288411022200""";"=""20260000006626""";14178095;1237;Efetivada;24/04/2026 15:29:12;25/04/2026 12:03:20;30/04/2026;1;R$ 529,65;R$ 979,48;R$ 529,65;EXPRESSO;-;"=""70458480134 - RENATA VITORIA BONIFACIO E SOUZA"""
"=""69205841153""";DANIEL DOS REIS LEÃO;PESSOA FISICA;ITCD;"=""4012101426114""";"=""20260000005776""";14023830;1113;Efetivada;23/03/2026 14:05:50;30/03/2026 12:01:52;30/03/2026;5;R$ 320,00;R$ 3.727,36;R$ 1.600,00;STT;"=""05276651183 - LUIZA HELENA LIMA ALVARENGA""";Não atribuído
"=""69257043134""";DAVI EINSTEIN MELGES ARNAUT;PESSOA FISICA;ITCD;"=""3035533371880""";"=""20260000005355""";13985990;1053;Efetivada;13/03/2026 18:12:43;16/03/2026 18:10:42;20/03/2026;12;R$ 6.427,08;R$ 234.485,53;R$ 77.124,97;EXPRESSO;-;"=""70458480134 - RENATA VITORIA BONIFACIO E SOUZA"""
"=""69282285120""";DINA DIVINA LEAL BRAS;PESSOA FISICA;IPVA;"=""2347598722250""";"=""20260000006212""";14068095;1167;Efetivada;31/03/2026 10:41:20;01/04/2026 17:52:19;31/03/2026;1;R$ 110,43;R$ 188,81;R$ 110,43;STT;"=""03447962135 - LUCAS CARDOSO FRANCO""";Não atribuído
"=""69282285120""";DINA DIVINA LEAL BRAS;PESSOA FISICA;IPVA;"=""2290272922241""";"=""20260000006211""";14068087;1167;Efetivada;31/03/2026 10:41:20;01/04/2026 17:55:16;31/03/2026;1;R$ 87,66;R$ 161,30;R$ 87,66;STT;"=""03447962135 - LUCAS CARDOSO FRANCO""";Não atribuído
"=""69308730125""";PABLO TEIXEIRA DA SILVA;PESSOA FISICA;IPVA;"=""2391774422290""";"=""20260000006770""";14200082;1255;Efetivada;30/04/2026 12:07:15;01/05/2026 12:03:06;30/04/2026;5;R$ 346,79;R$ 2.924,09;R$ 1.733,97;STT;"=""03279141141 - VANESSA FRANCO DE OLIVEIRA""";Não atribuído
"=""69308730125""";PABLO TEIXEIRA DA SILVA;PESSOA FISICA;IPVA;"=""2318840622204""";"=""20260000006769""";14200074;1255;Efetivada;30/04/2026 12:07:15;01/05/2026 12:03:13;30/04/2026;5;R$ 302,57;R$ 2.778,12;R$ 1.512,84;STT;"=""03279141141 - VANESSA FRANCO DE OLIVEIRA""";Não atribuído
"=""69474338191""";HELIOMAR DE ALMEIDA VASCONCELOS;PESSOA FISICA;IPVA;"=""2338765322282""";"=""20260000001511""";13764080;368;Efetivada;11/02/2026 10:33:41;12/02/2026 18:09:00;18/02/2026;1;R$ 700,65;R$ 1.162,96;R$ 700,65;EXPRESSO;-;"=""00001288130 - JOILSON JOSE DA SILVA"""
"=""69536538172""";ANTONIO VILLELA DE FARIA;PESSOA FISICA;IPVA;"=""2328839622260""";"=""20260000002365""";13818562;562;Efetivada;20/02/2026 08:11:36;20/02/2026 18:06:38;27/02/2026;4;R$ 330,11;R$ 2.389,79;R$ 1.320,45;EXPRESSO;-;"=""70458480134 - RENATA VITORIA BONIFACIO E SOUZA"""
"=""69536538172""";ANTONIO VILLELA DE FARIA;PESSOA FISICA;IPVA;"=""2337622522263""";"=""20260000002364""";13818570;562;Efetivada;20/02/2026 08:11:36;20/02/2026 18:06:44;27/02/2026;5;R$ 344,94;R$ 2.862,68;R$ 1.724,68;EXPRESSO;-;"=""70458480134 - RENATA VITORIA BONIFACIO E SOUZA"""
"=""69757178187""";ILMA AMELIA BARBOSA GABRIEL;PESSOA FISICA;ITCD;"=""4012200945632""";"=""20260000001152""";13756990;283;Efetivada;09/02/2026 10:32:31;12/02/2026 12:07:14;18/02/2026;1;R$ 5.142,88;R$ 17.142,94;R$ 5.142,88;EXPRESSO;-;"=""86123360159 - VERONICA ISSI SIMOES BASTOS"""
"=""69882533191""";DANILO NASCIMENTO NUNES;PESSOA FISICA;ICMS;"=""4011800794297""";"=""20260000007919""";14290723;1340;Efetivada;25/05/2026 13:55:49;26/05/2026 18:07:59;29/05/2026;5;R$ 578,00;R$ 9.619,65;R$ 2.890,00;EXPRESSO;-;"=""86123360159 - VERONICA ISSI SIMOES BASTOS"""
"=""70047735155""";LUIZ GUSTAVO DA SILVA NEVES;PESSOA FISICA;IPVA;"=""2015369122207""";"=""20260000005057""";13953818;1005;Efetivada;10/03/2026 11:53:47;09/04/2026 12:50:56;17/03/2026;1;R$ 107,28;R$ 206,77;R$ 107,28;STT;"=""03447962135 - LUCAS CARDOSO FRANCO""";Não atribuído
"=""70047735155""";LUIZ GUSTAVO DA SILVA NEVES;PESSOA FISICA;IPVA;"=""2077286122242""";"=""20260000005058""";13953800;1005;Efetivada;10/03/2026 11:53:47;09/04/2026 12:50:56;17/03/2026;1;R$ 105,62;R$ 197,08;R$ 105,62;STT;"=""03447962135 - LUCAS CARDOSO FRANCO""";Não atribuído
"=""70047735155""";LUIZ GUSTAVO DA SILVA NEVES;PESSOA FISICA;IPVA;"=""2279885122249""";"=""20260000005059""";13953834;1005;Efetivada;10/03/2026 11:53:47;09/04/2026 12:50:56;17/03/2026;1;R$ 103,10;R$ 189,70;R$ 103,10;STT;"=""03447962135 - LUCAS CARDOSO FRANCO""";Não atribuído
"=""70047735155""";LUIZ GUSTAVO DA SILVA NEVES;PESSOA FISICA;IPVA;"=""2348234622231""";"=""20260000005060""";13953826;1005;Efetivada;10/03/2026 11:53:47;09/04/2026 12:50:57;17/03/2026;1;R$ 133,50;R$ 228,25;R$ 133,50;STT;"=""03447962135 - LUCAS CARDOSO FRANCO""";Não atribuído
"=""70057746125""";BRUNNO GOMES DE SOUZA;PESSOA FISICA;IPVA;"=""2335681522200""";"=""20260000005347""";13982010;1050;Efetivada;13/03/2026 11:36:29;23/03/2026 06:02:02;20/03/2026;2;R$ 350,33;R$ 1.171,37;R$ 700,65;EXPRESSO;-;"=""70458480134 - RENATA VITORIA BONIFACIO E SOUZA"""
"=""70129796158""";EVERALDO SANTANA LOPES;PESSOA FISICA;IPVA;"=""2312081422265""";"=""20260000003043""";13854046;680;Efetivada;24/02/2026 14:57:59;25/02/2026 06:11:38;27/02/2026;1;R$ 645,09;R$ 1.172,06;R$ 645,09;EXPRESSO;-;"=""86123360159 - VERONICA ISSI SIMOES BASTOS"""
"=""70209453176""";ANDRESSA OLIVEIRA SOUZA;PESSOA FISICA;IPVA;"=""2341588322293""";"=""20260000001921""";13784471;459;Efetivada;13/02/2026 11:05:37;18/02/2026 06:08:35;20/02/2026;1;R$ 161,25;R$ 273,76;R$ 161,25;EXPRESSO;-;"=""70458480134 - RENATA VITORIA BONIFACIO E SOUZA"""
"=""70265869129""";CRISTOFFER WILLIAN RODRIGUES SILVA;PESSOA FISICA;IPVA;"=""2338676422290""";"=""20260000000575""";13808729;183;Efetivada;05/02/2026 10:40:30;25/03/2026 15:32:03;25/02/2026;3;R$ 497,08;R$ 2.475,20;R$ 1.491,23;EXPRESSO;-;"=""86123360159 - VERONICA ISSI SIMOES BASTOS"""
"=""70391857177""";NATALIA SOUZA ALVES;PESSOA FISICA;IPVA;"=""2277789822247""";"=""20260000000474""";13672223;162;Efetivada;04/02/2026 16:10:53;11/02/2026 18:01:23;11/02/2026;1;R$ 623,29;R$ 1.139,41;R$ 623,29;STT;"=""13670181709 - LARISSA BELTRAO DE CARVALHO""";Não atribuído
"=""70422943193""";WILHIAN DIAS DE OLIVEIRA;PESSOA FISICA;IPVA;"=""2348930722200""";"=""20260000000227""";13679899;116;Efetivada;03/02/2026 18:21:57;10/02/2026 18:02:15;10/02/2026;4;R$ 369,59;R$ 2.509,88;R$ 1.478,35;EXPRESSO;-;"=""86123360159 - VERONICA ISSI SIMOES BASTOS"""
"=""70432521135""";LUIZ HENRIQUE DOURADO DA SILVA;PESSOA FISICA;IPVA;"=""2307872322243""";"=""20260000005361""";13986546;1056;Efetivada;16/03/2026 09:42:19;23/03/2026 06:02:09;23/03/2026;2;R$ 413,83;R$ 1.522,95;R$ 827,66;STT;"=""03279141141 - VANESSA FRANCO DE OLIVEIRA""";Não atribuído
"=""70432521135""";LUIZ HENRIQUE DOURADO DA SILVA;PESSOA FISICA;IPVA;"=""2362749422289""";"=""20260000005362""";13986538;1056;Efetivada;16/03/2026 09:42:19;23/03/2026 06:02:09;23/03/2026;3;R$ 345,73;R$ 1.760,63;R$ 1.037,18;STT;"=""03279141141 - VANESSA FRANCO DE OLIVEIRA""";Não atribuído
"=""70459784137""";DIEGO OLIVEIRA CAMARGO DECICINO;PESSOA FISICA;IPVA;"=""2375927422206""";"=""20260000000247""";13678183;122;Efetivada;03/02/2026 19:47:00;05/02/2026 12:05:57;10/02/2026;2;R$ 368,79;R$ 1.234,18;R$ 737,58;EXPRESSO;-;"=""86123360159 - VERONICA ISSI SIMOES BASTOS"""
"=""70462038149""";IRSI LUIZA DA SILVA OLIVEIRA;PESSOA FISICA;IPVA;"=""2393632322209""";"=""20260000002768""";13837320;631;Efetivada;23/02/2026 12:17:51;28/02/2026 06:02:14;27/02/2026;1;R$ 905,44;R$ 1.502,88;R$ 905,44;EXPRESSO;-;Não atribuído
"=""70462038149""";IRSI LUIZA DA SILVA OLIVEIRA;PESSOA FISICA;IPVA;"=""2184775122201""";"=""20260000002766""";13837338;631;Efetivada;23/02/2026 12:17:51;28/02/2026 06:02:15;27/02/2026;1;R$ 788,89;R$ 1.458,86;R$ 788,89;EXPRESSO;-;Não atribuído
"=""70462038149""";IRSI LUIZA DA SILVA OLIVEIRA;PESSOA FISICA;IPVA;"=""2320577222273""";"=""20260000002767""";13837311;631;Efetivada;23/02/2026 12:17:51;28/02/2026 06:02:20;27/02/2026;1;R$ 747,83;R$ 1.353,46;R$ 747,83;EXPRESSO;-;Não atribuído
"=""70462038149""";IRSI LUIZA DA SILVA OLIVEIRA;PESSOA FISICA;IPVA;"=""2049641222223""";"=""20260000002765""";13837346;631;Efetivada;23/02/2026 12:17:51;28/02/2026 06:02:22;27/02/2026;1;R$ 829,05;R$ 1.559,57;R$ 829,05;EXPRESSO;-;Não atribuído
"=""70468437169""";PEDRO AUGUSTO LEMES SOARES;PESSOA FISICA;IPVA;"=""2061020822297""";"=""20260000000209""";13664581;112;Efetivada;03/02/2026 17:52:45;04/02/2026 18:04:46;10/02/2026;1;R$ 118,62;R$ 219,90;R$ 118,62;EXPRESSO;-;"=""86123360159 - VERONICA ISSI SIMOES BASTOS"""
"=""70468437169""";PEDRO AUGUSTO LEMES SOARES;PESSOA FISICA;IPVA;"=""2367550822268""";"=""20260000000210""";13664590;112;Efetivada;03/02/2026 17:52:45;04/02/2026 18:04:46;10/02/2026;1;R$ 144,60;R$ 243,72;R$ 144,60;EXPRESSO;-;"=""86123360159 - VERONICA ISSI SIMOES BASTOS"""
"=""70600445151""";THAYNARA SOUZA MOREIRA;PESSOA FISICA;IPVA;"=""2389406822222""";"=""20260000001064""";13712543;261;Efetivada;06/02/2026 18:15:12;09/02/2026 18:07:46;13/02/2026;1;R$ 251,31;R$ 420,51;R$ 251,31;EXPRESSO;-;"=""86123360159 - VERONICA ISSI SIMOES BASTOS"""
"=""70600445151""";THAYNARA SOUZA MOREIRA;PESSOA FISICA;IPVA;"=""2331895322293""";"=""20260000001063""";13712551;261;Efetivada;06/02/2026 18:15:12;09/02/2026 18:07:53;13/02/2026;1;R$ 205,05;R$ 372,56;R$ 205,05;EXPRESSO;-;"=""86123360159 - VERONICA ISSI SIMOES BASTOS"""
"=""70606679111""";ANTONIO BENJAMIM RABELO DOS REIS MAGALHAES;PESSOA FISICA;IPVA;"=""2325012822200""";"=""20260000001763""";13767720;433;Efetivada;12/02/2026 15:21:23;18/02/2026 18:03:25;19/02/2026;1;R$ 313,26;R$ 566,95;R$ 313,26;EXPRESSO;-;Não atribuído
"=""70606902120""";MURYELLY CASSIA DE MELO SILVA;PESSOA FISICA;IPVA;"=""2376232122288""";"=""20260000006181""";14063301;1161;Efetivada;30/03/2026 14:52:10;09/04/2026 12:51:03;31/03/2026;1;R$ 172,35;R$ 290,45;R$ 172,35;STT;"=""86123360159 - VERONICA ISSI SIMOES BASTOS""";Não atribuído
"=""70692350110""";GABRIELA OLIVEIRA FONSECA;PESSOA FISICA;IPVA;"=""2393602022231""";"=""20260000003440""";13870050;731;Efetivada;25/02/2026 16:03:40;27/02/2026 18:06:22;27/02/2026;1;R$ 172,35;R$ 286,06;R$ 172,35;EXPRESSO;-;"=""70458480134 - RENATA VITORIA BONIFACIO E SOUZA"""
"=""70692350110""";GABRIELA OLIVEIRA FONSECA;PESSOA FISICA;IPVA;"=""2321009022280""";"=""20260000003439""";13870041;731;Efetivada;25/02/2026 16:03:40;27/02/2026 18:06:30;27/02/2026;1;R$ 139,35;R$ 252,20;R$ 139,35;EXPRESSO;-;"=""70458480134 - RENATA VITORIA BONIFACIO E SOUZA"""
"=""70874832187""";FABIOLA FREITAS DE OLIVEIRA;PESSOA FISICA;IPVA;"=""2319187522244""";"=""20260000001947""";13777920;465;Efetivada;13/02/2026 11:55:51;13/02/2026 18:12:34;20/02/2026;6;R$ 332,99;R$ 3.615,87;R$ 1.997,91;STT;"=""37486381168 - RONE FERNANDES SANTANA MELO""";Não atribuído
"=""70874832187""";FABIOLA FREITAS DE OLIVEIRA;PESSOA FISICA;IPVA;"=""2392029522210""";"=""20260000001948""";13777939;465;Efetivada;13/02/2026 11:55:51;13/02/2026 18:12:40;20/02/2026;9;R$ 307,49;R$ 4.593,43;R$ 2.767,40;STT;"=""37486381168 - RONE FERNANDES SANTANA MELO""";Não atribuído
"=""70923827188""";THAIS FREIRE CUNHA;PESSOA FISICA;IPVA;"=""2382275122276""";"=""20260000000306""";13681974;130;Efetivada;04/02/2026 10:09:09;09/02/2026 18:03:45;11/02/2026;5;R$ 309,17;R$ 2.586,61;R$ 1.545,83;EXPRESSO;-;"=""86123360159 - VERONICA ISSI SIMOES BASTOS"""
"=""71006710191""";WALESKA DOS REIS LEÃO;PESSOA FISICA;ITCD;"=""4012101426033""";"=""20260000005778""";14023865;1114;Efetivada;23/03/2026 14:07:27;30/03/2026 12:01:59;30/03/2026;4;R$ 330,60;R$ 3.080,64;R$ 1.322,40;STT;"=""05276651183 - LUIZA HELENA LIMA ALVARENGA""";Não atribuído
"=""71062750187""";THALITA SASSE FROES;PESSOA FISICA;IPVA;"=""2265353022207""";"=""20260000002144""";13796640;510;Efetivada;18/02/2026 09:20:01;19/02/2026 12:06:01;25/02/2026;1;R$ 2.022,83;R$ 3.697,90;R$ 2.022,83;EXPRESSO;-;Não atribuído
"=""71141022168""";WESLEY OLIVEIRA AGUIAR;PESSOA FISICA;IPVA;"=""2360016922283""";"=""20260000002285""";13810901;547;Efetivada;19/02/2026 13:42:18;25/02/2026 18:02:14;26/02/2026;2;R$ 333,29;R$ 1.123,50;R$ 666,57;STT;"=""13670181709 - LARISSA BELTRAO DE CARVALHO""";"=""00001288130 - JOILSON JOSE DA SILVA"""
"=""71267719168""";FERNANDO LOURENCO DE SOUZA;PESSOA FISICA;IPVA;"=""2335809222267""";"=""20260000000642""";13683594;193;Efetivada;05/02/2026 12:15:36;06/02/2026 18:05:57;12/02/2026;1;R$ 1.190,63;R$ 1.976,26;R$ 1.190,63;STT;"=""00001288130 - JOILSON JOSE DA SILVA""";Não atribuído
"=""71280596104""";KAROLINE OTAVIANO ALEXANDRE DE SOUZA ;PESSOA FISICA;IPVA;"=""2371425822221""";"=""20260000004798""";13934112;949;Efetivada;06/03/2026 14:15:34;07/03/2026 06:11:13;13/03/2026;1;R$ 874,71;R$ 1.474,11;R$ 874,71;STT;"=""05276651183 - LUIZA HELENA LIMA ALVARENGA""";Não atribuído
"=""71335129120""";ORLANDO ALVES PIMENTA NETO;PESSOA FISICA;IPVA;"=""2305754922228""";"=""20260000002477""";13826123;585;Efetivada;20/02/2026 17:15:56;23/02/2026 18:06:32;27/02/2026;1;R$ 490,74;R$ 897,09;R$ 490,74;STT;"=""13670181709 - LARISSA BELTRAO DE CARVALHO""";Não atribuído
"=""71335129120""";ORLANDO ALVES PIMENTA NETO;PESSOA FISICA;IPVA;"=""2319040022286""";"=""20260000002478""";13826131;585;Efetivada;20/02/2026 17:15:56;23/02/2026 18:06:39;27/02/2026;1;R$ 1.100,18;R$ 1.991,13;R$ 1.100,18;STT;"=""13670181709 - LARISSA BELTRAO DE CARVALHO""";Não atribuído
"=""71335129120""";ORLANDO ALVES PIMENTA NETO;PESSOA FISICA;IPVA;"=""2354980922207""";"=""20260000002479""";13826140;585;Efetivada;20/02/2026 17:15:56;23/02/2026 18:06:39;27/02/2026;1;R$ 589,56;R$ 993,70;R$ 589,56;STT;"=""13670181709 - LARISSA BELTRAO DE CARVALHO""";Não atribuído
"=""71335129120""";ORLANDO ALVES PIMENTA NETO;PESSOA FISICA;IPVA;"=""2045512022250""";"=""20260000002472""";13826166;585;Efetivada;20/02/2026 17:15:56;23/02/2026 18:06:46;27/02/2026;1;R$ 306,79;R$ 578,58;R$ 306,79;STT;"=""13670181709 - LARISSA BELTRAO DE CARVALHO""";Não atribuído
"=""71335129120""";ORLANDO ALVES PIMENTA NETO;PESSOA FISICA;IPVA;"=""2178861022240""";"=""20260000002476""";13826158;585;Efetivada;20/02/2026 17:15:56;23/02/2026 18:06:46;27/02/2026;1;R$ 1.101,30;R$ 2.036,56;R$ 1.101,30;STT;"=""13670181709 - LARISSA BELTRAO DE CARVALHO""";Não atribuído
"=""71335129120""";ORLANDO ALVES PIMENTA NETO;PESSOA FISICA;IPVA;"=""2048676522209""";"=""20260000002473""";13826174;585;Efetivada;20/02/2026 17:15:56;23/02/2026 18:06:53;27/02/2026;1;R$ 1.159,56;R$ 2.181,31;R$ 1.159,56;STT;"=""13670181709 - LARISSA BELTRAO DE CARVALHO""";Não atribuído
"=""71335129120""";ORLANDO ALVES PIMENTA NETO;PESSOA FISICA;IPVA;"=""2097116522244""";"=""20260000002474""";13826182;585;Efetivada;20/02/2026 17:15:56;23/02/2026 18:06:53;27/02/2026;1;R$ 521,17;R$ 966,25;R$ 521,17;STT;"=""13670181709 - LARISSA BELTRAO DE CARVALHO""";Não atribuído
"=""71335129120""";ORLANDO ALVES PIMENTA NETO;PESSOA FISICA;IPVA;"=""2022931722251""";"=""20260000002471""";13826204;585;Efetivada;20/02/2026 17:15:56;23/02/2026 18:07:00;27/02/2026;1;R$ 548,81;R$ 1.048,45;R$ 548,81;STT;"=""13670181709 - LARISSA BELTRAO DE CARVALHO""";Não atribuído
"=""71335129120""";ORLANDO ALVES PIMENTA NETO;PESSOA FISICA;IPVA;"=""2103147422207""";"=""20260000002475""";13826190;585;Efetivada;20/02/2026 17:15:56;23/02/2026 18:07:00;27/02/2026;1;R$ 292,95;R$ 542,20;R$ 292,95;STT;"=""13670181709 - LARISSA BELTRAO DE CARVALHO""";Não atribuído
"=""71355790115""";ALESSANDRO JACINTO SILVESTRE;PESSOA FISICA;IPVA;"=""2274529922271""";"=""20260000004397""";13915266;878;Efetivada;04/03/2026 09:42:44;05/03/2026 06:08:57;11/03/2026;1;R$ 1.083,51;R$ 1.993,73;R$ 1.083,51;EXPRESSO;-;"=""70458480134 - RENATA VITORIA BONIFACIO E SOUZA"""
"=""71477918191""";MALENILZA LUIZ BENTO FRANCA;PESSOA FISICA;IPVA;"=""2066274622290""";"=""20260000004646""";13925091;921;Efetivada;05/03/2026 12:10:13;09/03/2026 12:06:19;12/03/2026;2;R$ 591,31;R$ 2.206,81;R$ 1.182,61;EXPRESSO;-;"=""70458480134 - RENATA VITORIA BONIFACIO E SOUZA"""
"=""71477918191""";MALENILZA LUIZ BENTO FRANCA;PESSOA FISICA;IPVA;"=""2266712622264""";"=""20260000004647""";13925113;921;Efetivada;05/03/2026 12:10:13;09/03/2026 12:06:25;12/03/2026;2;R$ 524,19;R$ 1.929,07;R$ 1.048,37;EXPRESSO;-;"=""70458480134 - RENATA VITORIA BONIFACIO E SOUZA"""
"=""71477918191""";MALENILZA LUIZ BENTO FRANCA;PESSOA FISICA;IPVA;"=""2342625222224""";"=""20260000004648""";13925105;921;Efetivada;05/03/2026 12:10:13;09/03/2026 12:06:26;12/03/2026;2;R$ 728,87;R$ 2.492,35;R$ 1.457,73;EXPRESSO;-;"=""70458480134 - RENATA VITORIA BONIFACIO E SOUZA"""
"=""71477918191""";MALENILZA LUIZ BENTO FRANCA;PESSOA FISICA;IPVA;"=""2013350822207""";"=""20260000004645""";13925083;921;Efetivada;05/03/2026 12:10:13;09/03/2026 12:06:32;12/03/2026;2;R$ 625,22;R$ 2.416,21;R$ 1.250,43;EXPRESSO;-;"=""70458480134 - RENATA VITORIA BONIFACIO E SOUZA"""
"=""71684271134""";VOLNEY TEIXEIRA FREIRE REIS;PESSOA FISICA;IPVA;"=""2382417722227""";"=""20260000001995""";13784811;475;Efetivada;13/02/2026 14:47:02;18/02/2026 06:09:13;20/02/2026;1;R$ 294,39;R$ 492,58;R$ 294,39;EXPRESSO;-;"=""70458480134 - RENATA VITORIA BONIFACIO E SOUZA"""
"=""71732764115""";ANA SOFIA ALVES PAIVA;PESSOA FISICA;IPVA;"=""2387835522208""";"=""20260000004908""";13944606;975;Efetivada;09/03/2026 10:55:52;23/04/2026 18:31:28;16/03/2026;1;R$ 4.340,85;R$ 7.315,54;R$ 4.340,85;EXPRESSO;-;"=""70458480134 - RENATA VITORIA BONIFACIO E SOUZA"""
"=""71801430144""";ELIZA BARBOSA NUNES;PESSOA FISICA;IPVA;"=""2056558022274""";"=""20260000001296""";13757750;319;Efetivada;10/02/2026 07:07:21;13/02/2026 06:07:12;18/02/2026;1;R$ 594,52;R$ 1.102,24;R$ 594,52;EXPRESSO;-;"=""86123360159 - VERONICA ISSI SIMOES BASTOS"""
"=""71801430144""";ELIZA BARBOSA NUNES;PESSOA FISICA;IPVA;"=""2350448522299""";"=""20260000001297""";13757768;319;Efetivada;10/02/2026 07:07:21;13/02/2026 06:07:18;18/02/2026;1;R$ 669,42;R$ 1.136,51;R$ 669,42;EXPRESSO;-;"=""86123360159 - VERONICA ISSI SIMOES BASTOS"""
"=""71905383134""";LARA MARQUEZ MACHADO LOUZA SALLUM;PESSOA FISICA;IPVA;"=""2266997922202""";"=""20260000004942""";13947788;985;Efetivada;09/03/2026 15:36:54;09/04/2026 12:50:56;16/03/2026;1;R$ 702,64;R$ 1.292,91;R$ 702,64;STT;"=""03279141141 - VANESSA FRANCO DE OLIVEIRA""";Não atribuído
"=""71905383134""";LARA MARQUEZ MACHADO LOUZA SALLUM;PESSOA FISICA;IPVA;"=""2354609022244""";"=""20260000004943""";13947796;985;Efetivada;09/03/2026 15:36:54;09/04/2026 12:50:56;16/03/2026;1;R$ 854,63;R$ 1.450,75;R$ 854,63;STT;"=""03279141141 - VANESSA FRANCO DE OLIVEIRA""";Não atribuído
"=""72357568100""";GABRIELLA BORGES RORIZ;PESSOA FISICA;IPVA;"=""2316883422243""";"=""20260000004961""";13948652;988;Efetivada;09/03/2026 16:33:19;13/03/2026 18:05:41;16/03/2026;2;R$ 429,13;R$ 1.563,60;R$ 858,26;STT;"=""02690358182 - JANERSON DOUGLAS DOS SANTOS""";Não atribuído
"=""72558679104""";HAUAD ALLA KAMAL HAMID;PESSOA FISICA;ICMS;"=""4011802649782""";"=""20260000006832""";14213907;1267;Efetivada;04/05/2026 16:58:50;11/05/2026 18:00:06;11/05/2026;145;R$ 601,51;R$ 290.729,55;R$ 87.218,86;EXPRESSO;-;"=""70458480134 - RENATA VITORIA BONIFACIO E SOUZA"""
"=""72890754120""";JESSICA DIAS ALVES;PESSOA FISICA;IPVA;"=""2284991822204""";"=""20260000006253""";14102870;1178;Efetivada;07/04/2026 06:58:16;23/04/2026 09:39:04;14/04/2026;1;R$ 841,14;R$ 1.555,53;R$ 841,14;EXPRESSO;-;"=""70458480134 - RENATA VITORIA BONIFACIO E SOUZA"""
"=""72890754120""";JESSICA DIAS ALVES;PESSOA FISICA;IPVA;"=""2382869522200""";"=""20260000006254""";14102889;1178;Efetivada;07/04/2026 06:58:16;23/04/2026 09:39:04;14/04/2026;1;R$ 989,76;R$ 1.682,39;R$ 989,76;EXPRESSO;-;"=""70458480134 - RENATA VITORIA BONIFACIO E SOUZA"""
"=""73047180130""";DIEGO SILVA VIEIRA;PESSOA FISICA;IPVA;"=""2392194222200""";"=""20260000006955""";14242885;1290;Efetivada;12/05/2026 08:53:35;19/05/2026 18:00:33;19/05/2026;7;R$ 323,54;R$ 3.848,84;R$ 2.264,78;STT;"=""70458480134 - RENATA VITORIA BONIFACIO E SOUZA""";Não atribuído
"=""73047180130""";DIEGO SILVA VIEIRA;PESSOA FISICA;IPVA;"=""2319186622253""";"=""20260000006954""";14242877;1290;Efetivada;12/05/2026 08:53:35;19/05/2026 18:00:40;19/05/2026;5;R$ 321,74;R$ 2.975,22;R$ 1.608,72;STT;"=""70458480134 - RENATA VITORIA BONIFACIO E SOUZA""";Não atribuído
"=""73047180130""";DIEGO SILVA VIEIRA;PESSOA FISICA;IPVA;"=""2180361522210""";"=""20260000006970""";14249669;1293;Efetivada;13/05/2026 00:02:10;20/05/2026 18:00:26;20/05/2026;1;R$ 546,23;R$ 1.031,73;R$ 546,23;EXPRESSO;-;"=""00001288130 - JOILSON JOSE DA SILVA"""
"=""73561983120""";LUCIANO MARCIO PERES;PESSOA FISICA;IPVA;"=""2335507222299""";"=""20260000001286""";13757709;316;Efetivada;09/02/2026 22:00:24;18/02/2026 18:02:40;18/02/2026;2;R$ 314,91;R$ 1.045,39;R$ 629,82;EXPRESSO;-;"=""86123360159 - VERONICA ISSI SIMOES BASTOS"""
"=""73567280104""";ELICARDE JUNIOR DE SOUZA;PESSOA FISICA;IPVA;"=""2289517822267""";"=""20260000002080""";13794060;497;Efetivada;15/02/2026 17:25:58;18/02/2026 06:09:50;20/02/2026;1;R$ 83,07;R$ 151,85;R$ 83,07;EXPRESSO;-;"=""70458480134 - RENATA VITORIA BONIFACIO E SOUZA"""
"=""73656569134""";HELEN CRISTINA RODOVALHO DE SOUZA;PESSOA FISICA;IPVA;"=""2339039422238""";"=""20260000001095""";13712640;270;Efetivada;07/02/2026 10:49:08;13/02/2026 18:04:00;13/02/2026;2;R$ 319,03;R$ 1.059,05;R$ 638,05;EXPRESSO;-;"=""86123360159 - VERONICA ISSI SIMOES BASTOS"""
"=""73656569134""";HELEN CRISTINA RODOVALHO DE SOUZA;PESSOA FISICA;IPVA;"=""2329811422230""";"=""20260000001096""";13712659;270;Efetivada;07/02/2026 10:49:08;13/02/2026 18:04:00;13/02/2026;1;R$ 521,33;R$ 943,51;R$ 521,33;EXPRESSO;-;"=""86123360159 - VERONICA ISSI SIMOES BASTOS"""
"=""73807397191""";SARAH SOARES CASTRO EUZEBIO;PESSOA FISICA;IPVA;"=""2366826822293""";"=""20260000002146""";13796704;511;Efetivada;18/02/2026 09:25:00;23/02/2026 12:05:01;25/02/2026;1;R$ 250,83;R$ 422,78;R$ 250,83;STT;"=""13670181709 - LARISSA BELTRAO DE CARVALHO""";Não atribuído
"=""74150693315""";MARCOS GOMES DA SILVA NETO;PESSOA FISICA;IPVA;"=""2183761522280""";"=""20260000004828""";13942441;957;Efetivada;07/03/2026 09:33:20;09/04/2026 12:50:55;13/03/2026;1;R$ 497,75;R$ 925,69;R$ 497,75;EXPRESSO;-;"=""70458480134 - RENATA VITORIA BONIFACIO E SOUZA"""
"=""74150693315""";MARCOS GOMES DA SILVA NETO;PESSOA FISICA;IPVA;"=""2329739722202""";"=""20260000006342""";14128837;1195;Efetivada;13/04/2026 08:52:02;20/04/2026 12:00:33;20/04/2026;1;R$ 464,99;R$ 853,88;R$ 464,99;EXPRESSO;-;"=""70458480134 - RENATA VITORIA BONIFACIO E SOUZA"""
"=""75001047153""";MICAEL ROSINALDO DE LIMA SOUZA;PESSOA FISICA;IPVA;"=""2369223122260""";"=""20260000003991""";13892673;806;Efetivada;02/03/2026 11:11:01;02/03/2026 18:06:27;09/03/2026;2;R$ 425,42;R$ 1.444,30;R$ 850,83;EXPRESSO;-;Não atribuído
"=""75166194187""";GUILHERME HENRIQUE DA SILVA;PESSOA FISICA;IPVA;"=""2381433922202""";"=""20260000004848""";13942654;962;Efetivada;08/03/2026 17:50:13;09/04/2026 12:50:55;13/03/2026;1;R$ 856,56;R$ 1.443,52;R$ 856,56;EXPRESSO;-;"=""70458480134 - RENATA VITORIA BONIFACIO E SOUZA"""
"=""75431300172""";LEANDRO DUARTE DE MORAIS GUIMARAES;PESSOA FISICA;IPVA;"=""2336652122230""";"=""20260000003009""";13848798;672;Efetivada;24/02/2026 12:20:56;24/02/2026 18:12:43;27/02/2026;2;R$ 361,28;R$ 1.199,31;R$ 722,55;STT;"=""00001288130 - JOILSON JOSE DA SILVA""";Não atribuído
"=""76148580187""";LUCIANO ROSA DA SILVA;PESSOA FISICA;IPVA;"=""2350469522204""";"=""20260000000144""";13643681;86;Efetivada;03/02/2026 11:33:21;05/02/2026 18:00:38;10/02/2026;1;R$ 116,67;R$ 198,06;R$ 116,67;STT;"=""00001288130 - JOILSON JOSE DA SILVA""";Não atribuído
"=""76148580187""";LUCIANO ROSA DA SILVA;PESSOA FISICA;IPVA;"=""2272563722208""";"=""20260000000143""";13643690;86;Efetivada;03/02/2026 11:33:21;05/02/2026 18:00:39;10/02/2026;1;R$ 91,38;R$ 167,05;R$ 91,38;STT;"=""00001288130 - JOILSON JOSE DA SILVA""";Não atribuído
"=""76148580187""";LUCIANO ROSA DA SILVA;PESSOA FISICA;IPVA;"=""2016474722292""";"=""20260000000141""";13643703;86;Efetivada;03/02/2026 11:33:21;05/02/2026 18:00:45;10/02/2026;1;R$ 93,39;R$ 178,90;R$ 93,39;STT;"=""00001288130 - JOILSON JOSE DA SILVA""";Não atribuído
"=""76148580187""";LUCIANO ROSA DA SILVA;PESSOA FISICA;IPVA;"=""2070527022278""";"=""20260000000142""";13643673;86;Efetivada;03/02/2026 11:33:21;05/02/2026 18:00:45;10/02/2026;1;R$ 91,77;R$ 170,14;R$ 91,77;STT;"=""00001288130 - JOILSON JOSE DA SILVA""";Não atribuído
"=""77506561115""";TATIANA FÍGARO GONÇALVES DE CAMPOS;PESSOA FISICA;IPVA;"=""2361409122272""";"=""20260000000573""";13680692;182;Efetivada;05/02/2026 10:39:35;05/02/2026 12:07:35;12/02/2026;4;R$ 337,20;R$ 2.273,38;R$ 1.348,79;EXPRESSO;-;Não atribuído
"=""77542878115""";ROBERTA ADRIANA FRIES;PESSOA FISICA;IPVA;"=""2378241722230""";"=""20260000001721""";13775200;416;Efetivada;12/02/2026 11:51:33;13/02/2026 18:10:51;19/02/2026;1;R$ 419,43;R$ 701,82;R$ 419,43;EXPRESSO;-;"=""70458480134 - RENATA VITORIA BONIFACIO E SOUZA"""
"=""77863372100""";GIRLENE ALVES BARBOSA;PESSOA FISICA;IPVA;"=""2353743922213""";"=""20260000000878""";13698818;234;Efetivada;06/02/2026 11:30:22;13/02/2026 06:03:25;13/02/2026;1;R$ 532,87;R$ 898,16;R$ 532,87;STT;"=""00828686114 - GEOVANA REZENDE ABDON FRAGOSO OLIVEIRA""";Não atribuído
"=""78035520130""";ANDRE LUIZ DE FREITAS;PESSOA FISICA;IPVA;"=""2389366322240""";"=""20260000006889""";14227738;1278;Efetivada;07/05/2026 15:50:00;11/05/2026 12:01:54;14/05/2026;1;R$ 1.033,95;R$ 1.771,03;R$ 1.033,95;EXPRESSO;-;"=""70458480134 - RENATA VITORIA BONIFACIO E SOUZA"""
"=""78572053115""";JUAREZ GOMES FERREIRA;PESSOA FISICA;IPVA;"=""2326105522299""";"=""20260000000229""";13671545;117;Efetivada;03/02/2026 18:46:54;05/02/2026 18:04:46;10/02/2026;1;R$ 626,40;R$ 1.133,68;R$ 626,40;EXPRESSO;-;"=""86123360159 - VERONICA ISSI SIMOES BASTOS"""
"=""78572053115""";JUAREZ GOMES FERREIRA;PESSOA FISICA;IPVA;"=""2338787522250""";"=""20260000000230""";13671553;117;Efetivada;03/02/2026 18:46:54;05/02/2026 18:04:46;10/02/2026;1;R$ 680,36;R$ 1.129,28;R$ 680,36;EXPRESSO;-;"=""86123360159 - VERONICA ISSI SIMOES BASTOS"""
"=""78581281168""";LUCIANA GONCALVES TOLEDO;PESSOA FISICA;IPVA;"=""2049016422299""";"=""20260000001629""";13774093;393;Efetivada;11/02/2026 18:05:52;19/02/2026 06:03:58;18/02/2026;5;R$ 337,98;R$ 3.178,91;R$ 1.689,88;EXPRESSO;-;"=""70458480134 - RENATA VITORIA BONIFACIO E SOUZA"""
"=""78581281168""";LUCIANA GONCALVES TOLEDO;PESSOA FISICA;IPVA;"=""2182865422216""";"=""20260000001631""";13774360;394;Efetivada;11/02/2026 18:09:59;19/02/2026 06:04:10;18/02/2026;5;R$ 328,77;R$ 3.039,84;R$ 1.643,83;STT;"=""86123360159 - VERONICA ISSI SIMOES BASTOS""";"=""70458480134 - RENATA VITORIA BONIFACIO E SOUZA"""
"=""78581281168""";LUCIANA GONCALVES TOLEDO;PESSOA FISICA;IPVA;"=""2318202122215""";"=""20260000001633""";13774417;395;Efetivada;11/02/2026 18:13:29;19/02/2026 06:04:17;18/02/2026;5;R$ 322,56;R$ 2.918,85;R$ 1.612,78;EXPRESSO;-;"=""70458480134 - RENATA VITORIA BONIFACIO E SOUZA"""
"=""78807034115""";ANITA HELOISA DE P C C FLEURY;PESSOA FISICA;IPVA;"=""2357749122220""";"=""20260000004586""";13942395;907;Efetivada;05/03/2026 07:59:40;23/04/2026 18:30:23;12/03/2026;1;R$ 946,26;R$ 1.606,29;R$ 946,26;EXPRESSO;-;"=""70458480134 - RENATA VITORIA BONIFACIO E SOUZA"""
"=""79010741168""";RAQUEL CRISTINA CORREIA TELES;PESSOA FISICA;ICMS;"=""4012101428915""";"=""20260000001555""";13750240;375;Efetivada;11/02/2026 11:48:46;18/02/2026 18:01:30;18/02/2026;1;R$ 12.990,80;R$ 40.580,13;R$ 12.990,80;STT;"=""03279141141 - VANESSA FRANCO DE OLIVEIRA""";Não atribuído
"=""79069487187""";ANDREIA ANTONELI MARIANO;PESSOA FISICA;IPVA;"=""2321612522230""";"=""20260000004078""";13897470;824;Efetivada;02/03/2026 16:12:55;02/03/2026 18:08:10;09/03/2026;1;R$ 1.268,91;R$ 2.311,73;R$ 1.268,91;STT;"=""86123360159 - VERONICA ISSI SIMOES BASTOS""";Não atribuído
"=""79069487187""";ANDREIA ANTONELI MARIANO;PESSOA FISICA;IPVA;"=""2394395922222""";"=""20260000004079""";13897489;824;Efetivada;02/03/2026 16:12:55;02/03/2026 18:08:14;09/03/2026;1;R$ 1.535,13;R$ 2.566,47;R$ 1.535,13;STT;"=""86123360159 - VERONICA ISSI SIMOES BASTOS""";Não atribuído
"=""79506348120""";NILSON FRANCISCO DE SOUZA;PESSOA FISICA;IPVA;"=""2281026822270""";"=""20260000005317""";13977636;1044;Efetivada;13/03/2026 08:23:10;09/04/2026 12:50:59;20/03/2026;1;R$ 104,79;R$ 192,82;R$ 104,79;EXPRESSO;-;"=""70458480134 - RENATA VITORIA BONIFACIO E SOUZA"""
"=""79506348120""";NILSON FRANCISCO DE SOUZA;PESSOA FISICA;IPVA;"=""2348980922296""";"=""20260000005318""";13977628;1044;Efetivada;13/03/2026 08:23:10;09/04/2026 12:50:59;20/03/2026;1;R$ 135,93;R$ 232,41;R$ 135,93;EXPRESSO;-;"=""70458480134 - RENATA VITORIA BONIFACIO E SOUZA"""
"=""79653707191""";WERLLY RODRIGUES PEREIRA;PESSOA FISICA;IPVA;"=""2349234922217""";"=""20260000003965""";13891103;802;Efetivada;02/03/2026 09:00:16;03/03/2026 12:06:02;09/03/2026;1;R$ 704,78;R$ 1.205,00;R$ 704,78;EXPRESSO;-;"=""70458480134 - RENATA VITORIA BONIFACIO E SOUZA"""
"=""79733131172""";LARISSA MILHOMEM DE SOUSA SIQUEIRA;PESSOA FISICA;IPVA;"=""2288438522270""";"=""20260000005958""";14037254;1136;Efetivada;25/03/2026 09:09:36;30/03/2026 12:09:53;31/03/2026;2;R$ 424,87;R$ 1.563,59;R$ 849,74;EXPRESSO;-;"=""70458480134 - RENATA VITORIA BONIFACIO E SOUZA"""
"=""79733131172""";LARISSA MILHOMEM DE SOUSA SIQUEIRA;PESSOA FISICA;IPVA;"=""2347130922273""";"=""20260000005959""";14037262;1136;Efetivada;25/03/2026 09:09:36;30/03/2026 12:10:00;31/03/2026;2;R$ 591,68;R$ 2.023,24;R$ 1.183,35;EXPRESSO;-;"=""70458480134 - RENATA VITORIA BONIFACIO E SOUZA"""
"=""80048919187""";ANDERSON TAVARES SILVA;PESSOA FISICA;IPVA;"=""2333838322243""";"=""20260000004248""";13905937;848;Efetivada;03/03/2026 12:01:29;04/03/2026 06:06:27;10/03/2026;1;R$ 1.357,80;R$ 2.270,02;R$ 1.357,80;EXPRESSO;-;"=""70458480134 - RENATA VITORIA BONIFACIO E SOUZA"""
"=""80059023104""";JULIO FABIO FERREIRA DA SILVA;PESSOA FISICA;IPVA;"=""2382270322250""";"=""20260000000106""";13660381;64;Efetivada;02/02/2026 19:17:23;04/02/2026 18:03:27;09/02/2026;1;R$ 815,28;R$ 1.364,20;R$ 815,28;EXPRESSO;-;"=""86123360159 - VERONICA ISSI SIMOES BASTOS"""
"=""80068278187""";SIRLENE APARECIDA DOS SANTOS;PESSOA FISICA;IPVA;"=""2335911322216""";"=""20260000007907""";14290731;1337;Efetivada;25/05/2026 10:38:17;28/05/2026 06:07:34;29/05/2026;4;R$ 370,22;R$ 2.516,62;R$ 1.480,86;EXPRESSO;-;"=""00001288130 - JOILSON JOSE DA SILVA"""
"=""80410383104""";VALDELINA GEOVANE BARBOSA;PESSOA FISICA;Pena Pecuniária;"=""4011901974754""";"=""20260000002243""";13805460;535;Efetivada;19/02/2026 07:31:43;27/02/2026 12:00:14;26/02/2026;2;R$ 408,02;R$ 2.720,13;R$ 816,04;STT;"=""13670181709 - LARISSA BELTRAO DE CARVALHO""";Não atribuído
"=""80549381104""";ANTONIO FABRICIO DO ESPIRITO SANTO;PESSOA FISICA;IPVA;"=""2375081922282""";"=""20260000002414""";13826301;572;Efetivada;20/02/2026 14:23:27;25/02/2026 18:03:39;27/02/2026;2;R$ 428,23;R$ 1.433,09;R$ 856,46;STT;"=""03279141141 - VANESSA FRANCO DE OLIVEIRA""";"=""70458480134 - RENATA VITORIA BONIFACIO E SOUZA"""
"=""80549381104""";ANTONIO FABRICIO DO ESPIRITO SANTO;PESSOA FISICA;IPVA;"=""2307603622248""";"=""20260000002413""";13826298;572;Efetivada;20/02/2026 14:23:27;25/02/2026 18:03:45;27/02/2026;2;R$ 306,64;R$ 1.121,10;R$ 613,27;STT;"=""03279141141 - VANESSA FRANCO DE OLIVEIRA""";"=""70458480134 - RENATA VITORIA BONIFACIO E SOUZA"""
"=""80913822191""";NELIANA MATIAS DA COSTA;PESSOA FISICA;IPVA;"=""2276227822289""";"=""20260000005031""";13953524;1004;Efetivada;10/03/2026 11:07:39;11/03/2026 18:09:03;17/03/2026;2;R$ 445,86;R$ 1.636,12;R$ 891,72;EXPRESSO;-;"=""70458480134 - RENATA VITORIA BONIFACIO E SOUZA"""
"=""80913822191""";NELIANA MATIAS DA COSTA;PESSOA FISICA;IPVA;"=""2377560122207""";"=""20260000005032""";13953516;1004;Efetivada;10/03/2026 11:07:39;11/03/2026 18:09:04;17/03/2026;3;R$ 398,54;R$ 2.014,93;R$ 1.195,61;EXPRESSO;-;"=""70458480134 - RENATA VITORIA BONIFACIO E SOUZA"""
"=""81153538172""";ROSELANIA SANTOS ROSA CARDOSO;PESSOA FISICA;IPVA;"=""2314125722257""";"=""20260000002138""";13796364;509;Efetivada;18/02/2026 08:48:17;18/02/2026 18:08:54;25/02/2026;4;R$ 303,44;R$ 2.205,26;R$ 1.213,74;STT;"=""13670181709 - LARISSA BELTRAO DE CARVALHO""";Não atribuído
"=""81153538172""";ROSELANIA SANTOS ROSA CARDOSO;PESSOA FISICA;IPVA;"=""2386488322283""";"=""20260000002139""";13796356;509;Efetivada;18/02/2026 08:48:17;18/02/2026 18:09:00;25/02/2026;4;R$ 375,27;R$ 2.511,74;R$ 1.501,09;STT;"=""13670181709 - LARISSA BELTRAO DE CARVALHO""";Não atribuído
"=""81210647168""";TATIANA SUSSUARANA BATISTA CORDEIRO;PESSOA FISICA;IPVA;"=""2178936922285""";"=""20260000002071""";13798782;495;Efetivada;14/02/2026 21:39:42;18/02/2026 18:09:20;20/02/2026;1;R$ 530,16;R$ 980,39;R$ 530,16;EXPRESSO;-;"=""86123360159 - VERONICA ISSI SIMOES BASTOS"""
"=""81210647168""";TATIANA SUSSUARANA BATISTA CORDEIRO;PESSOA FISICA;IPVA;"=""2391983822259""";"=""20260000002073""";13798804;495;Efetivada;14/02/2026 21:39:42;18/02/2026 18:09:25;20/02/2026;1;R$ 917,88;R$ 1.523,52;R$ 917,88;EXPRESSO;-;"=""86123360159 - VERONICA ISSI SIMOES BASTOS"""
"=""81210647168""";TATIANA SUSSUARANA BATISTA CORDEIRO;PESSOA FISICA;IPVA;"=""2319088522262""";"=""20260000002072""";13798790;495;Efetivada;14/02/2026 21:39:42;18/02/2026 18:09:27;20/02/2026;1;R$ 519,44;R$ 940,08;R$ 519,44;EXPRESSO;-;"=""86123360159 - VERONICA ISSI SIMOES BASTOS"""
"=""81210647168""";TATIANA SUSSUARANA BATISTA CORDEIRO;PESSOA FISICA;IPVA;"=""2051744222228""";"=""20260000002070""";13798774;495;Efetivada;14/02/2026 21:39:42;18/02/2026 18:09:32;20/02/2026;1;R$ 187,52;R$ 352,74;R$ 187,52;EXPRESSO;-;"=""86123360159 - VERONICA ISSI SIMOES BASTOS"""
"=""81640749187""";MAUROSAN CONCEICAO DA SILVA;PESSOA FISICA;IPVA;"=""2390175722213""";"=""20260000004861""";13942735;965;Efetivada;09/03/2026 08:47:02;09/03/2026 12:12:02;16/03/2026;1;R$ 731,40;R$ 1.222,77;R$ 731,40;EXPRESSO;-;"=""70458480134 - RENATA VITORIA BONIFACIO E SOUZA"""
"=""81640749187""";MAUROSAN CONCEICAO DA SILVA;PESSOA FISICA;IPVA;"=""2316820522240""";"=""20260000004859""";13942700;965;Efetivada;09/03/2026 08:47:02;09/03/2026 12:12:04;16/03/2026;1;R$ 605,96;R$ 1.103,94;R$ 605,96;EXPRESSO;-;"=""70458480134 - RENATA VITORIA BONIFACIO E SOUZA"""
"=""81640749187""";MAUROSAN CONCEICAO DA SILVA;PESSOA FISICA;IPVA;"=""2048774522246""";"=""20260000004858""";13942719;965;Efetivada;09/03/2026 08:47:02;09/03/2026 12:12:09;16/03/2026;1;R$ 663,60;R$ 1.256,27;R$ 663,60;EXPRESSO;-;"=""70458480134 - RENATA VITORIA BONIFACIO E SOUZA"""
"=""81640749187""";MAUROSAN CONCEICAO DA SILVA;PESSOA FISICA;IPVA;"=""2178470522201""";"=""20260000004860""";13942727;965;Efetivada;09/03/2026 08:47:02;09/03/2026 12:12:10;16/03/2026;1;R$ 636,39;R$ 1.184,46;R$ 636,39;EXPRESSO;-;"=""70458480134 - RENATA VITORIA BONIFACIO E SOUZA"""
"=""81700997149""";ANTONIO DUTRA PINHEIRO;PESSOA FISICA;IPVA;"=""2288421422260""";"=""20260000004676""";13932020;931;Efetivada;05/03/2026 21:39:56;09/04/2026 12:50:55;12/03/2026;1;R$ 794,36;R$ 1.457,49;R$ 794,36;EXPRESSO;-;"=""70458480134 - RENATA VITORIA BONIFACIO E SOUZA"""
"=""81700997149""";ANTONIO DUTRA PINHEIRO;PESSOA FISICA;IPVA;"=""2377954722289""";"=""20260000004677""";13932012;931;Efetivada;05/03/2026 21:39:56;09/04/2026 12:50:55;12/03/2026;1;R$ 974,21;R$ 1.641,81;R$ 974,21;EXPRESSO;-;"=""70458480134 - RENATA VITORIA BONIFACIO E SOUZA"""
"=""81846070163""";ADENILSON VIANA DE OLIVEIRA;PESSOA FISICA;IPVA;"=""2360897222257""";"=""20260000002418""";13860771;573;Efetivada;20/02/2026 15:28:05;28/02/2026 06:04:11;27/02/2026;3;R$ 329,41;R$ 1.665,69;R$ 988,24;STT;"=""04364786179 - SARAH BADI CARVALHO""";"=""70458480134 - RENATA VITORIA BONIFACIO E SOUZA"""
"=""81846070163""";ADENILSON VIANA DE OLIVEIRA;PESSOA FISICA;IPVA;"=""2304647022292""";"=""20260000002417""";13860780;573;Efetivada;20/02/2026 15:28:05;28/02/2026 06:04:12;27/02/2026;2;R$ 354,82;R$ 1.297,26;R$ 709,63;STT;"=""04364786179 - SARAH BADI CARVALHO""";"=""70458480134 - RENATA VITORIA BONIFACIO E SOUZA"""
"=""81880626187""";ADELY HENRIQUE DE SOUZA;PESSOA FISICA;IPVA;"=""2389408622204""";"=""20260000000328""";13664247;132;Efetivada;04/02/2026 11:04:22;04/02/2026 18:04:13;11/02/2026;1;R$ 1.109,67;R$ 1.856,77;R$ 1.109,67;EXPRESSO;-;Não atribuído
"=""81880626187""";ADELY HENRIQUE DE SOUZA;PESSOA FISICA;IPVA;"=""2047513122297""";"=""20260000000323""";13664239;132;Efetivada;04/02/2026 11:04:22;04/02/2026 18:04:20;11/02/2026;1;R$ 1.024,45;R$ 1.932,06;R$ 1.024,45;EXPRESSO;-;Não atribuído
"=""81880626187""";ADELY HENRIQUE DE SOUZA;PESSOA FISICA;IPVA;"=""2109657322238""";"=""20260000000324""";13664263;132;Efetivada;04/02/2026 11:04:22;04/02/2026 18:04:20;11/02/2026;1;R$ 986,80;R$ 1.826,41;R$ 986,80;EXPRESSO;-;Não atribuído
"=""81880626187""";ADELY HENRIQUE DE SOUZA;PESSOA FISICA;IPVA;"=""2278628222246""";"=""20260000000325""";13664271;132;Efetivada;04/02/2026 11:04:22;04/02/2026 18:04:26;11/02/2026;1;R$ 156,46;R$ 286,01;R$ 156,46;EXPRESSO;-;Não atribuído
"=""81880626187""";ADELY HENRIQUE DE SOUZA;PESSOA FISICA;IPVA;"=""2316521522206""";"=""20260000000326""";13664280;132;Efetivada;04/02/2026 11:04:22;04/02/2026 18:04:27;11/02/2026;1;R$ 923,96;R$ 1.678,74;R$ 923,96;EXPRESSO;-;Não atribuído
"=""81880626187""";ADELY HENRIQUE DE SOUZA;PESSOA FISICA;IPVA;"=""2365565422272""";"=""20260000000327""";13664255;132;Efetivada;04/02/2026 11:04:22;04/02/2026 18:04:33;11/02/2026;1;R$ 190,31;R$ 320,76;R$ 190,31;EXPRESSO;-;Não atribuído
"=""81934882100""";PATRICIA ASSIS BARBOSA CASTRO;PESSOA FISICA;IPVA;"=""2324633422255""";"=""20260000002804""";13843486;639;Efetivada;23/02/2026 18:51:32;27/02/2026 18:03:01;27/02/2026;10;R$ 307,09;R$ 5.557,76;R$ 3.070,86;STT;"=""70458480134 - RENATA VITORIA BONIFACIO E SOUZA""";Não atribuído
"=""81934882100""";PATRICIA ASSIS BARBOSA CASTRO;PESSOA FISICA;IPVA;"=""2335958422233""";"=""20260000002805""";13843494;639;Efetivada;23/02/2026 18:51:32;27/02/2026 18:03:09;27/02/2026;14;R$ 305,47;R$ 7.098,46;R$ 4.276,60;STT;"=""70458480134 - RENATA VITORIA BONIFACIO E SOUZA""";Não atribuído
"=""82312621134""";CRISLEY FERNANDO DO NASCIMENTO ;PESSOA FISICA;IPVA;"=""2338363922200""";"=""20260000000435""";13692771;152;Efetivada;04/02/2026 15:13:18;09/02/2026 06:06:28;11/02/2026;10;R$ 548,29;R$ 9.100,74;R$ 5.482,91;EXPRESSO;-;"=""86123360159 - VERONICA ISSI SIMOES BASTOS"""
"=""82947090187""";JOSE AURELIO MENDES SOARES;PESSOA FISICA;IPVA;"=""2304401522299""";"=""20260000001902""";13775812;456;Efetivada;13/02/2026 10:34:42;13/02/2026 12:11:32;20/02/2026;1;R$ 1.447,69;R$ 2.646,49;R$ 1.447,69;EXPRESSO;-;Não atribuído
"=""83830456115""";ROMIR DIVINO FARIA ;PESSOA FISICA;IPVA;"=""2307887222258""";"=""20260000004461""";13917870;891;Efetivada;04/03/2026 13:47:35;06/03/2026 12:06:17;11/03/2026;1;R$ 887,24;R$ 1.632,59;R$ 887,24;EXPRESSO;-;"=""70458480134 - RENATA VITORIA BONIFACIO E SOUZA"""
"=""83877525172""";IRENILDES AGUIAR DA SILVA;PESSOA FISICA;IPVA;"=""2316181422260""";"=""20260000001200""";13757393;299;Efetivada;09/02/2026 13:53:49;18/02/2026 12:02:22;18/02/2026;1;R$ 138,00;R$ 250,72;R$ 138,00;EXPRESSO;-;"=""86123360159 - VERONICA ISSI SIMOES BASTOS"""
"=""83877525172""";IRENILDES AGUIAR DA SILVA;PESSOA FISICA;IPVA;"=""2046356422266""";"=""20260000001198""";13757385;299;Efetivada;09/02/2026 13:53:49;18/02/2026 12:02:27;18/02/2026;1;R$ 143,37;R$ 270,36;R$ 143,37;EXPRESSO;-;"=""86123360159 - VERONICA ISSI SIMOES BASTOS"""
"=""83877525172""";IRENILDES AGUIAR DA SILVA;PESSOA FISICA;IPVA;"=""2105401822220""";"=""20260000001199""";13757407;299;Efetivada;09/02/2026 13:53:49;18/02/2026 12:02:28;18/02/2026;1;R$ 139,65;R$ 258,46;R$ 139,65;EXPRESSO;-;"=""86123360159 - VERONICA ISSI SIMOES BASTOS"""
"=""83877525172""";IRENILDES AGUIAR DA SILVA;PESSOA FISICA;IPVA;"=""2389084522250""";"=""20260000001201""";13757415;299;Efetivada;09/02/2026 13:53:49;18/02/2026 12:02:34;18/02/2026;1;R$ 167,76;R$ 280,70;R$ 167,76;EXPRESSO;-;"=""86123360159 - VERONICA ISSI SIMOES BASTOS"""
"=""84013397153""";ADRIANA BENTO DA SILVA;PESSOA FISICA;ICMS;"=""4022000038540""";"=""20260000001929""";13777076;461;Efetivada;13/02/2026 11:24:44;18/02/2026 18:06:04;20/02/2026;2;R$ 44.948,72;R$ 276.982,94;R$ 89.897,43;STT;"=""13670181709 - LARISSA BELTRAO DE CARVALHO""";Não atribuído
"=""84100044100""";ALCIVANIO GOMES VIEIRA;PESSOA FISICA;IPVA;"=""2297891722250""";"=""20260000004233""";13904329;846;Efetivada;03/03/2026 11:38:22;03/03/2026 18:06:32;10/03/2026;1;R$ 135,42;R$ 249,17;R$ 135,42;STT;"=""00828686114 - GEOVANA REZENDE ABDON FRAGOSO OLIVEIRA""";Não atribuído
"=""84100044100""";ALCIVANIO GOMES VIEIRA;PESSOA FISICA;IPVA;"=""2349659422258""";"=""20260000004234""";13904337;846;Efetivada;03/03/2026 11:38:22;03/03/2026 18:06:38;10/03/2026;1;R$ 988,79;R$ 1.690,58;R$ 988,79;STT;"=""00828686114 - GEOVANA REZENDE ABDON FRAGOSO OLIVEIRA""";Não atribuído
"=""84100044100""";ALCIVANIO GOMES VIEIRA;PESSOA FISICA;IPVA;"=""2357538522201""";"=""20260000004235""";13904345;846;Efetivada;03/03/2026 11:38:22;03/03/2026 18:06:39;10/03/2026;1;R$ 169,59;R$ 287,88;R$ 169,59;STT;"=""00828686114 - GEOVANA REZENDE ABDON FRAGOSO OLIVEIRA""";Não atribuído
"=""84189967815""";VALDICIO BARRETO SPOSITO;PESSOA FISICA;IPVA;"=""2380361022296""";"=""20260000005342""";13978039;1048;Efetivada;13/03/2026 10:32:43;17/03/2026 12:09:47;20/03/2026;2;R$ 516,98;R$ 1.742,49;R$ 1.033,95;STT;"=""00828686114 - GEOVANA REZENDE ABDON FRAGOSO OLIVEIRA""";Não atribuído
"=""84189967815""";VALDICIO BARRETO SPOSITO;PESSOA FISICA;IPVA;"=""2292917322253""";"=""20260000005341""";13978020;1048;Efetivada;13/03/2026 10:32:43;17/03/2026 12:09:50;20/03/2026;2;R$ 427,37;R$ 1.568,28;R$ 854,74;STT;"=""00828686114 - GEOVANA REZENDE ABDON FRAGOSO OLIVEIRA""";Não atribuído
"=""84260076191""";RODRIGO SANTIAGO DA SILVA;PESSOA FISICA;ITCD;"=""4012200758794""";"=""20260000002489""";13826476;586;Efetivada;20/02/2026 17:17:17;23/02/2026 18:07:20;27/02/2026;2;R$ 372,49;R$ 2.483,25;R$ 744,97;STT;"=""70458480134 - RENATA VITORIA BONIFACIO E SOUZA""";"=""70458480134 - RENATA VITORIA BONIFACIO E SOUZA"""
"=""84390700120""";CELSO RODRIGUES DA COSTA JUNIOR;PESSOA FISICA;ICMS;"=""4011802453454""";"=""20260000006637""";14181258;1241;Efetivada;27/04/2026 09:05:30;27/04/2026 12:05:33;30/04/2026;5;R$ 351,37;R$ 5.856,13;R$ 1.756,84;STT;"=""03279141141 - VANESSA FRANCO DE OLIVEIRA""";Não atribuído
"=""85401897120""";MARCIA MAGALHAES DIAS NUNES;PESSOA FISICA;IPVA;"=""2186563122255""";"=""20260000006472""";14135167;1206;Efetivada;14/04/2026 10:54:43;15/04/2026 06:10:25;22/04/2026;3;R$ 348,76;R$ 1.961,02;R$ 1.046,29;EXPRESSO;-;"=""70458480134 - RENATA VITORIA BONIFACIO E SOUZA"""
"=""85401897120""";MARCIA MAGALHAES DIAS NUNES;PESSOA FISICA;IPVA;"=""2329665822268""";"=""20260000006471""";14135159;1206;Efetivada;14/04/2026 10:54:43;15/04/2026 06:10:32;22/04/2026;3;R$ 322,26;R$ 1.775,31;R$ 966,77;EXPRESSO;-;"=""70458480134 - RENATA VITORIA BONIFACIO E SOUZA"""
"=""85401897120""";MARCIA MAGALHAES DIAS NUNES;PESSOA FISICA;IPVA;"=""2007405422251""";"=""20260000006469""";14135132;1206;Efetivada;14/04/2026 10:54:43;15/04/2026 06:10:39;22/04/2026;3;R$ 361,56;R$ 2.065,06;R$ 1.084,67;EXPRESSO;-;"=""70458480134 - RENATA VITORIA BONIFACIO E SOUZA"""
"=""85401897120""";MARCIA MAGALHAES DIAS NUNES;PESSOA FISICA;IPVA;"=""2338810522206""";"=""20260000006470""";14135140;1206;Efetivada;14/04/2026 10:54:43;15/04/2026 06:10:45;22/04/2026;4;R$ 300,53;R$ 2.027,19;R$ 1.202,11;EXPRESSO;-;"=""70458480134 - RENATA VITORIA BONIFACIO E SOUZA"""
"=""85526894134""";ELISEU BATISTA CAVALCANTE;PESSOA FISICA;IPVA;"=""2393452622298""";"=""20260000003675""";13879707;757;Efetivada;27/02/2026 09:39:32;27/02/2026 18:07:53;27/02/2026;4;R$ 1.441,25;R$ 9.568,94;R$ 5.764,98;EXPRESSO;-;"=""86123360159 - VERONICA ISSI SIMOES BASTOS"""
"=""85704784100""";FRANSERGIO HENRIQUE BRAGA;PESSOA FISICA;IPVA;"=""2338730022282""";"=""20260000005904""";14025574;1125;Efetivada;23/03/2026 15:36:11;23/03/2026 18:10:36;30/03/2026;10;R$ 363,37;R$ 6.074,93;R$ 3.633,68;STT;"=""04364786179 - SARAH BADI CARVALHO""";Não atribuído
"=""85800457115""";DIVINO JOSÉ DO AMARAL;PESSOA FISICA;ICMS;"=""4011702741806""";"=""20260000000534""";13677772;173;Efetivada;05/02/2026 09:00:05;06/02/2026 12:03:54;12/02/2026;17;R$ 306,09;R$ 17.345,26;R$ 5.203,58;STT;"=""13670181709 - LARISSA BELTRAO DE CARVALHO""";Não atribuído
"=""85961922120""";CASSIO SOARES REIS;PESSOA FISICA;IPVA;"=""2390515522207""";"=""20260000003774""";13925970;775;Efetivada;27/02/2026 14:29:15;06/03/2026 18:09:10;12/03/2026;1;R$ 478,14;R$ 793,63;R$ 478,14;STT;"=""86123360159 - VERONICA ISSI SIMOES BASTOS""";Não atribuído
"=""86160648187""";LAURA FLEURY PATTO;PESSOA FISICA;IPVA;"=""2337755822209""";"=""20260000002583""";13834223;606;Efetivada;23/02/2026 09:23:34;23/02/2026 18:10:43;27/02/2026;1;R$ 654,89;R$ 1.086,99;R$ 654,89;EXPRESSO;-;"=""70458480134 - RENATA VITORIA BONIFACIO E SOUZA"""
"=""86184032100""";SINEIDE PONTES NERES DE SANTANA;PESSOA FISICA;IPVA;"=""2375801222224""";"=""20260000001451""";13771825;357;Efetivada;10/02/2026 19:10:39;14/02/2026 06:08:43;18/02/2026;1;R$ 480,39;R$ 803,83;R$ 480,39;EXPRESSO;-;"=""86123360159 - VERONICA ISSI SIMOES BASTOS"""
"=""86184032100""";SINEIDE PONTES NERES DE SANTANA;PESSOA FISICA;IPVA;"=""2331900322268""";"=""20260000001450""";13771817;357;Efetivada;10/02/2026 19:10:39;18/02/2026 06:06:04;18/02/2026;1;R$ 390,39;R$ 713,66;R$ 390,39;EXPRESSO;-;"=""86123360159 - VERONICA ISSI SIMOES BASTOS"""
"=""86627635100""";EDIANE ELIAS FERNANDES;PESSOA FISICA;IPVA;"=""2390068322270""";"=""20260000000595""";13692739;185;Efetivada;05/02/2026 11:29:30;06/02/2026 18:07:49;12/02/2026;7;R$ 321,92;R$ 3.740,30;R$ 2.253,41;EXPRESSO;-;"=""86123360159 - VERONICA ISSI SIMOES BASTOS"""
"=""86627635100""";EDIANE ELIAS FERNANDES;PESSOA FISICA;IPVA;"=""2317182122268""";"=""20260000000594""";13692720;185;Efetivada;05/02/2026 11:29:30;06/02/2026 18:07:56;12/02/2026;6;R$ 336,01;R$ 3.648,71;R$ 2.016,04;EXPRESSO;-;"=""86123360159 - VERONICA ISSI SIMOES BASTOS"""
"=""86665286134""";SUELLEN LOPES DE ANDRADE MARCHETE;PESSOA FISICA;IPVA;"=""2179098522240""";"=""20260000000241""";13680501;121;Efetivada;03/02/2026 19:24:49;05/02/2026 18:06:55;10/02/2026;3;R$ 315,27;R$ 1.747,58;R$ 945,80;EXPRESSO;-;"=""86123360159 - VERONICA ISSI SIMOES BASTOS"""
"=""86665286134""";SUELLEN LOPES DE ANDRADE MARCHETE;PESSOA FISICA;IPVA;"=""2325167122261""";"=""20260000000242""";13680510;121;Efetivada;03/02/2026 19:24:49;05/02/2026 18:06:55;10/02/2026;3;R$ 303,71;R$ 1.648,97;R$ 911,12;EXPRESSO;-;"=""86123360159 - VERONICA ISSI SIMOES BASTOS"""
"=""86665286134""";SUELLEN LOPES DE ANDRADE MARCHETE;PESSOA FISICA;IPVA;"=""2336652722262""";"=""20260000000243""";13680528;121;Efetivada;03/02/2026 19:24:49;05/02/2026 18:07:01;10/02/2026;3;R$ 368,66;R$ 1.835,74;R$ 1.105,98;EXPRESSO;-;"=""86123360159 - VERONICA ISSI SIMOES BASTOS"""
"=""86707477153""";JEANE ROSA FREIRE;PESSOA FISICA;ICMS;"=""4012201012257""";"=""20260000006821""";14213940;1265;Efetivada;04/05/2026 15:20:44;11/05/2026 12:00:14;11/05/2026;1;R$ 2.302,41;R$ 6.817,43;R$ 2.302,41;EXPRESSO;-;"=""70458480134 - RENATA VITORIA BONIFACIO E SOUZA"""
"=""86763954115""";GILBERTO FONSECA;PESSOA FISICA;IPVA;"=""2307256322292""";"=""20260000004576""";13931679;903;Efetivada;04/03/2026 18:43:15;23/04/2026 18:29:50;11/03/2026;1;R$ 358,47;R$ 659,60;R$ 358,47;EXPRESSO;-;"=""70458480134 - RENATA VITORIA BONIFACIO E SOUZA"""
"=""86771817172""";JOSE CARLOS RODRIGUES;PESSOA FISICA;IPVA;"=""2098539922201""";"=""20260000000823""";13711830;229;Efetivada;06/02/2026 10:55:46;09/02/2026 18:07:13;13/02/2026;1;R$ 82,56;R$ 153,07;R$ 82,56;EXPRESSO;-;"=""86123360159 - VERONICA ISSI SIMOES BASTOS"""
"=""86771817172""";JOSE CARLOS RODRIGUES;PESSOA FISICA;IPVA;"=""2306484522255""";"=""20260000000824""";13711822;229;Efetivada;06/02/2026 10:55:46;09/02/2026 18:07:20;13/02/2026;1;R$ 81,21;R$ 148,46;R$ 81,21;EXPRESSO;-;"=""86123360159 - VERONICA ISSI SIMOES BASTOS"""
"=""86771817172""";JOSE CARLOS RODRIGUES;PESSOA FISICA;IPVA;"=""2350094822243""";"=""20260000000825""";13711849;229;Efetivada;06/02/2026 10:55:46;09/02/2026 18:07:20;13/02/2026;1;R$ 100,92;R$ 171,33;R$ 100,92;EXPRESSO;-;"=""86123360159 - VERONICA ISSI SIMOES BASTOS"""
"=""87071045100""";AILTON DAVID FERREIRA;PESSOA FISICA;IPVA;"=""2045426522215""";"=""20260000003896""";13884212;784;Efetivada;27/02/2026 16:22:44;28/02/2026 06:08:32;27/02/2026;1;R$ 101,97;R$ 192,29;R$ 101,97;EXPRESSO;-;Não atribuído
"=""87071045100""";AILTON DAVID FERREIRA;PESSOA FISICA;IPVA;"=""2387425922273""";"=""20260000003899""";13884247;784;Efetivada;27/02/2026 16:22:44;28/02/2026 06:08:32;27/02/2026;1;R$ 127,02;R$ 212,53;R$ 127,02;EXPRESSO;-;Não atribuído
"=""87071045100""";AILTON DAVID FERREIRA;PESSOA FISICA;IPVA;"=""2104374822271""";"=""20260000003897""";13884220;784;Efetivada;27/02/2026 16:22:44;28/02/2026 06:08:38;27/02/2026;1;R$ 100,29;R$ 185,62;R$ 100,29;EXPRESSO;-;Não atribuído
"=""87071045100""";AILTON DAVID FERREIRA;PESSOA FISICA;IPVA;"=""2314606422200""";"=""20260000003898""";13884239;784;Efetivada;27/02/2026 16:22:44;28/02/2026 06:08:39;27/02/2026;1;R$ 98,34;R$ 178,68;R$ 98,34;EXPRESSO;-;Não atribuído
"=""87246490159""";NILDA CRISTINA DE ALMEIDA LIRA;PESSOA FISICA;ICMS;"=""4012001566607""";"=""20260000001623""";13773984;391;Efetivada;11/02/2026 17:07:13;13/02/2026 18:10:12;18/02/2026;41;R$ 302,42;R$ 41.330,89;R$ 12.399,27;EXPRESSO;-;"=""86123360159 - VERONICA ISSI SIMOES BASTOS"""
"=""87350572115""";CLEIBSON KOJIMA DA SILVA;PESSOA FISICA;IPVA;"=""2047502722239""";"=""20260000004239""";13905830;847;Efetivada;03/03/2026 11:39:35;09/04/2026 12:50:53;10/03/2026;1;R$ 314,53;R$ 596,95;R$ 314,53;EXPRESSO;-;"=""70458480134 - RENATA VITORIA BONIFACIO E SOUZA"""
"=""87350572115""";CLEIBSON KOJIMA DA SILVA;PESSOA FISICA;IPVA;"=""2312256822259""";"=""20260000004241""";13905856;847;Efetivada;03/03/2026 11:39:35;09/04/2026 12:50:53;10/03/2026;1;R$ 306,66;R$ 560,84;R$ 306,66;EXPRESSO;-;"=""70458480134 - RENATA VITORIA BONIFACIO E SOUZA"""
"=""87363135134""";FLAVIO DOS SANTOS HERMINIO;PESSOA FISICA;IPVA;"=""2361106522274""";"=""20260000001933""";13784544;462;Efetivada;13/02/2026 11:30:31;20/02/2026 12:02:23;20/02/2026;1;R$ 292,97;R$ 493,79;R$ 292,97;EXPRESSO;-;"=""70458480134 - RENATA VITORIA BONIFACIO E SOUZA"""
"=""87363135134""";FLAVIO DOS SANTOS HERMINIO;PESSOA FISICA;IPVA;"=""2068827822251""";"=""20260000001931""";13784552;462;Efetivada;13/02/2026 11:30:31;20/02/2026 12:02:30;20/02/2026;1;R$ 237,19;R$ 439,75;R$ 237,19;EXPRESSO;-;"=""70458480134 - RENATA VITORIA BONIFACIO E SOUZA"""
"=""87363135134""";FLAVIO DOS SANTOS HERMINIO;PESSOA FISICA;IPVA;"=""2268959822227""";"=""20260000001932""";13784560;462;Efetivada;13/02/2026 11:30:31;20/02/2026 12:02:30;20/02/2026;1;R$ 226,10;R$ 413,32;R$ 226,10;EXPRESSO;-;"=""70458480134 - RENATA VITORIA BONIFACIO E SOUZA"""
"=""87806088172""";JULLIANE GODINHO NUNES;PESSOA FISICA;IPVA;"=""2297362022271""";"=""20260000004880""";13942980;969;Efetivada;09/03/2026 09:38:03;09/04/2026 12:50:55;16/03/2026;1;R$ 390,39;R$ 716,29;R$ 390,39;EXPRESSO;-;Não atribuído
"=""87806088172""";JULLIANE GODINHO NUNES;PESSOA FISICA;IPVA;"=""2382612622201""";"=""20260000004881""";13942999;969;Efetivada;09/03/2026 09:38:03;09/04/2026 12:50:55;16/03/2026;1;R$ 480,39;R$ 809,59;R$ 480,39;EXPRESSO;-;Não atribuído
"=""87867486100""";SILVIA CESAR NEVES ESPINDOLA;PESSOA FISICA;ICMS;"=""4012000858361""";"=""20260000000707""";13692844;207;Efetivada;05/02/2026 16:05:58;12/02/2026 12:02:56;12/02/2026;2;R$ 1.574,21;R$ 9.708,12;R$ 3.148,41;EXPRESSO;-;"=""86123360159 - VERONICA ISSI SIMOES BASTOS"""
"=""87950685115""";LILIAN MARIA PARREIRA LAZARO;PESSOA FISICA;IPVA;"=""2285092722264""";"=""20260000005460""";13992805;1066;Efetivada;16/03/2026 15:40:27;09/04/2026 12:50:59;23/03/2026;1;R$ 69,81;R$ 128,45;R$ 69,81;EXPRESSO;-;"=""70458480134 - RENATA VITORIA BONIFACIO E SOUZA"""
"=""87950685115""";LILIAN MARIA PARREIRA LAZARO;PESSOA FISICA;IPVA;"=""2363342122205""";"=""20260000005461""";13992813;1066;Efetivada;16/03/2026 15:40:27;09/04/2026 12:50:59;23/03/2026;1;R$ 88,98;R$ 151,04;R$ 88,98;EXPRESSO;-;"=""70458480134 - RENATA VITORIA BONIFACIO E SOUZA"""
"=""88110079172""";PATRICIA BRITO RODRIGUES;PESSOA FISICA;IPVA;"=""2395077422208""";"=""20260000004665""";13926888;927;Efetivada;05/03/2026 15:45:37;11/03/2026 12:05:14;12/03/2026;3;R$ 305,81;R$ 1.533,81;R$ 917,44;EXPRESSO;-;"=""70458480134 - RENATA VITORIA BONIFACIO E SOUZA"""
"=""88140768120""";MIRIAN VIEIRA SEIXLACK;PESSOA FISICA;IPVA;"=""2317523822280""";"=""20260000001735""";13794302;421;Efetivada;12/02/2026 13:34:52;23/04/2026 18:13:30;19/02/2026;1;R$ 922,25;R$ 1.669,12;R$ 922,25;EXPRESSO;-;"=""70458480134 - RENATA VITORIA BONIFACIO E SOUZA"""
"=""88140768120""";MIRIAN VIEIRA SEIXLACK;PESSOA FISICA;IPVA;"=""2390910822242""";"=""20260000001737""";13794345;422;Efetivada;12/02/2026 13:39:27;23/04/2026 18:13:37;19/02/2026;1;R$ 1.284,15;R$ 2.131,48;R$ 1.284,15;EXPRESSO;-;"=""70458480134 - RENATA VITORIA BONIFACIO E SOUZA"""
"=""88143554104""";ROGERIO SILVA DE OLIVEIRA;PESSOA FISICA;IPVA;"=""2319150222255""";"=""20260000001951""";13777971;466;Efetivada;13/02/2026 11:57:38;13/02/2026 18:12:41;20/02/2026;1;R$ 394,66;R$ 714,25;R$ 394,66;STT;"=""03447962135 - LUCAS CARDOSO FRANCO""";Não atribuído
"=""88446869000962""";HELIOS COLETIVOS E CARGAS LTDA;PESSOA JURIDICA;ICMS;"=""4011901065690""";"=""20260000001526""";13749102;370;Efetivada;11/02/2026 11:03:36;19/02/2026 12:00:06;18/02/2026;52;R$ 304,45;R$ 25.485,29;R$ 15.831,34;STT;"=""13670181709 - LARISSA BELTRAO DE CARVALHO""";Não atribuído
"=""88446869000962""";HELIOS COLETIVOS E CARGAS LTDA;PESSOA JURIDICA;ICMS;"=""4011802507481""";"=""20260000001527""";13749110;370;Efetivada;11/02/2026 11:03:36;19/02/2026 12:00:06;18/02/2026;145;R$ 563,56;R$ 134.507,90;R$ 81.715,93;STT;"=""13670181709 - LARISSA BELTRAO DE CARVALHO""";Não atribuído
"=""88446869000962""";HELIOS COLETIVOS E CARGAS LTDA;PESSOA JURIDICA;ICMS;"=""4011900585053""";"=""20260000001522""";13749153;370;Efetivada;11/02/2026 11:03:36;19/02/2026 12:00:13;18/02/2026;143;R$ 301,68;R$ 70.094,70;R$ 43.140,51;STT;"=""13670181709 - LARISSA BELTRAO DE CARVALHO""";Não atribuído
"=""88446869000962""";HELIOS COLETIVOS E CARGAS LTDA;PESSOA JURIDICA;ICMS;"=""4011703094642""";"=""20260000001530""";13749129;370;Efetivada;11/02/2026 11:03:36;19/02/2026 12:00:13;18/02/2026;145;R$ 2.250,41;R$ 559.508,29;R$ 326.309,08;STT;"=""13670181709 - LARISSA BELTRAO DE CARVALHO""";Não atribuído
"=""88446869000962""";HELIOS COLETIVOS E CARGAS LTDA;PESSOA JURIDICA;ICMS;"=""4011901746700""";"=""20260000001528""";13749145;370;Efetivada;11/02/2026 11:03:36;19/02/2026 12:00:19;18/02/2026;63;R$ 301,81;R$ 30.407,35;R$ 19.014,10;STT;"=""13670181709 - LARISSA BELTRAO DE CARVALHO""";Não atribuído
"=""88446869000962""";HELIOS COLETIVOS E CARGAS LTDA;PESSOA JURIDICA;ICMS;"=""4011900213261""";"=""20260000001521""";13749137;370;Efetivada;11/02/2026 11:03:36;19/02/2026 12:00:20;18/02/2026;74;R$ 303,65;R$ 36.734,45;R$ 22.470,30;STT;"=""13670181709 - LARISSA BELTRAO DE CARVALHO""";Não atribuído
"=""88446869000962""";HELIOS COLETIVOS E CARGAS LTDA;PESSOA JURIDICA;ICMS;"=""4011900839683""";"=""20260000001525""";13749188;370;Efetivada;11/02/2026 11:03:36;19/02/2026 12:00:26;18/02/2026;145;R$ 363,56;R$ 85.267,44;R$ 52.716,14;STT;"=""13670181709 - LARISSA BELTRAO DE CARVALHO""";Não atribuído
"=""88446869000962""";HELIOS COLETIVOS E CARGAS LTDA;PESSOA JURIDICA;ICMS;"=""4011901430738""";"=""20260000001529""";13749196;370;Efetivada;11/02/2026 11:03:36;19/02/2026 12:00:26;18/02/2026;47;R$ 306,36;R$ 23.104,60;R$ 14.398,98;STT;"=""13670181709 - LARISSA BELTRAO DE CARVALHO""";Não atribuído
"=""88446869000962""";HELIOS COLETIVOS E CARGAS LTDA;PESSOA JURIDICA;ICMS;"=""4011800534384""";"=""20260000001523""";13749161;370;Efetivada;11/02/2026 11:03:36;19/02/2026 12:00:33;18/02/2026;145;R$ 683,54;R$ 166.998,46;R$ 99.113,57;STT;"=""13670181709 - LARISSA BELTRAO DE CARVALHO""";Não atribuído
"=""88446869000962""";HELIOS COLETIVOS E CARGAS LTDA;PESSOA JURIDICA;ICMS;"=""4011900453734""";"=""20260000001524""";13749170;370;Efetivada;11/02/2026 11:03:36;19/02/2026 12:00:33;18/02/2026;83;R$ 303,21;R$ 41.016,67;R$ 25.166,69;STT;"=""13670181709 - LARISSA BELTRAO DE CARVALHO""";Não atribuído
"=""88455386134""";CARLENE CELIA XAVIER;PESSOA FISICA;IPVA;"=""2349786922225""";"=""20260000000213""";13664751;113;Efetivada;03/02/2026 17:54:13;04/02/2026 12:05:09;10/02/2026;1;R$ 172,35;R$ 292,60;R$ 172,35;EXPRESSO;-;"=""86123360159 - VERONICA ISSI SIMOES BASTOS"""
"=""88882225615""";GLEIBE HUNGRIA GOULART;PESSOA FISICA;IPVA;"=""2312685522265""";"=""20260000002096""";13798723;501;Efetivada;16/02/2026 12:01:37;19/02/2026 06:07:53;23/02/2026;1;R$ 488,97;R$ 888,41;R$ 488,97;EXPRESSO;-;"=""86123360159 - VERONICA ISSI SIMOES BASTOS"""
"=""88882225615""";GLEIBE HUNGRIA GOULART;PESSOA FISICA;IPVA;"=""2385356422290""";"=""20260000002218""";13804413;529;Efetivada;18/02/2026 18:12:33;25/02/2026 18:01:04;25/02/2026;1;R$ 599,76;R$ 1.003,56;R$ 599,76;EXPRESSO;-;"=""70458480134 - RENATA VITORIA BONIFACIO E SOUZA"""
"=""89007441191""";MAURO DE OLIVEIRA JUNIOR;PESSOA FISICA;IPVA;"=""2366705422227""";"=""20260000001752""";13767410;428;Efetivada;12/02/2026 15:05:57;23/04/2026 18:09:00;19/02/2026;5;R$ 324,66;R$ 2.736,11;R$ 1.623,31;STT;"=""00001288130 - JOILSON JOSE DA SILVA""";Não atribuído
"=""89034759172""";ITAJARA GOMES DA SILVA;PESSOA FISICA;IPVA;"=""2338224122247""";"=""20260000002195""";13814907;523;Efetivada;18/02/2026 14:55:04;20/02/2026 06:07:20;25/02/2026;1;R$ 955,01;R$ 1.585,16;R$ 955,01;STT;"=""00001288130 - JOILSON JOSE DA SILVA""";"=""00001288130 - JOILSON JOSE DA SILVA"""
"=""89045181487""";ISAURA MARIA DE VASCONCELOS BARBOSA;PESSOA FISICA;IPVA;"=""2378175222220""";"=""20260000001953""";13778137;467;Efetivada;13/02/2026 12:04:16;18/02/2026 12:07:09;20/02/2026;1;R$ 1.383,03;R$ 2.314,20;R$ 1.383,03;STT;"=""86123360159 - VERONICA ISSI SIMOES BASTOS""";Não atribuído
"=""89337905191""";RAPHAEL SILVA PEREIRA;PESSOA FISICA;IPVA;"=""2316633222204""";"=""20260000000529""";13677721;172;Efetivada;05/02/2026 08:55:21;05/02/2026 18:05:25;12/02/2026;1;R$ 612,51;R$ 1.108,53;R$ 612,51;STT;"=""13670181709 - LARISSA BELTRAO DE CARVALHO""";Não atribuído
"=""89337905191""";RAPHAEL SILVA PEREIRA;PESSOA FISICA;IPVA;"=""2390060722229""";"=""20260000000530""";13677730;172;Efetivada;05/02/2026 08:55:21;05/02/2026 18:05:25;12/02/2026;1;R$ 773,50;R$ 1.283,86;R$ 773,50;STT;"=""13670181709 - LARISSA BELTRAO DE CARVALHO""";Não atribuído
"=""89342500110""";ROSANGELA MARIA DE OLIVEIRA MACHADO;PESSOA FISICA;ICMS;"=""4011800748260""";"=""20260000002873""";13849336;651;Efetivada;24/02/2026 08:58:29;26/02/2026 12:05:41;27/02/2026;14;R$ 301,96;R$ 14.091,61;R$ 4.227,48;EXPRESSO;-;"=""70458480134 - RENATA VITORIA BONIFACIO E SOUZA"""
"=""89374312115""";EMERSON PESSOA JUNIOR;PESSOA FISICA;IPVA;"=""2081633722232""";"=""20260000002110""";13794086;505;Efetivada;17/02/2026 11:25:17;23/02/2026 18:02:44;24/02/2026;1;R$ 529,63;R$ 981,94;R$ 529,63;EXPRESSO;-;"=""70458480134 - RENATA VITORIA BONIFACIO E SOUZA"""
"=""89898800178""";JOSE ABDALA TUMA FILHO;PESSOA FISICA;ITCD;"=""4012200105308""";"=""20260000001709""";13794230;411;Efetivada;12/02/2026 11:22:07;18/02/2026 12:09:04;19/02/2026;1;R$ 3.096,97;R$ 10.323,22;R$ 3.096,97;EXPRESSO;-;"=""70458480134 - RENATA VITORIA BONIFACIO E SOUZA"""
"=""90011112115""";EVARISTO DOS SANTOS CARDOSO;PESSOA FISICA;IPVA;"=""2392842422236""";"=""20260000004503""";13950711;898;Efetivada;04/03/2026 16:26:53;10/03/2026 12:10:04;11/03/2026;10;R$ 321,89;R$ 5.381,53;R$ 3.218,93;STT;"=""70458480134 - RENATA VITORIA BONIFACIO E SOUZA""";"=""70458480134 - RENATA VITORIA BONIFACIO E SOUZA"""
"=""90174658168""";NEILA RIBEIRO RODRIGUES;PESSOA FISICA;IPVA;"=""2327437822259""";"=""20260000004009""";13895788;810;Efetivada;02/03/2026 12:45:22;09/03/2026 12:00:19;09/03/2026;1;R$ 609,05;R$ 1.109,59;R$ 609,05;EXPRESSO;-;"=""70458480134 - RENATA VITORIA BONIFACIO E SOUZA"""
"=""90174658168""";NEILA RIBEIRO RODRIGUES;PESSOA FISICA;IPVA;"=""2267142722280""";"=""20260000004008""";13895800;810;Efetivada;02/03/2026 12:45:22;09/03/2026 12:00:20;09/03/2026;1;R$ 49,02;R$ 90,19;R$ 49,02;EXPRESSO;-;"=""70458480134 - RENATA VITORIA BONIFACIO E SOUZA"""
"=""90174658168""";NEILA RIBEIRO RODRIGUES;PESSOA FISICA;IPVA;"=""2334998522214""";"=""20260000004007""";13895796;810;Efetivada;02/03/2026 12:45:22;09/03/2026 12:00:26;09/03/2026;1;R$ 780,34;R$ 1.304,60;R$ 780,34;EXPRESSO;-;"=""70458480134 - RENATA VITORIA BONIFACIO E SOUZA"""
"=""90206509120""";ICARO KUNTA KINTE SOUSA REZENDE;PESSOA FISICA;IPVA;"=""2353647522250""";"=""20260000006943""";14239248;1287;Efetivada;11/05/2026 10:53:51;12/05/2026 12:04:44;18/05/2026;1;R$ 1.198,50;R$ 2.067,55;R$ 1.198,50;EXPRESSO;-;"=""86123360159 - VERONICA ISSI SIMOES BASTOS"""
"=""90332628191""";JUNIA CRISTINA DE CARVALHO GARCEZ;PESSOA FISICA;IPVA;"=""2386887922276""";"=""20260000000108""";13660209;66;Efetivada;02/02/2026 21:15:29;23/04/2026 18:01:59;09/02/2026;1;R$ 519,15;R$ 868,68;R$ 519,15;EXPRESSO;-;"=""86123360159 - VERONICA ISSI SIMOES BASTOS"""
"=""90466713134""";GELMA RIBEIRO GUIMARAES;PESSOA FISICA;IPVA;"=""2371485022205""";"=""20260000004274""";13905961;851;Efetivada;03/03/2026 13:25:57;06/03/2026 18:02:23;10/03/2026;1;R$ 647,81;R$ 1.091,73;R$ 647,81;EXPRESSO;-;"=""70458480134 - RENATA VITORIA BONIFACIO E SOUZA"""
"=""90466713134""";GELMA RIBEIRO GUIMARAES;PESSOA FISICA;IPVA;"=""2264042722209""";"=""20260000004273""";13905953;851;Efetivada;03/03/2026 13:25:57;09/03/2026 06:02:01;10/03/2026;1;R$ 504,30;R$ 927,94;R$ 504,30;EXPRESSO;-;"=""70458480134 - RENATA VITORIA BONIFACIO E SOUZA"""
"=""90908074115""";SHIRLEY RIBEIRO DE SOUSA PEREIRA;PESSOA FISICA;ICMS;"=""4011802757917""";"=""20260000001222""";13757431;303;Efetivada;09/02/2026 16:22:28;12/02/2026 12:07:53;18/02/2026;16;R$ 305,83;R$ 16.310,82;R$ 4.893,25;STT;"=""04364786179 - SARAH BADI CARVALHO""";"=""86123360159 - VERONICA ISSI SIMOES BASTOS"""
"=""91060710153""";RELTO RODRIGUES VASCONCELOS;PESSOA FISICA;IPVA;"=""2313511322200""";"=""20260000002372""";13818805;564;Efetivada;20/02/2026 08:58:40;23/02/2026 06:06:04;27/02/2026;7;R$ 337,07;R$ 4.287,00;R$ 2.359,49;EXPRESSO;-;"=""70458480134 - RENATA VITORIA BONIFACIO E SOUZA"""
"=""91538432153""";ELITA DE FATIMA SILVA BERTOLDO;PESSOA FISICA;IPVA;"=""2304657022228""";"=""20260000002644""";13834169;608;Efetivada;23/02/2026 09:53:54;28/02/2026 06:01:56;27/02/2026;2;R$ 442,52;R$ 1.617,90;R$ 885,03;STT;"=""00001288130 - JOILSON JOSE DA SILVA""";Não atribuído
"=""91538432153""";ELITA DE FATIMA SILVA BERTOLDO;PESSOA FISICA;IPVA;"=""2355365522292""";"=""20260000004277""";13906526;852;Efetivada;03/03/2026 13:29:53;06/03/2026 12:02:10;10/03/2026;4;R$ 309,20;R$ 2.099,47;R$ 1.236,79;EXPRESSO;-;"=""70458480134 - RENATA VITORIA BONIFACIO E SOUZA"""
"=""92079121200""";RAKEL PONTES PEREIRA;PESSOA FISICA;IPVA;"=""2333599722246""";"=""20260000004841""";13942581;960;Efetivada;08/03/2026 13:56:41;23/04/2026 18:30:36;13/03/2026;1;R$ 454,85;R$ 760,42;R$ 454,85;EXPRESSO;-;"=""70458480134 - RENATA VITORIA BONIFACIO E SOUZA"""
"=""92079121200""";RAKEL PONTES PEREIRA;PESSOA FISICA;IPVA;"=""2323414522205""";"=""20260000004840""";13942573;960;Efetivada;08/03/2026 13:56:41;23/04/2026 18:30:43;13/03/2026;1;R$ 371,65;R$ 677,06;R$ 371,65;EXPRESSO;-;"=""70458480134 - RENATA VITORIA BONIFACIO E SOUZA"""
"=""92287387153""";DEIGMA MARQUES DOS SANTOS DA SILVA BENTO;PESSOA FISICA;IPVA;"=""2320688522240""";"=""20260000001639""";13757954;398;Efetivada;11/02/2026 20:08:59;12/02/2026 12:08:51;18/02/2026;5;R$ 307,96;R$ 2.786,74;R$ 1.539,78;STT;"=""13670181709 - LARISSA BELTRAO DE CARVALHO""";Não atribuído
"=""92301550125""";FERNANDA GONCALVES BORGES VIEIRA DE MORAIS;PESSOA FISICA;IPVA;"=""2336673022200""";"=""20260000004107""";13900617;832;Efetivada;02/03/2026 22:16:06;10/03/2026 12:00:53;09/03/2026;6;R$ 329,76;R$ 3.307,83;R$ 1.978,56;EXPRESSO;-;"=""70458480134 - RENATA VITORIA BONIFACIO E SOUZA"""
"=""92876420104""";POLLIANNE FONSECA BUENO;PESSOA FISICA;ICMS;"=""4011802784051""";"=""20260000000871""";13711954;233;Efetivada;06/02/2026 11:12:49;09/02/2026 12:09:11;13/02/2026;45;R$ 301,79;R$ 45.268,21;R$ 13.580,46;EXPRESSO;-;"=""86123360159 - VERONICA ISSI SIMOES BASTOS"""
"=""93148402120""";ROSILEUSA PEREIRA LEITE;PESSOA FISICA;IPVA;"=""2318964222275""";"=""20260000003694""";13878913;762;Efetivada;27/02/2026 10:49:27;27/02/2026 18:07:33;27/02/2026;6;R$ 325,30;R$ 3.532,38;R$ 1.951,77;STT;"=""00828686114 - GEOVANA REZENDE ABDON FRAGOSO OLIVEIRA""";Não atribuído
"=""93148402120""";ROSILEUSA PEREIRA LEITE;PESSOA FISICA;IPVA;"=""2391340922269""";"=""20260000003695""";13878921;762;Efetivada;27/02/2026 10:49:27;27/02/2026 18:07:41;27/02/2026;9;R$ 302,85;R$ 4.524,06;R$ 2.725,61;STT;"=""00828686114 - GEOVANA REZENDE ABDON FRAGOSO OLIVEIRA""";Não atribuído
"=""93241810178""";FERNANDO RODRIGUES PACHECO;PESSOA FISICA;IPVA;"=""2066559622221""";"=""20260000005465""";13992872;1067;Efetivada;16/03/2026 16:10:38;23/04/2026 18:37:09;23/03/2026;1;R$ 51,57;R$ 96,22;R$ 51,57;EXPRESSO;-;"=""70458480134 - RENATA VITORIA BONIFACIO E SOUZA"""
"=""93241810178""";FERNANDO RODRIGUES PACHECO;PESSOA FISICA;IPVA;"=""2347742322234""";"=""20260000005467""";13992864;1067;Efetivada;16/03/2026 16:10:38;23/04/2026 18:37:16;23/03/2026;1;R$ 60,87;R$ 104,07;R$ 60,87;EXPRESSO;-;"=""70458480134 - RENATA VITORIA BONIFACIO E SOUZA"""
"=""93241810178""";FERNANDO RODRIGUES PACHECO;PESSOA FISICA;IPVA;"=""2016074622223""";"=""20260000005464""";13992856;1067;Efetivada;16/03/2026 16:10:38;23/04/2026 18:37:22;23/03/2026;1;R$ 53,31;R$ 102,74;R$ 53,31;EXPRESSO;-;"=""70458480134 - RENATA VITORIA BONIFACIO E SOUZA"""
"=""93241810178""";FERNANDO RODRIGUES PACHECO;PESSOA FISICA;IPVA;"=""2266395522222""";"=""20260000005466""";13992848;1067;Efetivada;16/03/2026 16:10:38;23/04/2026 18:37:29;23/03/2026;1;R$ 50,46;R$ 92,84;R$ 50,46;EXPRESSO;-;"=""70458480134 - RENATA VITORIA BONIFACIO E SOUZA"""
"=""93248300159""";CRISTIANE APARECIDA ALBERNAZ DE OLIVEIRA;PESSOA FISICA;ICMS;"=""4012001262659""";"=""20260000001069""";13712560;263;Efetivada;06/02/2026 19:18:32;11/02/2026 18:05:11;13/02/2026;3;R$ 396,78;R$ 3.967,76;R$ 1.190,33;EXPRESSO;-;"=""86123360159 - VERONICA ISSI SIMOES BASTOS"""
"=""93391285168""";MARIA ELEUZA LINS DA CONCEICAO;PESSOA FISICA;IPVA;"=""2286140322214""";"=""20260000005323""";13977245;1045;Efetivada;13/03/2026 09:23:29;09/04/2026 12:50:59;20/03/2026;1;R$ 89,49;R$ 164,66;R$ 89,49;STT;"=""03447962135 - LUCAS CARDOSO FRANCO""";Não atribuído
"=""93391285168""";MARIA ELEUZA LINS DA CONCEICAO;PESSOA FISICA;IPVA;"=""2369455922257""";"=""20260000005324""";13977237;1045;Efetivada;13/03/2026 09:23:29;09/04/2026 12:50:59;20/03/2026;1;R$ 115,89;R$ 196,73;R$ 115,89;STT;"=""03447962135 - LUCAS CARDOSO FRANCO""";Não atribuído
"=""93397844134""";ANDRE LUIZ ALVES DE SOUSA;PESSOA FISICA;IPVA;"=""2393420622292""";"=""20260000000695""";13691376;203;Efetivada;05/02/2026 15:26:06;07/02/2026 06:05:39;12/02/2026;1;R$ 2.088,87;R$ 3.467,17;R$ 2.088,87;EXPRESSO;-;"=""86123360159 - VERONICA ISSI SIMOES BASTOS"""
"=""93448236187""";MANUEL REGINALDO BENTO PEREIRA;PESSOA FISICA;ICMS;"=""4012200360596""";"=""20260000000069""";13712802;51;Efetivada;02/02/2026 16:42:26;10/02/2026 06:06:56;09/02/2026;49;R$ 301,41;R$ 46.181,62;R$ 14.769,14;EXPRESSO;-;"=""86123360159 - VERONICA ISSI SIMOES BASTOS"""
"=""94179964104""";PEDRO RODRIGUES SANTIAGO;PESSOA FISICA;IPVA;"=""2370554222273""";"=""20260000003029""";13851110;676;Efetivada;24/02/2026 14:26:07;24/02/2026 18:13:55;27/02/2026;1;R$ 994,20;R$ 1.663,57;R$ 994,20;EXPRESSO;-;"=""00001288130 - JOILSON JOSE DA SILVA"""
"=""94180113104""";RAQUEL AMARAL LIMA;PESSOA FISICA;IPVA;"=""2354373422260""";"=""20260000004661""";13925199;924;Efetivada;05/03/2026 13:46:46;06/03/2026 12:08:56;12/03/2026;2;R$ 619,56;R$ 2.103,41;R$ 1.239,11;EXPRESSO;-;"=""70458480134 - RENATA VITORIA BONIFACIO E SOUZA"""
"=""94344540182""";LUCIANO MATIAS AMANCIO PEREIRA;PESSOA FISICA;ICMS;"=""4011901284570""";"=""20260000000671""";13692437;199;Efetivada;05/02/2026 14:17:36;06/02/2026 12:07:20;12/02/2026;5;R$ 1.700,00;R$ 26.578,65;R$ 8.500,00;EXPRESSO;-;"=""86123360159 - VERONICA ISSI SIMOES BASTOS"""
"=""94634432153""";LEANDRO PEREIRA GODOE;PESSOA FISICA;ICMS;"=""4012201170405""";"=""20260000001270""";13757520;312;Efetivada;09/02/2026 19:23:37;19/02/2026 06:02:28;18/02/2026;10;R$ 621,52;R$ 17.459,73;R$ 6.215,20;EXPRESSO;-;"=""86123360159 - VERONICA ISSI SIMOES BASTOS"""
"=""94700656115""";DIOGO CALIXTO DA MOTA;PESSOA FISICA;IPVA;"=""2374661522230""";"=""20260000003974""";13890344;804;Efetivada;02/03/2026 09:31:50;03/03/2026 06:05:55;09/03/2026;1;R$ 991,39;R$ 1.670,77;R$ 991,39;STT;"=""00901455180 - DANIEL BENKE AFONSO""";Não atribuído
"=""94700656115""";DIOGO CALIXTO DA MOTA;PESSOA FISICA;IPVA;"=""2307341522268""";"=""20260000003973""";13890352;804;Efetivada;02/03/2026 09:31:50;03/03/2026 06:05:57;09/03/2026;1;R$ 793,84;R$ 1.460,72;R$ 793,84;STT;"=""00901455180 - DANIEL BENKE AFONSO""";Não atribuído
"=""94942609100""";LUIZ CLAUDIO ALVES CAMPOS;PESSOA FISICA;IPVA;"=""2381988222279""";"=""20260000006629""";14178133;1238;Efetivada;24/04/2026 15:35:09;25/04/2026 12:03:27;30/04/2026;1;R$ 274,68;R$ 466,90;R$ 274,68;EXPRESSO;-;"=""70458480134 - RENATA VITORIA BONIFACIO E SOUZA"""
"=""94942609100""";LUIZ CLAUDIO ALVES CAMPOS;PESSOA FISICA;IPVA;"=""2272558422226""";"=""20260000006628""";14178141;1238;Efetivada;24/04/2026 15:35:09;25/04/2026 12:03:33;30/04/2026;1;R$ 227,79;R$ 421,26;R$ 227,79;EXPRESSO;-;"=""70458480134 - RENATA VITORIA BONIFACIO E SOUZA"""
"=""94980713149""";CAROLINA RORIZ BARBOSA;PESSOA FISICA;IPVA;"=""2384540822230""";"=""20260000006739""";14196425;1252;Efetivada;29/04/2026 15:21:18;29/04/2026 18:03:15;30/04/2026;2;R$ 384,40;R$ 1.306,78;R$ 768,79;EXPRESSO;-;"=""00001288130 - JOILSON JOSE DA SILVA"""
"=""95319344104""";VALDELENA MARIA NASCIMENTO DA COSTA;PESSOA FISICA;IPVA;"=""2282797422267""";"=""20260000000020""";13615416;29;Efetivada;02/02/2026 12:10:09;05/02/2026 18:00:00;09/02/2026;1;R$ 87,66;R$ 160,24;R$ 87,66;STT;"=""00828686114 - GEOVANA REZENDE ABDON FRAGOSO OLIVEIRA""";Não atribuído
"=""95319344104""";VALDELENA MARIA NASCIMENTO DA COSTA;PESSOA FISICA;IPVA;"=""2361999222297""";"=""20260000000021""";13615424;29;Efetivada;02/02/2026 12:10:09;05/02/2026 18:00:00;09/02/2026;1;R$ 110,43;R$ 186,13;R$ 110,43;STT;"=""00828686114 - GEOVANA REZENDE ABDON FRAGOSO OLIVEIRA""";Não atribuído
"=""95319344104""";VALDELENA MARIA NASCIMENTO DA COSTA;PESSOA FISICA;IPVA;"=""2028056122293""";"=""20260000000018""";13615440;29;Efetivada;02/02/2026 12:10:09;05/02/2026 18:00:06;09/02/2026;1;R$ 89,64;R$ 170,74;R$ 89,64;STT;"=""00828686114 - GEOVANA REZENDE ABDON FRAGOSO OLIVEIRA""";Não atribuído
"=""95319344104""";VALDELENA MARIA NASCIMENTO DA COSTA;PESSOA FISICA;IPVA;"=""2079132222243""";"=""20260000000019""";13615432;29;Efetivada;02/02/2026 12:10:09;05/02/2026 18:00:06;09/02/2026;1;R$ 87,72;R$ 162,63;R$ 87,72;STT;"=""00828686114 - GEOVANA REZENDE ABDON FRAGOSO OLIVEIRA""";Não atribuído
"=""95379037100""";HELIO PEREIRA DA SILVA;PESSOA FISICA;ICMS;"=""4012001288615""";"=""20260000003125""";13859145;695;Efetivada;25/02/2026 07:56:56;26/02/2026 12:07:58;27/02/2026;145;R$ 669,98;R$ 305.818,56;R$ 97.146,41;EXPRESSO;-;"=""70458480134 - RENATA VITORIA BONIFACIO E SOUZA"""
"=""95450718187""";ESPOLIO DE SEBASTIANA ALVES DA SILVA;PESSOA FISICA;IPVA;"=""2315863622265""";"=""20260000005950""";14033011;1132;Efetivada;24/03/2026 14:56:46;01/04/2026 18:06:44;31/03/2026;1;R$ 62,40;R$ 114,12;R$ 62,40;STT;"=""03279141141 - VANESSA FRANCO DE OLIVEIRA""";Não atribuído
"=""95463496234""";WILSON DA SILVA ;PESSOA FISICA;IPVA;"=""2382889922297""";"=""20260000004430""";13914162;882;Efetivada;04/03/2026 11:11:13;05/03/2026 06:08:38;11/03/2026;2;R$ 413,64;R$ 1.394,20;R$ 827,28;STT;"=""00828686114 - GEOVANA REZENDE ABDON FRAGOSO OLIVEIRA""";Não atribuído
"=""95825908587""";MISILENE SILVA DE MELO;PESSOA FISICA;IPVA;"=""2381390122226""";"=""20260000000168""";13649191;98;Efetivada;03/02/2026 14:37:03;04/02/2026 18:01:50;10/02/2026;5;R$ 310,01;R$ 2.593,63;R$ 1.550,03;STT;"=""86123360159 - VERONICA ISSI SIMOES BASTOS""";Não atribuído
"=""96121998253""";FRANCILENE BORGES DOS SANTOS;PESSOA FISICA;IPVA;"=""2321831722226""";"=""20260000003928""";13885154;791;Efetivada;27/02/2026 17:24:27;28/02/2026 06:09:23;27/02/2026;1;R$ 226,35;R$ 409,65;R$ 226,35;STT;"=""04364786179 - SARAH BADI CARVALHO""";Não atribuído
"=""96121998253""";FRANCILENE BORGES DOS SANTOS;PESSOA FISICA;IPVA;"=""2394719422254""";"=""20260000003929""";13885162;791;Efetivada;27/02/2026 17:24:27;28/02/2026 06:09:23;27/02/2026;1;R$ 280,02;R$ 464,77;R$ 280,02;STT;"=""04364786179 - SARAH BADI CARVALHO""";Não atribuído
"=""96268883187""";FRANCIELE APARECIDA GOMES POVOA;PESSOA FISICA;ITCD;"=""4012200774307""";"=""20260000003684""";13878174;760;Efetivada;27/02/2026 10:06:13;27/02/2026 12:09:00;27/02/2026;1;R$ 1.585,20;R$ 5.284,00;R$ 1.585,20;STT;"=""00001288130 - JOILSON JOSE DA SILVA""";Não atribuído
"=""96643749115""";MAURILIO FERREIRA DUARTE;PESSOA FISICA;IPVA;"=""2370254922270""";"=""20260000001748""";13767208;427;Efetivada;12/02/2026 14:57:06;13/02/2026 12:07:38;19/02/2026;1;R$ 147,06;R$ 246,06;R$ 147,06;EXPRESSO;-;Não atribuído
"=""96927216120""";MICHEL BRUNO FERNANDES FORTUNATO;PESSOA FISICA;IPVA;"=""2014404422234""";"=""20260000000215""";13665286;114;Efetivada;03/02/2026 18:06:06;05/02/2026 18:03:41;10/02/2026;1;R$ 87,93;R$ 168,44;R$ 87,93;STT;"=""71152300130 - EDUARDO TAVARES TEIXEIRA""";"=""86123360159 - VERONICA ISSI SIMOES BASTOS"""
"=""96927216120""";MICHEL BRUNO FERNANDES FORTUNATO;PESSOA FISICA;IPVA;"=""2024523222260""";"=""20260000000216""";13665294;114;Efetivada;03/02/2026 18:06:06;05/02/2026 18:03:48;10/02/2026;1;R$ 196,41;R$ 374,10;R$ 196,41;STT;"=""71152300130 - EDUARDO TAVARES TEIXEIRA""";"=""86123360159 - VERONICA ISSI SIMOES BASTOS"""
"=""96927216120""";MICHEL BRUNO FERNANDES FORTUNATO;PESSOA FISICA;IPVA;"=""2074757122269""";"=""20260000000217""";13665308;114;Efetivada;03/02/2026 18:06:06;05/02/2026 18:03:48;10/02/2026;1;R$ 193,11;R$ 358,02;R$ 193,11;STT;"=""71152300130 - EDUARDO TAVARES TEIXEIRA""";"=""86123360159 - VERONICA ISSI SIMOES BASTOS"""
"=""96927216120""";MICHEL BRUNO FERNANDES FORTUNATO;PESSOA FISICA;IPVA;"=""2277007822270""";"=""20260000000218""";13665316;114;Efetivada;03/02/2026 18:06:06;05/02/2026 18:03:54;10/02/2026;1;R$ 192,21;R$ 351,36;R$ 192,21;STT;"=""71152300130 - EDUARDO TAVARES TEIXEIRA""";"=""86123360159 - VERONICA ISSI SIMOES BASTOS"""
"=""96927216120""";MICHEL BRUNO FERNANDES FORTUNATO;PESSOA FISICA;IPVA;"=""2358910622258""";"=""20260000000219""";13665324;114;Efetivada;03/02/2026 18:06:06;05/02/2026 18:03:54;10/02/2026;1;R$ 247,41;R$ 417,00;R$ 247,41;STT;"=""71152300130 - EDUARDO TAVARES TEIXEIRA""";"=""86123360159 - VERONICA ISSI SIMOES BASTOS"""
"=""97423917000130""";ALVES E PIVETA LTDA - MALPI MADEIRAS;PESSOA JURIDICA;ICMS;"=""2005682611117""";"=""20260000004900""";13943898;974;Efetivada;09/03/2026 10:43:16;16/03/2026 12:03:37;16/03/2026;145;R$ 300,43;R$ 105.441,70;R$ 43.562,51;STT;"=""00828686114 - GEOVANA REZENDE ABDON FRAGOSO OLIVEIRA""";Não atribuído
"=""97423917000130""";ALVES E PIVETA LTDA - MALPI MADEIRAS;PESSOA JURIDICA;ICMS;"=""2005724811127""";"=""20260000004901""";13943901;974;Efetivada;09/03/2026 10:43:16;16/03/2026 12:03:37;16/03/2026;145;R$ 380,16;R$ 147.921,56;R$ 55.123,19;STT;"=""00828686114 - GEOVANA REZENDE ABDON FRAGOSO OLIVEIRA""";Não atribuído
"=""97747734115""";BRENNO MARKS NEVES SILVA;PESSOA FISICA;IPVA;"=""2377906022205""";"=""20260000002810""";13844008;641;Efetivada;23/02/2026 19:44:39;26/02/2026 18:04:15;27/02/2026;6;R$ 318,69;R$ 3.199,53;R$ 1.912,13;EXPRESSO;-;"=""70458480134 - RENATA VITORIA BONIFACIO E SOUZA"""
"=""97926213187""";THIAGO SOARES DE BESSA;PESSOA FISICA;IPVA;"=""2291608322269""";"=""20260000004143""";13902733;839;Efetivada;03/03/2026 10:15:05;03/03/2026 12:08:37;10/03/2026;1;R$ 101,16;R$ 186,14;R$ 101,16;STT;"=""00901455180 - DANIEL BENKE AFONSO""";Não atribuído
"=""97926213187""";THIAGO SOARES DE BESSA;PESSOA FISICA;IPVA;"=""2372895522249""";"=""20260000004144""";13902741;839;Efetivada;03/03/2026 10:15:05;03/03/2026 12:08:38;10/03/2026;1;R$ 124,53;R$ 209,87;R$ 124,53;STT;"=""00901455180 - DANIEL BENKE AFONSO""";Não atribuído
"=""98021346191""";JULIANA LEANDRO BORGES ALMEIDA;PESSOA FISICA;IPVA;"=""2041901422221""";"=""20260000002890""";13849522;654;Efetivada;24/02/2026 09:48:29;25/02/2026 06:10:08;27/02/2026;1;R$ 238,42;R$ 450,73;R$ 238,42;STT;"=""86123360159 - VERONICA ISSI SIMOES BASTOS""";"=""70458480134 - RENATA VITORIA BONIFACIO E SOUZA"""
"=""98021346191""";JULIANA LEANDRO BORGES ALMEIDA;PESSOA FISICA;IPVA;"=""2286954422202""";"=""20260000002892""";13849549;654;Efetivada;24/02/2026 09:48:29;25/02/2026 06:10:14;27/02/2026;1;R$ 212,57;R$ 387,46;R$ 212,57;STT;"=""86123360159 - VERONICA ISSI SIMOES BASTOS""";"=""70458480134 - RENATA VITORIA BONIFACIO E SOUZA"""
"=""98021346191""";JULIANA LEANDRO BORGES ALMEIDA;PESSOA FISICA;IPVA;"=""2083006822294""";"=""20260000002891""";13849530;654;Efetivada;24/02/2026 09:48:29;25/02/2026 06:10:15;27/02/2026;1;R$ 228,49;R$ 423,25;R$ 228,49;STT;"=""86123360159 - VERONICA ISSI SIMOES BASTOS""";"=""70458480134 - RENATA VITORIA BONIFACIO E SOUZA"""
"=""98593374204""";MISAEL DIAS DE SOUSA E SILVA;PESSOA FISICA;IPVA;"=""2383307722280""";"=""20260000000382""";13671812;141;Efetivada;04/02/2026 12:47:47;10/02/2026 06:02:14;11/02/2026;3;R$ 386,38;R$ 1.939,55;R$ 1.159,13;EXPRESSO;-;"=""86123360159 - VERONICA ISSI SIMOES BASTOS"""
"=""99128004191""";VANESSA APARECIDA FERREIRA BELTRAO BORRAS;PESSOA FISICA;ICMS;"=""4011801575602""";"=""20260000003449""";13870246;734;Efetivada;25/02/2026 16:47:21;27/02/2026 06:08:32;27/02/2026;122;R$ 302,22;R$ 122.902,17;R$ 36.870,65;EXPRESSO;-;"=""70458480134 - RENATA VITORIA BONIFACIO E SOUZA"""
"=""99274175191""";THALITA ALMEIDA GONDIM;PESSOA FISICA;ITCD;"=""4012300040526""";"=""20260000002962""";13849824;663;Efetivada;24/02/2026 10:33:16;25/02/2026 18:07:55;27/02/2026;1;R$ 53.788,35;R$ 179.294,51;R$ 53.788,35;EXPRESSO;-;"=""70458480134 - RENATA VITORIA BONIFACIO E SOUZA"""
"=""99422336104""";FLAVIA MILHOMEM DA SILVA;PESSOA FISICA;IPVA;"=""2392866122224""";"=""20260000000250""";13680641;123;Efetivada;03/02/2026 20:17:16;25/03/2026 15:33:12;10/02/2026;3;R$ 352,66;R$ 1.756,05;R$ 1.057,97;EXPRESSO;-;"=""86123360159 - VERONICA ISSI SIMOES BASTOS"""
"=""99480476134""";MARIA THEREZA ROSA DE ASSIS;PESSOA FISICA;IPVA;"=""2344198222213""";"=""20260000004358""";13911473;870;Efetivada;04/03/2026 08:28:26;07/03/2026 06:02:21;11/03/2026;1;R$ 703,80;R$ 1.203,32;R$ 703,80;EXPRESSO;-;"=""70458480134 - RENATA VITORIA BONIFACIO E SOUZA"""
"=""99550784134""";EDMAR PEREIRA DE OLIVEIRA;PESSOA FISICA;IPVA;"=""2335403922260""";"=""20260000004915""";13944800;978;Efetivada;09/03/2026 11:42:23;09/04/2026 12:50:55;16/03/2026;1;R$ 383,83;R$ 641,69;R$ 383,83;STT;"=""00901455180 - DANIEL BENKE AFONSO""";Não atribuído
"=""99582945168""";CARLOS HUDSON MARQUES GARCIA;PESSOA FISICA;IPVA;"=""2308855622291""";"=""20260000001547""";13750097;374;Efetivada;11/02/2026 11:44:06;11/02/2026 18:06:48;18/02/2026;1;R$ 483,55;R$ 883,95;R$ 483,55;STT;"=""00828686114 - GEOVANA REZENDE ABDON FRAGOSO OLIVEIRA""";Não atribuído
"=""99582945168""";CARLOS HUDSON MARQUES GARCIA;PESSOA FISICA;IPVA;"=""2032138422272""";"=""20260000001545""";13750089;374;Efetivada;11/02/2026 11:44:06;11/02/2026 18:06:53;18/02/2026;1;R$ 513,37;R$ 975,40;R$ 513,37;STT;"=""00828686114 - GEOVANA REZENDE ABDON FRAGOSO OLIVEIRA""";Não atribuído
"=""99582945168""";CARLOS HUDSON MARQUES GARCIA;PESSOA FISICA;IPVA;"=""2369825722249""";"=""20260000001548""";13750100;374;Efetivada;11/02/2026 11:44:06;11/02/2026 18:06:54;18/02/2026;1;R$ 673,41;R$ 1.135,03;R$ 673,41;STT;"=""00828686114 - GEOVANA REZENDE ABDON FRAGOSO OLIVEIRA""";Não atribuído
"=""99582945168""";CARLOS HUDSON MARQUES GARCIA;PESSOA FISICA;IPVA;"=""2101380922229""";"=""20260000001546""";13750119;374;Efetivada;11/02/2026 11:44:06;11/02/2026 18:07:00;18/02/2026;1;R$ 494,50;R$ 916,81;R$ 494,50;STT;"=""00828686114 - GEOVANA REZENDE ABDON FRAGOSO OLIVEIRA""";Não atribuído
"=""99617242168""";PATRICIA MARIA DE JESUS;PESSOA FISICA;ITCD;"=""4012200815500""";"=""20260000000747""";13692321;212;Efetivada;05/02/2026 18:24:01;06/02/2026 12:07:14;12/02/2026;1;R$ 1.743,37;R$ 5.811,22;R$ 1.743,37;EXPRESSO;-;"=""86123360159 - VERONICA ISSI SIMOES BASTOS"""
"=""99645068134""";CLEYTON APOLINARIO DA SILVA;PESSOA FISICA;IPVA;"=""2382723322249""";"=""20260000002410""";13822306;571;Efetivada;20/02/2026 13:37:46;28/02/2026 12:01:10;27/02/2026;1;R$ 137,37;R$ 229,85;R$ 137,37;STT;"=""13670181709 - LARISSA BELTRAO DE CARVALHO""";Não atribuído
"=""99684527187""";GLAUCIENE MARIA DE PAIVA;PESSOA FISICA;IPVA;"=""2082197322200""";"=""20260000001833""";13772457;442;Efetivada;13/02/2026 08:06:17;13/02/2026 18:09:40;20/02/2026;1;R$ 408,60;R$ 757,57;R$ 408,60;EXPRESSO;-;Não atribuído
"=""99684527187""";GLAUCIENE MARIA DE PAIVA;PESSOA FISICA;IPVA;"=""2276236622262""";"=""20260000001834""";13772465;442;Efetivada;13/02/2026 08:06:17;13/02/2026 18:09:46;20/02/2026;1;R$ 1.221,20;R$ 2.232,45;R$ 1.221,20;EXPRESSO;-;Não atribuído
"=""99684527187""";GLAUCIENE MARIA DE PAIVA;PESSOA FISICA;IPVA;"=""2285138122213""";"=""20260000001835""";13772473;442;Efetivada;13/02/2026 08:06:17;13/02/2026 18:09:47;20/02/2026;1;R$ 386,67;R$ 706,85;R$ 386,67;EXPRESSO;-;Não atribuído
"=""99684527187""";GLAUCIENE MARIA DE PAIVA;PESSOA FISICA;IPVA;"=""2371694422273""";"=""20260000001837""";13772481;442;Efetivada;13/02/2026 08:06:17;13/02/2026 18:09:52;20/02/2026;1;R$ 1.700,70;R$ 2.845,75;R$ 1.700,70;EXPRESSO;-;Não atribuído
"=""99684527187""";GLAUCIENE MARIA DE PAIVA;PESSOA FISICA;IPVA;"=""2357266222289""";"=""20260000001836""";13772490;442;Efetivada;13/02/2026 08:06:17;13/02/2026 18:09:53;20/02/2026;1;R$ 486,54;R$ 820,07;R$ 486,54;EXPRESSO;-;Não atribuído
"=""99684527187""";GLAUCIENE MARIA DE PAIVA;PESSOA FISICA;IPVA;"=""2383716122254""";"=""20260000005991""";14048132;1142;Efetivada;26/03/2026 15:32:07;09/04/2026 12:51:01;31/03/2026;1;R$ 1.403,33;R$ 2.365,01;R$ 1.403,33;STT;"=""03447962135 - LUCAS CARDOSO FRANCO""";Não atribuído
"=""99694964172""";VANESSA LOPES DA SILVA ALCANTARA;PESSOA FISICA;IPVA;"=""2358256922243""";"=""20260000003893""";13884557;783;Efetivada;27/02/2026 16:21:16;28/02/2026 06:08:58;27/02/2026;1;R$ 65,70;R$ 110,73;R$ 65,70;EXPRESSO;-;"=""00001288130 - JOILSON JOSE DA SILVA"""
"=""99694964172""";VANESSA LOPES DA SILVA ALCANTARA;PESSOA FISICA;IPVA;"=""2274519822282""";"=""20260000003892""";13884565;783;Efetivada;27/02/2026 16:21:16;28/02/2026 06:09:04;27/02/2026;1;R$ 62,25;R$ 113,79;R$ 62,25;EXPRESSO;-;"=""00001288130 - JOILSON JOSE DA SILVA"""
"=""99777622104""";JONATHAN DE CARVALHO RODRIGUES;PESSOA FISICA;IPVA;"=""2080459922210""";"=""20260000000674""";13691562;200;Efetivada;05/02/2026 14:23:54;06/02/2026 18:06:30;12/02/2026;1;R$ 101,37;R$ 187,93;R$ 101,37;STT;"=""37486381168 - RONE FERNANDES SANTANA MELO""";"=""86123360159 - VERONICA ISSI SIMOES BASTOS"""
"=""99777622104""";JONATHAN DE CARVALHO RODRIGUES;PESSOA FISICA;IPVA;"=""2350776622249""";"=""20260000000678""";13691570;200;Efetivada;05/02/2026 14:23:54;06/02/2026 18:06:30;12/02/2026;1;R$ 121,98;R$ 207,10;R$ 121,98;STT;"=""37486381168 - RONE FERNANDES SANTANA MELO""";"=""86123360159 - VERONICA ISSI SIMOES BASTOS"""
"=""99777622104""";JONATHAN DE CARVALHO RODRIGUES;PESSOA FISICA;IPVA;"=""2078970522263""";"=""20260000000673""";13691511;200;Efetivada;05/02/2026 14:23:54;06/02/2026 18:06:37;12/02/2026;1;R$ 84,63;R$ 156,91;R$ 84,63;STT;"=""37486381168 - RONE FERNANDES SANTANA MELO""";"=""86123360159 - VERONICA ISSI SIMOES BASTOS"""
"=""99777622104""";JONATHAN DE CARVALHO RODRIGUES;PESSOA FISICA;IPVA;"=""2177458722281""";"=""20260000000681""";13691554;200;Efetivada;05/02/2026 14:23:54;06/02/2026 18:06:37;12/02/2026;1;R$ 488,91;R$ 904,11;R$ 488,91;STT;"=""37486381168 - RONE FERNANDES SANTANA MELO""";"=""86123360159 - VERONICA ISSI SIMOES BASTOS"""
"=""99777622104""";JONATHAN DE CARVALHO RODRIGUES;PESSOA FISICA;IPVA;"=""2284002822274""";"=""20260000000676""";13691520;200;Efetivada;05/02/2026 14:23:54;06/02/2026 18:06:44;12/02/2026;1;R$ 101,22;R$ 185,03;R$ 101,22;STT;"=""37486381168 - RONE FERNANDES SANTANA MELO""";"=""86123360159 - VERONICA ISSI SIMOES BASTOS"""
"=""99777622104""";JONATHAN DE CARVALHO RODRIGUES;PESSOA FISICA;IPVA;"=""2319726322238""";"=""20260000000677""";13691538;200;Efetivada;05/02/2026 14:23:54;06/02/2026 18:06:44;12/02/2026;1;R$ 466,47;R$ 844,22;R$ 466,47;STT;"=""37486381168 - RONE FERNANDES SANTANA MELO""";"=""86123360159 - VERONICA ISSI SIMOES BASTOS"""
"=""99777622104""";JONATHAN DE CARVALHO RODRIGUES;PESSOA FISICA;IPVA;"=""2283072022279""";"=""20260000000675""";13691589;200;Efetivada;05/02/2026 14:23:54;06/02/2026 18:06:50;12/02/2026;1;R$ 84,03;R$ 153,61;R$ 84,03;STT;"=""37486381168 - RONE FERNANDES SANTANA MELO""";"=""86123360159 - VERONICA ISSI SIMOES BASTOS"""
"=""99777622104""";JONATHAN DE CARVALHO RODRIGUES;PESSOA FISICA;IPVA;"=""2361845822227""";"=""20260000000679""";13691546;200;Efetivada;05/02/2026 14:23:54;06/02/2026 18:06:50;12/02/2026;1;R$ 107,31;R$ 180,87;R$ 107,31;STT;"=""37486381168 - RONE FERNANDES SANTANA MELO""";"=""86123360159 - VERONICA ISSI SIMOES BASTOS"""
"=""99777622104""";JONATHAN DE CARVALHO RODRIGUES;PESSOA FISICA;IPVA;"=""2392060922275""";"=""20260000000680""";13691597;200;Efetivada;05/02/2026 14:23:54;06/02/2026 18:06:57;12/02/2026;1;R$ 562,23;R$ 933,22;R$ 562,23;STT;"=""37486381168 - RONE FERNANDES SANTANA MELO""";"=""86123360159 - VERONICA ISSI SIMOES BASTOS"""
"=""99865920115""";FERNANDO RODRIGUES FERREIRA;PESSOA FISICA;ITCD;"=""4012101463583""";"=""20260000006912""";14229277;1280;Efetivada;07/05/2026 16:38:32;14/05/2026 12:00:34;14/05/2026;12;R$ 2.500,10;R$ 69.356,76;R$ 30.001,20;EXPRESSO;-;"=""70458480134 - RENATA VITORIA BONIFACIO E SOUZA"""
