ID NEGOCIAÇÃO;ID CONTRIBUINTE;ID ITEM NEGOCIADO;CPF/CNPJ;NOME CONTRIBUINTE;TIPO CONTRIBUINTE;TIPO TRIBUTO;Nº PAT;Nº PARCELAMENTO;Nº ECONOMIA;STATUS;DATA CRIAÇÃO;DATA EFETIVAÇÃO;QTD PARCELAS NEGOCIAÇÃO;Nº PARCELA;DATA VENCIMENTO PARCELA;DATA PAGAMENTO PARCELA;STATUS PARCELA;VALOR DEVIDO PARCELA;VALOR PAGO PARCELA;VALOR CALCULADO PARCELA;VALOR COMPENSADO PARCELA
1123;2174;2542;"=""00009495150""";JACKEILLYNE LOYANE DE OLIVEIRA;PESSOA FISICA;IPVA;"=""2096432922216""";"=""20260000005877""";14024594;Efetivada;23/03/2026 14:27:00;31/03/2026 06:05:32;2;1;30/03/2026;30/03/2026;Paga;R$ 456,60;R$ 456,60;R$ 456,60;R$ 0,00
1123;2174;2542;"=""00009495150""";JACKEILLYNE LOYANE DE OLIVEIRA;PESSOA FISICA;IPVA;"=""2096432922216""";"=""20260000005877""";14024594;Efetivada;23/03/2026 14:27:00;31/03/2026 06:05:32;2;2;27/04/2026;16/04/2026;Paga;R$ 461,16;R$ 461,18;R$ 461,18;R$ 0,00
1123;2174;2543;"=""00009495150""";JACKEILLYNE LOYANE DE OLIVEIRA;PESSOA FISICA;IPVA;"=""2304196822222""";"=""20260000005878""";14024608;Efetivada;23/03/2026 14:27:00;31/03/2026 06:05:38;2;1;30/03/2026;30/03/2026;Paga;R$ 432,35;R$ 432,35;R$ 432,35;R$ 0,00
1123;2174;2543;"=""00009495150""";JACKEILLYNE LOYANE DE OLIVEIRA;PESSOA FISICA;IPVA;"=""2304196822222""";"=""20260000005878""";14024608;Efetivada;23/03/2026 14:27:00;31/03/2026 06:05:38;2;2;27/04/2026;16/04/2026;Paga;R$ 436,67;R$ 436,68;R$ 436,68;R$ 0,00
1123;2174;2544;"=""00009495150""";JACKEILLYNE LOYANE DE OLIVEIRA;PESSOA FISICA;IPVA;"=""2354674022270""";"=""20260000005879""";14024616;Efetivada;23/03/2026 14:27:00;31/03/2026 06:05:45;3;1;30/03/2026;30/03/2026;Paga;R$ 352,67;R$ 352,67;R$ 352,67;R$ 0,00
1123;2174;2544;"=""00009495150""";JACKEILLYNE LOYANE DE OLIVEIRA;PESSOA FISICA;IPVA;"=""2354674022270""";"=""20260000005879""";14024616;Efetivada;23/03/2026 14:27:00;31/03/2026 06:05:45;3;2;27/04/2026;16/04/2026;Paga;R$ 356,19;R$ 356,21;R$ 356,21;R$ 0,00
1123;2174;2544;"=""00009495150""";JACKEILLYNE LOYANE DE OLIVEIRA;PESSOA FISICA;IPVA;"=""2354674022270""";"=""20260000005879""";14024616;Efetivada;23/03/2026 14:27:00;31/03/2026 06:05:45;3;3;25/05/2026;25/05/2026;Paga;R$ 356,19;R$ 360,05;R$ 360,05;R$ 0,00
111;1126;251;"=""00034775250""";RAFAELA CRISTINA SALES NOBRE;PESSOA FISICA;IPVA;"=""2388915422216""";"=""20260000000208""";13671731;Efetivada;03/02/2026 17:19:14;06/02/2026 18:03:18;3;2;25/03/2026;16/03/2026;Paga;R$ 432,47;R$ 432,49;R$ 432,49;R$ 0,00
111;1126;251;"=""00034775250""";RAFAELA CRISTINA SALES NOBRE;PESSOA FISICA;IPVA;"=""2388915422216""";"=""20260000000208""";13671731;Efetivada;03/02/2026 17:19:14;06/02/2026 18:03:18;3;3;27/04/2026;10/04/2026;Paga;R$ 432,47;R$ 437,67;R$ 437,67;R$ 0,00
1203;334;2787;"=""00052803000190""";PEDREIRA ARAGUAIA LTDA.;PESSOA JURIDICA;ICMS;"=""4011600747902""";"=""20260000006421""";14130041;Efetivada;13/04/2026 16:25:27;16/04/2026 12:05:01;88;1;20/04/2026;16/04/2026;Paga;R$ 331,78;R$ 331,78;R$ 331,78;R$ 0,00
1203;334;2787;"=""00052803000190""";PEDREIRA ARAGUAIA LTDA.;PESSOA JURIDICA;ICMS;"=""4011600747902""";"=""20260000006421""";14130041;Efetivada;13/04/2026 16:25:27;16/04/2026 12:05:01;88;2;25/05/2026;22/05/2026;Paga;R$ 335,09;R$ 335,10;R$ 335,10;R$ 0,00
1203;334;2790;"=""00052803000190""";PEDREIRA ARAGUAIA LTDA.;PESSOA JURIDICA;ICMS;"=""2145308500048""";"=""20260000006424""";14130050;Efetivada;13/04/2026 16:25:27;16/04/2026 12:05:08;120;1;20/04/2026;16/04/2026;Paga;R$ 509,23;R$ 509,23;R$ 509,23;R$ 0,00
1203;334;2790;"=""00052803000190""";PEDREIRA ARAGUAIA LTDA.;PESSOA JURIDICA;ICMS;"=""2145308500048""";"=""20260000006424""";14130050;Efetivada;13/04/2026 16:25:27;16/04/2026 12:05:08;120;2;25/05/2026;22/05/2026;Paga;R$ 514,31;R$ 514,32;R$ 514,32;R$ 0,00
1203;334;2786;"=""00052803000190""";PEDREIRA ARAGUAIA LTDA.;PESSOA JURIDICA;ICMS;"=""4012100123517""";"=""20260000006420""";14130033;Efetivada;13/04/2026 16:25:27;16/04/2026 12:05:15;120;1;20/04/2026;16/04/2026;Paga;R$ 1.883,78;R$ 1.883,78;R$ 1.883,78;R$ 0,00
1203;334;2786;"=""00052803000190""";PEDREIRA ARAGUAIA LTDA.;PESSOA JURIDICA;ICMS;"=""4012100123517""";"=""20260000006420""";14130033;Efetivada;13/04/2026 16:25:27;16/04/2026 12:05:15;120;2;25/05/2026;22/05/2026;Paga;R$ 1.902,61;R$ 1.902,62;R$ 1.902,62;R$ 0,00
1203;334;2785;"=""00052803000190""";PEDREIRA ARAGUAIA LTDA.;PESSOA JURIDICA;ICMS;"=""2146226000040""";"=""20260000006419""";14130076;Efetivada;13/04/2026 16:25:27;16/04/2026 12:05:22;120;1;20/04/2026;16/04/2026;Paga;R$ 415,03;R$ 415,03;R$ 415,03;R$ 0,00
1203;334;2785;"=""00052803000190""";PEDREIRA ARAGUAIA LTDA.;PESSOA JURIDICA;ICMS;"=""2146226000040""";"=""20260000006419""";14130076;Efetivada;13/04/2026 16:25:27;16/04/2026 12:05:22;120;2;25/05/2026;22/05/2026;Paga;R$ 419,17;R$ 419,19;R$ 419,19;R$ 0,00
1203;334;2792;"=""00052803000190""";PEDREIRA ARAGUAIA LTDA.;PESSOA JURIDICA;ICMS;"=""4011802355525""";"=""20260000006426""";14130068;Efetivada;13/04/2026 16:25:27;16/04/2026 12:05:29;120;1;20/04/2026;16/04/2026;Paga;R$ 2.571,58;R$ 2.571,58;R$ 2.571,58;R$ 0,00
1203;334;2792;"=""00052803000190""";PEDREIRA ARAGUAIA LTDA.;PESSOA JURIDICA;ICMS;"=""4011802355525""";"=""20260000006426""";14130068;Efetivada;13/04/2026 16:25:27;16/04/2026 12:05:29;120;2;25/05/2026;22/05/2026;Paga;R$ 2.597,28;R$ 2.597,30;R$ 2.597,30;R$ 0,00
1203;334;2784;"=""00052803000190""";PEDREIRA ARAGUAIA LTDA.;PESSOA JURIDICA;ICMS;"=""2227758400026""";"=""20260000006418""";14130092;Efetivada;13/04/2026 16:25:27;16/04/2026 12:05:37;120;1;20/04/2026;16/04/2026;Paga;R$ 528,16;R$ 528,16;R$ 528,16;R$ 0,00
1203;334;2784;"=""00052803000190""";PEDREIRA ARAGUAIA LTDA.;PESSOA JURIDICA;ICMS;"=""2227758400026""";"=""20260000006418""";14130092;Efetivada;13/04/2026 16:25:27;16/04/2026 12:05:37;120;2;25/05/2026;22/05/2026;Paga;R$ 533,44;R$ 533,44;R$ 533,44;R$ 0,00
1203;334;2788;"=""00052803000190""";PEDREIRA ARAGUAIA LTDA.;PESSOA JURIDICA;ICMS;"=""4011602098405""";"=""20260000006422""";14130084;Efetivada;13/04/2026 16:25:27;16/04/2026 12:05:44;120;1;20/04/2026;16/04/2026;Paga;R$ 381,08;R$ 381,08;R$ 381,08;R$ 0,00
1203;334;2788;"=""00052803000190""";PEDREIRA ARAGUAIA LTDA.;PESSOA JURIDICA;ICMS;"=""4011602098405""";"=""20260000006422""";14130084;Efetivada;13/04/2026 16:25:27;16/04/2026 12:05:44;120;2;25/05/2026;22/05/2026;Paga;R$ 384,88;R$ 384,89;R$ 384,89;R$ 0,00
1203;334;2789;"=""00052803000190""";PEDREIRA ARAGUAIA LTDA.;PESSOA JURIDICA;ICMS;"=""4012001031258""";"=""20260000006423""";14130106;Efetivada;13/04/2026 16:25:27;16/04/2026 12:05:51;120;1;20/04/2026;16/04/2026;Paga;R$ 1.617,91;R$ 1.617,91;R$ 1.617,91;R$ 0,00
1203;334;2789;"=""00052803000190""";PEDREIRA ARAGUAIA LTDA.;PESSOA JURIDICA;ICMS;"=""4012001031258""";"=""20260000006423""";14130106;Efetivada;13/04/2026 16:25:27;16/04/2026 12:05:51;120;2;25/05/2026;22/05/2026;Paga;R$ 1.634,08;R$ 1.634,09;R$ 1.634,09;R$ 0,00
1203;334;2791;"=""00052803000190""";PEDREIRA ARAGUAIA LTDA.;PESSOA JURIDICA;ICMS;"=""4011603572020""";"=""20260000006425""";14130114;Efetivada;13/04/2026 16:25:27;16/04/2026 12:05:58;120;1;20/04/2026;16/04/2026;Paga;R$ 1.288,96;R$ 1.288,96;R$ 1.288,96;R$ 0,00
1203;334;2791;"=""00052803000190""";PEDREIRA ARAGUAIA LTDA.;PESSOA JURIDICA;ICMS;"=""4011603572020""";"=""20260000006425""";14130114;Efetivada;13/04/2026 16:25:27;16/04/2026 12:05:58;120;2;25/05/2026;22/05/2026;Paga;R$ 1.301,84;R$ 1.301,85;R$ 1.301,85;R$ 0,00
1205;334;2803;"=""00052803000190""";PEDREIRA ARAGUAIA LTDA.;PESSOA JURIDICA;ICMS;"=""2143597500046""";"=""20260000006455""";14130564;Efetivada;13/04/2026 16:45:50;16/04/2026 12:07:07;120;1;20/04/2026;16/04/2026;Paga;R$ 364,68;R$ 364,68;R$ 364,68;R$ 0,00
1205;334;2803;"=""00052803000190""";PEDREIRA ARAGUAIA LTDA.;PESSOA JURIDICA;ICMS;"=""2143597500046""";"=""20260000006455""";14130564;Efetivada;13/04/2026 16:45:50;16/04/2026 12:07:07;120;2;25/05/2026;22/05/2026;Paga;R$ 368,32;R$ 368,33;R$ 368,33;R$ 0,00
1205;334;2802;"=""00052803000190""";PEDREIRA ARAGUAIA LTDA.;PESSOA JURIDICA;ICMS;"=""4011601849288""";"=""20260000006454""";14130556;Efetivada;13/04/2026 16:45:50;16/04/2026 12:07:15;120;1;20/04/2026;16/04/2026;Paga;R$ 426,87;R$ 426,87;R$ 426,87;R$ 0,00
1205;334;2802;"=""00052803000190""";PEDREIRA ARAGUAIA LTDA.;PESSOA JURIDICA;ICMS;"=""4011601849288""";"=""20260000006454""";14130556;Efetivada;13/04/2026 16:45:50;16/04/2026 12:07:15;120;2;25/05/2026;22/05/2026;Paga;R$ 431,13;R$ 431,14;R$ 431,14;R$ 0,00
1205;334;2805;"=""00052803000190""";PEDREIRA ARAGUAIA LTDA.;PESSOA JURIDICA;ICMS;"=""2145902600092""";"=""20260000006457""";14130521;Efetivada;13/04/2026 16:45:50;16/04/2026 12:07:31;84;1;20/04/2026;16/04/2026;Paga;R$ 331,61;R$ 331,61;R$ 331,61;R$ 0,00
1205;334;2805;"=""00052803000190""";PEDREIRA ARAGUAIA LTDA.;PESSOA JURIDICA;ICMS;"=""2145902600092""";"=""20260000006457""";14130521;Efetivada;13/04/2026 16:45:50;16/04/2026 12:07:31;84;2;25/05/2026;22/05/2026;Paga;R$ 334,92;R$ 334,92;R$ 334,92;R$ 0,00
1205;334;2806;"=""00052803000190""";PEDREIRA ARAGUAIA LTDA.;PESSOA JURIDICA;ICMS;"=""2146014200070""";"=""20260000006458""";14130530;Efetivada;13/04/2026 16:45:50;16/04/2026 12:07:32;120;1;20/04/2026;16/04/2026;Paga;R$ 336,29;R$ 336,29;R$ 336,29;R$ 0,00
1205;334;2806;"=""00052803000190""";PEDREIRA ARAGUAIA LTDA.;PESSOA JURIDICA;ICMS;"=""2146014200070""";"=""20260000006458""";14130530;Efetivada;13/04/2026 16:45:50;16/04/2026 12:07:32;120;2;25/05/2026;22/05/2026;Paga;R$ 339,64;R$ 339,66;R$ 339,66;R$ 0,00
1205;334;2807;"=""00052803000190""";PEDREIRA ARAGUAIA LTDA.;PESSOA JURIDICA;ICMS;"=""2156067700040""";"=""20260000006459""";14130548;Efetivada;13/04/2026 16:45:50;16/04/2026 12:07:39;78;1;20/04/2026;16/04/2026;Paga;R$ 334,20;R$ 334,20;R$ 334,20;R$ 0,00
1205;334;2807;"=""00052803000190""";PEDREIRA ARAGUAIA LTDA.;PESSOA JURIDICA;ICMS;"=""2156067700040""";"=""20260000006459""";14130548;Efetivada;13/04/2026 16:45:50;16/04/2026 12:07:39;78;2;25/05/2026;22/05/2026;Paga;R$ 337,53;R$ 337,54;R$ 337,54;R$ 0,00
1205;334;2804;"=""00052803000190""";PEDREIRA ARAGUAIA LTDA.;PESSOA JURIDICA;ICMS;"=""2227991100048""";"=""20260000006456""";14130572;Efetivada;13/04/2026 16:45:50;16/04/2026 12:07:46;120;1;20/04/2026;16/04/2026;Paga;R$ 506,33;R$ 506,33;R$ 506,33;R$ 0,00
1205;334;2804;"=""00052803000190""";PEDREIRA ARAGUAIA LTDA.;PESSOA JURIDICA;ICMS;"=""2227991100048""";"=""20260000006456""";14130572;Efetivada;13/04/2026 16:45:50;16/04/2026 12:07:46;120;2;25/05/2026;22/05/2026;Paga;R$ 511,39;R$ 511,39;R$ 511,39;R$ 0,00
1205;334;2808;"=""00052803000190""";PEDREIRA ARAGUAIA LTDA.;PESSOA JURIDICA;ICMS;"=""2227661400013""";"=""20260000006460""";14130580;Efetivada;13/04/2026 16:45:50;16/04/2026 12:07:53;120;1;20/04/2026;16/04/2026;Paga;R$ 374,66;R$ 374,66;R$ 374,66;R$ 0,00
1205;334;2808;"=""00052803000190""";PEDREIRA ARAGUAIA LTDA.;PESSOA JURIDICA;ICMS;"=""2227661400013""";"=""20260000006460""";14130580;Efetivada;13/04/2026 16:45:50;16/04/2026 12:07:53;120;2;25/05/2026;22/05/2026;Paga;R$ 378,40;R$ 378,41;R$ 378,41;R$ 0,00
513;2199;1067;"=""00083562117""";GILSON JOSE ROSA;PESSOA FISICA;IPVA;"=""2268342822201""";"=""20260000002150""";13798596;Efetivada;18/02/2026 11:02:12;19/02/2026 18:05:18;3;1;25/02/2026;19/02/2026;Paga;R$ 433,84;R$ 433,84;R$ 433,84;R$ 0,00
513;2199;1067;"=""00083562117""";GILSON JOSE ROSA;PESSOA FISICA;IPVA;"=""2268342822201""";"=""20260000002150""";13798596;Efetivada;18/02/2026 11:02:12;19/02/2026 18:05:18;3;2;25/03/2026;10/03/2026;Paga;R$ 438,17;R$ 438,17;R$ 438,17;R$ 0,00
513;2199;1067;"=""00083562117""";GILSON JOSE ROSA;PESSOA FISICA;IPVA;"=""2268342822201""";"=""20260000002150""";13798596;Efetivada;18/02/2026 11:02:12;19/02/2026 18:05:18;3;3;27/04/2026;13/04/2026;Paga;R$ 438,17;R$ 443,43;R$ 443,43;R$ 0,00
513;2199;1068;"=""00083562117""";GILSON JOSE ROSA;PESSOA FISICA;IPVA;"=""2366809222224""";"=""20260000002151""";13798600;Efetivada;18/02/2026 11:02:12;19/02/2026 18:05:24;4;1;25/02/2026;19/02/2026;Paga;R$ 375,93;R$ 375,93;R$ 375,93;R$ 0,00
513;2199;1068;"=""00083562117""";GILSON JOSE ROSA;PESSOA FISICA;IPVA;"=""2366809222224""";"=""20260000002151""";13798600;Efetivada;18/02/2026 11:02:12;19/02/2026 18:05:24;4;2;25/03/2026;10/03/2026;Paga;R$ 379,68;R$ 379,70;R$ 379,70;R$ 0,00
513;2199;1068;"=""00083562117""";GILSON JOSE ROSA;PESSOA FISICA;IPVA;"=""2366809222224""";"=""20260000002151""";13798600;Efetivada;18/02/2026 11:02:12;19/02/2026 18:05:24;4;3;27/04/2026;13/04/2026;Paga;R$ 379,68;R$ 384,25;R$ 384,25;R$ 0,00
513;2199;1068;"=""00083562117""";GILSON JOSE ROSA;PESSOA FISICA;IPVA;"=""2366809222224""";"=""20260000002151""";13798600;Efetivada;18/02/2026 11:02:12;19/02/2026 18:05:24;4;4;25/05/2026;18/05/2026;Paga;R$ 379,68;R$ 388,35;R$ 388,35;R$ 0,00
33;723;71;"=""00085477184""";LIVYA CAROLINY MACHADO BARBOSA;PESSOA FISICA;IPVA;"=""2392988322228""";"=""20260000000028""";13633473;Efetivada;02/02/2026 15:14:57;03/02/2026 18:00:13;4;2;25/03/2026;13/03/2026;Paga;R$ 374,65;R$ 374,67;R$ 374,67;R$ 0,00
33;723;71;"=""00085477184""";LIVYA CAROLINY MACHADO BARBOSA;PESSOA FISICA;IPVA;"=""2392988322228""";"=""20260000000028""";13633473;Efetivada;02/02/2026 15:14:57;03/02/2026 18:00:13;4;3;27/04/2026;27/04/2026;Paga;R$ 374,65;R$ 379,16;R$ 379,16;R$ 0,00
33;723;71;"=""00085477184""";LIVYA CAROLINY MACHADO BARBOSA;PESSOA FISICA;IPVA;"=""2392988322228""";"=""20260000000028""";13633473;Efetivada;02/02/2026 15:14:57;03/02/2026 18:00:13;4;4;25/05/2026;25/05/2026;Paga;R$ 374,65;R$ 383,20;R$ 383,20;R$ 0,00
742;2684;1594;"=""00107167859""";ALFREDO MENGAI;PESSOA FISICA;IPVA;"=""2382219922270""";"=""20260000003584""";13870815;Efetivada;26/02/2026 11:20:55;27/02/2026 18:06:54;5;1;27/02/2026;27/02/2026;Paga;R$ 395,35;R$ 395,35;R$ 395,35;R$ 0,00
742;2684;1594;"=""00107167859""";ALFREDO MENGAI;PESSOA FISICA;IPVA;"=""2382219922270""";"=""20260000003584""";13870815;Efetivada;26/02/2026 11:20:55;27/02/2026 18:06:54;5;3;27/04/2026;30/04/2026;Paga;R$ 399,29;R$ 408,08;R$ 408,08;R$ 0,00
742;2684;1594;"=""00107167859""";ALFREDO MENGAI;PESSOA FISICA;IPVA;"=""2382219922270""";"=""20260000003584""";13870815;Efetivada;26/02/2026 11:20:55;27/02/2026 18:06:54;5;4;25/05/2026;29/05/2026;Paga;R$ 399,29;R$ 413,79;R$ 413,79;R$ 0,00
59;831;135;"=""00156352605""";JOSE AILTON TEODORO DE SOUZA;PESSOA FISICA;ICMS;"=""4011801602855""";"=""20260000000092""";13712748;Efetivada;02/02/2026 18:06:55;09/02/2026 06:10:52;36;2;25/03/2026;18/02/2026;Paga;R$ 378,47;R$ 374,75;R$ 374,75;R$ 0,00
59;831;135;"=""00156352605""";JOSE AILTON TEODORO DE SOUZA;PESSOA FISICA;ICMS;"=""4011801602855""";"=""20260000000092""";13712748;Efetivada;02/02/2026 18:06:55;09/02/2026 06:10:52;36;3;27/04/2026;25/03/2026;Paga;R$ 378,47;R$ 378,50;R$ 378,50;R$ 0,00
59;831;135;"=""00156352605""";JOSE AILTON TEODORO DE SOUZA;PESSOA FISICA;ICMS;"=""4011801602855""";"=""20260000000092""";13712748;Efetivada;02/02/2026 18:06:55;09/02/2026 06:10:52;36;4;25/05/2026;11/05/2026;Paga;R$ 378,47;R$ 387,11;R$ 387,11;R$ 0,00
544;2239;1127;"=""00170791106""";RICARDO BRUNO DA SILVA MARTINS;PESSOA FISICA;IPVA;"=""2369624122210""";"=""20260000002279""";13811053;Efetivada;19/02/2026 12:31:12;20/02/2026 06:06:48;1;1;26/02/2026;19/02/2026;Paga;R$ 149,52;R$ 149,52;R$ 149,52;R$ 0,00
544;2239;1126;"=""00170791106""";RICARDO BRUNO DA SILVA MARTINS;PESSOA FISICA;IPVA;"=""2297525922209""";"=""20260000002278""";13811045;Efetivada;19/02/2026 12:31:12;20/02/2026 06:06:49;1;1;26/02/2026;19/02/2026;Paga;R$ 115,27;R$ 115,27;R$ 115,27;R$ 0,00
720;2632;1560;"=""00187008108""";WILKER RODRIGUES VIEIRA;PESSOA FISICA;IPVA;"=""2304930022214""";"=""20260000003399""";13865242;Efetivada;25/02/2026 14:09:11;27/02/2026 18:06:11;2;1;27/02/2026;27/02/2026;Paga;R$ 370,63;R$ 370,63;R$ 370,63;R$ 0,00
150;1251;335;"=""00187610118""";ALBERTO LENINE DE ALMEIDA QUEIROGA;PESSOA FISICA;IPVA;"=""2389721922203""";"=""20260000000428""";13682792;Efetivada;04/02/2026 15:10:44;10/02/2026 18:02:54;5;1;11/02/2026;10/02/2026;Paga;R$ 361,72;R$ 361,72;R$ 361,72;R$ 0,00
150;1251;335;"=""00187610118""";ALBERTO LENINE DE ALMEIDA QUEIROGA;PESSOA FISICA;IPVA;"=""2389721922203""";"=""20260000000428""";13682792;Efetivada;04/02/2026 15:10:44;10/02/2026 18:02:54;5;2;25/03/2026;25/03/2026;Paga;R$ 365,32;R$ 365,34;R$ 365,34;R$ 0,00
150;1251;335;"=""00187610118""";ALBERTO LENINE DE ALMEIDA QUEIROGA;PESSOA FISICA;IPVA;"=""2389721922203""";"=""20260000000428""";13682792;Efetivada;04/02/2026 15:10:44;10/02/2026 18:02:54;5;3;27/04/2026;27/04/2026;Paga;R$ 365,32;R$ 369,72;R$ 369,72;R$ 0,00
150;1251;335;"=""00187610118""";ALBERTO LENINE DE ALMEIDA QUEIROGA;PESSOA FISICA;IPVA;"=""2389721922203""";"=""20260000000428""";13682792;Efetivada;04/02/2026 15:10:44;10/02/2026 18:02:54;5;4;25/05/2026;25/05/2026;Paga;R$ 365,32;R$ 373,66;R$ 373,66;R$ 0,00
1111;3372;2501;"=""00215722167""";MARCO ANTONIO DA COSTA GALHARDO;PESSOA FISICA;ICMS;"=""4011401236800""";"=""20260000005766""";14024969;Efetivada;23/03/2026 13:20:31;31/03/2026 06:07:03;145;1;30/03/2026;30/03/2026;Paga;R$ 1.018,12;R$ 1.018,12;R$ 1.018,12;R$ 0,00
1111;3372;2500;"=""00215722167""";MARCO ANTONIO DA COSTA GALHARDO;PESSOA FISICA;ICMS;"=""2061651500004""";"=""20260000005765""";14024950;Efetivada;23/03/2026 13:20:31;31/03/2026 06:07:10;82;1;30/03/2026;30/03/2026;Paga;R$ 333,00;R$ 333,00;R$ 333,00;R$ 0,00
1111;3372;2503;"=""00215722167""";MARCO ANTONIO DA COSTA GALHARDO;PESSOA FISICA;ICMS;"=""4011402369499""";"=""20260000005768""";14024985;Efetivada;23/03/2026 13:20:31;31/03/2026 06:07:23;80;1;30/03/2026;30/03/2026;Paga;R$ 331,22;R$ 331,22;R$ 331,22;R$ 0,00
1111;3372;2502;"=""00215722167""";MARCO ANTONIO DA COSTA GALHARDO;PESSOA FISICA;ICMS;"=""2085654200017""";"=""20260000005767""";14024977;Efetivada;23/03/2026 13:20:31;31/03/2026 06:07:29;145;1;30/03/2026;30/03/2026;Paga;R$ 707,30;R$ 707,30;R$ 707,30;R$ 0,00
1111;3372;2499;"=""00215722167""";MARCO ANTONIO DA COSTA GALHARDO;PESSOA FISICA;Pena Pecuniária;"=""4011403427905""";"=""20260000005764""";14024942;Efetivada;23/03/2026 13:20:31;31/03/2026 06:07:16;88;1;30/03/2026;30/03/2026;Paga;R$ 331,96;R$ 331,96;R$ 331,96;R$ 0,00
1141;3411;2581;"=""00218770170""";NEURA LIMA DE MORAIS;PESSOA FISICA;IPVA;"=""2378991222233""";"=""20260000005979""";14051060;Efetivada;26/03/2026 00:45:52;27/03/2026 18:17:42;6;1;27/03/2026;27/03/2026;Paga;R$ 339,93;R$ 339,93;R$ 339,93;R$ 0,00
1141;3411;2581;"=""00218770170""";NEURA LIMA DE MORAIS;PESSOA FISICA;IPVA;"=""2378991222233""";"=""20260000005979""";14051060;Efetivada;26/03/2026 00:45:52;27/03/2026 18:17:42;6;2;27/04/2026;20/04/2026;Paga;R$ 343,32;R$ 343,34;R$ 343,34;R$ 0,00
1141;3411;2581;"=""00218770170""";NEURA LIMA DE MORAIS;PESSOA FISICA;IPVA;"=""2378991222233""";"=""20260000005979""";14051060;Efetivada;26/03/2026 00:45:52;27/03/2026 18:17:42;6;3;25/05/2026;21/05/2026;Paga;R$ 343,32;R$ 347,05;R$ 347,05;R$ 0,00
47;787;104;"=""00225403188""";RAFAEL VIEIRA DE QUEIROZ;PESSOA FISICA;IPVA;"=""2333865322216""";"=""20260000000061""";13659855;Efetivada;02/02/2026 16:35:42;09/02/2026 18:01:36;6;2;25/03/2026;30/03/2026;Paga;R$ 367,90;R$ 373,97;R$ 373,97;R$ 0,00
47;787;104;"=""00225403188""";RAFAEL VIEIRA DE QUEIROZ;PESSOA FISICA;IPVA;"=""2333865322216""";"=""20260000000061""";13659855;Efetivada;02/02/2026 16:35:42;09/02/2026 18:01:36;6;3;27/04/2026;28/04/2026;Paga;R$ 367,90;R$ 373,54;R$ 373,54;R$ 0,00
568;1571;1167;"=""00260175129""";ANDRE LUIS MARTINS TEIXEIRA;PESSOA FISICA;IPVA;"=""2350668322205""";"=""20260000002385""";13819976;Efetivada;20/02/2026 10:42:35;25/02/2026 06:05:28;7;1;27/02/2026;24/02/2026;Paga;R$ 343,20;R$ 343,20;R$ 343,20;R$ 0,00
568;1571;1167;"=""00260175129""";ANDRE LUIS MARTINS TEIXEIRA;PESSOA FISICA;IPVA;"=""2350668322205""";"=""20260000002385""";13819976;Efetivada;20/02/2026 10:42:35;25/02/2026 06:05:28;7;2;25/03/2026;23/03/2026;Paga;R$ 346,63;R$ 346,63;R$ 346,63;R$ 0,00
568;1571;1167;"=""00260175129""";ANDRE LUIS MARTINS TEIXEIRA;PESSOA FISICA;IPVA;"=""2350668322205""";"=""20260000002385""";13819976;Efetivada;20/02/2026 10:42:35;25/02/2026 06:05:28;7;3;27/04/2026;13/04/2026;Paga;R$ 346,63;R$ 350,79;R$ 350,79;R$ 0,00
568;1571;1167;"=""00260175129""";ANDRE LUIS MARTINS TEIXEIRA;PESSOA FISICA;IPVA;"=""2350668322205""";"=""20260000002385""";13819976;Efetivada;20/02/2026 10:42:35;25/02/2026 06:05:28;7;4;25/05/2026;15/05/2026;Paga;R$ 346,63;R$ 354,53;R$ 354,53;R$ 0,00
568;1571;1167;"=""00260175129""";ANDRE LUIS MARTINS TEIXEIRA;PESSOA FISICA;IPVA;"=""2350668322205""";"=""20260000002385""";13819976;Efetivada;20/02/2026 10:42:35;25/02/2026 06:05:28;7;5;25/06/2026;27/05/2026;Paga;R$ 346,63;R$ 354,53;R$ 354,53;R$ 0,00
568;1571;1167;"=""00260175129""";ANDRE LUIS MARTINS TEIXEIRA;PESSOA FISICA;IPVA;"=""2350668322205""";"=""20260000002385""";13819976;Efetivada;20/02/2026 10:42:35;25/02/2026 06:05:28;7;6;27/07/2026;27/05/2026;Paga;R$ 346,63;R$ 354,53;R$ 354,53;R$ 0,00
568;1571;1167;"=""00260175129""";ANDRE LUIS MARTINS TEIXEIRA;PESSOA FISICA;IPVA;"=""2350668322205""";"=""20260000002385""";13819976;Efetivada;20/02/2026 10:42:35;25/02/2026 06:05:28;7;7;25/08/2026;27/05/2026;Paga;R$ 346,63;R$ 354,53;R$ 354,53;R$ 0,00
717;1501;1556;"=""00272571695""";BRUNO EDUARDO NEUMANN;PESSOA FISICA;IPVA;"=""2391482822272""";"=""20260000003388""";13862510;Efetivada;25/02/2026 13:50:36;25/02/2026 18:14:23;5;1;27/02/2026;25/02/2026;Paga;R$ 363,18;R$ 363,18;R$ 363,18;R$ 0,00
717;1501;1556;"=""00272571695""";BRUNO EDUARDO NEUMANN;PESSOA FISICA;IPVA;"=""2391482822272""";"=""20260000003388""";13862510;Efetivada;25/02/2026 13:50:36;25/02/2026 18:14:23;5;2;25/03/2026;24/03/2026;Paga;R$ 366,81;R$ 366,82;R$ 366,82;R$ 0,00
717;1501;1556;"=""00272571695""";BRUNO EDUARDO NEUMANN;PESSOA FISICA;IPVA;"=""2391482822272""";"=""20260000003388""";13862510;Efetivada;25/02/2026 13:50:36;25/02/2026 18:14:23;5;3;27/04/2026;24/04/2026;Paga;R$ 366,81;R$ 371,22;R$ 371,22;R$ 0,00
717;1501;1556;"=""00272571695""";BRUNO EDUARDO NEUMANN;PESSOA FISICA;IPVA;"=""2391482822272""";"=""20260000003388""";13862510;Efetivada;25/02/2026 13:50:36;25/02/2026 18:14:23;5;4;25/05/2026;27/05/2026;Paga;R$ 366,81;R$ 377,66;R$ 377,66;R$ 0,00
717;1501;1555;"=""00272571695""";BRUNO EDUARDO NEUMANN;PESSOA FISICA;IPVA;"=""2318893022201""";"=""20260000003387""";13862529;Efetivada;25/02/2026 13:50:36;25/02/2026 18:14:26;4;1;27/02/2026;25/02/2026;Paga;R$ 349,11;R$ 349,11;R$ 349,11;R$ 0,00
717;1501;1555;"=""00272571695""";BRUNO EDUARDO NEUMANN;PESSOA FISICA;IPVA;"=""2318893022201""";"=""20260000003387""";13862529;Efetivada;25/02/2026 13:50:36;25/02/2026 18:14:26;4;2;25/03/2026;24/03/2026;Paga;R$ 352,59;R$ 352,61;R$ 352,61;R$ 0,00
717;1501;1555;"=""00272571695""";BRUNO EDUARDO NEUMANN;PESSOA FISICA;IPVA;"=""2318893022201""";"=""20260000003387""";13862529;Efetivada;25/02/2026 13:50:36;25/02/2026 18:14:26;4;3;27/04/2026;24/04/2026;Paga;R$ 352,59;R$ 356,83;R$ 356,83;R$ 0,00
717;1501;1555;"=""00272571695""";BRUNO EDUARDO NEUMANN;PESSOA FISICA;IPVA;"=""2318893022201""";"=""20260000003387""";13862529;Efetivada;25/02/2026 13:50:36;25/02/2026 18:14:26;4;4;25/05/2026;27/05/2026;Paga;R$ 352,59;R$ 363,02;R$ 363,02;R$ 0,00
968;2943;2112;"=""00312646119""";ROBERTO EMMANUEL SOUZA DA SILVA;PESSOA FISICA;IPVA;"=""2380648922209""";"=""20260000004877""";13942930;Efetivada;09/03/2026 09:34:18;10/03/2026 12:08:00;1;1;16/03/2026;10/03/2026;Paga;R$ 557,34;R$ 557,34;R$ 557,34;R$ 0,00
968;2943;2111;"=""00312646119""";ROBERTO EMMANUEL SOUZA DA SILVA;PESSOA FISICA;IPVA;"=""2332519422277""";"=""20260000004876""";13942948;Efetivada;09/03/2026 09:34:18;10/03/2026 12:08:04;1;1;16/03/2026;10/03/2026;Paga;R$ 448,27;R$ 448,27;R$ 448,27;R$ 0,00
1055;3295;2322;"=""00316271101""";LUCIMEIRE ALVES DE CARVALHO;PESSOA FISICA;IPVA;"=""2384429722290""";"=""20260000005359""";13986511;Efetivada;16/03/2026 09:41:22;09/04/2026 12:50:59;1;1;23/03/2026;16/03/2026;Paga;R$ 1.603,06;R$ 1.603,06;R$ 1.603,06;R$ 0,00
58;716;134;"=""00354501186""";JHIONIFER JOSE RIBEIRO;PESSOA FISICA;IPVA;"=""2323907022277""";"=""20260000000091""";13659685;Efetivada;02/02/2026 17:30:59;10/02/2026 12:01:24;3;2;25/03/2026;31/03/2026;Paga;R$ 364,67;R$ 371,92;R$ 371,92;R$ 0,00
58;716;133;"=""00354501186""";JHIONIFER JOSE RIBEIRO;PESSOA FISICA;IPVA;"=""2334825022228""";"=""20260000000090""";13659677;Efetivada;02/02/2026 17:30:59;10/02/2026 12:01:25;3;2;25/03/2026;31/03/2026;Paga;R$ 437,63;R$ 446,32;R$ 446,32;R$ 0,00
58;716;132;"=""00354501186""";JHIONIFER JOSE RIBEIRO;PESSOA FISICA;IPVA;"=""2181571522223""";"=""20260000000089""";13659693;Efetivada;02/02/2026 17:30:59;10/02/2026 12:01:31;3;2;25/03/2026;31/03/2026;Paga;R$ 378,51;R$ 386,01;R$ 386,01;R$ 0,00
493;2132;1026;"=""00362703183""";MARCOS AURELIO CARNEIRO;PESSOA FISICA;IPVA;"=""2279613422200""";"=""20260000002064""";13794027;Efetivada;14/02/2026 07:29:17;18/02/2026 12:08:32;1;1;20/02/2026;18/02/2026;Paga;R$ 111,28;R$ 111,28;R$ 111,28;R$ 0,00
228;1281;501;"=""00365165115""";LAZARO FERREIRA ARANTES;PESSOA FISICA;ITCD;"=""3035302487424""";"=""20260000000813""";13757172;Efetivada;06/02/2026 10:47:04;12/02/2026 18:06:53;1;1;13/02/2026;12/02/2026;Paga;R$ 31.535,72;R$ 31.535,72;R$ 31.535,72;R$ 0,00
545;1636;1128;"=""00390239151""";PAULO ROBERTO DE SOUSA;PESSOA FISICA;IPVA;"=""2381555422220""";"=""20260000002282""";13811142;Efetivada;19/02/2026 13:12:05;19/02/2026 18:09:14;2;1;26/02/2026;19/02/2026;Paga;R$ 409,13;R$ 409,13;R$ 409,13;R$ 0,00
545;1636;1128;"=""00390239151""";PAULO ROBERTO DE SOUSA;PESSOA FISICA;IPVA;"=""2381555422220""";"=""20260000002282""";13811142;Efetivada;19/02/2026 13:12:05;19/02/2026 18:09:14;2;2;25/03/2026;23/03/2026;Paga;R$ 413,21;R$ 413,23;R$ 413,23;R$ 0,00
1041;3252;2296;"=""00453389147""";DENIZE DANIELE VENANCIO DE CASTRO;PESSOA FISICA;IPVA;"=""2351261122295""";"=""20260000005305""";13971034;Efetivada;12/03/2026 11:45:40;12/03/2026 18:12:01;2;1;19/03/2026;12/03/2026;Paga;R$ 366,73;R$ 366,73;R$ 366,73;R$ 0,00
1041;3252;2295;"=""00453389147""";DENIZE DANIELE VENANCIO DE CASTRO;PESSOA FISICA;IPVA;"=""2309073322206""";"=""20260000005304""";13971026;Efetivada;12/03/2026 11:45:40;09/04/2026 12:50:58;1;1;19/03/2026;12/03/2026;Paga;R$ 610,40;R$ 610,40;R$ 610,40;R$ 0,00
70;689;158;"=""00453917186""";SILVIO GONCALVES DE OLIVEIRA;PESSOA FISICA;IPVA;"=""2095285422291""";"=""20260000000115""";13678817;Efetivada;02/02/2026 23:41:23;09/02/2026 12:03:40;4;2;25/03/2026;18/03/2026;Paga;R$ 414,07;R$ 414,08;R$ 414,08;R$ 0,00
70;689;158;"=""00453917186""";SILVIO GONCALVES DE OLIVEIRA;PESSOA FISICA;IPVA;"=""2095285422291""";"=""20260000000115""";13678817;Efetivada;02/02/2026 23:41:23;09/02/2026 12:03:40;4;3;27/04/2026;13/04/2026;Paga;R$ 414,07;R$ 419,04;R$ 419,04;R$ 0,00
70;689;159;"=""00453917186""";SILVIO GONCALVES DE OLIVEIRA;PESSOA FISICA;IPVA;"=""2301421622260""";"=""20260000000116""";13678825;Efetivada;02/02/2026 23:41:23;09/02/2026 12:03:40;4;2;25/03/2026;18/03/2026;Paga;R$ 378,31;R$ 378,33;R$ 378,33;R$ 0,00
70;689;159;"=""00453917186""";SILVIO GONCALVES DE OLIVEIRA;PESSOA FISICA;IPVA;"=""2301421622260""";"=""20260000000116""";13678825;Efetivada;02/02/2026 23:41:23;09/02/2026 12:03:40;4;3;27/04/2026;13/04/2026;Paga;R$ 378,31;R$ 382,86;R$ 382,86;R$ 0,00
70;689;157;"=""00453917186""";SILVIO GONCALVES DE OLIVEIRA;PESSOA FISICA;IPVA;"=""2032252622200""";"=""20260000000114""";13678809;Efetivada;02/02/2026 23:41:23;09/02/2026 12:03:46;5;2;25/03/2026;18/03/2026;Paga;R$ 336,34;R$ 336,35;R$ 336,35;R$ 0,00
70;689;157;"=""00453917186""";SILVIO GONCALVES DE OLIVEIRA;PESSOA FISICA;IPVA;"=""2032252622200""";"=""20260000000114""";13678809;Efetivada;02/02/2026 23:41:23;09/02/2026 12:03:46;5;3;27/04/2026;13/04/2026;Paga;R$ 336,34;R$ 340,38;R$ 340,38;R$ 0,00
70;689;160;"=""00453917186""";SILVIO GONCALVES DE OLIVEIRA;PESSOA FISICA;IPVA;"=""2366171622246""";"=""20260000000117""";13678833;Efetivada;02/02/2026 23:41:23;09/02/2026 12:03:47;5;2;25/03/2026;18/03/2026;Paga;R$ 358,96;R$ 358,96;R$ 358,96;R$ 0,00
70;689;160;"=""00453917186""";SILVIO GONCALVES DE OLIVEIRA;PESSOA FISICA;IPVA;"=""2366171622246""";"=""20260000000117""";13678833;Efetivada;02/02/2026 23:41:23;09/02/2026 12:03:47;5;3;27/04/2026;13/04/2026;Paga;R$ 358,96;R$ 363,26;R$ 363,26;R$ 0,00
215;615;484;"=""00489692141""";DANIELA AMARAL DE ASEVÊDO GALIOTTO;PESSOA FISICA;ICMS;"=""4012201141731""";"=""20260000000761""";13693638;Efetivada;06/02/2026 08:20:21;06/02/2026 12:08:24;4;3;27/04/2026;20/05/2026;Paga;R$ 377,69;R$ 415,65;R$ 415,65;R$ 0,00
215;615;484;"=""00489692141""";DANIELA AMARAL DE ASEVÊDO GALIOTTO;PESSOA FISICA;ICMS;"=""4012201141731""";"=""20260000000761""";13693638;Efetivada;06/02/2026 08:20:21;06/02/2026 12:08:24;4;4;25/05/2026;20/05/2026;Paga;R$ 377,69;R$ 386,32;R$ 386,32;R$ 0,00
1115;3334;2507;"=""00493652159""";FREDERICO DOS REIS LEÃO;PESSOA FISICA;ITCD;"=""4012101425819""";"=""20260000005780""";14023881;Efetivada;23/03/2026 14:08:47;30/03/2026 12:02:05;5;1;30/03/2026;30/03/2026;Paga;R$ 352,00;R$ 352,00;R$ 352,00;R$ 0,00
1115;3334;2507;"=""00493652159""";FREDERICO DOS REIS LEÃO;PESSOA FISICA;ITCD;"=""4012101425819""";"=""20260000005780""";14023881;Efetivada;23/03/2026 14:08:47;30/03/2026 12:02:05;5;2;27/04/2026;24/04/2026;Paga;R$ 355,52;R$ 355,52;R$ 355,52;R$ 0,00
1115;3334;2507;"=""00493652159""";FREDERICO DOS REIS LEÃO;PESSOA FISICA;ITCD;"=""4012101425819""";"=""20260000005780""";14023881;Efetivada;23/03/2026 14:08:47;30/03/2026 12:02:05;5;3;25/05/2026;20/05/2026;Paga;R$ 355,52;R$ 359,36;R$ 359,36;R$ 0,00
1115;3334;2508;"=""00493652159""";FREDERICO DOS REIS LEÃO;PESSOA FISICA;ITCD;"=""4012000410905""";"=""20260000005781""";14023890;Efetivada;23/03/2026 14:08:47;01/04/2026 18:00:47;1;1;30/03/2026;30/03/2026;Paga;R$ 487,82;R$ 487,82;R$ 487,82;R$ 0,00
673;2175;1426;"=""00517393131""";WIDNEY MARTINS DO CARMO;PESSOA FISICA;IPVA;"=""2360350622276""";"=""20260000003012""";13848950;Efetivada;24/02/2026 12:34:25;24/02/2026 18:12:50;3;1;27/02/2026;24/02/2026;Paga;R$ 383,40;R$ 383,40;R$ 383,40;R$ 0,00
673;2175;1425;"=""00517393131""";WIDNEY MARTINS DO CARMO;PESSOA FISICA;IPVA;"=""2304342322241""";"=""20260000003011""";13848941;Efetivada;24/02/2026 12:34:25;24/02/2026 18:12:56;2;1;27/02/2026;24/02/2026;Paga;R$ 462,55;R$ 462,55;R$ 462,55;R$ 0,00
1131;3380;2566;"=""00519151119""";LILIANE PEREIRA BUENO;PESSOA FISICA;IPVA;"=""2353128222221""";"=""20260000005935""";14032163;Efetivada;24/03/2026 10:12:10;30/03/2026 18:08:39;5;1;31/03/2026;30/03/2026;Paga;R$ 389,01;R$ 389,01;R$ 389,01;R$ 0,00
983;684;2131;"=""00520155130""";ARY KENNIS RODRIGUES DA SILVA;PESSOA FISICA;IPVA;"=""2268735422209""";"=""20260000004928""";13947028;Efetivada;09/03/2026 14:43:03;16/03/2026 18:04:09;4;1;16/03/2026;16/03/2026;Paga;R$ 337,82;R$ 337,82;R$ 337,82;R$ 0,00
983;684;2132;"=""00520155130""";ARY KENNIS RODRIGUES DA SILVA;PESSOA FISICA;IPVA;"=""2355151022248""";"=""20260000004929""";13947036;Efetivada;09/03/2026 14:43:03;17/03/2026 06:03:51;4;1;16/03/2026;16/03/2026;Paga;R$ 374,67;R$ 374,67;R$ 374,67;R$ 0,00
1036;3245;2284;"=""00521415195""";ARIELLY ROSA NEVES;PESSOA FISICA;IPVA;"=""2348180022282""";"=""20260000005268""";13966820;Efetivada;11/03/2026 17:05:40;18/03/2026 12:05:24;5;1;18/03/2026;18/03/2026;Paga;R$ 335,43;R$ 335,43;R$ 335,43;R$ 0,00
1036;3245;2284;"=""00521415195""";ARIELLY ROSA NEVES;PESSOA FISICA;IPVA;"=""2348180022282""";"=""20260000005268""";13966820;Efetivada;11/03/2026 17:05:40;18/03/2026 12:05:24;5;2;27/04/2026;30/04/2026;Paga;R$ 338,77;R$ 342,13;R$ 342,13;R$ 0,00
418;1995;884;"=""00526031131""";ROGERIO DIAS MARQUES;PESSOA FISICA;IPVA;"=""2321907522206""";"=""20260000001727""";13775278;Efetivada;12/02/2026 13:13:20;13/02/2026 18:10:57;1;1;19/02/2026;13/02/2026;Paga;R$ 141,01;R$ 141,01;R$ 141,01;R$ 0,00
1339;3961;3357;"=""00577163159""";WINDSON PEREIRA DE OLIVEIRA;PESSOA FISICA;IPVA;"=""2042651122283""";"=""20260000007913""";14290669;Efetivada;25/05/2026 13:34:55;27/05/2026 06:06:53;1;1;29/05/2026;26/05/2026;Paga;R$ 95,40;R$ 95,40;R$ 95,40;R$ 0,00
1339;3961;3358;"=""00577163159""";WINDSON PEREIRA DE OLIVEIRA;PESSOA FISICA;IPVA;"=""2309996822236""";"=""20260000007914""";14290685;Efetivada;25/05/2026 13:34:55;27/05/2026 06:07:27;1;1;29/05/2026;26/05/2026;Paga;R$ 91,97;R$ 91,97;R$ 91,97;R$ 0,00
1339;3961;3359;"=""00577163159""";WINDSON PEREIRA DE OLIVEIRA;PESSOA FISICA;IPVA;"=""2382593022283""";"=""20260000007915""";14290677;Efetivada;25/05/2026 13:34:55;27/05/2026 06:07:33;1;1;29/05/2026;26/05/2026;Paga;R$ 103,62;R$ 103,62;R$ 103,62;R$ 0,00
35;727;74;"=""00604732155""";MARIA HELENA PEIXOTO DE SOUSA CASTRO;PESSOA FISICA;IPVA;"=""2351798722287""";"=""20260000000031""";13658905;Efetivada;02/02/2026 15:15:15;23/04/2026 18:01:53;4;1;25/02/2026;24/02/2026;Paga;R$ 396,53;R$ 396,53;R$ 396,53;R$ 0,00
35;727;74;"=""00604732155""";MARIA HELENA PEIXOTO DE SOUSA CASTRO;PESSOA FISICA;IPVA;"=""2351798722287""";"=""20260000000031""";13658905;Efetivada;02/02/2026 15:15:15;23/04/2026 18:01:53;4;2;25/03/2026;29/04/2026;Paga;R$ 400,49;R$ 453,46;R$ 452,13;R$ 0,00
35;727;74;"=""00604732155""";MARIA HELENA PEIXOTO DE SOUSA CASTRO;PESSOA FISICA;IPVA;"=""2351798722287""";"=""20260000000031""";13658905;Efetivada;02/02/2026 15:15:15;23/04/2026 18:01:53;4;3;27/04/2026;29/04/2026;Paga;R$ 400,49;R$ 409,32;R$ 407,98;R$ 0,00
35;727;74;"=""00604732155""";MARIA HELENA PEIXOTO DE SOUSA CASTRO;PESSOA FISICA;IPVA;"=""2351798722287""";"=""20260000000031""";13658905;Efetivada;02/02/2026 15:15:15;23/04/2026 18:01:53;4;4;25/05/2026;26/05/2026;Paga;R$ 400,49;R$ 415,04;R$ 410,98;R$ 0,00
841;1673;1797;"=""00737029781""";SANDRO ALMADA COSTA;PESSOA FISICA;IPVA;"=""2318279122295""";"=""20260000004149""";13902997;Efetivada;03/03/2026 10:25:18;11/03/2026 12:00:26;11;1;10/03/2026;10/03/2026;Paga;R$ 348,27;R$ 348,27;R$ 348,27;R$ 0,00
841;1673;1798;"=""00737029781""";SANDRO ALMADA COSTA;PESSOA FISICA;IPVA;"=""2391761622229""";"=""20260000004150""";13902989;Efetivada;03/03/2026 10:25:18;11/03/2026 12:00:26;15;1;10/03/2026;10/03/2026;Paga;R$ 331,54;R$ 331,54;R$ 331,54;R$ 0,00
426;1779;893;"=""00740391135""";ARCEU MORAIS LEITE;PESSOA FISICA;ICMS;"=""4011902198863""";"=""20260000001746""";13767100;Efetivada;12/02/2026 14:53:12;19/02/2026 06:03:00;1;1;19/02/2026;18/02/2026;Paga;R$ 280,50;R$ 280,50;R$ 280,50;R$ 0,00
534;2238;1106;"=""00744195101""";TARLEYS MILHOMEM DOS SANTOS;PESSOA FISICA;IPVA;"=""2049143722259""";"=""20260000002232""";13805096;Efetivada;18/02/2026 22:13:08;25/02/2026 18:01:10;1;1;25/02/2026;25/02/2026;Paga;R$ 305,84;R$ 305,84;R$ 305,84;R$ 0,00
534;2238;1107;"=""00744195101""";TARLEYS MILHOMEM DOS SANTOS;PESSOA FISICA;IPVA;"=""2183797522263""";"=""20260000002233""";13805100;Efetivada;18/02/2026 22:13:08;25/02/2026 18:01:16;1;1;25/02/2026;25/02/2026;Paga;R$ 290,81;R$ 290,81;R$ 290,81;R$ 0,00
534;2238;1108;"=""00744195101""";TARLEYS MILHOMEM DOS SANTOS;PESSOA FISICA;IPVA;"=""2299449022288""";"=""20260000002234""";13805118;Efetivada;18/02/2026 22:13:08;25/02/2026 18:01:17;1;1;25/02/2026;25/02/2026;Paga;R$ 138,93;R$ 138,93;R$ 138,93;R$ 0,00
534;2238;1109;"=""00744195101""";TARLEYS MILHOMEM DOS SANTOS;PESSOA FISICA;IPVA;"=""2322778322263""";"=""20260000002235""";13805126;Efetivada;18/02/2026 22:13:08;25/02/2026 18:01:23;1;1;25/02/2026;25/02/2026;Paga;R$ 286,96;R$ 286,96;R$ 286,96;R$ 0,00
534;2238;1110;"=""00744195101""";TARLEYS MILHOMEM DOS SANTOS;PESSOA FISICA;IPVA;"=""2395531522284""";"=""20260000002236""";13805134;Efetivada;18/02/2026 22:13:08;25/02/2026 18:01:23;1;1;25/02/2026;25/02/2026;Paga;R$ 317,88;R$ 317,88;R$ 317,88;R$ 0,00
518;1969;1080;"=""00749564000121""";ANDERSON PIVETA LTDA;PESSOA JURIDICA;ICMS;"=""4012200686009""";"=""20260000002177""";13801821;Efetivada;18/02/2026 14:26:37;19/02/2026 18:05:31;145;1;25/02/2026;19/02/2026;Paga;R$ 331,25;R$ 331,25;R$ 331,25;R$ 0,00
518;1969;1080;"=""00749564000121""";ANDERSON PIVETA LTDA;PESSOA JURIDICA;ICMS;"=""4012200686009""";"=""20260000002177""";13801821;Efetivada;18/02/2026 14:26:37;19/02/2026 18:05:31;145;2;25/03/2026;31/03/2026;Paga;R$ 334,56;R$ 341,18;R$ 341,18;R$ 0,00
518;1969;1080;"=""00749564000121""";ANDERSON PIVETA LTDA;PESSOA JURIDICA;ICMS;"=""4012200686009""";"=""20260000002177""";13801821;Efetivada;18/02/2026 14:26:37;19/02/2026 18:05:31;145;3;27/04/2026;30/04/2026;Paga;R$ 334,56;R$ 341,93;R$ 341,93;R$ 0,00
518;1969;1080;"=""00749564000121""";ANDERSON PIVETA LTDA;PESSOA JURIDICA;ICMS;"=""4012200686009""";"=""20260000002177""";13801821;Efetivada;18/02/2026 14:26:37;19/02/2026 18:05:31;145;4;25/05/2026;28/05/2026;Paga;R$ 334,56;R$ 345,57;R$ 345,57;R$ 0,00
518;1969;1081;"=""00749564000121""";ANDERSON PIVETA LTDA;PESSOA JURIDICA;Pena Pecuniária;"=""4012200553807""";"=""20260000002178""";13801848;Efetivada;18/02/2026 14:26:37;19/02/2026 18:05:37;5;1;25/02/2026;19/02/2026;Paga;R$ 335,73;R$ 335,73;R$ 335,73;R$ 0,00
518;1969;1081;"=""00749564000121""";ANDERSON PIVETA LTDA;PESSOA JURIDICA;Pena Pecuniária;"=""4012200553807""";"=""20260000002178""";13801848;Efetivada;18/02/2026 14:26:37;19/02/2026 18:05:37;5;2;25/03/2026;31/03/2026;Paga;R$ 339,08;R$ 345,80;R$ 345,80;R$ 0,00
518;1969;1081;"=""00749564000121""";ANDERSON PIVETA LTDA;PESSOA JURIDICA;Pena Pecuniária;"=""4012200553807""";"=""20260000002178""";13801848;Efetivada;18/02/2026 14:26:37;19/02/2026 18:05:37;5;3;27/04/2026;30/04/2026;Paga;R$ 339,08;R$ 346,55;R$ 346,55;R$ 0,00
518;1969;1081;"=""00749564000121""";ANDERSON PIVETA LTDA;PESSOA JURIDICA;Pena Pecuniária;"=""4012200553807""";"=""20260000002178""";13801848;Efetivada;18/02/2026 14:26:37;19/02/2026 18:05:37;5;4;25/05/2026;28/05/2026;Paga;R$ 339,08;R$ 350,24;R$ 350,24;R$ 0,00
518;1969;1082;"=""00749564000121""";ANDERSON PIVETA LTDA;PESSOA JURIDICA;Pena Pecuniária;"=""4012200687080""";"=""20260000002179""";13801830;Efetivada;18/02/2026 14:26:37;19/02/2026 18:05:38;17;1;25/02/2026;19/02/2026;Paga;R$ 349,00;R$ 349,00;R$ 349,00;R$ 0,00
518;1969;1082;"=""00749564000121""";ANDERSON PIVETA LTDA;PESSOA JURIDICA;Pena Pecuniária;"=""4012200687080""";"=""20260000002179""";13801830;Efetivada;18/02/2026 14:26:37;19/02/2026 18:05:38;17;2;25/03/2026;31/03/2026;Paga;R$ 352,48;R$ 359,48;R$ 359,48;R$ 0,00
518;1969;1082;"=""00749564000121""";ANDERSON PIVETA LTDA;PESSOA JURIDICA;Pena Pecuniária;"=""4012200687080""";"=""20260000002179""";13801830;Efetivada;18/02/2026 14:26:37;19/02/2026 18:05:38;17;3;27/04/2026;30/04/2026;Paga;R$ 352,48;R$ 360,25;R$ 360,25;R$ 0,00
518;1969;1082;"=""00749564000121""";ANDERSON PIVETA LTDA;PESSOA JURIDICA;Pena Pecuniária;"=""4012200687080""";"=""20260000002179""";13801830;Efetivada;18/02/2026 14:26:37;19/02/2026 18:05:38;17;4;25/05/2026;28/05/2026;Paga;R$ 352,48;R$ 364,09;R$ 364,09;R$ 0,00
518;1969;1083;"=""00749564000121""";ANDERSON PIVETA LTDA;PESSOA JURIDICA;Pena Pecuniária;"=""4012200672644""";"=""20260000002180""";13801856;Efetivada;18/02/2026 14:26:37;19/02/2026 18:05:43;9;1;25/02/2026;19/02/2026;Paga;R$ 334,09;R$ 334,09;R$ 334,09;R$ 0,00
518;1969;1083;"=""00749564000121""";ANDERSON PIVETA LTDA;PESSOA JURIDICA;Pena Pecuniária;"=""4012200672644""";"=""20260000002180""";13801856;Efetivada;18/02/2026 14:26:37;19/02/2026 18:05:43;9;2;25/03/2026;31/03/2026;Paga;R$ 337,42;R$ 344,12;R$ 344,12;R$ 0,00
518;1969;1083;"=""00749564000121""";ANDERSON PIVETA LTDA;PESSOA JURIDICA;Pena Pecuniária;"=""4012200672644""";"=""20260000002180""";13801856;Efetivada;18/02/2026 14:26:37;19/02/2026 18:05:43;9;3;27/04/2026;30/04/2026;Paga;R$ 337,42;R$ 344,86;R$ 344,86;R$ 0,00
518;1969;1083;"=""00749564000121""";ANDERSON PIVETA LTDA;PESSOA JURIDICA;Pena Pecuniária;"=""4012200672644""";"=""20260000002180""";13801856;Efetivada;18/02/2026 14:26:37;19/02/2026 18:05:43;9;4;25/05/2026;28/05/2026;Paga;R$ 337,42;R$ 348,54;R$ 348,54;R$ 0,00
786;721;1701;"=""00758173148""";DANIEL PEREIRA DA SILVA JACOB;PESSOA FISICA;IPVA;"=""2387076822236""";"=""20260000003912""";13885090;Efetivada;27/02/2026 16:50:17;28/02/2026 06:09:17;3;1;27/02/2026;27/02/2026;Paga;R$ 358,29;R$ 358,29;R$ 358,29;R$ 0,00
786;721;1701;"=""00758173148""";DANIEL PEREIRA DA SILVA JACOB;PESSOA FISICA;IPVA;"=""2387076822236""";"=""20260000003912""";13885090;Efetivada;27/02/2026 16:50:17;28/02/2026 06:09:17;3;2;25/03/2026;31/03/2026;Paga;R$ 361,86;R$ 369,05;R$ 369,05;R$ 0,00
786;721;1701;"=""00758173148""";DANIEL PEREIRA DA SILVA JACOB;PESSOA FISICA;IPVA;"=""2387076822236""";"=""20260000003912""";13885090;Efetivada;27/02/2026 16:50:17;28/02/2026 06:09:17;3;3;27/04/2026;30/04/2026;Paga;R$ 361,86;R$ 369,85;R$ 369,85;R$ 0,00
1300;721;3026;"=""00758173148""";DANIEL PEREIRA DA SILVA JACOB;PESSOA FISICA;IPVA;"=""2313557422282""";"=""20260000007012""";14264587;Efetivada;15/05/2026 09:59:25;18/05/2026 18:02:37;2;1;22/05/2026;18/05/2026;Paga;R$ 472,72;R$ 472,72;R$ 472,72;R$ 0,00
732;2643;1581;"=""00774712104""";WASHINGTON TEIXEIRA SILVA;PESSOA FISICA;IPVA;"=""2348355322212""";"=""20260000003443""";13870092;Efetivada;25/02/2026 16:15:23;27/02/2026 18:06:29;1;1;27/02/2026;27/02/2026;Paga;R$ 1.834,18;R$ 1.834,18;R$ 1.834,18;R$ 0,00
986;1755;2139;"=""00776311107""";RAFAEL MONTEIRO DE LIMA;PESSOA FISICA;IPVA;"=""2380545922249""";"=""20260000004947""";13948059;Efetivada;09/03/2026 15:51:30;09/04/2026 12:50:56;1;1;16/03/2026;12/03/2026;Paga;R$ 1.074,90;R$ 1.074,90;R$ 1.074,90;R$ 0,00
440;1989;912;"=""00838421105""";EDUARDO TAVEIRA LEAL;PESSOA FISICA;IPVA;"=""2267389222229""";"=""20260000001793""";13775529;Efetivada;13/02/2026 07:06:41;13/02/2026 18:11:10;1;1;20/02/2026;13/02/2026;Paga;R$ 429,43;R$ 429,43;R$ 429,43;R$ 0,00
440;1989;913;"=""00838421105""";EDUARDO TAVEIRA LEAL;PESSOA FISICA;IPVA;"=""2343072522295""";"=""20260000001794""";13775537;Efetivada;13/02/2026 07:06:41;13/02/2026 18:11:10;1;1;20/02/2026;13/02/2026;Paga;R$ 528,43;R$ 528,43;R$ 528,43;R$ 0,00
1191;3499;2738;"=""00852242190""";MARIA DE SOUZA ARES;PESSOA FISICA;ICMS;"=""4011801642725""";"=""20260000006328""";14114690;Efetivada;09/04/2026 09:22:53;15/04/2026 18:03:16;145;1;16/04/2026;15/04/2026;Paga;R$ 498,29;R$ 498,29;R$ 498,29;R$ 0,00
765;2747;1635;"=""00924967170""";RICARDO SALES DE OLIVEIRA;PESSOA FISICA;IPVA;"=""2181388622281""";"=""20260000003709""";13880187;Efetivada;27/02/2026 11:51:01;28/02/2026 06:05:54;1;1;27/02/2026;27/02/2026;Paga;R$ 1.016,22;R$ 1.016,22;R$ 1.016,22;R$ 0,00
765;2747;1636;"=""00924967170""";RICARDO SALES DE OLIVEIRA;PESSOA FISICA;IPVA;"=""2317955522220""";"=""20260000003710""";13880179;Efetivada;27/02/2026 11:51:01;28/02/2026 06:05:59;1;1;27/02/2026;27/02/2026;Paga;R$ 966,63;R$ 966,63;R$ 966,63;R$ 0,00
765;2747;1637;"=""00924967170""";RICARDO SALES DE OLIVEIRA;PESSOA FISICA;IPVA;"=""2390591722211""";"=""20260000003711""";13880195;Efetivada;27/02/2026 11:51:01;28/02/2026 06:06:00;1;1;27/02/2026;27/02/2026;Paga;R$ 1.304,12;R$ 1.304,12;R$ 1.304,12;R$ 0,00
382;1884;825;"=""00935676180""";ABRAAO ALCANTARA DE SOUSA;PESSOA FISICA;IPVA;"=""2324170622239""";"=""20260000001588""";13776215;Efetivada;11/02/2026 13:25:57;19/02/2026 06:04:42;6;1;18/02/2026;18/02/2026;Paga;R$ 336,52;R$ 336,52;R$ 336,52;R$ 0,00
382;1884;825;"=""00935676180""";ABRAAO ALCANTARA DE SOUSA;PESSOA FISICA;IPVA;"=""2324170622239""";"=""20260000001588""";13776215;Efetivada;11/02/2026 13:25:57;19/02/2026 06:04:42;6;3;27/04/2026;27/04/2026;Paga;R$ 339,87;R$ 343,96;R$ 343,96;R$ 0,00
382;1884;826;"=""00935676180""";ABRAAO ALCANTARA DE SOUSA;PESSOA FISICA;IPVA;"=""2335088222295""";"=""20260000001589""";13776223;Efetivada;11/02/2026 13:25:57;19/02/2026 06:04:42;8;1;18/02/2026;18/02/2026;Paga;R$ 363,30;R$ 363,30;R$ 363,30;R$ 0,00
382;1884;826;"=""00935676180""";ABRAAO ALCANTARA DE SOUSA;PESSOA FISICA;IPVA;"=""2335088222295""";"=""20260000001589""";13776223;Efetivada;11/02/2026 13:25:57;19/02/2026 06:04:42;8;3;27/04/2026;27/04/2026;Paga;R$ 366,93;R$ 371,34;R$ 371,34;R$ 0,00
392;1884;842;"=""00935676180""";ABRAAO ALCANTARA DE SOUSA;PESSOA FISICA;IPVA;"=""2279861222243""";"=""20260000001625""";13776398;Efetivada;11/02/2026 17:23:26;19/02/2026 06:04:48;1;1;18/02/2026;18/02/2026;Paga;R$ 151,44;R$ 151,44;R$ 151,44;R$ 0,00
392;1884;843;"=""00935676180""";ABRAAO ALCANTARA DE SOUSA;PESSOA FISICA;IPVA;"=""2348258322220""";"=""20260000001626""";13776380;Efetivada;11/02/2026 17:23:26;19/02/2026 06:04:49;1;1;18/02/2026;18/02/2026;Paga;R$ 193,58;R$ 193,58;R$ 193,58;R$ 0,00
517;2209;1078;"=""00943227160""";WENDERSON PEREIRA GOMES;PESSOA FISICA;IPVA;"=""2313860022260""";"=""20260000002172""";13830660;Efetivada;18/02/2026 13:50:41;23/02/2026 18:09:08;1;1;25/02/2026;23/02/2026;Paga;R$ 108,17;R$ 108,17;R$ 108,17;R$ 0,00
517;2209;1079;"=""00943227160""";WENDERSON PEREIRA GOMES;PESSOA FISICA;IPVA;"=""2386683322203""";"=""20260000002173""";13830651;Efetivada;18/02/2026 13:50:41;23/02/2026 18:09:14;1;1;25/02/2026;23/02/2026;Paga;R$ 139,72;R$ 139,72;R$ 139,72;R$ 0,00
709;2611;1505;"=""00966743180""";LUCAS MARRA REZENDE;PESSOA FISICA;IPVA;"=""2370833122283""";"=""20260000003203""";13860895;Efetivada;25/02/2026 11:54:35;25/02/2026 18:11:18;9;1;27/02/2026;25/02/2026;Paga;R$ 332,21;R$ 332,21;R$ 332,21;R$ 0,00
570;1750;1171;"=""01077566174""";CIBELLE DE OLIVEIRA XAVIER;PESSOA FISICA;IPVA;"=""2360585022236""";"=""20260000002406""";13821075;Efetivada;20/02/2026 11:53:25;28/02/2026 12:01:11;1;1;27/02/2026;27/02/2026;Paga;R$ 352,30;R$ 352,30;R$ 352,30;R$ 0,00
849;1750;1815;"=""01077566174""";CIBELLE DE OLIVEIRA XAVIER;PESSOA FISICA;IPVA;"=""2291342022293""";"=""20260000004269""";13905112;Efetivada;03/03/2026 13:14:13;09/04/2026 12:50:53;1;1;10/03/2026;10/03/2026;Paga;R$ 286,30;R$ 286,30;R$ 286,30;R$ 0,00
13;473;18;"=""01125643137""";NARCELOS BORGES GUERREIRO;PESSOA FISICA;ICMS;"=""4012401060107""";"=""20250000000014""";13368486;Efetivada;03/12/2025 16:11:26;;145;2;26/01/2026;21/01/2026;Paga;R$ 2.492,76;R$ 2.492,77;R$ 2.492,77;R$ 0,00
13;473;18;"=""01125643137""";NARCELOS BORGES GUERREIRO;PESSOA FISICA;ICMS;"=""4012401060107""";"=""20250000000014""";13368486;Efetivada;03/12/2025 16:11:26;;145;3;25/02/2026;26/02/2026;Paga;R$ 2.492,76;R$ 2.529,72;R$ 2.529,72;R$ 0,00
13;473;18;"=""01125643137""";NARCELOS BORGES GUERREIRO;PESSOA FISICA;ICMS;"=""4012401060107""";"=""20250000000014""";13368486;Efetivada;03/12/2025 16:11:26;;145;4;25/03/2026;25/03/2026;Paga;R$ 2.492,76;R$ 2.546,08;R$ 2.546,08;R$ 0,00
13;473;18;"=""01125643137""";NARCELOS BORGES GUERREIRO;PESSOA FISICA;ICMS;"=""4012401060107""";"=""20250000000014""";13368486;Efetivada;03/12/2025 16:11:26;;145;5;27/04/2026;27/04/2026;Paga;R$ 2.492,76;R$ 2.575,94;R$ 2.575,94;R$ 0,00
13;473;18;"=""01125643137""";NARCELOS BORGES GUERREIRO;PESSOA FISICA;ICMS;"=""4012401060107""";"=""20250000000014""";13368486;Efetivada;03/12/2025 16:11:26;;145;6;25/05/2026;22/05/2026;Paga;R$ 2.492,76;R$ 2.602,85;R$ 2.602,85;R$ 0,00
1104;1094;2466;"=""01129119190""";FERNANDO FRANCO DE CARVALHO MARQUES;PESSOA FISICA;IPVA;"=""2348743522200""";"=""20260000005651""";14016575;Efetivada;20/03/2026 13:38:39;28/03/2026 12:01:04;2;1;27/03/2026;27/03/2026;Paga;R$ 373,16;R$ 373,16;R$ 373,16;R$ 0,00
1104;1094;2466;"=""01129119190""";FERNANDO FRANCO DE CARVALHO MARQUES;PESSOA FISICA;IPVA;"=""2348743522200""";"=""20260000005651""";14016575;Efetivada;20/03/2026 13:38:39;28/03/2026 12:01:04;2;2;27/04/2026;22/04/2026;Paga;R$ 376,88;R$ 376,90;R$ 376,90;R$ 0,00
1104;1094;2465;"=""01129119190""";FERNANDO FRANCO DE CARVALHO MARQUES;PESSOA FISICA;IPVA;"=""2291247322250""";"=""20260000005650""";14016567;Efetivada;20/03/2026 13:38:39;01/04/2026 18:00:19;1;1;27/03/2026;27/03/2026;Paga;R$ 508,70;R$ 508,70;R$ 508,70;R$ 0,00
996;3185;2160;"=""01212903102""";SAARAH CANDIDO NASCIMENTO;PESSOA FISICA;IPVA;"=""2390180422265""";"=""20260000004990""";13949365;Efetivada;09/03/2026 19:34:08;23/04/2026 18:32:27;1;1;16/03/2026;11/03/2026;Paga;R$ 707,69;R$ 707,69;R$ 707,69;R$ 0,00
444;844;935;"=""01243831146""";RENATA KIKUDA SANTOS;PESSOA FISICA;IPVA;"=""2379820222229""";"=""20260000001855""";13772597;Efetivada;13/02/2026 08:13:44;21/02/2026 12:01:18;1;1;20/02/2026;20/02/2026;Paga;R$ 2.634,13;R$ 2.634,13;R$ 2.634,13;R$ 0,00
984;1447;2136;"=""01253549000150""";RESTAURANTE E LANCHONETE DAIAG LTDA;PESSOA JURIDICA;Pena Pecuniária;"=""4011900004000""";"=""20260000004935""";13958445;Efetivada;09/03/2026 14:51:08;11/03/2026 18:10:17;38;1;16/03/2026;11/03/2026;Paga;R$ 332,80;R$ 332,80;R$ 332,80;R$ 0,00
984;1447;2136;"=""01253549000150""";RESTAURANTE E LANCHONETE DAIAG LTDA;PESSOA JURIDICA;Pena Pecuniária;"=""4011900004000""";"=""20260000004935""";13958445;Efetivada;09/03/2026 14:51:08;11/03/2026 18:10:17;38;2;27/04/2026;27/04/2026;Paga;R$ 336,12;R$ 336,13;R$ 336,13;R$ 0,00
984;1447;2136;"=""01253549000150""";RESTAURANTE E LANCHONETE DAIAG LTDA;PESSOA JURIDICA;Pena Pecuniária;"=""4011900004000""";"=""20260000004935""";13958445;Efetivada;09/03/2026 14:51:08;11/03/2026 18:10:17;38;3;25/05/2026;25/05/2026;Paga;R$ 336,12;R$ 339,75;R$ 339,75;R$ 0,00
984;1447;2133;"=""01253549000150""";RESTAURANTE E LANCHONETE DAIAG LTDA;PESSOA JURIDICA;Pena Pecuniária;"=""4011900004344""";"=""20260000004932""";13958461;Efetivada;09/03/2026 14:51:08;12/03/2026 12:08:25;4;1;16/03/2026;12/03/2026;Paga;R$ 333,51;R$ 333,51;R$ 333,51;R$ 0,00
984;1447;2134;"=""01253549000150""";RESTAURANTE E LANCHONETE DAIAG LTDA;PESSOA JURIDICA;Pena Pecuniária;"=""4011802957843""";"=""20260000004933""";13958470;Efetivada;09/03/2026 14:51:08;09/04/2026 12:50:56;1;1;16/03/2026;12/03/2026;Paga;R$ 355,87;R$ 355,87;R$ 355,87;R$ 0,00
984;1447;2135;"=""01253549000150""";RESTAURANTE E LANCHONETE DAIAG LTDA;PESSOA JURIDICA;Pena Pecuniária;"=""4011803050620""";"=""20260000004934""";13958437;Efetivada;09/03/2026 14:51:08;09/04/2026 12:50:56;1;1;16/03/2026;11/03/2026;Paga;R$ 492,57;R$ 492,57;R$ 492,57;R$ 0,00
614;1642;1277;"=""01258140110""";RAFAEL JAIME COIMBRA SANTOS;PESSOA FISICA;IPVA;"=""2350284622253""";"=""20260000002669""";13834517;Efetivada;23/02/2026 10:07:39;24/02/2026 06:09:39;3;1;27/02/2026;23/02/2026;Paga;R$ 366,58;R$ 366,58;R$ 366,58;R$ 0,00
614;1642;1277;"=""01258140110""";RAFAEL JAIME COIMBRA SANTOS;PESSOA FISICA;IPVA;"=""2350284622253""";"=""20260000002669""";13834517;Efetivada;23/02/2026 10:07:39;24/02/2026 06:09:39;3;2;25/03/2026;24/02/2026;Paga;R$ 370,24;R$ 366,59;R$ 366,59;R$ 0,00
614;1642;1277;"=""01258140110""";RAFAEL JAIME COIMBRA SANTOS;PESSOA FISICA;IPVA;"=""2350284622253""";"=""20260000002669""";13834517;Efetivada;23/02/2026 10:07:39;24/02/2026 06:09:39;3;3;27/04/2026;24/02/2026;Paga;R$ 370,24;R$ 366,59;R$ 366,59;R$ 0,00
694;1642;1470;"=""01258140110""";RAFAEL JAIME COIMBRA SANTOS;PESSOA FISICA;IPVA;"=""2293947722207""";"=""20260000003123""";13859021;Efetivada;24/02/2026 20:23:36;26/02/2026 12:07:51;1;1;27/02/2026;25/02/2026;Paga;R$ 902,34;R$ 902,34;R$ 902,34;R$ 0,00
373;1877;805;"=""01258865190""";DJAVAN DOS SANTOS MENDES;PESSOA FISICA;IPVA;"=""2370067722289""";"=""20260000001543""";13869523;Efetivada;11/02/2026 11:35:09;26/02/2026 12:11:49;1;1;27/02/2026;26/02/2026;Paga;R$ 1.280,57;R$ 1.280,57;R$ 1.280,57;R$ 0,00
743;2688;1595;"=""01272084108""";DEUSAMAR MARTINS;PESSOA FISICA;ICMS;"=""4012200771200""";"=""20260000003589""";13871080;Efetivada;26/02/2026 11:39:00;26/02/2026 18:11:41;1;1;27/02/2026;26/02/2026;Paga;R$ 1.288,30;R$ 1.288,30;R$ 1.288,30;R$ 0,00
1159;3435;2674;"=""01305012127""";CARLUCIA CRISTINA DE CARVALHO;PESSOA FISICA;IPVA;"=""2374721522215""";"=""20260000006177""";14062836;Efetivada;29/03/2026 12:57:18;09/04/2026 12:51:03;1;1;31/03/2026;31/03/2026;Paga;R$ 367,87;R$ 367,87;R$ 367,87;R$ 0,00
156;1260;346;"=""01326271164""";REMILSON LISBOA JUNIOR;PESSOA FISICA;IPVA;"=""2361228622214""";"=""20260000000453""";13683284;Efetivada;04/02/2026 15:38:07;05/02/2026 18:09:04;7;2;25/03/2026;23/04/2026;Paga;R$ 364,64;R$ 404,33;R$ 404,33;R$ 0,00
170;1300;374;"=""01328475158""";JULDSON QUEIROZ ROCHA;PESSOA FISICA;ICMS;"=""4011802616779""";"=""20260000000517""";13757083;Efetivada;04/02/2026 20:14:33;12/02/2026 06:07:29;24;1;11/02/2026;11/02/2026;Paga;R$ 339,03;R$ 339,03;R$ 339,03;R$ 0,00
170;1300;375;"=""01328475158""";JULDSON QUEIROZ ROCHA;PESSOA FISICA;ICMS;"=""4011802612862""";"=""20260000000518""";13757091;Efetivada;04/02/2026 20:14:33;12/02/2026 06:07:41;88;1;11/02/2026;11/02/2026;Paga;R$ 330,44;R$ 330,44;R$ 330,44;R$ 0,00
919;3043;1983;"=""01362592196""";JALLES BARBOSA DE OLIVEIRA;PESSOA FISICA;IPVA;"=""2395252922235""";"=""20260000004641""";13925148;Efetivada;05/03/2026 11:57:24;09/03/2026 06:06:35;3;2;27/04/2026;12/05/2026;Paga;R$ 379,67;R$ 402,78;R$ 402,78;R$ 0,00
919;3043;1983;"=""01362592196""";JALLES BARBOSA DE OLIVEIRA;PESSOA FISICA;IPVA;"=""2395252922235""";"=""20260000004641""";13925148;Efetivada;05/03/2026 11:57:24;09/03/2026 06:06:35;3;3;25/05/2026;12/05/2026;Paga;R$ 379,67;R$ 383,78;R$ 383,78;R$ 0,00
563;2304;1159;"=""01381630146""";GILMAR RIBEIRO;PESSOA FISICA;IPVA;"=""2303324022284""";"=""20260000002368""";13818708;Efetivada;20/02/2026 08:47:51;28/02/2026 12:00:57;1;1;27/02/2026;27/02/2026;Paga;R$ 429,43;R$ 429,43;R$ 429,43;R$ 0,00
563;2304;1160;"=""01381630146""";GILMAR RIBEIRO;PESSOA FISICA;IPVA;"=""2379172822232""";"=""20260000002369""";13818694;Efetivada;20/02/2026 08:47:51;28/02/2026 12:00:58;1;1;27/02/2026;27/02/2026;Paga;R$ 528,43;R$ 528,43;R$ 528,43;R$ 0,00
833;2872;1783;"=""01407897152""";JOAO GERALDO CHAVES NETTO;PESSOA FISICA;IPVA;"=""2373998122209""";"=""20260000004109""";13900650;Efetivada;03/03/2026 00:38:12;06/03/2026 12:01:24;2;2;27/04/2026;28/04/2026;Paga;R$ 641,88;R$ 644,03;R$ 644,03;R$ 0,00
450;2056;942;"=""01438959150""";GLEICYANE DA CONCEICAO FERREIRA;PESSOA FISICA;IPVA;"=""2333933422209""";"=""20260000001871""";13773704;Efetivada;13/02/2026 09:20:12;13/02/2026 12:10:12;6;1;20/02/2026;13/02/2026;Paga;R$ 367,54;R$ 367,54;R$ 367,54;R$ 0,00
450;2056;942;"=""01438959150""";GLEICYANE DA CONCEICAO FERREIRA;PESSOA FISICA;IPVA;"=""2333933422209""";"=""20260000001871""";13773704;Efetivada;13/02/2026 09:20:12;13/02/2026 12:10:12;6;2;25/03/2026;17/03/2026;Paga;R$ 371,21;R$ 371,22;R$ 371,22;R$ 0,00
450;2056;942;"=""01438959150""";GLEICYANE DA CONCEICAO FERREIRA;PESSOA FISICA;IPVA;"=""2333933422209""";"=""20260000001871""";13773704;Efetivada;13/02/2026 09:20:12;13/02/2026 12:10:12;6;3;27/04/2026;17/04/2026;Paga;R$ 371,21;R$ 375,67;R$ 375,67;R$ 0,00
450;2056;942;"=""01438959150""";GLEICYANE DA CONCEICAO FERREIRA;PESSOA FISICA;IPVA;"=""2333933422209""";"=""20260000001871""";13773704;Efetivada;13/02/2026 09:20:12;13/02/2026 12:10:12;6;4;25/05/2026;18/05/2026;Paga;R$ 371,21;R$ 379,68;R$ 379,68;R$ 0,00
450;2056;942;"=""01438959150""";GLEICYANE DA CONCEICAO FERREIRA;PESSOA FISICA;IPVA;"=""2333933422209""";"=""20260000001871""";13773704;Efetivada;13/02/2026 09:20:12;13/02/2026 12:10:12;6;5;25/06/2026;25/05/2026;Paga;R$ 371,21;R$ 379,68;R$ 379,68;R$ 0,00
1075;2056;2392;"=""01438959150""";GLEICYANE DA CONCEICAO FERREIRA;PESSOA FISICA;IPVA;"=""2327146022221""";"=""20260000005494""";13996657;Efetivada;17/03/2026 14:15:15;17/03/2026 18:11:09;5;1;24/03/2026;17/03/2026;Paga;R$ 362,73;R$ 362,73;R$ 362,73;R$ 0,00
1075;2056;2392;"=""01438959150""";GLEICYANE DA CONCEICAO FERREIRA;PESSOA FISICA;IPVA;"=""2327146022221""";"=""20260000005494""";13996657;Efetivada;17/03/2026 14:15:15;17/03/2026 18:11:09;5;2;27/04/2026;17/04/2026;Paga;R$ 366,34;R$ 366,37;R$ 366,37;R$ 0,00
1075;2056;2392;"=""01438959150""";GLEICYANE DA CONCEICAO FERREIRA;PESSOA FISICA;IPVA;"=""2327146022221""";"=""20260000005494""";13996657;Efetivada;17/03/2026 14:15:15;17/03/2026 18:11:09;5;3;25/05/2026;18/05/2026;Paga;R$ 366,34;R$ 370,32;R$ 370,32;R$ 0,00
1075;2056;2392;"=""01438959150""";GLEICYANE DA CONCEICAO FERREIRA;PESSOA FISICA;IPVA;"=""2327146022221""";"=""20260000005494""";13996657;Efetivada;17/03/2026 14:15:15;17/03/2026 18:11:09;5;4;25/06/2026;25/05/2026;Paga;R$ 366,34;R$ 370,32;R$ 370,32;R$ 0,00
699;1416;1480;"=""01449073000128""";SARICO MATERIAIS PARA CONSTRUCAO LTDA;PESSOA JURIDICA;ICMS;"=""2228142000055""";"=""20260000003144""";13857568;Efetivada;25/02/2026 09:40:42;28/02/2026 06:03:06;120;1;27/02/2026;27/02/2026;Paga;R$ 398,09;R$ 398,09;R$ 398,09;R$ 0,00
699;1416;1480;"=""01449073000128""";SARICO MATERIAIS PARA CONSTRUCAO LTDA;PESSOA JURIDICA;ICMS;"=""2228142000055""";"=""20260000003144""";13857568;Efetivada;25/02/2026 09:40:42;28/02/2026 06:03:06;120;2;25/03/2026;24/03/2026;Paga;R$ 402,06;R$ 402,07;R$ 402,07;R$ 0,00
699;1416;1480;"=""01449073000128""";SARICO MATERIAIS PARA CONSTRUCAO LTDA;PESSOA JURIDICA;ICMS;"=""2228142000055""";"=""20260000003144""";13857568;Efetivada;25/02/2026 09:40:42;28/02/2026 06:03:06;120;3;27/04/2026;27/04/2026;Paga;R$ 402,06;R$ 406,89;R$ 406,89;R$ 0,00
699;1416;1480;"=""01449073000128""";SARICO MATERIAIS PARA CONSTRUCAO LTDA;PESSOA JURIDICA;ICMS;"=""2228142000055""";"=""20260000003144""";13857568;Efetivada;25/02/2026 09:40:42;28/02/2026 06:03:06;120;4;25/05/2026;25/05/2026;Paga;R$ 402,06;R$ 411,22;R$ 411,22;R$ 0,00
699;1416;1484;"=""01449073000128""";SARICO MATERIAIS PARA CONSTRUCAO LTDA;PESSOA JURIDICA;ICMS;"=""2096459700060""";"=""20260000003148""";13857584;Efetivada;25/02/2026 09:40:42;28/02/2026 06:03:12;120;1;27/02/2026;27/02/2026;Paga;R$ 340,51;R$ 340,51;R$ 340,51;R$ 0,00
699;1416;1484;"=""01449073000128""";SARICO MATERIAIS PARA CONSTRUCAO LTDA;PESSOA JURIDICA;ICMS;"=""2096459700060""";"=""20260000003148""";13857584;Efetivada;25/02/2026 09:40:42;28/02/2026 06:03:12;120;2;25/03/2026;24/03/2026;Paga;R$ 343,90;R$ 343,92;R$ 343,92;R$ 0,00
699;1416;1484;"=""01449073000128""";SARICO MATERIAIS PARA CONSTRUCAO LTDA;PESSOA JURIDICA;ICMS;"=""2096459700060""";"=""20260000003148""";13857584;Efetivada;25/02/2026 09:40:42;28/02/2026 06:03:12;120;3;27/04/2026;27/04/2026;Paga;R$ 343,90;R$ 348,03;R$ 348,03;R$ 0,00
699;1416;1484;"=""01449073000128""";SARICO MATERIAIS PARA CONSTRUCAO LTDA;PESSOA JURIDICA;ICMS;"=""2096459700060""";"=""20260000003148""";13857584;Efetivada;25/02/2026 09:40:42;28/02/2026 06:03:12;120;4;25/05/2026;25/05/2026;Paga;R$ 343,90;R$ 351,75;R$ 351,75;R$ 0,00
699;1416;1483;"=""01449073000128""";SARICO MATERIAIS PARA CONSTRUCAO LTDA;PESSOA JURIDICA;ICMS;"=""2088747300059""";"=""20260000003147""";13857576;Efetivada;25/02/2026 09:40:42;28/02/2026 06:03:13;120;1;27/02/2026;27/02/2026;Paga;R$ 848,23;R$ 848,23;R$ 848,23;R$ 0,00
699;1416;1483;"=""01449073000128""";SARICO MATERIAIS PARA CONSTRUCAO LTDA;PESSOA JURIDICA;ICMS;"=""2088747300059""";"=""20260000003147""";13857576;Efetivada;25/02/2026 09:40:42;28/02/2026 06:03:13;120;2;25/03/2026;24/03/2026;Paga;R$ 856,71;R$ 856,71;R$ 856,71;R$ 0,00
699;1416;1483;"=""01449073000128""";SARICO MATERIAIS PARA CONSTRUCAO LTDA;PESSOA JURIDICA;ICMS;"=""2088747300059""";"=""20260000003147""";13857576;Efetivada;25/02/2026 09:40:42;28/02/2026 06:03:13;120;3;27/04/2026;27/04/2026;Paga;R$ 856,71;R$ 866,97;R$ 866,97;R$ 0,00
699;1416;1483;"=""01449073000128""";SARICO MATERIAIS PARA CONSTRUCAO LTDA;PESSOA JURIDICA;ICMS;"=""2088747300059""";"=""20260000003147""";13857576;Efetivada;25/02/2026 09:40:42;28/02/2026 06:03:13;120;4;25/05/2026;25/05/2026;Paga;R$ 856,71;R$ 876,22;R$ 876,22;R$ 0,00
699;1416;1487;"=""01449073000128""";SARICO MATERIAIS PARA CONSTRUCAO LTDA;PESSOA JURIDICA;ICMS;"=""2085590800086""";"=""20260000003151""";13857592;Efetivada;25/02/2026 09:40:42;28/02/2026 06:03:18;79;1;27/02/2026;27/02/2026;Paga;R$ 330,51;R$ 330,51;R$ 330,51;R$ 0,00
699;1416;1487;"=""01449073000128""";SARICO MATERIAIS PARA CONSTRUCAO LTDA;PESSOA JURIDICA;ICMS;"=""2085590800086""";"=""20260000003151""";13857592;Efetivada;25/02/2026 09:40:42;28/02/2026 06:03:18;79;2;25/03/2026;24/03/2026;Paga;R$ 333,81;R$ 333,81;R$ 333,81;R$ 0,00
699;1416;1487;"=""01449073000128""";SARICO MATERIAIS PARA CONSTRUCAO LTDA;PESSOA JURIDICA;ICMS;"=""2085590800086""";"=""20260000003151""";13857592;Efetivada;25/02/2026 09:40:42;28/02/2026 06:03:18;79;3;27/04/2026;27/04/2026;Paga;R$ 333,81;R$ 337,81;R$ 337,81;R$ 0,00
699;1416;1487;"=""01449073000128""";SARICO MATERIAIS PARA CONSTRUCAO LTDA;PESSOA JURIDICA;ICMS;"=""2085590800086""";"=""20260000003151""";13857592;Efetivada;25/02/2026 09:40:42;28/02/2026 06:03:18;79;4;25/05/2026;25/05/2026;Paga;R$ 333,81;R$ 341,42;R$ 341,42;R$ 0,00
699;1416;1491;"=""01449073000128""";SARICO MATERIAIS PARA CONSTRUCAO LTDA;PESSOA JURIDICA;ICMS;"=""4012101564002""";"=""20260000003155""";13857606;Efetivada;25/02/2026 09:40:42;28/02/2026 06:03:20;120;1;27/02/2026;27/02/2026;Paga;R$ 748,63;R$ 748,63;R$ 748,63;R$ 0,00
699;1416;1491;"=""01449073000128""";SARICO MATERIAIS PARA CONSTRUCAO LTDA;PESSOA JURIDICA;ICMS;"=""4012101564002""";"=""20260000003155""";13857606;Efetivada;25/02/2026 09:40:42;28/02/2026 06:03:20;120;2;25/03/2026;24/03/2026;Paga;R$ 756,11;R$ 756,12;R$ 756,12;R$ 0,00
699;1416;1491;"=""01449073000128""";SARICO MATERIAIS PARA CONSTRUCAO LTDA;PESSOA JURIDICA;ICMS;"=""4012101564002""";"=""20260000003155""";13857606;Efetivada;25/02/2026 09:40:42;28/02/2026 06:03:20;120;3;27/04/2026;27/04/2026;Paga;R$ 756,11;R$ 765,17;R$ 765,17;R$ 0,00
699;1416;1491;"=""01449073000128""";SARICO MATERIAIS PARA CONSTRUCAO LTDA;PESSOA JURIDICA;ICMS;"=""4012101564002""";"=""20260000003155""";13857606;Efetivada;25/02/2026 09:40:42;28/02/2026 06:03:20;120;4;25/05/2026;25/05/2026;Paga;R$ 756,11;R$ 773,34;R$ 773,34;R$ 0,00
699;1416;1490;"=""01449073000128""";SARICO MATERIAIS PARA CONSTRUCAO LTDA;PESSOA JURIDICA;ICMS;"=""2228151100008""";"=""20260000003154""";13857649;Efetivada;25/02/2026 09:40:42;28/02/2026 06:03:25;120;1;27/02/2026;27/02/2026;Paga;R$ 727,76;R$ 727,76;R$ 727,76;R$ 0,00
699;1416;1490;"=""01449073000128""";SARICO MATERIAIS PARA CONSTRUCAO LTDA;PESSOA JURIDICA;ICMS;"=""2228151100008""";"=""20260000003154""";13857649;Efetivada;25/02/2026 09:40:42;28/02/2026 06:03:25;120;2;25/03/2026;24/03/2026;Paga;R$ 735,03;R$ 735,04;R$ 735,04;R$ 0,00
699;1416;1490;"=""01449073000128""";SARICO MATERIAIS PARA CONSTRUCAO LTDA;PESSOA JURIDICA;ICMS;"=""2228151100008""";"=""20260000003154""";13857649;Efetivada;25/02/2026 09:40:42;28/02/2026 06:03:25;120;3;27/04/2026;27/04/2026;Paga;R$ 735,03;R$ 743,84;R$ 743,84;R$ 0,00
699;1416;1490;"=""01449073000128""";SARICO MATERIAIS PARA CONSTRUCAO LTDA;PESSOA JURIDICA;ICMS;"=""2228151100008""";"=""20260000003154""";13857649;Efetivada;25/02/2026 09:40:42;28/02/2026 06:03:25;120;4;25/05/2026;25/05/2026;Paga;R$ 735,03;R$ 751,77;R$ 751,77;R$ 0,00
699;1416;1482;"=""01449073000128""";SARICO MATERIAIS PARA CONSTRUCAO LTDA;PESSOA JURIDICA;ICMS;"=""4012000733747""";"=""20260000003146""";13857630;Efetivada;25/02/2026 09:40:42;28/02/2026 06:03:26;58;1;27/02/2026;27/02/2026;Paga;R$ 331,51;R$ 331,51;R$ 331,51;R$ 0,00
699;1416;1482;"=""01449073000128""";SARICO MATERIAIS PARA CONSTRUCAO LTDA;PESSOA JURIDICA;ICMS;"=""4012000733747""";"=""20260000003146""";13857630;Efetivada;25/02/2026 09:40:42;28/02/2026 06:03:26;58;2;25/03/2026;24/03/2026;Paga;R$ 334,82;R$ 334,82;R$ 334,82;R$ 0,00
699;1416;1482;"=""01449073000128""";SARICO MATERIAIS PARA CONSTRUCAO LTDA;PESSOA JURIDICA;ICMS;"=""4012000733747""";"=""20260000003146""";13857630;Efetivada;25/02/2026 09:40:42;28/02/2026 06:03:26;58;3;27/04/2026;27/04/2026;Paga;R$ 334,82;R$ 338,84;R$ 338,84;R$ 0,00
699;1416;1482;"=""01449073000128""";SARICO MATERIAIS PARA CONSTRUCAO LTDA;PESSOA JURIDICA;ICMS;"=""4012000733747""";"=""20260000003146""";13857630;Efetivada;25/02/2026 09:40:42;28/02/2026 06:03:26;58;4;25/05/2026;25/05/2026;Paga;R$ 334,82;R$ 342,45;R$ 342,45;R$ 0,00
699;1416;1479;"=""01449073000128""";SARICO MATERIAIS PARA CONSTRUCAO LTDA;PESSOA JURIDICA;ICMS;"=""2227662700029""";"=""20260000003143""";13857614;Efetivada;25/02/2026 09:40:42;28/02/2026 06:03:31;80;1;27/02/2026;27/02/2026;Paga;R$ 330,25;R$ 330,25;R$ 330,25;R$ 0,00
699;1416;1479;"=""01449073000128""";SARICO MATERIAIS PARA CONSTRUCAO LTDA;PESSOA JURIDICA;ICMS;"=""2227662700029""";"=""20260000003143""";13857614;Efetivada;25/02/2026 09:40:42;28/02/2026 06:03:31;80;2;25/03/2026;24/03/2026;Paga;R$ 333,55;R$ 333,55;R$ 333,55;R$ 0,00
699;1416;1479;"=""01449073000128""";SARICO MATERIAIS PARA CONSTRUCAO LTDA;PESSOA JURIDICA;ICMS;"=""2227662700029""";"=""20260000003143""";13857614;Efetivada;25/02/2026 09:40:42;28/02/2026 06:03:31;80;3;27/04/2026;27/04/2026;Paga;R$ 333,55;R$ 337,55;R$ 337,55;R$ 0,00
699;1416;1479;"=""01449073000128""";SARICO MATERIAIS PARA CONSTRUCAO LTDA;PESSOA JURIDICA;ICMS;"=""2227662700029""";"=""20260000003143""";13857614;Efetivada;25/02/2026 09:40:42;28/02/2026 06:03:31;80;4;25/05/2026;25/05/2026;Paga;R$ 333,55;R$ 341,15;R$ 341,15;R$ 0,00
699;1416;1481;"=""01449073000128""";SARICO MATERIAIS PARA CONSTRUCAO LTDA;PESSOA JURIDICA;ICMS;"=""2228074700000""";"=""20260000003145""";13857622;Efetivada;25/02/2026 09:40:42;28/02/2026 06:03:33;120;1;27/02/2026;27/02/2026;Paga;R$ 450,93;R$ 450,93;R$ 450,93;R$ 0,00
699;1416;1481;"=""01449073000128""";SARICO MATERIAIS PARA CONSTRUCAO LTDA;PESSOA JURIDICA;ICMS;"=""2228074700000""";"=""20260000003145""";13857622;Efetivada;25/02/2026 09:40:42;28/02/2026 06:03:33;120;2;25/03/2026;24/03/2026;Paga;R$ 455,42;R$ 455,44;R$ 455,44;R$ 0,00
699;1416;1481;"=""01449073000128""";SARICO MATERIAIS PARA CONSTRUCAO LTDA;PESSOA JURIDICA;ICMS;"=""2228074700000""";"=""20260000003145""";13857622;Efetivada;25/02/2026 09:40:42;28/02/2026 06:03:33;120;3;27/04/2026;27/04/2026;Paga;R$ 455,42;R$ 460,90;R$ 460,90;R$ 0,00
699;1416;1481;"=""01449073000128""";SARICO MATERIAIS PARA CONSTRUCAO LTDA;PESSOA JURIDICA;ICMS;"=""2228074700000""";"=""20260000003145""";13857622;Efetivada;25/02/2026 09:40:42;28/02/2026 06:03:33;120;4;25/05/2026;25/05/2026;Paga;R$ 455,42;R$ 465,81;R$ 465,81;R$ 0,00
699;1416;1486;"=""01449073000128""";SARICO MATERIAIS PARA CONSTRUCAO LTDA;PESSOA JURIDICA;ICMS;"=""2088747400002""";"=""20260000003150""";13857673;Efetivada;25/02/2026 09:40:42;28/02/2026 06:03:38;69;1;27/02/2026;27/02/2026;Paga;R$ 331,26;R$ 331,26;R$ 331,26;R$ 0,00
699;1416;1486;"=""01449073000128""";SARICO MATERIAIS PARA CONSTRUCAO LTDA;PESSOA JURIDICA;ICMS;"=""2088747400002""";"=""20260000003150""";13857673;Efetivada;25/02/2026 09:40:42;28/02/2026 06:03:38;69;2;25/03/2026;24/03/2026;Paga;R$ 334,57;R$ 334,57;R$ 334,57;R$ 0,00
699;1416;1486;"=""01449073000128""";SARICO MATERIAIS PARA CONSTRUCAO LTDA;PESSOA JURIDICA;ICMS;"=""2088747400002""";"=""20260000003150""";13857673;Efetivada;25/02/2026 09:40:42;28/02/2026 06:03:38;69;3;27/04/2026;27/04/2026;Paga;R$ 334,57;R$ 338,59;R$ 338,59;R$ 0,00
699;1416;1486;"=""01449073000128""";SARICO MATERIAIS PARA CONSTRUCAO LTDA;PESSOA JURIDICA;ICMS;"=""2088747400002""";"=""20260000003150""";13857673;Efetivada;25/02/2026 09:40:42;28/02/2026 06:03:38;69;4;25/05/2026;25/05/2026;Paga;R$ 334,57;R$ 342,19;R$ 342,19;R$ 0,00
699;1416;1485;"=""01449073000128""";SARICO MATERIAIS PARA CONSTRUCAO LTDA;PESSOA JURIDICA;ICMS;"=""4011400646924""";"=""20260000003149""";13857690;Efetivada;25/02/2026 09:40:42;28/02/2026 06:03:40;120;1;27/02/2026;27/02/2026;Paga;R$ 354,61;R$ 354,61;R$ 354,61;R$ 0,00
699;1416;1485;"=""01449073000128""";SARICO MATERIAIS PARA CONSTRUCAO LTDA;PESSOA JURIDICA;ICMS;"=""4011400646924""";"=""20260000003149""";13857690;Efetivada;25/02/2026 09:40:42;28/02/2026 06:03:40;120;2;25/03/2026;24/03/2026;Paga;R$ 358,15;R$ 358,15;R$ 358,15;R$ 0,00
699;1416;1485;"=""01449073000128""";SARICO MATERIAIS PARA CONSTRUCAO LTDA;PESSOA JURIDICA;ICMS;"=""4011400646924""";"=""20260000003149""";13857690;Efetivada;25/02/2026 09:40:42;28/02/2026 06:03:40;120;3;27/04/2026;27/04/2026;Paga;R$ 358,15;R$ 362,44;R$ 362,44;R$ 0,00
699;1416;1485;"=""01449073000128""";SARICO MATERIAIS PARA CONSTRUCAO LTDA;PESSOA JURIDICA;ICMS;"=""4011400646924""";"=""20260000003149""";13857690;Efetivada;25/02/2026 09:40:42;28/02/2026 06:03:40;120;4;25/05/2026;25/05/2026;Paga;R$ 358,15;R$ 366,31;R$ 366,31;R$ 0,00
699;1416;1488;"=""01449073000128""";SARICO MATERIAIS PARA CONSTRUCAO LTDA;PESSOA JURIDICA;ICMS;"=""2227760300041""";"=""20260000003152""";13857681;Efetivada;25/02/2026 09:40:42;28/02/2026 06:03:45;105;1;27/02/2026;27/02/2026;Paga;R$ 330,11;R$ 330,11;R$ 330,11;R$ 0,00
699;1416;1488;"=""01449073000128""";SARICO MATERIAIS PARA CONSTRUCAO LTDA;PESSOA JURIDICA;ICMS;"=""2227760300041""";"=""20260000003152""";13857681;Efetivada;25/02/2026 09:40:42;28/02/2026 06:03:45;105;2;25/03/2026;24/03/2026;Paga;R$ 333,41;R$ 333,41;R$ 333,41;R$ 0,00
699;1416;1488;"=""01449073000128""";SARICO MATERIAIS PARA CONSTRUCAO LTDA;PESSOA JURIDICA;ICMS;"=""2227760300041""";"=""20260000003152""";13857681;Efetivada;25/02/2026 09:40:42;28/02/2026 06:03:45;105;3;27/04/2026;27/04/2026;Paga;R$ 333,41;R$ 337,40;R$ 337,40;R$ 0,00
699;1416;1488;"=""01449073000128""";SARICO MATERIAIS PARA CONSTRUCAO LTDA;PESSOA JURIDICA;ICMS;"=""2227760300041""";"=""20260000003152""";13857681;Efetivada;25/02/2026 09:40:42;28/02/2026 06:03:45;105;4;25/05/2026;25/05/2026;Paga;R$ 333,41;R$ 341,00;R$ 341,00;R$ 0,00
699;1416;1494;"=""01449073000128""";SARICO MATERIAIS PARA CONSTRUCAO LTDA;PESSOA JURIDICA;ICMS;"=""4012200154503""";"=""20260000003158""";13857665;Efetivada;25/02/2026 09:40:42;28/02/2026 06:03:46;109;1;27/02/2026;27/02/2026;Paga;R$ 332,38;R$ 332,38;R$ 332,38;R$ 0,00
699;1416;1494;"=""01449073000128""";SARICO MATERIAIS PARA CONSTRUCAO LTDA;PESSOA JURIDICA;ICMS;"=""4012200154503""";"=""20260000003158""";13857665;Efetivada;25/02/2026 09:40:42;28/02/2026 06:03:46;109;2;25/03/2026;24/03/2026;Paga;R$ 335,70;R$ 335,70;R$ 335,70;R$ 0,00
699;1416;1494;"=""01449073000128""";SARICO MATERIAIS PARA CONSTRUCAO LTDA;PESSOA JURIDICA;ICMS;"=""4012200154503""";"=""20260000003158""";13857665;Efetivada;25/02/2026 09:40:42;28/02/2026 06:03:46;109;3;27/04/2026;27/04/2026;Paga;R$ 335,70;R$ 339,73;R$ 339,73;R$ 0,00
699;1416;1494;"=""01449073000128""";SARICO MATERIAIS PARA CONSTRUCAO LTDA;PESSOA JURIDICA;ICMS;"=""4012200154503""";"=""20260000003158""";13857665;Efetivada;25/02/2026 09:40:42;28/02/2026 06:03:46;109;4;25/05/2026;25/05/2026;Paga;R$ 335,70;R$ 343,35;R$ 343,35;R$ 0,00
699;1416;1493;"=""01449073000128""";SARICO MATERIAIS PARA CONSTRUCAO LTDA;PESSOA JURIDICA;ICMS;"=""4012100897024""";"=""20260000003157""";13857657;Efetivada;25/02/2026 09:40:42;28/02/2026 06:03:51;81;1;27/02/2026;27/02/2026;Paga;R$ 333,48;R$ 333,48;R$ 333,48;R$ 0,00
699;1416;1493;"=""01449073000128""";SARICO MATERIAIS PARA CONSTRUCAO LTDA;PESSOA JURIDICA;ICMS;"=""4012100897024""";"=""20260000003157""";13857657;Efetivada;25/02/2026 09:40:42;28/02/2026 06:03:51;81;2;25/03/2026;24/03/2026;Paga;R$ 336,81;R$ 336,81;R$ 336,81;R$ 0,00
699;1416;1493;"=""01449073000128""";SARICO MATERIAIS PARA CONSTRUCAO LTDA;PESSOA JURIDICA;ICMS;"=""4012100897024""";"=""20260000003157""";13857657;Efetivada;25/02/2026 09:40:42;28/02/2026 06:03:51;81;3;27/04/2026;27/04/2026;Paga;R$ 336,81;R$ 340,85;R$ 340,85;R$ 0,00
699;1416;1493;"=""01449073000128""";SARICO MATERIAIS PARA CONSTRUCAO LTDA;PESSOA JURIDICA;ICMS;"=""4012100897024""";"=""20260000003157""";13857657;Efetivada;25/02/2026 09:40:42;28/02/2026 06:03:51;81;4;25/05/2026;25/05/2026;Paga;R$ 336,81;R$ 344,48;R$ 344,48;R$ 0,00
699;1416;1489;"=""01449073000128""";SARICO MATERIAIS PARA CONSTRUCAO LTDA;PESSOA JURIDICA;ICMS;"=""4012100546310""";"=""20260000003153""";13857703;Efetivada;25/02/2026 09:40:42;28/02/2026 06:03:53;49;1;27/02/2026;27/02/2026;Paga;R$ 332,03;R$ 332,03;R$ 332,03;R$ 0,00
699;1416;1489;"=""01449073000128""";SARICO MATERIAIS PARA CONSTRUCAO LTDA;PESSOA JURIDICA;ICMS;"=""4012100546310""";"=""20260000003153""";13857703;Efetivada;25/02/2026 09:40:42;28/02/2026 06:03:53;49;2;25/03/2026;24/03/2026;Paga;R$ 335,34;R$ 335,35;R$ 335,35;R$ 0,00
699;1416;1489;"=""01449073000128""";SARICO MATERIAIS PARA CONSTRUCAO LTDA;PESSOA JURIDICA;ICMS;"=""4012100546310""";"=""20260000003153""";13857703;Efetivada;25/02/2026 09:40:42;28/02/2026 06:03:53;49;3;27/04/2026;27/04/2026;Paga;R$ 335,34;R$ 339,37;R$ 339,37;R$ 0,00
699;1416;1489;"=""01449073000128""";SARICO MATERIAIS PARA CONSTRUCAO LTDA;PESSOA JURIDICA;ICMS;"=""4012100546310""";"=""20260000003153""";13857703;Efetivada;25/02/2026 09:40:42;28/02/2026 06:03:53;49;4;25/05/2026;25/05/2026;Paga;R$ 335,34;R$ 342,99;R$ 342,99;R$ 0,00
699;1416;1492;"=""01449073000128""";SARICO MATERIAIS PARA CONSTRUCAO LTDA;PESSOA JURIDICA;ICMS;"=""4012100381729""";"=""20260000003156""";13857711;Efetivada;25/02/2026 09:40:42;28/02/2026 06:03:58;28;1;27/02/2026;27/02/2026;Paga;R$ 340,16;R$ 340,16;R$ 340,16;R$ 0,00
699;1416;1492;"=""01449073000128""";SARICO MATERIAIS PARA CONSTRUCAO LTDA;PESSOA JURIDICA;ICMS;"=""4012100381729""";"=""20260000003156""";13857711;Efetivada;25/02/2026 09:40:42;28/02/2026 06:03:58;28;2;25/03/2026;24/03/2026;Paga;R$ 343,55;R$ 343,56;R$ 343,56;R$ 0,00
699;1416;1492;"=""01449073000128""";SARICO MATERIAIS PARA CONSTRUCAO LTDA;PESSOA JURIDICA;ICMS;"=""4012100381729""";"=""20260000003156""";13857711;Efetivada;25/02/2026 09:40:42;28/02/2026 06:03:58;28;3;27/04/2026;27/04/2026;Paga;R$ 343,55;R$ 347,67;R$ 347,67;R$ 0,00
699;1416;1492;"=""01449073000128""";SARICO MATERIAIS PARA CONSTRUCAO LTDA;PESSOA JURIDICA;ICMS;"=""4012100381729""";"=""20260000003156""";13857711;Efetivada;25/02/2026 09:40:42;28/02/2026 06:03:58;28;4;25/05/2026;25/05/2026;Paga;R$ 343,55;R$ 351,38;R$ 351,38;R$ 0,00
1215;3546;2833;"=""01485840716""";RENATO DE CASTRO PIMENTEL;PESSOA FISICA;IPVA;"=""2272777322251""";"=""20260000006535""";14154285;Efetivada;17/04/2026 11:23:18;18/04/2026 06:03:42;2;1;27/04/2026;17/04/2026;Paga;R$ 488,41;R$ 488,41;R$ 488,41;R$ 0,00
1215;3546;2833;"=""01485840716""";RENATO DE CASTRO PIMENTEL;PESSOA FISICA;IPVA;"=""2272777322251""";"=""20260000006535""";14154285;Efetivada;17/04/2026 11:23:18;18/04/2026 06:03:42;2;2;25/05/2026;20/05/2026;Paga;R$ 493,29;R$ 493,30;R$ 493,30;R$ 0,00
1215;3546;2834;"=""01485840716""";RENATO DE CASTRO PIMENTEL;PESSOA FISICA;IPVA;"=""2317976522246""";"=""20260000006536""";14154293;Efetivada;17/04/2026 11:23:18;18/04/2026 06:03:49;4;1;27/04/2026;17/04/2026;Paga;R$ 394,92;R$ 394,92;R$ 394,92;R$ 0,00
1215;3546;2834;"=""01485840716""";RENATO DE CASTRO PIMENTEL;PESSOA FISICA;IPVA;"=""2317976522246""";"=""20260000006536""";14154293;Efetivada;17/04/2026 11:23:18;18/04/2026 06:03:49;4;2;25/05/2026;20/05/2026;Paga;R$ 398,86;R$ 398,87;R$ 398,87;R$ 0,00
1215;3546;2835;"=""01485840716""";RENATO DE CASTRO PIMENTEL;PESSOA FISICA;IPVA;"=""2391088222202""";"=""20260000006537""";14154307;Efetivada;17/04/2026 11:23:18;18/04/2026 06:03:56;5;1;27/04/2026;17/04/2026;Paga;R$ 383,13;R$ 383,13;R$ 383,13;R$ 0,00
1215;3546;2835;"=""01485840716""";RENATO DE CASTRO PIMENTEL;PESSOA FISICA;IPVA;"=""2391088222202""";"=""20260000006537""";14154307;Efetivada;17/04/2026 11:23:18;18/04/2026 06:03:56;5;2;25/05/2026;20/05/2026;Paga;R$ 386,95;R$ 386,96;R$ 386,96;R$ 0,00
1133;3266;2568;"=""01488660182""";JORGE ANTONIO DA SILVA;PESSOA FISICA;ITCD;"=""4012100970988""";"=""20260000005952""";14033089;Efetivada;24/03/2026 14:58:41;01/04/2026 18:06:50;1;1;31/03/2026;25/03/2026;Paga;R$ 668,70;R$ 668,70;R$ 668,70;R$ 0,00
690;2370;1465;"=""01496413000171""";JOSE PAULO RESENDE,;PESSOA JURIDICA;ICMS;"=""4011601035612""";"=""20260000003113""";13859595;Efetivada;24/02/2026 18:30:13;27/02/2026 18:05:26;23;1;27/02/2026;27/02/2026;Paga;R$ 333,94;R$ 333,94;R$ 333,94;R$ 0,00
690;2370;1465;"=""01496413000171""";JOSE PAULO RESENDE,;PESSOA JURIDICA;ICMS;"=""4011601035612""";"=""20260000003113""";13859595;Efetivada;24/02/2026 18:30:13;27/02/2026 18:05:26;23;2;25/03/2026;25/03/2026;Paga;R$ 337,27;R$ 337,29;R$ 337,29;R$ 0,00
690;2370;1465;"=""01496413000171""";JOSE PAULO RESENDE,;PESSOA JURIDICA;ICMS;"=""4011601035612""";"=""20260000003113""";13859595;Efetivada;24/02/2026 18:30:13;27/02/2026 18:05:26;23;3;27/04/2026;27/04/2026;Paga;R$ 337,27;R$ 341,33;R$ 341,33;R$ 0,00
363;1850;776;"=""01506507107""";POLIANA ALMEIDA SOARES;PESSOA FISICA;IPVA;"=""2335735022251""";"=""20260000001469""";13771884;Efetivada;11/02/2026 09:29:09;18/02/2026 12:05:03;1;1;18/02/2026;18/02/2026;Paga;R$ 528,43;R$ 528,43;R$ 528,43;R$ 0,00
363;1850;775;"=""01506507107""";POLIANA ALMEIDA SOARES;PESSOA FISICA;IPVA;"=""2324489022232""";"=""20260000001468""";13771892;Efetivada;11/02/2026 09:29:09;18/02/2026 12:05:08;1;1;18/02/2026;18/02/2026;Paga;R$ 429,43;R$ 429,43;R$ 429,43;R$ 0,00
1316;207;3088;"=""01534080000128""";NOVO MUNDO S.A.;PESSOA JURIDICA;ICMS;"=""2000528966600""";"=""20260000007448""";14285576;Efetivada;22/05/2026 16:07:08;28/05/2026 06:03:15;6;1;29/05/2026;27/05/2026;Paga;R$ 370,39;R$ 370,39;R$ 370,39;R$ 0,00
1316;207;3089;"=""01534080000128""";NOVO MUNDO S.A.;PESSOA JURIDICA;ICMS;"=""2006577766643""";"=""20260000007449""";14285568;Efetivada;22/05/2026 16:07:08;28/05/2026 06:03:21;1;1;29/05/2026;27/05/2026;Paga;R$ 410,66;R$ 410,66;R$ 410,66;R$ 0,00
1316;207;3084;"=""01534080000128""";NOVO MUNDO S.A.;PESSOA JURIDICA;ICMS;"=""4022400009296""";"=""20260000007444""";14285592;Efetivada;22/05/2026 16:07:08;28/05/2026 06:03:28;39;1;29/05/2026;27/05/2026;Paga;R$ 331,28;R$ 331,28;R$ 331,28;R$ 0,00
1316;207;3085;"=""01534080000128""";NOVO MUNDO S.A.;PESSOA JURIDICA;ICMS;"=""2000528566696""";"=""20260000007445""";14285606;Efetivada;22/05/2026 16:07:08;28/05/2026 06:03:35;12;1;29/05/2026;27/05/2026;Paga;R$ 341,35;R$ 341,35;R$ 341,35;R$ 0,00
1316;207;3087;"=""01534080000128""";NOVO MUNDO S.A.;PESSOA JURIDICA;ICMS;"=""2000528866657""";"=""20260000007447""";14285584;Efetivada;22/05/2026 16:07:08;28/05/2026 06:03:41;3;1;29/05/2026;27/05/2026;Paga;R$ 358,16;R$ 358,16;R$ 358,16;R$ 0,00
1316;207;3086;"=""01534080000128""";NOVO MUNDO S.A.;PESSOA JURIDICA;ICMS;"=""2000528766601""";"=""20260000007446""";14285614;Efetivada;22/05/2026 16:07:08;28/05/2026 06:03:55;3;1;29/05/2026;27/05/2026;Paga;R$ 356,91;R$ 356,91;R$ 356,91;R$ 0,00
1401;3845;4244;"=""01534080000390""";NOVO MUNDO S.A;PESSOA JURIDICA;ICMS;"=""4022400004227""";"=""20260000009551""";14306883;Efetivada;27/05/2026 18:56:04;28/05/2026 18:00:15;145;1;29/05/2026;28/05/2026;Paga;R$ 626,29;R$ 626,29;R$ 626,29;R$ 0,00
1401;3845;4246;"=""01534080000390""";NOVO MUNDO S.A;PESSOA JURIDICA;ICMS;"=""2000001366654""";"=""20260000009553""";14306840;Efetivada;27/05/2026 18:56:04;28/05/2026 18:00:15;55;1;29/05/2026;28/05/2026;Paga;R$ 334,05;R$ 334,05;R$ 334,05;R$ 0,00
1401;3845;4248;"=""01534080000390""";NOVO MUNDO S.A;PESSOA JURIDICA;ICMS;"=""2000001566661""";"=""20260000009555""";14306921;Efetivada;27/05/2026 18:56:04;28/05/2026 18:00:15;33;1;29/05/2026;28/05/2026;Paga;R$ 333,12;R$ 333,12;R$ 333,12;R$ 0,00
1401;3845;4250;"=""01534080000390""";NOVO MUNDO S.A;PESSOA JURIDICA;ICMS;"=""2003917266604""";"=""20260000009557""";14306859;Efetivada;27/05/2026 18:56:04;28/05/2026 18:00:15;41;1;29/05/2026;28/05/2026;Paga;R$ 337,89;R$ 337,89;R$ 337,89;R$ 0,00
1401;3845;4252;"=""01534080000390""";NOVO MUNDO S.A;PESSOA JURIDICA;ICMS;"=""2005898366609""";"=""20260000009559""";14306867;Efetivada;27/05/2026 18:56:04;28/05/2026 18:00:15;43;1;29/05/2026;28/05/2026;Paga;R$ 334,26;R$ 334,26;R$ 334,26;R$ 0,00
1401;3845;4253;"=""01534080000390""";NOVO MUNDO S.A;PESSOA JURIDICA;ICMS;"=""2006222666609""";"=""20260000009560""";14306875;Efetivada;27/05/2026 18:56:04;28/05/2026 18:00:15;25;1;29/05/2026;28/05/2026;Paga;R$ 332,37;R$ 332,37;R$ 332,37;R$ 0,00
1401;3845;4243;"=""01534080000390""";NOVO MUNDO S.A;PESSOA JURIDICA;ICMS;"=""4022300062748""";"=""20260000009550""";14306891;Efetivada;27/05/2026 18:56:04;28/05/2026 18:00:16;55;1;29/05/2026;28/05/2026;Paga;R$ 334,86;R$ 334,86;R$ 334,86;R$ 0,00
1401;3845;4245;"=""01534080000390""";NOVO MUNDO S.A;PESSOA JURIDICA;ICMS;"=""2000001266609""";"=""20260000009552""";14306905;Efetivada;27/05/2026 18:56:04;28/05/2026 18:00:16;62;1;29/05/2026;28/05/2026;Paga;R$ 334,43;R$ 334,43;R$ 334,43;R$ 0,00
1401;3845;4247;"=""01534080000390""";NOVO MUNDO S.A;PESSOA JURIDICA;ICMS;"=""2000001466608""";"=""20260000009554""";14306913;Efetivada;27/05/2026 18:56:04;28/05/2026 18:00:16;77;1;29/05/2026;28/05/2026;Paga;R$ 334,03;R$ 334,03;R$ 334,03;R$ 0,00
1401;3845;4249;"=""01534080000390""";NOVO MUNDO S.A;PESSOA JURIDICA;ICMS;"=""2000001666615""";"=""20260000009556""";14306930;Efetivada;27/05/2026 18:56:04;28/05/2026 18:00:16;34;1;29/05/2026;28/05/2026;Paga;R$ 337,83;R$ 337,83;R$ 337,83;R$ 0,00
1401;3845;4251;"=""01534080000390""";NOVO MUNDO S.A;PESSOA JURIDICA;ICMS;"=""2004781866689""";"=""20260000009558""";14306948;Efetivada;27/05/2026 18:56:04;29/05/2026 12:00:19;6;1;29/05/2026;28/05/2026;Paga;R$ 336,23;R$ 336,23;R$ 336,23;R$ 0,00
1401;3845;4254;"=""01534080000390""";NOVO MUNDO S.A;PESSOA JURIDICA;ICMS;"=""2006532566661""";"=""20260000009561""";14306956;Efetivada;27/05/2026 18:56:04;29/05/2026 12:00:19;26;1;29/05/2026;28/05/2026;Paga;R$ 336,07;R$ 336,07;R$ 336,07;R$ 0,00
1318;3853;3102;"=""01534080000985""";NOVO MUNDO S.A;PESSOA JURIDICA;ICMS;"=""4022300062829""";"=""20260000007480""";14285789;Efetivada;22/05/2026 16:45:18;28/05/2026 06:04:01;145;1;29/05/2026;27/05/2026;Paga;R$ 700,33;R$ 700,33;R$ 700,33;R$ 0,00
1318;3853;3103;"=""01534080000985""";NOVO MUNDO S.A;PESSOA JURIDICA;ICMS;"=""2000037566645""";"=""20260000007481""";14285770;Efetivada;22/05/2026 16:45:18;28/05/2026 06:04:08;6;1;29/05/2026;27/05/2026;Paga;R$ 356,25;R$ 356,25;R$ 356,25;R$ 0,00
1319;3856;3112;"=""01534080001523""";NOVO MUNDO S.A.;PESSOA JURIDICA;ICMS;"=""2005041566604""";"=""20260000007492""";14285843;Efetivada;22/05/2026 16:47:54;28/05/2026 06:04:14;7;1;29/05/2026;27/05/2026;Paga;R$ 338,87;R$ 338,87;R$ 338,87;R$ 0,00
1319;3856;3104;"=""01534080001523""";NOVO MUNDO S.A.;PESSOA JURIDICA;ICMS;"=""4022400004308""";"=""20260000007484""";14285851;Efetivada;22/05/2026 16:47:54;28/05/2026 06:04:21;145;1;29/05/2026;27/05/2026;Paga;R$ 447,26;R$ 447,26;R$ 447,26;R$ 0,00
1319;3856;3108;"=""01534080001523""";NOVO MUNDO S.A.;PESSOA JURIDICA;ICMS;"=""2003605566661""";"=""20260000007488""";14285827;Efetivada;22/05/2026 16:47:54;28/05/2026 06:04:28;7;1;29/05/2026;27/05/2026;Paga;R$ 364,40;R$ 364,40;R$ 364,40;R$ 0,00
1319;3856;3107;"=""01534080001523""";NOVO MUNDO S.A.;PESSOA JURIDICA;ICMS;"=""2000027166695""";"=""20260000007487""";14285819;Efetivada;22/05/2026 16:47:54;28/05/2026 06:04:35;15;1;29/05/2026;27/05/2026;Paga;R$ 346,61;R$ 346,61;R$ 346,61;R$ 0,00
1319;3856;3111;"=""01534080001523""";NOVO MUNDO S.A.;PESSOA JURIDICA;ICMS;"=""2004641466696""";"=""20260000007491""";14285835;Efetivada;22/05/2026 16:47:54;28/05/2026 06:04:42;7;1;29/05/2026;27/05/2026;Paga;R$ 368,33;R$ 368,33;R$ 368,33;R$ 0,00
1319;3856;3113;"=""01534080001523""";NOVO MUNDO S.A.;PESSOA JURIDICA;ICMS;"=""2005819566677""";"=""20260000007493""";14285886;Efetivada;22/05/2026 16:47:54;28/05/2026 06:04:48;16;1;29/05/2026;27/05/2026;Paga;R$ 332,26;R$ 332,26;R$ 332,26;R$ 0,00
1319;3856;3109;"=""01534080001523""";NOVO MUNDO S.A.;PESSOA JURIDICA;ICMS;"=""2003986566689""";"=""20260000007489""";14285878;Efetivada;22/05/2026 16:47:54;28/05/2026 06:04:55;11;1;29/05/2026;27/05/2026;Paga;R$ 335,53;R$ 335,53;R$ 335,53;R$ 0,00
1319;3856;3106;"=""01534080001523""";NOVO MUNDO S.A.;PESSOA JURIDICA;ICMS;"=""2000027066631""";"=""20260000007486""";14285860;Efetivada;22/05/2026 16:47:54;28/05/2026 06:05:02;26;1;29/05/2026;27/05/2026;Paga;R$ 342,24;R$ 342,24;R$ 342,24;R$ 0,00
1319;3856;3110;"=""01534080001523""";NOVO MUNDO S.A.;PESSOA JURIDICA;ICMS;"=""2004288166683""";"=""20260000007490""";14285894;Efetivada;22/05/2026 16:47:54;28/05/2026 06:05:09;12;1;29/05/2026;27/05/2026;Paga;R$ 330,59;R$ 330,59;R$ 330,59;R$ 0,00
1319;3856;3105;"=""01534080001523""";NOVO MUNDO S.A.;PESSOA JURIDICA;ICMS;"=""2000026966680""";"=""20260000007485""";14285908;Efetivada;22/05/2026 16:47:54;28/05/2026 06:05:16;49;1;29/05/2026;27/05/2026;Paga;R$ 335,10;R$ 335,10;R$ 335,10;R$ 0,00
1402;3859;4255;"=""01534080002252""";NOVO MUNDO S.A;PESSOA JURIDICA;ICMS;"=""4022300062900""";"=""20260000009574""";14306964;Efetivada;27/05/2026 18:59:16;29/05/2026 12:00:20;45;1;29/05/2026;28/05/2026;Paga;R$ 332,33;R$ 332,33;R$ 332,33;R$ 0,00
1402;3859;4258;"=""01534080002252""";NOVO MUNDO S.A;PESSOA JURIDICA;ICMS;"=""2000039866603""";"=""20260000009577""";14307022;Efetivada;27/05/2026 18:59:16;29/05/2026 12:00:20;24;1;29/05/2026;28/05/2026;Paga;R$ 330,23;R$ 330,23;R$ 330,23;R$ 0,00
1402;3859;4259;"=""01534080002252""";NOVO MUNDO S.A;PESSOA JURIDICA;ICMS;"=""2000039966659""";"=""20260000009578""";14307030;Efetivada;27/05/2026 18:59:16;29/05/2026 12:00:20;41;1;29/05/2026;28/05/2026;Paga;R$ 333,24;R$ 333,24;R$ 333,24;R$ 0,00
1402;3859;4266;"=""01534080002252""";NOVO MUNDO S.A;PESSOA JURIDICA;ICMS;"=""2004780666627""";"=""20260000009585""";14307014;Efetivada;27/05/2026 18:59:16;29/05/2026 12:00:20;11;1;29/05/2026;28/05/2026;Paga;R$ 338,73;R$ 338,73;R$ 338,73;R$ 0,00
1402;3859;4256;"=""01534080002252""";NOVO MUNDO S.A;PESSOA JURIDICA;ICMS;"=""4022400004499""";"=""20260000009575""";14307049;Efetivada;27/05/2026 18:59:16;29/05/2026 12:00:21;145;1;29/05/2026;28/05/2026;Paga;R$ 389,68;R$ 389,68;R$ 389,68;R$ 0,00
1402;3859;4257;"=""01534080002252""";NOVO MUNDO S.A;PESSOA JURIDICA;ICMS;"=""2000039766641""";"=""20260000009576""";14307057;Efetivada;27/05/2026 18:59:16;29/05/2026 12:00:21;37;1;29/05/2026;28/05/2026;Paga;R$ 338,04;R$ 338,04;R$ 338,04;R$ 0,00
1402;3859;4261;"=""01534080002252""";NOVO MUNDO S.A;PESSOA JURIDICA;ICMS;"=""2000040166644""";"=""20260000009580""";14307065;Efetivada;27/05/2026 18:59:16;29/05/2026 12:00:22;21;1;29/05/2026;28/05/2026;Paga;R$ 332,79;R$ 332,79;R$ 332,79;R$ 0,00
1402;3859;4262;"=""01534080002252""";NOVO MUNDO S.A;PESSOA JURIDICA;ICMS;"=""2000040266606""";"=""20260000009581""";14306972;Efetivada;27/05/2026 18:59:16;29/05/2026 12:00:22;31;1;29/05/2026;28/05/2026;Paga;R$ 330,03;R$ 330,03;R$ 330,03;R$ 0,00
1402;3859;4263;"=""01534080002252""";NOVO MUNDO S.A;PESSOA JURIDICA;ICMS;"=""2003583666693""";"=""20260000009582""";14306980;Efetivada;27/05/2026 18:59:16;29/05/2026 12:00:22;10;1;29/05/2026;28/05/2026;Paga;R$ 345,25;R$ 345,25;R$ 345,25;R$ 0,00
1402;3859;4264;"=""01534080002252""";NOVO MUNDO S.A;PESSOA JURIDICA;ICMS;"=""2003997466605""";"=""20260000009583""";14306999;Efetivada;27/05/2026 18:59:16;29/05/2026 12:00:22;8;1;29/05/2026;28/05/2026;Paga;R$ 355,29;R$ 355,29;R$ 355,29;R$ 0,00
1402;3859;4265;"=""01534080002252""";NOVO MUNDO S.A;PESSOA JURIDICA;ICMS;"=""2004304166638""";"=""20260000009584""";14307006;Efetivada;27/05/2026 18:59:16;29/05/2026 12:00:22;9;1;29/05/2026;28/05/2026;Paga;R$ 330,56;R$ 330,56;R$ 330,56;R$ 0,00
1402;3859;4260;"=""01534080002252""";NOVO MUNDO S.A;PESSOA JURIDICA;ICMS;"=""2000040066690""";"=""20260000009579""";14307090;Efetivada;27/05/2026 18:59:16;29/05/2026 12:00:23;41;1;29/05/2026;28/05/2026;Paga;R$ 337,62;R$ 337,62;R$ 337,62;R$ 0,00
1402;3859;4267;"=""01534080002252""";NOVO MUNDO S.A;PESSOA JURIDICA;ICMS;"=""2005104666678""";"=""20260000009586""";14307073;Efetivada;27/05/2026 18:59:16;29/05/2026 12:00:23;1;1;29/05/2026;28/05/2026;Paga;R$ 349,64;R$ 349,64;R$ 349,64;R$ 0,00
1402;3859;4268;"=""01534080002252""";NOVO MUNDO S.A;PESSOA JURIDICA;ICMS;"=""2006019166656""";"=""20260000009587""";14307081;Efetivada;27/05/2026 18:59:16;29/05/2026 12:00:23;30;1;29/05/2026;28/05/2026;Paga;R$ 331,04;R$ 331,04;R$ 331,04;R$ 0,00
1402;3859;4269;"=""01534080002252""";NOVO MUNDO S.A;PESSOA JURIDICA;ICMS;"=""2006196066689""";"=""20260000009588""";14307103;Efetivada;27/05/2026 18:59:16;29/05/2026 12:00:23;30;1;29/05/2026;28/05/2026;Paga;R$ 332,13;R$ 332,13;R$ 332,13;R$ 0,00
1402;3859;4270;"=""01534080002252""";NOVO MUNDO S.A;PESSOA JURIDICA;ICMS;"=""2006531066649""";"=""20260000009589""";14307111;Efetivada;27/05/2026 18:59:16;29/05/2026 12:00:24;12;1;29/05/2026;28/05/2026;Paga;R$ 356,07;R$ 356,07;R$ 356,07;R$ 0,00
1403;3862;4271;"=""01534080002503""";NOVO MUNDO S.A;PESSOA JURIDICA;ICMS;"=""4022300063124""";"=""20260000009606""";14307189;Efetivada;27/05/2026 19:06:30;29/05/2026 12:00:24;51;1;29/05/2026;28/05/2026;Paga;R$ 331,36;R$ 331,36;R$ 331,36;R$ 0,00
1403;3862;4275;"=""01534080002503""";NOVO MUNDO S.A;PESSOA JURIDICA;ICMS;"=""2000042866619""";"=""20260000009610""";14307219;Efetivada;27/05/2026 19:06:30;29/05/2026 12:00:24;68;1;29/05/2026;28/05/2026;Paga;R$ 334,00;R$ 334,00;R$ 334,00;R$ 0,00
1403;3862;4272;"=""01534080002503""";NOVO MUNDO S.A;PESSOA JURIDICA;ICMS;"=""4022400004570""";"=""20260000009607""";14307197;Efetivada;27/05/2026 19:06:30;29/05/2026 12:00:25;145;1;29/05/2026;28/05/2026;Paga;R$ 633,88;R$ 633,88;R$ 633,88;R$ 0,00
1403;3862;4273;"=""01534080002503""";NOVO MUNDO S.A;PESSOA JURIDICA;ICMS;"=""2000042666601""";"=""20260000009608""";14307200;Efetivada;27/05/2026 19:06:30;29/05/2026 12:00:25;31;1;29/05/2026;28/05/2026;Paga;R$ 339,54;R$ 339,54;R$ 339,54;R$ 0,00
1403;3862;4276;"=""01534080002503""";NOVO MUNDO S.A;PESSOA JURIDICA;ICMS;"=""2000042966672""";"=""20260000009611""";14307260;Efetivada;27/05/2026 19:06:30;29/05/2026 12:00:25;54;1;29/05/2026;28/05/2026;Paga;R$ 331,38;R$ 331,38;R$ 331,38;R$ 0,00
1403;3862;4285;"=""01534080002503""";NOVO MUNDO S.A;PESSOA JURIDICA;ICMS;"=""2005019666600""";"=""20260000009620""";14307235;Efetivada;27/05/2026 19:06:30;29/05/2026 12:00:26;12;1;29/05/2026;28/05/2026;Paga;R$ 346,24;R$ 346,24;R$ 346,24;R$ 0,00
1403;3862;4287;"=""01534080002503""";NOVO MUNDO S.A;PESSOA JURIDICA;ICMS;"=""2005939366667""";"=""20260000009622""";14307243;Efetivada;27/05/2026 19:06:30;29/05/2026 12:00:26;49;1;29/05/2026;28/05/2026;Paga;R$ 331,16;R$ 331,16;R$ 331,16;R$ 0,00
1403;3862;4289;"=""01534080002503""";NOVO MUNDO S.A;PESSOA JURIDICA;ICMS;"=""2006547966644""";"=""20260000009624""";14307251;Efetivada;27/05/2026 19:06:30;29/05/2026 12:00:26;34;1;29/05/2026;28/05/2026;Paga;R$ 330,53;R$ 330,53;R$ 330,53;R$ 0,00
1403;3862;4277;"=""01534080002503""";NOVO MUNDO S.A;PESSOA JURIDICA;ICMS;"=""2000043066624""";"=""20260000009612""";14307227;Efetivada;27/05/2026 19:06:30;29/05/2026 12:00:27;58;1;29/05/2026;28/05/2026;Paga;R$ 334,69;R$ 334,69;R$ 334,69;R$ 0,00
1403;3862;4286;"=""01534080002503""";NOVO MUNDO S.A;PESSOA JURIDICA;ICMS;"=""2005256266656""";"=""20260000009621""";14307308;Efetivada;27/05/2026 19:06:30;29/05/2026 12:00:27;22;1;29/05/2026;28/05/2026;Paga;R$ 330,06;R$ 330,06;R$ 330,06;R$ 0,00
1403;3862;4288;"=""01534080002503""";NOVO MUNDO S.A;PESSOA JURIDICA;ICMS;"=""2006334966612""";"=""20260000009623""";14307316;Efetivada;27/05/2026 19:06:30;29/05/2026 12:00:27;49;1;29/05/2026;28/05/2026;Paga;R$ 333,37;R$ 333,37;R$ 333,37;R$ 0,00
1403;3862;4280;"=""01534080002503""";NOVO MUNDO S.A;PESSOA JURIDICA;ICMS;"=""2000043366695""";"=""20260000009615""";14307286;Efetivada;27/05/2026 19:06:30;29/05/2026 12:00:28;25;1;29/05/2026;28/05/2026;Paga;R$ 332,06;R$ 332,06;R$ 332,06;R$ 0,00
1403;3862;4283;"=""01534080002503""";NOVO MUNDO S.A;PESSOA JURIDICA;ICMS;"=""2004235266616""";"=""20260000009618""";14307294;Efetivada;27/05/2026 19:06:30;29/05/2026 12:00:28;29;1;29/05/2026;28/05/2026;Paga;R$ 336,68;R$ 336,68;R$ 336,68;R$ 0,00
1403;3862;4278;"=""01534080002503""";NOVO MUNDO S.A;PESSOA JURIDICA;ICMS;"=""2000043166688""";"=""20260000009613""";14307367;Efetivada;27/05/2026 19:06:30;29/05/2026 12:00:29;85;1;29/05/2026;28/05/2026;Paga;R$ 330,40;R$ 330,40;R$ 330,40;R$ 0,00
1403;3862;4279;"=""01534080002503""";NOVO MUNDO S.A;PESSOA JURIDICA;ICMS;"=""2000043266631""";"=""20260000009614""";14307278;Efetivada;27/05/2026 19:06:30;29/05/2026 12:00:29;34;1;29/05/2026;28/05/2026;Paga;R$ 339,57;R$ 339,57;R$ 339,57;R$ 0,00
1403;3862;4281;"=""01534080002503""";NOVO MUNDO S.A;PESSOA JURIDICA;ICMS;"=""2003544666696""";"=""20260000009616""";14307332;Efetivada;27/05/2026 19:06:30;29/05/2026 12:00:29;18;1;29/05/2026;28/05/2026;Paga;R$ 339,44;R$ 339,44;R$ 339,44;R$ 0,00
1403;3862;4284;"=""01534080002503""";NOVO MUNDO S.A;PESSOA JURIDICA;ICMS;"=""2004616666610""";"=""20260000009619""";14307359;Efetivada;27/05/2026 19:06:30;29/05/2026 12:00:29;12;1;29/05/2026;28/05/2026;Paga;R$ 343,01;R$ 343,01;R$ 343,01;R$ 0,00
1403;3862;4274;"=""01534080002503""";NOVO MUNDO S.A;PESSOA JURIDICA;ICMS;"=""2000042766665""";"=""20260000009609""";14307324;Efetivada;27/05/2026 19:06:30;29/05/2026 12:00:30;24;1;29/05/2026;28/05/2026;Paga;R$ 339,48;R$ 339,48;R$ 339,48;R$ 0,00
1403;3862;4282;"=""01534080002503""";NOVO MUNDO S.A;PESSOA JURIDICA;ICMS;"=""2003915366679""";"=""20260000009617""";14307340;Efetivada;27/05/2026 19:06:30;29/05/2026 12:00:30;43;1;29/05/2026;28/05/2026;Paga;R$ 332,37;R$ 332,37;R$ 332,37;R$ 0,00
1324;3902;3187;"=""01534080007050""";NOVO MUNDO S.A.;PESSOA JURIDICA;ICMS;"=""2000166466680""";"=""20260000007649""";14286289;Efetivada;22/05/2026 17:54:26;28/05/2026 06:05:22;9;1;29/05/2026;27/05/2026;Paga;R$ 339,72;R$ 339,72;R$ 339,72;R$ 0,00
1324;3902;3189;"=""01534080007050""";NOVO MUNDO S.A.;PESSOA JURIDICA;ICMS;"=""2000166666697""";"=""20260000007651""";14286319;Efetivada;22/05/2026 17:54:26;28/05/2026 06:05:29;145;1;29/05/2026;27/05/2026;Paga;R$ 359,66;R$ 359,66;R$ 359,66;R$ 0,00
1324;3902;3188;"=""01534080007050""";NOVO MUNDO S.A.;PESSOA JURIDICA;ICMS;"=""2000166566633""";"=""20260000007650""";14286300;Efetivada;22/05/2026 17:54:26;28/05/2026 06:05:36;12;1;29/05/2026;27/05/2026;Paga;R$ 335,83;R$ 335,83;R$ 335,83;R$ 0,00
1324;3902;3186;"=""01534080007050""";NOVO MUNDO S.A.;PESSOA JURIDICA;ICMS;"=""4022400005118""";"=""20260000007648""";14286297;Efetivada;22/05/2026 17:54:26;28/05/2026 06:05:42;145;1;29/05/2026;27/05/2026;Paga;R$ 345,01;R$ 345,01;R$ 345,01;R$ 0,00
1327;3890;3217;"=""01534080007483""";NOVO MUNDO S.A;PESSOA JURIDICA;ICMS;"=""4022400005541""";"=""20260000007706""";14286785;Efetivada;22/05/2026 18:05:52;28/05/2026 18:00:02;137;1;29/05/2026;28/05/2026;Paga;R$ 331,40;R$ 331,40;R$ 331,40;R$ 0,00
1327;3890;3218;"=""01534080007483""";NOVO MUNDO S.A;PESSOA JURIDICA;ICMS;"=""2000177366606""";"=""20260000007707""";14286793;Efetivada;22/05/2026 18:05:52;28/05/2026 18:00:02;8;1;29/05/2026;28/05/2026;Paga;R$ 339,53;R$ 339,53;R$ 339,53;R$ 0,00
1327;3890;3219;"=""01534080007483""";NOVO MUNDO S.A;PESSOA JURIDICA;ICMS;"=""2000177466660""";"=""20260000007708""";14286777;Efetivada;22/05/2026 18:05:52;28/05/2026 18:00:03;145;1;29/05/2026;28/05/2026;Paga;R$ 384,30;R$ 384,30;R$ 384,30;R$ 0,00
1328;3898;3220;"=""01534080007645""";NOVO MUNDO S.A.;PESSOA JURIDICA;ICMS;"=""4022300063639""";"=""20260000007712""";14286823;Efetivada;22/05/2026 18:10:54;28/05/2026 18:00:03;19;1;29/05/2026;28/05/2026;Paga;R$ 330,87;R$ 330,87;R$ 330,87;R$ 0,00
1328;3898;3221;"=""01534080007645""";NOVO MUNDO S.A.;PESSOA JURIDICA;ICMS;"=""4022400005460""";"=""20260000007713""";14286831;Efetivada;22/05/2026 18:10:54;28/05/2026 18:00:03;144;1;29/05/2026;28/05/2026;Paga;R$ 332,07;R$ 332,07;R$ 332,07;R$ 0,00
1328;3898;3222;"=""01534080007645""";NOVO MUNDO S.A.;PESSOA JURIDICA;ICMS;"=""2000175966649""";"=""20260000007714""";14286840;Efetivada;22/05/2026 18:10:54;28/05/2026 18:00:03;145;1;29/05/2026;28/05/2026;Paga;R$ 355,39;R$ 355,39;R$ 355,39;R$ 0,00
1332;3924;3282;"=""01534080008889""";NOVO MUNDO S A;PESSOA JURIDICA;ICMS;"=""4022400005894""";"=""20260000007794""";14288001;Efetivada;23/05/2026 09:28:06;28/05/2026 18:00:03;145;1;29/05/2026;28/05/2026;Paga;R$ 339,64;R$ 339,64;R$ 339,64;R$ 0,00
1332;3924;3283;"=""01534080008889""";NOVO MUNDO S A;PESSOA JURIDICA;ICMS;"=""2000205766600""";"=""20260000007795""";14288010;Efetivada;23/05/2026 09:28:06;28/05/2026 18:00:04;145;1;29/05/2026;28/05/2026;Paga;R$ 391,41;R$ 391,41;R$ 391,41;R$ 0,00
1334;3932;3302;"=""01534080009427""";NOVO MUNDO S.A.;PESSOA JURIDICA;ICMS;"=""4022300064287""";"=""20260000007834""";14288109;Efetivada;23/05/2026 09:35:59;28/05/2026 18:00:04;145;1;29/05/2026;28/05/2026;Paga;R$ 366,57;R$ 366,57;R$ 366,57;R$ 0,00
1334;3932;3303;"=""01534080009427""";NOVO MUNDO S.A.;PESSOA JURIDICA;ICMS;"=""4022400006602""";"=""20260000007835""";14288117;Efetivada;23/05/2026 09:35:59;28/05/2026 18:00:04;32;1;29/05/2026;28/05/2026;Paga;R$ 336,90;R$ 336,90;R$ 336,90;R$ 0,00
1347;3928;3480;"=""01534080010514""";NOVO MUNDO S.A.;PESSOA JURIDICA;ICMS;"=""4022300064104""";"=""20260000008177""";14292203;Efetivada;26/05/2026 10:18:57;29/05/2026 12:00:03;57;1;29/05/2026;28/05/2026;Paga;R$ 330,72;R$ 330,72;R$ 330,72;R$ 0,00
1347;3928;3481;"=""01534080010514""";NOVO MUNDO S.A.;PESSOA JURIDICA;ICMS;"=""4022400006270""";"=""20260000008178""";14292190;Efetivada;26/05/2026 10:18:57;29/05/2026 12:00:03;145;1;29/05/2026;28/05/2026;Paga;R$ 578,16;R$ 578,16;R$ 578,16;R$ 0,00
1407;3851;4346;"=""01534080011081""";NOVO MUNDO S.A.;PESSOA JURIDICA;ICMS;"=""4022400006785""";"=""20260000009756""";14307847;Efetivada;27/05/2026 19:19:05;29/05/2026 12:00:30;3;1;29/05/2026;28/05/2026;Paga;R$ 434,29;R$ 434,29;R$ 434,29;R$ 0,00
1407;3851;4347;"=""01534080011081""";NOVO MUNDO S.A.;PESSOA JURIDICA;ICMS;"=""2000285566696""";"=""20260000009757""";14307855;Efetivada;27/05/2026 19:19:05;29/05/2026 12:00:30;39;1;29/05/2026;28/05/2026;Paga;R$ 335,00;R$ 335,00;R$ 335,00;R$ 0,00
1407;3851;4348;"=""01534080011081""";NOVO MUNDO S.A.;PESSOA JURIDICA;ICMS;"=""2007051966695""";"=""20260000009758""";14307863;Efetivada;27/05/2026 19:19:05;29/05/2026 12:00:30;3;1;29/05/2026;28/05/2026;Paga;R$ 433,21;R$ 433,21;R$ 433,21;R$ 0,00
1374;3864;3737;"=""01534080013530""";NOVO MUNDO S.A.;PESSOA JURIDICA;ICMS;"=""4012300482898""";"=""20260000008699""";14294958;Efetivada;26/05/2026 16:51:36;29/05/2026 12:00:11;97;1;29/05/2026;28/05/2026;Paga;R$ 330,22;R$ 330,22;R$ 330,22;R$ 0,00
1374;3864;3740;"=""01534080013530""";NOVO MUNDO S.A.;PESSOA JURIDICA;ICMS;"=""2000441866680""";"=""20260000008702""";14294974;Efetivada;26/05/2026 16:51:36;29/05/2026 12:00:11;46;1;29/05/2026;28/05/2026;Paga;R$ 331,50;R$ 331,50;R$ 331,50;R$ 0,00
1374;3864;3742;"=""01534080013530""";NOVO MUNDO S.A.;PESSOA JURIDICA;ICMS;"=""2000442066695""";"=""20260000008704""";14294982;Efetivada;26/05/2026 16:51:36;29/05/2026 12:00:11;58;1;29/05/2026;28/05/2026;Paga;R$ 334,14;R$ 334,14;R$ 334,14;R$ 0,00
1374;3864;3739;"=""01534080013530""";NOVO MUNDO S.A.;PESSOA JURIDICA;ICMS;"=""4022400007676""";"=""20260000008701""";14294990;Efetivada;26/05/2026 16:51:36;29/05/2026 12:00:12;145;1;29/05/2026;28/05/2026;Paga;R$ 795,91;R$ 795,91;R$ 795,91;R$ 0,00
1374;3864;3741;"=""01534080013530""";NOVO MUNDO S.A.;PESSOA JURIDICA;ICMS;"=""2000441966633""";"=""20260000008703""";14295016;Efetivada;26/05/2026 16:51:36;29/05/2026 12:00:12;80;1;29/05/2026;28/05/2026;Paga;R$ 332,28;R$ 332,28;R$ 332,28;R$ 0,00
1374;3864;3743;"=""01534080013530""";NOVO MUNDO S.A.;PESSOA JURIDICA;ICMS;"=""2000442166649""";"=""20260000008705""";14295008;Efetivada;26/05/2026 16:51:36;29/05/2026 12:00:12;145;1;29/05/2026;28/05/2026;Paga;R$ 493,21;R$ 493,21;R$ 493,21;R$ 0,00
1374;3864;3738;"=""01534080013530""";NOVO MUNDO S.A.;PESSOA JURIDICA;ICMS;"=""4022300066573""";"=""20260000008700""";14294966;Efetivada;26/05/2026 16:51:36;30/05/2026 07:50:19;145;1;29/05/2026;29/05/2026;Paga;R$ 332,27;R$ 332,27;R$ 332,27;R$ 0,00
1350;3910;3504;"=""01534080013610""";NOVO MUNDO S.A.;PESSOA JURIDICA;ICMS;"=""4022400007838""";"=""20260000008225""";14292432;Efetivada;26/05/2026 10:38:54;29/05/2026 12:00:03;144;1;29/05/2026;28/05/2026;Paga;R$ 331,44;R$ 331,44;R$ 331,44;R$ 0,00
1350;3910;3507;"=""01534080013610""";NOVO MUNDO S.A.;PESSOA JURIDICA;ICMS;"=""2000444566652""";"=""20260000008228""";14292424;Efetivada;26/05/2026 10:38:54;29/05/2026 12:00:03;144;1;29/05/2026;28/05/2026;Paga;R$ 331,18;R$ 331,18;R$ 331,18;R$ 0,00
1350;3910;3505;"=""01534080013610""";NOVO MUNDO S.A.;PESSOA JURIDICA;ICMS;"=""2000444366645""";"=""20260000008226""";14292440;Efetivada;26/05/2026 10:38:54;29/05/2026 12:00:04;32;1;29/05/2026;28/05/2026;Paga;R$ 335,58;R$ 335,58;R$ 335,58;R$ 0,00
1350;3910;3506;"=""01534080013610""";NOVO MUNDO S.A.;PESSOA JURIDICA;ICMS;"=""2000444466607""";"=""20260000008227""";14292459;Efetivada;26/05/2026 10:38:54;29/05/2026 12:00:04;12;1;29/05/2026;28/05/2026;Paga;R$ 338,46;R$ 338,46;R$ 338,46;R$ 0,00
1351;3911;3508;"=""01534080013700""";NOVO MUNDO S.A.;PESSOA JURIDICA;ICMS;"=""4022400008214""";"=""20260000008233""";14292475;Efetivada;26/05/2026 10:41:42;29/05/2026 12:00:04;145;1;29/05/2026;28/05/2026;Paga;R$ 365,84;R$ 365,84;R$ 365,84;R$ 0,00
1351;3911;3509;"=""01534080013700""";NOVO MUNDO S.A.;PESSOA JURIDICA;ICMS;"=""2000462266673""";"=""20260000008234""";14292483;Efetivada;26/05/2026 10:41:42;29/05/2026 12:00:05;145;1;29/05/2026;28/05/2026;Paga;R$ 370,45;R$ 370,45;R$ 370,45;R$ 0,00
1352;3868;3513;"=""01534080014340""";NOVO MUNDO S.A.;PESSOA JURIDICA;ICMS;"=""2000465566678""";"=""20260000008240""";14292530;Efetivada;26/05/2026 10:44:39;29/05/2026 12:00:05;145;1;29/05/2026;28/05/2026;Paga;R$ 437,31;R$ 437,31;R$ 437,31;R$ 0,00
1352;3868;3511;"=""01534080014340""";NOVO MUNDO S.A.;PESSOA JURIDICA;ICMS;"=""2000465366660""";"=""20260000008238""";14292521;Efetivada;26/05/2026 10:44:39;29/05/2026 12:00:06;33;1;29/05/2026;28/05/2026;Paga;R$ 338,51;R$ 338,51;R$ 338,51;R$ 0,00
1352;3868;3512;"=""01534080014340""";NOVO MUNDO S.A.;PESSOA JURIDICA;ICMS;"=""2000465466614""";"=""20260000008239""";14292548;Efetivada;26/05/2026 10:44:39;29/05/2026 12:00:06;20;1;29/05/2026;28/05/2026;Paga;R$ 335,69;R$ 335,69;R$ 335,69;R$ 0,00
1352;3868;3510;"=""01534080014340""";NOVO MUNDO S.A.;PESSOA JURIDICA;ICMS;"=""4022400008567""";"=""20260000008237""";14292513;Efetivada;26/05/2026 10:44:39;30/05/2026 12:00:02;133;1;29/05/2026;29/05/2026;Paga;R$ 331,18;R$ 331,18;R$ 331,18;R$ 0,00
1353;3912;3514;"=""01534080014420""";NOVO MUNDO S.A.;PESSOA JURIDICA;ICMS;"=""4022400008133""";"=""20260000008245""";14292580;Efetivada;26/05/2026 10:46:45;29/05/2026 12:00:06;114;1;29/05/2026;28/05/2026;Paga;R$ 330,05;R$ 330,05;R$ 330,05;R$ 0,00
1353;3912;3515;"=""01534080014420""";NOVO MUNDO S.A.;PESSOA JURIDICA;ICMS;"=""2000465166653""";"=""20260000008246""";14292572;Efetivada;26/05/2026 10:46:45;29/05/2026 12:00:06;145;1;29/05/2026;28/05/2026;Paga;R$ 447,55;R$ 447,55;R$ 447,55;R$ 0,00
1354;3913;3518;"=""01534080014692""";NOVO MUNDO S.A.;PESSOA JURIDICA;ICMS;"=""2000486566693""";"=""20260000008251""";14292629;Efetivada;26/05/2026 10:49:56;29/05/2026 12:00:06;51;1;29/05/2026;28/05/2026;Paga;R$ 331,15;R$ 331,15;R$ 331,15;R$ 0,00
1354;3913;3516;"=""01534080014692""";NOVO MUNDO S.A.;PESSOA JURIDICA;ICMS;"=""4022300066301""";"=""20260000008249""";14292645;Efetivada;26/05/2026 10:49:56;29/05/2026 12:00:07;18;1;29/05/2026;28/05/2026;Paga;R$ 337,51;R$ 337,51;R$ 337,51;R$ 0,00
1354;3913;3517;"=""01534080014692""";NOVO MUNDO S.A.;PESSOA JURIDICA;ICMS;"=""4022400008729""";"=""20260000008250""";14292637;Efetivada;26/05/2026 10:49:56;29/05/2026 12:00:07;81;1;29/05/2026;28/05/2026;Paga;R$ 330,90;R$ 330,90;R$ 330,90;R$ 0,00
1355;3875;3521;"=""01534080015311""";NOVO MUNDO S.A.;PESSOA JURIDICA;ICMS;"=""2000503266621""";"=""20260000008257""";14292653;Efetivada;26/05/2026 10:52:48;29/05/2026 12:00:07;145;1;29/05/2026;28/05/2026;Paga;R$ 423,67;R$ 423,67;R$ 423,67;R$ 0,00
1355;3875;3519;"=""01534080015311""";NOVO MUNDO S.A.;PESSOA JURIDICA;ICMS;"=""4022400009105""";"=""20260000008255""";14292670;Efetivada;26/05/2026 10:52:48;29/05/2026 12:00:08;145;1;29/05/2026;28/05/2026;Paga;R$ 411,85;R$ 411,85;R$ 411,85;R$ 0,00
1355;3875;3520;"=""01534080015311""";NOVO MUNDO S.A.;PESSOA JURIDICA;ICMS;"=""2000503166678""";"=""20260000008256""";14292661;Efetivada;26/05/2026 10:52:48;29/05/2026 12:00:08;9;1;29/05/2026;28/05/2026;Paga;R$ 361,00;R$ 361,00;R$ 361,00;R$ 0,00
1356;3878;3524;"=""01534080015745""";NOVO MUNDO S.A.;PESSOA JURIDICA;ICMS;"=""2000523966688""";"=""20260000008263""";14292734;Efetivada;26/05/2026 10:54:39;29/05/2026 12:00:08;7;1;29/05/2026;28/05/2026;Paga;R$ 367,65;R$ 367,65;R$ 367,65;R$ 0,00
1356;3878;3525;"=""01534080015745""";NOVO MUNDO S.A.;PESSOA JURIDICA;ICMS;"=""2000524066630""";"=""20260000008264""";14292750;Efetivada;26/05/2026 10:54:39;29/05/2026 12:00:08;16;1;29/05/2026;28/05/2026;Paga;R$ 334,81;R$ 334,81;R$ 334,81;R$ 0,00
1356;3878;3526;"=""01534080015745""";NOVO MUNDO S.A.;PESSOA JURIDICA;ICMS;"=""2000524166693""";"=""20260000008265""";14292742;Efetivada;26/05/2026 10:54:39;29/05/2026 12:00:08;145;1;29/05/2026;28/05/2026;Paga;R$ 336,69;R$ 336,69;R$ 336,69;R$ 0,00
1356;3878;3522;"=""01534080015745""";NOVO MUNDO S.A.;PESSOA JURIDICA;ICMS;"=""4022300064953""";"=""20260000008261""";14292718;Efetivada;26/05/2026 10:54:39;29/05/2026 12:00:09;9;1;29/05/2026;28/05/2026;Paga;R$ 352,91;R$ 352,91;R$ 352,91;R$ 0,00
1356;3878;3523;"=""01534080015745""";NOVO MUNDO S.A.;PESSOA JURIDICA;ICMS;"=""4022400008303""";"=""20260000008262""";14292726;Efetivada;26/05/2026 10:54:39;29/05/2026 12:00:09;114;1;29/05/2026;28/05/2026;Paga;R$ 332,26;R$ 332,26;R$ 332,26;R$ 0,00
1357;3905;3527;"=""01534080016040""";NOVO MUNDO S.A.;PESSOA JURIDICA;ICMS;"=""4022400009377""";"=""20260000008271""";14292785;Efetivada;26/05/2026 10:56:34;30/05/2026 12:00:02;145;1;29/05/2026;29/05/2026;Paga;R$ 346,31;R$ 346,31;R$ 346,31;R$ 0,00
1357;3905;3528;"=""01534080016040""";NOVO MUNDO S.A.;PESSOA JURIDICA;ICMS;"=""2000537966600""";"=""20260000008272""";14292777;Efetivada;26/05/2026 10:56:34;30/05/2026 12:00:02;26;1;29/05/2026;29/05/2026;Paga;R$ 335,35;R$ 335,35;R$ 335,35;R$ 0,00
1357;3905;3529;"=""01534080016040""";NOVO MUNDO S.A.;PESSOA JURIDICA;ICMS;"=""2000538066653""";"=""20260000008273""";14292793;Efetivada;26/05/2026 10:56:34;30/05/2026 12:00:02;145;1;29/05/2026;29/05/2026;Paga;R$ 354,57;R$ 354,57;R$ 354,57;R$ 0,00
1423;3906;4610;"=""01534080017608""";NOVO MUNDO S.A.;PESSOA JURIDICA;ICMS;"=""2000680166654""";"=""20260000010283""";14309262;Efetivada;27/05/2026 19:57:59;29/05/2026 12:00:30;11;1;29/05/2026;28/05/2026;Paga;R$ 335,21;R$ 335,21;R$ 335,21;R$ 0,00
1423;3906;4609;"=""01534080017608""";NOVO MUNDO S.A.;PESSOA JURIDICA;ICMS;"=""4022400008486""";"=""20260000010282""";14309254;Efetivada;27/05/2026 19:57:59;29/05/2026 12:00:31;145;1;29/05/2026;28/05/2026;Paga;R$ 368,03;R$ 368,03;R$ 368,03;R$ 0,00
1423;3906;4611;"=""01534080017608""";NOVO MUNDO S.A.;PESSOA JURIDICA;ICMS;"=""2000680266608""";"=""20260000010284""";14309319;Efetivada;27/05/2026 19:57:59;29/05/2026 12:00:31;16;1;29/05/2026;28/05/2026;Paga;R$ 339,85;R$ 339,85;R$ 339,85;R$ 0,00
1423;3906;4612;"=""01534080017608""";NOVO MUNDO S.A.;PESSOA JURIDICA;ICMS;"=""2000680366661""";"=""20260000010285""";14309327;Efetivada;27/05/2026 19:57:59;29/05/2026 12:00:31;22;1;29/05/2026;28/05/2026;Paga;R$ 344,08;R$ 344,08;R$ 344,08;R$ 0,00
1423;3906;4613;"=""01534080017608""";NOVO MUNDO S.A.;PESSOA JURIDICA;ICMS;"=""2000680466615""";"=""20260000010286""";14309335;Efetivada;27/05/2026 19:57:59;29/05/2026 12:00:31;34;1;29/05/2026;28/05/2026;Paga;R$ 332,31;R$ 332,31;R$ 332,31;R$ 0,00
1423;3906;4617;"=""01534080017608""";NOVO MUNDO S.A.;PESSOA JURIDICA;ICMS;"=""2004286666662""";"=""20260000010290""";14309351;Efetivada;27/05/2026 19:57:59;29/05/2026 12:00:31;12;1;29/05/2026;28/05/2026;Paga;R$ 338,84;R$ 338,84;R$ 338,84;R$ 0,00
1423;3906;4614;"=""01534080017608""";NOVO MUNDO S.A.;PESSOA JURIDICA;ICMS;"=""2000680566679""";"=""20260000010287""";14309270;Efetivada;27/05/2026 19:57:59;29/05/2026 12:00:32;11;1;29/05/2026;28/05/2026;Paga;R$ 358,21;R$ 358,21;R$ 358,21;R$ 0,00
1423;3906;4615;"=""01534080017608""";NOVO MUNDO S.A.;PESSOA JURIDICA;ICMS;"=""2000680666622""";"=""20260000010288""";14309343;Efetivada;27/05/2026 19:57:59;29/05/2026 12:00:32;4;1;29/05/2026;28/05/2026;Paga;R$ 376,39;R$ 376,39;R$ 376,39;R$ 0,00
1423;3906;4616;"=""01534080017608""";NOVO MUNDO S.A.;PESSOA JURIDICA;ICMS;"=""2003969266680""";"=""20260000010289""";14309297;Efetivada;27/05/2026 19:57:59;29/05/2026 12:00:32;15;1;29/05/2026;28/05/2026;Paga;R$ 345,55;R$ 345,55;R$ 345,55;R$ 0,00
1423;3906;4618;"=""01534080017608""";NOVO MUNDO S.A.;PESSOA JURIDICA;ICMS;"=""2005999366680""";"=""20260000010291""";14309289;Efetivada;27/05/2026 19:57:59;29/05/2026 12:00:32;14;1;29/05/2026;28/05/2026;Paga;R$ 347,16;R$ 347,16;R$ 347,16;R$ 0,00
1423;3906;4619;"=""01534080017608""";NOVO MUNDO S.A.;PESSOA JURIDICA;ICMS;"=""2006341866660""";"=""20260000010292""";14309300;Efetivada;27/05/2026 19:57:59;29/05/2026 12:00:32;30;1;29/05/2026;28/05/2026;Paga;R$ 340,72;R$ 340,72;R$ 340,72;R$ 0,00
1359;3907;3541;"=""01534080018337""";NOVO MUNDO S.A.;PESSOA JURIDICA;ICMS;"=""4022400009610""";"=""20260000008299""";14292840;Efetivada;26/05/2026 11:00:59;29/05/2026 12:00:09;124;1;29/05/2026;28/05/2026;Paga;R$ 331,25;R$ 331,25;R$ 331,25;R$ 0,00
1359;3907;3542;"=""01534080018337""";NOVO MUNDO S.A.;PESSOA JURIDICA;ICMS;"=""2000700866672""";"=""20260000008300""";14292831;Efetivada;26/05/2026 11:00:59;29/05/2026 12:00:09;78;1;29/05/2026;28/05/2026;Paga;R$ 330,33;R$ 330,33;R$ 330,33;R$ 0,00
1397;3899;4159;"=""01534080019309""";NOVO MUNDO S.A. EM RECUPERAÇÃO JUDICIAL;PESSOA JURIDICA;ICMS;"=""2000749366657""";"=""20260000009427""";14301962;Efetivada;27/05/2026 13:01:06;29/05/2026 12:00:14;50;1;29/05/2026;28/05/2026;Paga;R$ 336,25;R$ 336,25;R$ 336,25;R$ 0,00
1397;3899;4160;"=""01534080019309""";NOVO MUNDO S.A. EM RECUPERAÇÃO JUDICIAL;PESSOA JURIDICA;ICMS;"=""2000749466600""";"=""20260000009428""";14301970;Efetivada;27/05/2026 13:01:06;29/05/2026 12:00:14;47;1;29/05/2026;28/05/2026;Paga;R$ 330,81;R$ 330,81;R$ 330,81;R$ 0,00
1397;3899;4164;"=""01534080019309""";NOVO MUNDO S.A. EM RECUPERAÇÃO JUDICIAL;PESSOA JURIDICA;ICMS;"=""2000749866625""";"=""20260000009432""";14301920;Efetivada;27/05/2026 13:01:06;29/05/2026 12:00:14;53;1;29/05/2026;28/05/2026;Paga;R$ 335,16;R$ 335,16;R$ 335,16;R$ 0,00
1397;3899;4165;"=""01534080019309""";NOVO MUNDO S.A. EM RECUPERAÇÃO JUDICIAL;PESSOA JURIDICA;ICMS;"=""2003584766691""";"=""20260000009433""";14301938;Efetivada;27/05/2026 13:01:06;29/05/2026 12:00:14;10;1;29/05/2026;28/05/2026;Paga;R$ 339,49;R$ 339,49;R$ 339,49;R$ 0,00
1397;3899;4156;"=""01534080019309""";NOVO MUNDO S.A. EM RECUPERAÇÃO JUDICIAL;PESSOA JURIDICA;ICMS;"=""2000749066696""";"=""20260000009424""";14301946;Efetivada;27/05/2026 13:01:06;29/05/2026 12:00:15;29;1;29/05/2026;28/05/2026;Paga;R$ 337,59;R$ 337,59;R$ 337,59;R$ 0,00
1397;3899;4158;"=""01534080019309""";NOVO MUNDO S.A. EM RECUPERAÇÃO JUDICIAL;PESSOA JURIDICA;ICMS;"=""2000749266601""";"=""20260000009426""";14301954;Efetivada;27/05/2026 13:01:06;29/05/2026 12:00:15;47;1;29/05/2026;28/05/2026;Paga;R$ 331,16;R$ 331,16;R$ 331,16;R$ 0,00
1397;3899;4161;"=""01534080019309""";NOVO MUNDO S.A. EM RECUPERAÇÃO JUDICIAL;PESSOA JURIDICA;ICMS;"=""2000749566664""";"=""20260000009429""";14301989;Efetivada;27/05/2026 13:01:06;29/05/2026 12:00:15;48;1;29/05/2026;28/05/2026;Paga;R$ 330,22;R$ 330,22;R$ 330,22;R$ 0,00
1397;3899;4163;"=""01534080019309""";NOVO MUNDO S.A. EM RECUPERAÇÃO JUDICIAL;PESSOA JURIDICA;ICMS;"=""2000749766671""";"=""20260000009431""";14301997;Efetivada;27/05/2026 13:01:06;29/05/2026 12:00:15;43;1;29/05/2026;28/05/2026;Paga;R$ 336,78;R$ 336,78;R$ 336,78;R$ 0,00
1397;3899;4157;"=""01534080019309""";NOVO MUNDO S.A. EM RECUPERAÇÃO JUDICIAL;PESSOA JURIDICA;ICMS;"=""2000749166640""";"=""20260000009425""";14302004;Efetivada;27/05/2026 13:01:06;29/05/2026 12:00:16;22;1;29/05/2026;28/05/2026;Paga;R$ 342,33;R$ 342,33;R$ 342,33;R$ 0,00
1397;3899;4167;"=""01534080019309""";NOVO MUNDO S.A. EM RECUPERAÇÃO JUDICIAL;PESSOA JURIDICA;ICMS;"=""2004273166615""";"=""20260000009435""";14302012;Efetivada;27/05/2026 13:01:06;29/05/2026 12:00:16;15;1;29/05/2026;28/05/2026;Paga;R$ 342,21;R$ 342,21;R$ 342,21;R$ 0,00
1397;3899;4170;"=""01534080019309""";NOVO MUNDO S.A. EM RECUPERAÇÃO JUDICIAL;PESSOA JURIDICA;ICMS;"=""2006198166621""";"=""20260000009438""";14302020;Efetivada;27/05/2026 13:01:06;29/05/2026 12:00:16;7;1;29/05/2026;28/05/2026;Paga;R$ 357,56;R$ 357,56;R$ 357,56;R$ 0,00
1397;3899;4154;"=""01534080019309""";NOVO MUNDO S.A. EM RECUPERAÇÃO JUDICIAL;PESSOA JURIDICA;ICMS;"=""4022300065682""";"=""20260000009422""";14302039;Efetivada;27/05/2026 13:01:06;29/05/2026 12:00:17;88;1;29/05/2026;28/05/2026;Paga;R$ 333,66;R$ 333,66;R$ 333,66;R$ 0,00
1397;3899;4155;"=""01534080019309""";NOVO MUNDO S.A. EM RECUPERAÇÃO JUDICIAL;PESSOA JURIDICA;ICMS;"=""4022400009881""";"=""20260000009423""";14302047;Efetivada;27/05/2026 13:01:06;29/05/2026 12:00:17;145;1;29/05/2026;28/05/2026;Paga;R$ 453,94;R$ 453,94;R$ 453,94;R$ 0,00
1397;3899;4162;"=""01534080019309""";NOVO MUNDO S.A. EM RECUPERAÇÃO JUDICIAL;PESSOA JURIDICA;ICMS;"=""2000749666618""";"=""20260000009430""";14302055;Efetivada;27/05/2026 13:01:06;29/05/2026 12:00:17;58;1;29/05/2026;28/05/2026;Paga;R$ 330,63;R$ 330,63;R$ 330,63;R$ 0,00
1397;3899;4166;"=""01534080019309""";NOVO MUNDO S.A. EM RECUPERAÇÃO JUDICIAL;PESSOA JURIDICA;ICMS;"=""2003901566662""";"=""20260000009434""";14302063;Efetivada;27/05/2026 13:01:06;29/05/2026 12:00:18;55;1;29/05/2026;28/05/2026;Paga;R$ 334,52;R$ 334,52;R$ 334,52;R$ 0,00
1397;3899;4168;"=""01534080019309""";NOVO MUNDO S.A. EM RECUPERAÇÃO JUDICIAL;PESSOA JURIDICA;ICMS;"=""2004671666600""";"=""20260000009436""";14302071;Efetivada;27/05/2026 13:01:06;29/05/2026 12:00:18;4;1;29/05/2026;28/05/2026;Paga;R$ 334,95;R$ 334,95;R$ 334,95;R$ 0,00
1397;3899;4169;"=""01534080019309""";NOVO MUNDO S.A. EM RECUPERAÇÃO JUDICIAL;PESSOA JURIDICA;ICMS;"=""2005796566609""";"=""20260000009437""";14302080;Efetivada;27/05/2026 13:01:06;29/05/2026 12:00:19;3;1;29/05/2026;28/05/2026;Paga;R$ 436,29;R$ 436,29;R$ 436,29;R$ 0,00
1397;3899;4171;"=""01534080019309""";NOVO MUNDO S.A. EM RECUPERAÇÃO JUDICIAL;PESSOA JURIDICA;ICMS;"=""2006544366689""";"=""20260000009439""";14302098;Efetivada;27/05/2026 13:01:06;29/05/2026 12:00:19;19;1;29/05/2026;28/05/2026;Paga;R$ 342,56;R$ 342,56;R$ 342,56;R$ 0,00
1361;3908;3545;"=""01534080020587""";NOVO MUNDO S.A.;PESSOA JURIDICA;ICMS;"=""2000787166600""";"=""20260000008305""";14292920;Efetivada;26/05/2026 11:06:07;29/05/2026 12:00:10;109;1;29/05/2026;28/05/2026;Paga;R$ 332,45;R$ 332,45;R$ 332,45;R$ 0,00
1362;3904;3546;"=""01534080021125"""; NOVO MUNDO S.A.;PESSOA JURIDICA;ICMS;"=""4022400010030""";"=""20260000008307""";14292947;Efetivada;26/05/2026 11:08:19;29/05/2026 12:00:10;112;1;29/05/2026;28/05/2026;Paga;R$ 332,20;R$ 332,20;R$ 332,20;R$ 0,00
1362;3904;3547;"=""01534080021125"""; NOVO MUNDO S.A.;PESSOA JURIDICA;ICMS;"=""2000979566623""";"=""20260000008308""";14292939;Efetivada;26/05/2026 11:08:19;29/05/2026 12:00:10;137;1;29/05/2026;28/05/2026;Paga;R$ 331,22;R$ 331,22;R$ 331,22;R$ 0,00
1363;3915;3548;"=""01534080021710""";NOVO MUNDO S.A.;PESSOA JURIDICA;ICMS;"=""4022400010707""";"=""20260000008311""";14292971;Efetivada;26/05/2026 11:11:48;29/05/2026 12:00:10;145;1;29/05/2026;28/05/2026;Paga;R$ 342,48;R$ 342,48;R$ 342,48;R$ 0,00
947;877;2071;"=""01552636178""";RODRIGO GOMES ALVES;PESSOA FISICA;IPVA;"=""2333511022200""";"=""20260000004790""";13974092;Efetivada;06/03/2026 13:45:10;06/04/2026 16:30:43;1;1;13/03/2026;12/03/2026;Paga;R$ 6.212,54;R$ 6.212,54;R$ 6.212,54;R$ 0,00
947;877;2070;"=""01552636178""";RODRIGO GOMES ALVES;PESSOA FISICA;IPVA;"=""2326867422231""";"=""20260000004789""";13974084;Efetivada;06/03/2026 13:45:10;06/04/2026 16:30:49;1;1;13/03/2026;12/03/2026;Paga;R$ 4.657,85;R$ 4.657,85;R$ 4.657,85;R$ 0,00
947;877;2069;"=""01552636178""";RODRIGO GOMES ALVES;PESSOA FISICA;IPVA;"=""2177017522272""";"=""20260000004788""";13974076;Efetivada;06/03/2026 13:45:10;06/04/2026 16:30:56;1;1;13/03/2026;12/03/2026;Paga;R$ 4.976,73;R$ 4.976,73;R$ 4.976,73;R$ 0,00
1068;2817;2383;"=""01587503140""";RODRIGO CABRAL DE CARVALHO;PESSOA FISICA;IPVA;"=""2341841122200""";"=""20260000005472""";13992880;Efetivada;16/03/2026 16:39:53;18/03/2026 18:08:03;2;1;23/03/2026;18/03/2026;Paga;R$ 384,88;R$ 384,88;R$ 384,88;R$ 0,00
1079;3314;2399;"=""01600942164""";ANGELICA ANTUNES CRUVINEL DE OLIVEIRA;PESSOA FISICA;IPVA;"=""2326547722242""";"=""20260000005509""";13999605;Efetivada;17/03/2026 18:00:02;09/04/2026 12:51:00;1;1;24/03/2026;19/03/2026;Paga;R$ 5.385,79;R$ 5.385,79;R$ 5.385,79;R$ 0,00
1079;3314;2400;"=""01600942164""";ANGELICA ANTUNES CRUVINEL DE OLIVEIRA;PESSOA FISICA;IPVA;"=""2333525022224""";"=""20260000005510""";13999613;Efetivada;17/03/2026 18:00:02;09/04/2026 12:51:00;1;1;24/03/2026;19/03/2026;Paga;R$ 6.888,95;R$ 6.888,95;R$ 6.888,95;R$ 0,00
574;2205;1178;"=""01612795000313""";BRASAL REFRIGERANTES S.A.;PESSOA JURIDICA;Pena Pecuniária;"=""4012000844654""";"=""20260000002421""";13826247;Efetivada;20/02/2026 15:29:24;25/02/2026 12:03:40;1;1;27/02/2026;25/02/2026;Paga;R$ 7.970,30;R$ 7.970,30;R$ 7.970,30;R$ 0,00
575;2208;1179;"=""01612795000747""";BRASAL REFRIGERANTES S.A.;PESSOA JURIDICA;Pena Pecuniária;"=""4012000944446""";"=""20260000002423""";13826263;Efetivada;20/02/2026 15:35:01;25/02/2026 12:03:47;1;1;27/02/2026;25/02/2026;Paga;R$ 4.223,73;R$ 4.223,73;R$ 4.223,73;R$ 0,00
81;708;179;"=""01757840192""";PATRICIA MARTINS SILVA;PESSOA FISICA;IPVA;"=""2293799122290""";"=""20260000000136""";13678434;Efetivada;03/02/2026 10:48:33;05/02/2026 12:06:03;8;2;25/03/2026;12/03/2026;Paga;R$ 346,91;R$ 346,91;R$ 346,91;R$ 0,00
81;708;179;"=""01757840192""";PATRICIA MARTINS SILVA;PESSOA FISICA;IPVA;"=""2293799122290""";"=""20260000000136""";13678434;Efetivada;03/02/2026 10:48:33;05/02/2026 12:06:03;8;3;27/04/2026;27/04/2026;Paga;R$ 346,91;R$ 351,07;R$ 351,07;R$ 0,00
81;708;179;"=""01757840192""";PATRICIA MARTINS SILVA;PESSOA FISICA;IPVA;"=""2293799122290""";"=""20260000000136""";13678434;Efetivada;03/02/2026 10:48:33;05/02/2026 12:06:03;8;4;25/05/2026;25/05/2026;Paga;R$ 346,91;R$ 354,81;R$ 354,81;R$ 0,00
22;518;43;"=""01784987182""";RONALDO FLEURY LOBO DE ABREU ;PESSOA FISICA;ITCD;"=""4011603373337""";"=""20250000000039""";13446630;Efetivada;29/12/2025 09:52:53;29/12/2025 18:00:00;145;1;31/12/2025;29/12/2025;Paga;R$ 1.266,82;R$ 1.266,82;R$ 1.266,82;R$ 0,00
22;518;43;"=""01784987182""";RONALDO FLEURY LOBO DE ABREU ;PESSOA FISICA;ITCD;"=""4011603373337""";"=""20250000000039""";13446630;Efetivada;29/12/2025 09:52:53;29/12/2025 18:00:00;145;2;26/01/2026;26/01/2026;Paga;R$ 1.279,48;R$ 1.279,49;R$ 1.279,49;R$ 0,00
22;518;43;"=""01784987182""";RONALDO FLEURY LOBO DE ABREU ;PESSOA FISICA;ITCD;"=""4011603373337""";"=""20250000000039""";13446630;Efetivada;29/12/2025 09:52:53;29/12/2025 18:00:00;145;3;25/02/2026;26/02/2026;Paga;R$ 1.279,48;R$ 1.298,46;R$ 1.298,46;R$ 0,00
22;518;43;"=""01784987182""";RONALDO FLEURY LOBO DE ABREU ;PESSOA FISICA;ITCD;"=""4011603373337""";"=""20250000000039""";13446630;Efetivada;29/12/2025 09:52:53;29/12/2025 18:00:00;145;4;25/03/2026;25/03/2026;Paga;R$ 1.279,48;R$ 1.306,85;R$ 1.306,85;R$ 0,00
22;518;43;"=""01784987182""";RONALDO FLEURY LOBO DE ABREU ;PESSOA FISICA;ITCD;"=""4011603373337""";"=""20250000000039""";13446630;Efetivada;29/12/2025 09:52:53;29/12/2025 18:00:00;145;5;27/04/2026;27/04/2026;Paga;R$ 1.279,48;R$ 1.322,18;R$ 1.322,18;R$ 0,00
22;518;43;"=""01784987182""";RONALDO FLEURY LOBO DE ABREU ;PESSOA FISICA;ITCD;"=""4011603373337""";"=""20250000000039""";13446630;Efetivada;29/12/2025 09:52:53;29/12/2025 18:00:00;145;6;25/05/2026;25/05/2026;Paga;R$ 1.279,48;R$ 1.335,99;R$ 1.335,99;R$ 0,00
24;518;45;"=""01784987182""";RONALDO FLEURY LOBO DE ABREU ;PESSOA FISICA;ITCD;"=""4011603372950""";"=""20260000000002""";13465945;Efetivada;06/01/2026 08:10:41;07/01/2026 12:00:00;145;2;25/02/2026;25/03/2026;Paga;R$ 1.269,45;R$ 1.400,49;R$ 1.400,49;R$ 0,00
24;518;45;"=""01784987182""";RONALDO FLEURY LOBO DE ABREU ;PESSOA FISICA;ITCD;"=""4011603372950""";"=""20260000000002""";13465945;Efetivada;06/01/2026 08:10:41;07/01/2026 12:00:00;145;3;25/03/2026;25/03/2026;Paga;R$ 1.269,45;R$ 1.282,03;R$ 1.282,03;R$ 0,00
24;518;45;"=""01784987182""";RONALDO FLEURY LOBO DE ABREU ;PESSOA FISICA;ITCD;"=""4011603372950""";"=""20260000000002""";13465945;Efetivada;06/01/2026 08:10:41;07/01/2026 12:00:00;145;4;27/04/2026;27/04/2026;Paga;R$ 1.269,45;R$ 1.297,24;R$ 1.297,24;R$ 0,00
24;518;45;"=""01784987182""";RONALDO FLEURY LOBO DE ABREU ;PESSOA FISICA;ITCD;"=""4011603372950""";"=""20260000000002""";13465945;Efetivada;06/01/2026 08:10:41;07/01/2026 12:00:00;145;5;25/05/2026;25/05/2026;Paga;R$ 1.269,45;R$ 1.310,93;R$ 1.310,93;R$ 0,00
1210;3533;2818;"=""01841095000139""";VALDIVANIA ALVES ARAUJO ;PESSOA JURIDICA;Pena Pecuniária;"=""2136907600059""";"=""20260000006493""";14142791;Efetivada;15/04/2026 15:44:28;20/04/2026 12:00:53;66;1;23/04/2026;20/04/2026;Paga;R$ 331,27;R$ 331,27;R$ 331,27;R$ 0,00
1210;3533;2818;"=""01841095000139""";VALDIVANIA ALVES ARAUJO ;PESSOA JURIDICA;Pena Pecuniária;"=""2136907600059""";"=""20260000006493""";14142791;Efetivada;15/04/2026 15:44:28;20/04/2026 12:00:53;66;2;25/05/2026;25/05/2026;Paga;R$ 334,58;R$ 334,58;R$ 334,58;R$ 0,00
1108;3366;2471;"=""01905272189""";WENDERSON PAULO DE SOUZA SILVA;PESSOA FISICA;ICMS;"=""4012001660972""";"=""20260000005661""";14024802;Efetivada;23/03/2026 10:25:10;26/03/2026 18:14:30;14;1;30/03/2026;26/03/2026;Paga;R$ 1.168,13;R$ 1.168,13;R$ 1.168,13;R$ 0,00
1253;3694;2917;"=""01954338155""";RAQUEL VITORINO DE OLIVEIRA;PESSOA FISICA;IPVA;"=""2323981522261""";"=""20260000006742""";14196476;Efetivada;29/04/2026 15:58:18;30/04/2026 18:03:09;4;1;30/04/2026;30/04/2026;Paga;R$ 382,25;R$ 382,25;R$ 382,25;R$ 0,00
1253;3694;2917;"=""01954338155""";RAQUEL VITORINO DE OLIVEIRA;PESSOA FISICA;IPVA;"=""2323981522261""";"=""20260000006742""";14196476;Efetivada;29/04/2026 15:58:18;30/04/2026 18:03:09;4;2;25/05/2026;27/05/2026;Paga;R$ 386,06;R$ 388,63;R$ 388,63;R$ 0,00
1253;3694;2916;"=""01954338155""";RAQUEL VITORINO DE OLIVEIRA;PESSOA FISICA;IPVA;"=""2334943922229""";"=""20260000006741""";14196484;Efetivada;29/04/2026 15:58:18;30/04/2026 18:03:16;5;1;30/04/2026;30/04/2026;Paga;R$ 392,93;R$ 392,93;R$ 392,93;R$ 0,00
1253;3694;2916;"=""01954338155""";RAQUEL VITORINO DE OLIVEIRA;PESSOA FISICA;IPVA;"=""2334943922229""";"=""20260000006741""";14196484;Efetivada;29/04/2026 15:58:18;30/04/2026 18:03:16;5;2;25/05/2026;27/05/2026;Paga;R$ 396,85;R$ 399,48;R$ 399,48;R$ 0,00
761;2741;1628;"=""02029981184""";MONIQUE YARA GALVAO SILVA;PESSOA FISICA;IPVA;"=""2291414522270""";"=""20260000003690""";13883453;Efetivada;27/02/2026 10:49:10;28/02/2026 06:08:07;1;1;27/02/2026;27/02/2026;Paga;R$ 575,85;R$ 575,85;R$ 575,85;R$ 0,00
761;2741;1629;"=""02029981184""";MONIQUE YARA GALVAO SILVA;PESSOA FISICA;IPVA;"=""2373104022227""";"=""20260000003691""";13883445;Efetivada;27/02/2026 10:49:10;28/02/2026 06:08:13;2;1;27/02/2026;27/02/2026;Paga;R$ 346,40;R$ 346,40;R$ 346,40;R$ 0,00
761;2741;1629;"=""02029981184""";MONIQUE YARA GALVAO SILVA;PESSOA FISICA;IPVA;"=""2373104022227""";"=""20260000003691""";13883445;Efetivada;27/02/2026 10:49:10;28/02/2026 06:08:13;2;2;25/03/2026;25/03/2026;Paga;R$ 349,85;R$ 349,86;R$ 349,86;R$ 0,00
333;1761;725;"=""02043644181""";ERIVALDO BERNARDO DA SILVA;PESSOA FISICA;IPVA;"=""2335793822214""";"=""20260000001361""";13769235;Efetivada;10/02/2026 13:43:34;13/02/2026 18:08:47;1;1;18/02/2026;13/02/2026;Paga;R$ 1.560,66;R$ 1.560,66;R$ 1.560,66;R$ 0,00
198;1373;428;"=""02084774110""";GABRIEL RODRIGUES CAVALCANTE;PESSOA FISICA;IPVA;"=""2071774022299""";"=""20260000000659""";13691295;Efetivada;05/02/2026 14:02:48;11/02/2026 18:02:20;1;1;12/02/2026;11/02/2026;Paga;R$ 115,96;R$ 115,96;R$ 115,96;R$ 0,00
198;1373;429;"=""02084774110""";GABRIEL RODRIGUES CAVALCANTE;PESSOA FISICA;IPVA;"=""2185929222225""";"=""20260000000660""";13691309;Efetivada;05/02/2026 14:02:48;11/02/2026 18:02:20;2;1;12/02/2026;11/02/2026;Paga;R$ 410,32;R$ 410,32;R$ 410,32;R$ 0,00
198;1373;430;"=""02084774110""";GABRIEL RODRIGUES CAVALCANTE;PESSOA FISICA;IPVA;"=""2274086422240""";"=""20260000000661""";13691317;Efetivada;05/02/2026 14:02:48;11/02/2026 18:02:27;1;1;12/02/2026;11/02/2026;Paga;R$ 113,36;R$ 113,36;R$ 113,36;R$ 0,00
198;1373;433;"=""02084774110""";GABRIEL RODRIGUES CAVALCANTE;PESSOA FISICA;IPVA;"=""2363298822219""";"=""20260000000664""";13691287;Efetivada;05/02/2026 14:02:48;11/02/2026 18:02:27;1;1;12/02/2026;11/02/2026;Paga;R$ 145,63;R$ 145,63;R$ 145,63;R$ 0,00
198;1373;431;"=""02084774110""";GABRIEL RODRIGUES CAVALCANTE;PESSOA FISICA;IPVA;"=""2328108222209""";"=""20260000000662""";13691325;Efetivada;05/02/2026 14:02:48;11/02/2026 18:02:33;2;1;12/02/2026;11/02/2026;Paga;R$ 405,01;R$ 405,01;R$ 405,01;R$ 0,00
506;646;1057;"=""02088938000130""";SETE TAXI AÉREO LTDA.;PESSOA JURIDICA;ICMS;"=""4012201161929""";"=""20260000002119""";13794868;Efetivada;17/02/2026 16:03:53;23/02/2026 12:04:18;4;1;24/02/2026;23/02/2026;Paga;R$ 331,20;R$ 331,20;R$ 331,20;R$ 0,00
506;646;1057;"=""02088938000130""";SETE TAXI AÉREO LTDA.;PESSOA JURIDICA;ICMS;"=""4012201161929""";"=""20260000002119""";13794868;Efetivada;17/02/2026 16:03:53;23/02/2026 12:04:18;4;2;25/03/2026;23/03/2026;Paga;R$ 334,49;R$ 334,53;R$ 334,53;R$ 0,00
506;646;1057;"=""02088938000130""";SETE TAXI AÉREO LTDA.;PESSOA JURIDICA;ICMS;"=""4012201161929""";"=""20260000002119""";13794868;Efetivada;17/02/2026 16:03:53;23/02/2026 12:04:18;4;3;27/04/2026;27/04/2026;Paga;R$ 334,49;R$ 338,54;R$ 338,54;R$ 0,00
506;646;1057;"=""02088938000130""";SETE TAXI AÉREO LTDA.;PESSOA JURIDICA;ICMS;"=""4012201161929""";"=""20260000002119""";13794868;Efetivada;17/02/2026 16:03:53;23/02/2026 12:04:18;4;4;25/05/2026;25/05/2026;Paga;R$ 334,49;R$ 342,15;R$ 342,15;R$ 0,00
506;646;1058;"=""02088938000130""";SETE TAXI AÉREO LTDA.;PESSOA JURIDICA;ICMS;"=""4012200766622""";"=""20260000002120""";13794876;Efetivada;17/02/2026 16:03:53;23/02/2026 12:04:21;3;1;24/02/2026;23/02/2026;Paga;R$ 371,84;R$ 371,84;R$ 371,84;R$ 0,00
506;646;1058;"=""02088938000130""";SETE TAXI AÉREO LTDA.;PESSOA JURIDICA;ICMS;"=""4012200766622""";"=""20260000002120""";13794876;Efetivada;17/02/2026 16:03:53;23/02/2026 12:04:21;3;2;25/03/2026;23/03/2026;Paga;R$ 375,53;R$ 375,59;R$ 375,59;R$ 0,00
506;646;1058;"=""02088938000130""";SETE TAXI AÉREO LTDA.;PESSOA JURIDICA;ICMS;"=""4012200766622""";"=""20260000002120""";13794876;Efetivada;17/02/2026 16:03:53;23/02/2026 12:04:21;3;3;27/04/2026;27/04/2026;Paga;R$ 375,53;R$ 380,09;R$ 380,09;R$ 0,00
506;646;1050;"=""02088938000130""";SETE TAXI AÉREO LTDA.;PESSOA JURIDICA;ICMS;"=""4012000098626""";"=""20260000002112""";13794884;Efetivada;17/02/2026 16:03:53;23/02/2026 12:04:25;105;1;24/02/2026;23/02/2026;Paga;R$ 330,15;R$ 330,15;R$ 330,15;R$ 0,00
506;646;1050;"=""02088938000130""";SETE TAXI AÉREO LTDA.;PESSOA JURIDICA;ICMS;"=""4012000098626""";"=""20260000002112""";13794884;Efetivada;17/02/2026 16:03:53;23/02/2026 12:04:25;105;2;25/03/2026;23/03/2026;Paga;R$ 333,45;R$ 333,45;R$ 333,45;R$ 0,00
506;646;1050;"=""02088938000130""";SETE TAXI AÉREO LTDA.;PESSOA JURIDICA;ICMS;"=""4012000098626""";"=""20260000002112""";13794884;Efetivada;17/02/2026 16:03:53;23/02/2026 12:04:25;105;3;27/04/2026;27/04/2026;Paga;R$ 333,45;R$ 337,44;R$ 337,44;R$ 0,00
506;646;1050;"=""02088938000130""";SETE TAXI AÉREO LTDA.;PESSOA JURIDICA;ICMS;"=""4012000098626""";"=""20260000002112""";13794884;Efetivada;17/02/2026 16:03:53;23/02/2026 12:04:25;105;4;25/05/2026;25/05/2026;Paga;R$ 333,45;R$ 341,04;R$ 341,04;R$ 0,00
506;646;1055;"=""02088938000130""";SETE TAXI AÉREO LTDA.;PESSOA JURIDICA;ICMS;"=""4012200769990""";"=""20260000002117""";13794930;Efetivada;17/02/2026 16:03:53;23/02/2026 12:04:28;17;1;24/02/2026;23/02/2026;Paga;R$ 346,10;R$ 346,10;R$ 346,10;R$ 0,00
506;646;1055;"=""02088938000130""";SETE TAXI AÉREO LTDA.;PESSOA JURIDICA;ICMS;"=""4012200769990""";"=""20260000002117""";13794930;Efetivada;17/02/2026 16:03:53;23/02/2026 12:04:28;17;2;25/03/2026;23/03/2026;Paga;R$ 349,54;R$ 349,57;R$ 349,57;R$ 0,00
506;646;1055;"=""02088938000130""";SETE TAXI AÉREO LTDA.;PESSOA JURIDICA;ICMS;"=""4012200769990""";"=""20260000002117""";13794930;Efetivada;17/02/2026 16:03:53;23/02/2026 12:04:28;17;3;27/04/2026;27/04/2026;Paga;R$ 349,54;R$ 353,76;R$ 353,76;R$ 0,00
506;646;1055;"=""02088938000130""";SETE TAXI AÉREO LTDA.;PESSOA JURIDICA;ICMS;"=""4012200769990""";"=""20260000002117""";13794930;Efetivada;17/02/2026 16:03:53;23/02/2026 12:04:28;17;4;25/05/2026;25/05/2026;Paga;R$ 349,54;R$ 357,53;R$ 357,53;R$ 0,00
506;646;1052;"=""02088938000130""";SETE TAXI AÉREO LTDA.;PESSOA JURIDICA;ICMS;"=""4012200121923""";"=""20260000002114""";13794906;Efetivada;17/02/2026 16:03:53;23/02/2026 12:04:36;3;1;24/02/2026;23/02/2026;Paga;R$ 420,73;R$ 420,73;R$ 420,73;R$ 0,00
506;646;1052;"=""02088938000130""";SETE TAXI AÉREO LTDA.;PESSOA JURIDICA;ICMS;"=""4012200121923""";"=""20260000002114""";13794906;Efetivada;17/02/2026 16:03:53;23/02/2026 12:04:36;3;2;25/03/2026;23/03/2026;Paga;R$ 424,92;R$ 424,98;R$ 424,98;R$ 0,00
506;646;1052;"=""02088938000130""";SETE TAXI AÉREO LTDA.;PESSOA JURIDICA;ICMS;"=""4012200121923""";"=""20260000002114""";13794906;Efetivada;17/02/2026 16:03:53;23/02/2026 12:04:36;3;3;27/04/2026;27/04/2026;Paga;R$ 424,92;R$ 430,07;R$ 430,07;R$ 0,00
506;646;1053;"=""02088938000130""";SETE TAXI AÉREO LTDA.;PESSOA JURIDICA;ICMS;"=""4012000718608""";"=""20260000002115""";13794914;Efetivada;17/02/2026 16:03:53;23/02/2026 12:04:40;21;1;24/02/2026;23/02/2026;Paga;R$ 342,81;R$ 342,81;R$ 342,81;R$ 0,00
506;646;1053;"=""02088938000130""";SETE TAXI AÉREO LTDA.;PESSOA JURIDICA;ICMS;"=""4012000718608""";"=""20260000002115""";13794914;Efetivada;17/02/2026 16:03:53;23/02/2026 12:04:40;21;2;25/03/2026;23/03/2026;Paga;R$ 346,23;R$ 346,24;R$ 346,24;R$ 0,00
506;646;1053;"=""02088938000130""";SETE TAXI AÉREO LTDA.;PESSOA JURIDICA;ICMS;"=""4012000718608""";"=""20260000002115""";13794914;Efetivada;17/02/2026 16:03:53;23/02/2026 12:04:40;21;3;27/04/2026;27/04/2026;Paga;R$ 346,23;R$ 350,39;R$ 350,39;R$ 0,00
506;646;1053;"=""02088938000130""";SETE TAXI AÉREO LTDA.;PESSOA JURIDICA;ICMS;"=""4012000718608""";"=""20260000002115""";13794914;Efetivada;17/02/2026 16:03:53;23/02/2026 12:04:40;21;4;25/05/2026;25/05/2026;Paga;R$ 346,23;R$ 354,12;R$ 354,12;R$ 0,00
506;646;1054;"=""02088938000130""";SETE TAXI AÉREO LTDA.;PESSOA JURIDICA;ICMS;"=""4012100161524""";"=""20260000002116""";13794922;Efetivada;17/02/2026 16:03:53;23/02/2026 12:04:44;10;1;24/02/2026;23/02/2026;Paga;R$ 356,75;R$ 356,75;R$ 356,75;R$ 0,00
506;646;1054;"=""02088938000130""";SETE TAXI AÉREO LTDA.;PESSOA JURIDICA;ICMS;"=""4012100161524""";"=""20260000002116""";13794922;Efetivada;17/02/2026 16:03:53;23/02/2026 12:04:44;10;2;25/03/2026;23/03/2026;Paga;R$ 360,31;R$ 360,31;R$ 360,31;R$ 0,00
506;646;1054;"=""02088938000130""";SETE TAXI AÉREO LTDA.;PESSOA JURIDICA;ICMS;"=""4012100161524""";"=""20260000002116""";13794922;Efetivada;17/02/2026 16:03:53;23/02/2026 12:04:44;10;3;27/04/2026;27/04/2026;Paga;R$ 360,31;R$ 364,64;R$ 364,64;R$ 0,00
506;646;1054;"=""02088938000130""";SETE TAXI AÉREO LTDA.;PESSOA JURIDICA;ICMS;"=""4012100161524""";"=""20260000002116""";13794922;Efetivada;17/02/2026 16:03:53;23/02/2026 12:04:44;10;4;25/05/2026;25/05/2026;Paga;R$ 360,31;R$ 368,52;R$ 368,52;R$ 0,00
506;646;1056;"=""02088938000130""";SETE TAXI AÉREO LTDA.;PESSOA JURIDICA;ICMS;"=""4012200771111""";"=""20260000002118""";13794949;Efetivada;17/02/2026 16:03:53;23/02/2026 12:04:48;120;1;24/02/2026;23/02/2026;Paga;R$ 875,55;R$ 875,55;R$ 875,55;R$ 0,00
506;646;1056;"=""02088938000130""";SETE TAXI AÉREO LTDA.;PESSOA JURIDICA;ICMS;"=""4012200771111""";"=""20260000002118""";13794949;Efetivada;17/02/2026 16:03:53;23/02/2026 12:04:48;120;2;25/03/2026;23/03/2026;Paga;R$ 884,29;R$ 884,32;R$ 884,32;R$ 0,00
506;646;1056;"=""02088938000130""";SETE TAXI AÉREO LTDA.;PESSOA JURIDICA;ICMS;"=""4012200771111""";"=""20260000002118""";13794949;Efetivada;17/02/2026 16:03:53;23/02/2026 12:04:48;120;3;27/04/2026;27/04/2026;Paga;R$ 884,29;R$ 894,91;R$ 894,91;R$ 0,00
506;646;1056;"=""02088938000130""";SETE TAXI AÉREO LTDA.;PESSOA JURIDICA;ICMS;"=""4012200771111""";"=""20260000002118""";13794949;Efetivada;17/02/2026 16:03:53;23/02/2026 12:04:48;120;4;25/05/2026;25/05/2026;Paga;R$ 884,29;R$ 904,46;R$ 904,46;R$ 0,00
506;646;1051;"=""02088938000130""";SETE TAXI AÉREO LTDA.;PESSOA JURIDICA;ICMS;"=""4012201256040""";"=""20260000002113""";13794892;Efetivada;17/02/2026 16:03:53;23/02/2026 18:03:10;120;1;24/02/2026;23/02/2026;Paga;R$ 1.533,38;R$ 1.533,38;R$ 1.533,38;R$ 0,00
506;646;1051;"=""02088938000130""";SETE TAXI AÉREO LTDA.;PESSOA JURIDICA;ICMS;"=""4012201256040""";"=""20260000002113""";13794892;Efetivada;17/02/2026 16:03:53;23/02/2026 18:03:10;120;2;25/03/2026;23/03/2026;Paga;R$ 1.548,70;R$ 1.548,72;R$ 1.548,72;R$ 0,00
506;646;1051;"=""02088938000130""";SETE TAXI AÉREO LTDA.;PESSOA JURIDICA;ICMS;"=""4012201256040""";"=""20260000002113""";13794892;Efetivada;17/02/2026 16:03:53;23/02/2026 18:03:10;120;3;27/04/2026;27/04/2026;Paga;R$ 1.548,70;R$ 1.567,28;R$ 1.567,28;R$ 0,00
506;646;1051;"=""02088938000130""";SETE TAXI AÉREO LTDA.;PESSOA JURIDICA;ICMS;"=""4012201256040""";"=""20260000002113""";13794892;Efetivada;17/02/2026 16:03:53;23/02/2026 18:03:10;120;4;25/05/2026;25/05/2026;Paga;R$ 1.548,70;R$ 1.583,99;R$ 1.583,99;R$ 0,00
944;3099;2064;"=""02135797154""";LORENNA MARTINS FORTI;PESSOA FISICA;IPVA;"=""2351733022256""";"=""20260000004778""";13933248;Efetivada;06/03/2026 12:27:37;11/03/2026 18:05:19;4;1;13/03/2026;11/03/2026;Paga;R$ 340,66;R$ 340,66;R$ 340,66;R$ 0,00
944;3099;2064;"=""02135797154""";LORENNA MARTINS FORTI;PESSOA FISICA;IPVA;"=""2351733022256""";"=""20260000004778""";13933248;Efetivada;06/03/2026 12:27:37;11/03/2026 18:05:19;4;2;27/04/2026;27/04/2026;Paga;R$ 344,05;R$ 344,08;R$ 344,08;R$ 0,00
622;2431;1293;"=""02164291000189""";E V DE OLIVEIRA SUPERMERCADO;PESSOA JURIDICA;IPVA;"=""2376603122221""";"=""20260000002722""";13836021;Efetivada;23/02/2026 11:03:25;23/02/2026 18:11:55;1;1;27/02/2026;23/02/2026;Paga;R$ 1.443,05;R$ 1.443,05;R$ 1.443,05;R$ 0,00
446;1028;937;"=""02185041100""";ANA PAULA CAETANO DIB;PESSOA FISICA;ITCD;"=""4012100760908""";"=""20260000001859""";13773143;Efetivada;13/02/2026 08:46:33;18/02/2026 18:04:54;4;1;20/02/2026;18/02/2026;Paga;R$ 588,74;R$ 588,74;R$ 588,74;R$ 0,00
446;1028;937;"=""02185041100""";ANA PAULA CAETANO DIB;PESSOA FISICA;ITCD;"=""4012100760908""";"=""20260000001859""";13773143;Efetivada;13/02/2026 08:46:33;18/02/2026 18:04:54;4;2;25/03/2026;24/03/2026;Paga;R$ 594,62;R$ 594,64;R$ 594,64;R$ 0,00
446;1028;937;"=""02185041100""";ANA PAULA CAETANO DIB;PESSOA FISICA;ITCD;"=""4012100760908""";"=""20260000001859""";13773143;Efetivada;13/02/2026 08:46:33;18/02/2026 18:04:54;4;3;27/04/2026;22/04/2026;Paga;R$ 594,62;R$ 601,76;R$ 601,76;R$ 0,00
446;1028;937;"=""02185041100""";ANA PAULA CAETANO DIB;PESSOA FISICA;ITCD;"=""4012100760908""";"=""20260000001859""";13773143;Efetivada;13/02/2026 08:46:33;18/02/2026 18:04:54;4;4;25/05/2026;30/04/2026;Paga;R$ 594,62;R$ 601,76;R$ 601,76;R$ 0,00
1308;3343;3049;"=""02188723000191""";FRANGO BOM COMERCIO ATACADISTA DE FRANGOS LTDA.;PESSOA JURIDICA;ICMS;"=""4012001419493""";"=""20260000007329""";14275619;Efetivada;20/05/2026 10:34:16;28/05/2026 06:01:57;120;1;27/05/2026;27/05/2026;Paga;R$ 1.018,48;R$ 1.018,48;R$ 1.018,48;R$ 0,00
1308;3343;3051;"=""02188723000191""";FRANGO BOM COMERCIO ATACADISTA DE FRANGOS LTDA.;PESSOA JURIDICA;ICMS;"=""4011601615376""";"=""20260000007331""";14275538;Efetivada;20/05/2026 10:34:16;28/05/2026 12:01:14;101;1;27/05/2026;27/05/2026;Paga;R$ 331,82;R$ 331,82;R$ 331,82;R$ 0,00
1308;3343;3052;"=""02188723000191""";FRANGO BOM COMERCIO ATACADISTA DE FRANGOS LTDA.;PESSOA JURIDICA;ICMS;"=""4011801611501""";"=""20260000007332""";14275546;Efetivada;20/05/2026 10:34:16;28/05/2026 12:01:14;120;1;27/05/2026;27/05/2026;Paga;R$ 646,83;R$ 646,83;R$ 646,83;R$ 0,00
1308;3343;3045;"=""02188723000191""";FRANGO BOM COMERCIO ATACADISTA DE FRANGOS LTDA.;PESSOA JURIDICA;ICMS;"=""4011800789021""";"=""20260000007325""";14275562;Efetivada;20/05/2026 10:34:16;28/05/2026 12:01:15;120;1;27/05/2026;27/05/2026;Paga;R$ 921,78;R$ 921,78;R$ 921,78;R$ 0,00
1308;3343;3053;"=""02188723000191""";FRANGO BOM COMERCIO ATACADISTA DE FRANGOS LTDA.;PESSOA JURIDICA;ICMS;"=""2156076200062""";"=""20260000007333""";14275554;Efetivada;20/05/2026 10:34:16;28/05/2026 12:01:15;18;1;27/05/2026;27/05/2026;Paga;R$ 340,62;R$ 340,62;R$ 340,62;R$ 0,00
1308;3343;3054;"=""02188723000191""";FRANGO BOM COMERCIO ATACADISTA DE FRANGOS LTDA.;PESSOA JURIDICA;ICMS;"=""2227998100060""";"=""20260000007334""";14275589;Efetivada;20/05/2026 10:34:16;28/05/2026 12:01:15;9;1;27/05/2026;27/05/2026;Paga;R$ 332,68;R$ 332,68;R$ 332,68;R$ 0,00
1308;3343;3046;"=""02188723000191""";FRANGO BOM COMERCIO ATACADISTA DE FRANGOS LTDA.;PESSOA JURIDICA;ICMS;"=""4021700005182""";"=""20260000007326""";14275570;Efetivada;20/05/2026 10:34:16;28/05/2026 12:01:16;120;1;27/05/2026;27/05/2026;Paga;R$ 955,51;R$ 955,51;R$ 955,51;R$ 0,00
1308;3343;3047;"=""02188723000191""";FRANGO BOM COMERCIO ATACADISTA DE FRANGOS LTDA.;PESSOA JURIDICA;ICMS;"=""2144319400050""";"=""20260000007327""";14275600;Efetivada;20/05/2026 10:34:16;28/05/2026 12:01:17;100;1;27/05/2026;27/05/2026;Paga;R$ 330,14;R$ 330,14;R$ 330,14;R$ 0,00
1308;3343;3050;"=""02188723000191""";FRANGO BOM COMERCIO ATACADISTA DE FRANGOS LTDA.;PESSOA JURIDICA;IPVA;"=""2077837822253""";"=""20260000007330""";14275627;Efetivada;20/05/2026 10:34:16;28/05/2026 06:02:01;2;1;27/05/2026;27/05/2026;Paga;R$ 430,24;R$ 430,24;R$ 430,24;R$ 0,00
1309;3343;3056;"=""02188723000191""";FRANGO BOM COMERCIO ATACADISTA DE FRANGOS LTDA.;PESSOA JURIDICA;IPVA;"=""2405579122201""";"=""20260000007346""";14275643;Efetivada;20/05/2026 10:47:51;28/05/2026 06:02:08;4;1;27/05/2026;27/05/2026;Paga;R$ 346,08;R$ 346,08;R$ 346,08;R$ 0,00
1309;3343;3055;"=""02188723000191""";FRANGO BOM COMERCIO ATACADISTA DE FRANGOS LTDA.;PESSOA JURIDICA;IPVA;"=""2349358722295""";"=""20260000007345""";14275635;Efetivada;20/05/2026 10:47:51;28/05/2026 06:02:15;3;1;27/05/2026;27/05/2026;Paga;R$ 404,08;R$ 404,08;R$ 404,08;R$ 0,00
1308;3343;3048;"=""02188723000191""";FRANGO BOM COMERCIO ATACADISTA DE FRANGOS LTDA.;PESSOA JURIDICA;IPVA;"=""2018706422280""";"=""20260000007328""";14275597;Efetivada;20/05/2026 10:34:16;28/05/2026 12:01:16;1;1;27/05/2026;27/05/2026;Paga;R$ 586,04;R$ 586,04;R$ 586,04;R$ 0,00
1294;3561;3016;"=""02188723000272""";FRANGO BOM COMERCIO ATACADISTA DE FRANGOS LTDA ;PESSOA JURIDICA;ICMS;"=""4011801612141""";"=""20260000006989""";14251221;Efetivada;13/05/2026 11:55:01;21/05/2026 12:00:20;120;1;20/05/2026;20/05/2026;Paga;R$ 568,41;R$ 568,41;R$ 568,41;R$ 0,00
1294;3561;3015;"=""02188723000272""";FRANGO BOM COMERCIO ATACADISTA DE FRANGOS LTDA ;PESSOA JURIDICA;ICMS;"=""4012001836760""";"=""20260000006988""";14251205;Efetivada;13/05/2026 11:55:01;21/05/2026 12:00:27;106;1;20/05/2026;20/05/2026;Paga;R$ 331,69;R$ 331,69;R$ 331,69;R$ 0,00
1294;3561;3014;"=""02188723000272""";FRANGO BOM COMERCIO ATACADISTA DE FRANGOS LTDA ;PESSOA JURIDICA;ICMS;"=""4021700022273""";"=""20260000006987""";14251213;Efetivada;13/05/2026 11:55:01;21/05/2026 12:00:34;87;1;20/05/2026;20/05/2026;Paga;R$ 331,87;R$ 331,87;R$ 331,87;R$ 0,00
1294;3561;3011;"=""02188723000272""";FRANGO BOM COMERCIO ATACADISTA DE FRANGOS LTDA ;PESSOA JURIDICA;ICMS;"=""4011701209817""";"=""20260000006984""";14251230;Efetivada;13/05/2026 11:55:01;21/05/2026 12:00:41;86;1;20/05/2026;20/05/2026;Paga;R$ 332,01;R$ 332,01;R$ 332,01;R$ 0,00
1294;3561;3012;"=""02188723000272""";FRANGO BOM COMERCIO ATACADISTA DE FRANGOS LTDA ;PESSOA JURIDICA;ICMS;"=""4011800837280""";"=""20260000006985""";14251248;Efetivada;13/05/2026 11:55:01;21/05/2026 12:00:56;120;1;20/05/2026;20/05/2026;Paga;R$ 569,73;R$ 569,73;R$ 569,73;R$ 0,00
1294;3561;3013;"=""02188723000272""";FRANGO BOM COMERCIO ATACADISTA DE FRANGOS LTDA ;PESSOA JURIDICA;ICMS;"=""4011802060304""";"=""20260000006986""";14251256;Efetivada;13/05/2026 11:55:01;21/05/2026 12:01:03;108;1;20/05/2026;20/05/2026;Paga;R$ 330,41;R$ 330,41;R$ 330,41;R$ 0,00
1294;3561;3017;"=""02188723000272""";FRANGO BOM COMERCIO ATACADISTA DE FRANGOS LTDA ;PESSOA JURIDICA;ICMS;"=""4011700326593""";"=""20260000006990""";14251264;Efetivada;13/05/2026 11:55:01;21/05/2026 12:01:10;120;1;20/05/2026;20/05/2026;Paga;R$ 358,11;R$ 358,11;R$ 358,11;R$ 0,00
963;1269;2101;"=""02190902118""";BRENO ROCHA PRATA;PESSOA FISICA;IPVA;"=""2380548522268""";"=""20260000004850""";13942670;Efetivada;08/03/2026 18:05:00;13/03/2026 06:04:39;5;1;13/03/2026;12/03/2026;Paga;R$ 361,38;R$ 361,38;R$ 361,38;R$ 0,00
419;1988;885;"=""02198836106""";ELISENE SOUSA GONÇALVES;PESSOA FISICA;IPVA;"=""2335537522266""";"=""20260000001729""";13765485;Efetivada;12/02/2026 13:28:29;13/02/2026 18:07:26;1;1;19/02/2026;13/02/2026;Paga;R$ 774,18;R$ 774,18;R$ 774,18;R$ 0,00
419;1988;886;"=""02198836106""";ELISENE SOUSA GONÇALVES;PESSOA FISICA;IPVA;"=""2324399422266""";"=""20260000001730""";13765493;Efetivada;12/02/2026 13:28:29;13/02/2026 18:07:28;1;1;19/02/2026;13/02/2026;Paga;R$ 639,80;R$ 639,80;R$ 639,80;R$ 0,00
1009;1578;2193;"=""02236863101""";BRUNO RAPOUZEIRO SEIXAS;PESSOA FISICA;IPVA;"=""2337778322237""";"=""20260000005093""";13955942;Efetivada;10/03/2026 14:41:19;11/03/2026 06:10:13;11;1;17/03/2026;10/03/2026;Paga;R$ 352,83;R$ 352,83;R$ 352,83;R$ 0,00
1009;1578;2193;"=""02236863101""";BRUNO RAPOUZEIRO SEIXAS;PESSOA FISICA;IPVA;"=""2337778322237""";"=""20260000005093""";13955942;Efetivada;10/03/2026 14:41:19;11/03/2026 06:10:13;11;2;27/04/2026;25/05/2026;Paga;R$ 356,35;R$ 393,49;R$ 393,49;R$ 0,00
894;118;1901;"=""02269205000100""";COMERCIAL DE ALIMENTOS ITAMAR LTDA;PESSOA JURIDICA;ICMS;"=""4011103748048""";"=""20260000004469""";13917366;Efetivada;04/03/2026 15:50:30;11/03/2026 18:02:48;145;1;11/03/2026;11/03/2026;Paga;R$ 465,09;R$ 465,09;R$ 465,09;R$ 0,00
894;118;1901;"=""02269205000100""";COMERCIAL DE ALIMENTOS ITAMAR LTDA;PESSOA JURIDICA;ICMS;"=""4011103748048""";"=""20260000004469""";13917366;Efetivada;04/03/2026 15:50:30;11/03/2026 18:02:48;145;2;27/04/2026;27/04/2026;Paga;R$ 469,72;R$ 469,74;R$ 469,74;R$ 0,00
894;118;1901;"=""02269205000100""";COMERCIAL DE ALIMENTOS ITAMAR LTDA;PESSOA JURIDICA;ICMS;"=""4011103748048""";"=""20260000004469""";13917366;Efetivada;04/03/2026 15:50:30;11/03/2026 18:02:48;145;3;25/05/2026;25/05/2026;Paga;R$ 469,72;R$ 474,81;R$ 474,81;R$ 0,00
894;118;1902;"=""02269205000100""";COMERCIAL DE ALIMENTOS ITAMAR LTDA;PESSOA JURIDICA;ICMS;"=""4011003959306""";"=""20260000004470""";13917374;Efetivada;04/03/2026 15:50:30;11/03/2026 18:02:54;145;1;11/03/2026;11/03/2026;Paga;R$ 534,32;R$ 534,32;R$ 534,32;R$ 0,00
894;118;1902;"=""02269205000100""";COMERCIAL DE ALIMENTOS ITAMAR LTDA;PESSOA JURIDICA;ICMS;"=""4011003959306""";"=""20260000004470""";13917374;Efetivada;04/03/2026 15:50:30;11/03/2026 18:02:54;145;2;27/04/2026;27/04/2026;Paga;R$ 539,65;R$ 539,67;R$ 539,67;R$ 0,00
894;118;1902;"=""02269205000100""";COMERCIAL DE ALIMENTOS ITAMAR LTDA;PESSOA JURIDICA;ICMS;"=""4011003959306""";"=""20260000004470""";13917374;Efetivada;04/03/2026 15:50:30;11/03/2026 18:02:54;145;3;25/05/2026;25/05/2026;Paga;R$ 539,65;R$ 545,49;R$ 545,49;R$ 0,00
894;118;1906;"=""02269205000100""";COMERCIAL DE ALIMENTOS ITAMAR LTDA;PESSOA JURIDICA;ICMS;"=""4011201770846""";"=""20260000004474""";13917390;Efetivada;04/03/2026 15:50:30;11/03/2026 18:02:56;145;1;11/03/2026;11/03/2026;Paga;R$ 849,48;R$ 849,48;R$ 849,48;R$ 0,00
894;118;1906;"=""02269205000100""";COMERCIAL DE ALIMENTOS ITAMAR LTDA;PESSOA JURIDICA;ICMS;"=""4011201770846""";"=""20260000004474""";13917390;Efetivada;04/03/2026 15:50:30;11/03/2026 18:02:56;145;2;27/04/2026;27/04/2026;Paga;R$ 857,97;R$ 857,97;R$ 857,97;R$ 0,00
894;118;1906;"=""02269205000100""";COMERCIAL DE ALIMENTOS ITAMAR LTDA;PESSOA JURIDICA;ICMS;"=""4011201770846""";"=""20260000004474""";13917390;Efetivada;04/03/2026 15:50:30;11/03/2026 18:02:56;145;3;25/05/2026;25/05/2026;Paga;R$ 857,97;R$ 867,23;R$ 867,23;R$ 0,00
894;118;1905;"=""02269205000100""";COMERCIAL DE ALIMENTOS ITAMAR LTDA;PESSOA JURIDICA;ICMS;"=""4011001487989""";"=""20260000004473""";13917382;Efetivada;04/03/2026 15:50:30;11/03/2026 18:03:01;145;1;11/03/2026;11/03/2026;Paga;R$ 690,78;R$ 690,78;R$ 690,78;R$ 0,00
894;118;1905;"=""02269205000100""";COMERCIAL DE ALIMENTOS ITAMAR LTDA;PESSOA JURIDICA;ICMS;"=""4011001487989""";"=""20260000004473""";13917382;Efetivada;04/03/2026 15:50:30;11/03/2026 18:03:01;145;2;27/04/2026;27/04/2026;Paga;R$ 697,67;R$ 697,69;R$ 697,69;R$ 0,00
894;118;1905;"=""02269205000100""";COMERCIAL DE ALIMENTOS ITAMAR LTDA;PESSOA JURIDICA;ICMS;"=""4011001487989""";"=""20260000004473""";13917382;Efetivada;04/03/2026 15:50:30;11/03/2026 18:03:01;145;3;25/05/2026;25/05/2026;Paga;R$ 697,67;R$ 705,21;R$ 705,21;R$ 0,00
894;118;1907;"=""02269205000100""";COMERCIAL DE ALIMENTOS ITAMAR LTDA;PESSOA JURIDICA;ICMS;"=""4011001337820""";"=""20260000004475""";13917404;Efetivada;04/03/2026 15:50:30;11/03/2026 18:03:03;145;1;11/03/2026;11/03/2026;Paga;R$ 2.307,36;R$ 2.307,36;R$ 2.307,36;R$ 0,00
894;118;1907;"=""02269205000100""";COMERCIAL DE ALIMENTOS ITAMAR LTDA;PESSOA JURIDICA;ICMS;"=""4011001337820""";"=""20260000004475""";13917404;Efetivada;04/03/2026 15:50:30;11/03/2026 18:03:03;145;2;27/04/2026;27/04/2026;Paga;R$ 2.330,42;R$ 2.330,44;R$ 2.330,44;R$ 0,00
894;118;1907;"=""02269205000100""";COMERCIAL DE ALIMENTOS ITAMAR LTDA;PESSOA JURIDICA;ICMS;"=""4011001337820""";"=""20260000004475""";13917404;Efetivada;04/03/2026 15:50:30;11/03/2026 18:03:03;145;3;25/05/2026;25/05/2026;Paga;R$ 2.330,42;R$ 2.355,58;R$ 2.355,58;R$ 0,00
894;118;1903;"=""02269205000100""";COMERCIAL DE ALIMENTOS ITAMAR LTDA;PESSOA JURIDICA;ICMS;"=""4011002049063""";"=""20260000004471""";13917412;Efetivada;04/03/2026 15:50:30;11/03/2026 18:03:08;145;1;11/03/2026;11/03/2026;Paga;R$ 469,81;R$ 469,81;R$ 469,81;R$ 0,00
894;118;1903;"=""02269205000100""";COMERCIAL DE ALIMENTOS ITAMAR LTDA;PESSOA JURIDICA;ICMS;"=""4011002049063""";"=""20260000004471""";13917412;Efetivada;04/03/2026 15:50:30;11/03/2026 18:03:08;145;2;27/04/2026;27/04/2026;Paga;R$ 474,50;R$ 474,51;R$ 474,51;R$ 0,00
894;118;1903;"=""02269205000100""";COMERCIAL DE ALIMENTOS ITAMAR LTDA;PESSOA JURIDICA;ICMS;"=""4011002049063""";"=""20260000004471""";13917412;Efetivada;04/03/2026 15:50:30;11/03/2026 18:03:08;145;3;25/05/2026;25/05/2026;Paga;R$ 474,50;R$ 479,63;R$ 479,63;R$ 0,00
894;118;1899;"=""02269205000100""";COMERCIAL DE ALIMENTOS ITAMAR LTDA;PESSOA JURIDICA;ICMS;"=""4010800742043""";"=""20260000004467""";13917420;Efetivada;04/03/2026 15:50:30;11/03/2026 18:03:10;145;1;11/03/2026;11/03/2026;Paga;R$ 743,23;R$ 743,23;R$ 743,23;R$ 0,00
894;118;1899;"=""02269205000100""";COMERCIAL DE ALIMENTOS ITAMAR LTDA;PESSOA JURIDICA;ICMS;"=""4010800742043""";"=""20260000004467""";13917420;Efetivada;04/03/2026 15:50:30;11/03/2026 18:03:10;145;2;27/04/2026;27/04/2026;Paga;R$ 750,65;R$ 750,67;R$ 750,67;R$ 0,00
894;118;1899;"=""02269205000100""";COMERCIAL DE ALIMENTOS ITAMAR LTDA;PESSOA JURIDICA;ICMS;"=""4010800742043""";"=""20260000004467""";13917420;Efetivada;04/03/2026 15:50:30;11/03/2026 18:03:10;145;3;25/05/2026;25/05/2026;Paga;R$ 750,65;R$ 758,76;R$ 758,76;R$ 0,00
894;118;1900;"=""02269205000100""";COMERCIAL DE ALIMENTOS ITAMAR LTDA;PESSOA JURIDICA;ICMS;"=""2015804100062""";"=""20260000004468""";13917439;Efetivada;04/03/2026 15:50:30;11/03/2026 18:03:16;145;1;11/03/2026;11/03/2026;Paga;R$ 378,18;R$ 378,18;R$ 378,18;R$ 0,00
894;118;1900;"=""02269205000100""";COMERCIAL DE ALIMENTOS ITAMAR LTDA;PESSOA JURIDICA;ICMS;"=""2015804100062""";"=""20260000004468""";13917439;Efetivada;04/03/2026 15:50:30;11/03/2026 18:03:16;145;2;27/04/2026;27/04/2026;Paga;R$ 381,95;R$ 381,96;R$ 381,96;R$ 0,00
894;118;1900;"=""02269205000100""";COMERCIAL DE ALIMENTOS ITAMAR LTDA;PESSOA JURIDICA;ICMS;"=""2015804100062""";"=""20260000004468""";13917439;Efetivada;04/03/2026 15:50:30;11/03/2026 18:03:16;145;3;25/05/2026;25/05/2026;Paga;R$ 381,95;R$ 386,09;R$ 386,09;R$ 0,00
894;118;1904;"=""02269205000100""";COMERCIAL DE ALIMENTOS ITAMAR LTDA;PESSOA JURIDICA;ICMS;"=""4011201535332""";"=""20260000004472""";13917447;Efetivada;04/03/2026 15:50:30;11/03/2026 18:03:17;145;1;11/03/2026;11/03/2026;Paga;R$ 727,13;R$ 727,13;R$ 727,13;R$ 0,00
894;118;1904;"=""02269205000100""";COMERCIAL DE ALIMENTOS ITAMAR LTDA;PESSOA JURIDICA;ICMS;"=""4011201535332""";"=""20260000004472""";13917447;Efetivada;04/03/2026 15:50:30;11/03/2026 18:03:17;145;2;27/04/2026;27/04/2026;Paga;R$ 734,40;R$ 734,40;R$ 734,40;R$ 0,00
894;118;1904;"=""02269205000100""";COMERCIAL DE ALIMENTOS ITAMAR LTDA;PESSOA JURIDICA;ICMS;"=""4011201535332""";"=""20260000004472""";13917447;Efetivada;04/03/2026 15:50:30;11/03/2026 18:03:17;145;3;25/05/2026;25/05/2026;Paga;R$ 734,40;R$ 742,33;R$ 742,33;R$ 0,00
897;118;1923;"=""02269205000100""";COMERCIAL DE ALIMENTOS ITAMAR LTDA;PESSOA JURIDICA;ICMS;"=""3024195804272""";"=""20260000004496""";13917668;Efetivada;04/03/2026 16:08:02;11/03/2026 18:03:45;145;1;11/03/2026;11/03/2026;Paga;R$ 1.993,13;R$ 1.993,13;R$ 1.993,13;R$ 0,00
897;118;1923;"=""02269205000100""";COMERCIAL DE ALIMENTOS ITAMAR LTDA;PESSOA JURIDICA;ICMS;"=""3024195804272""";"=""20260000004496""";13917668;Efetivada;04/03/2026 16:08:02;11/03/2026 18:03:45;145;2;27/04/2026;27/04/2026;Paga;R$ 2.013,05;R$ 2.013,06;R$ 2.013,06;R$ 0,00
897;118;1923;"=""02269205000100""";COMERCIAL DE ALIMENTOS ITAMAR LTDA;PESSOA JURIDICA;ICMS;"=""3024195804272""";"=""20260000004496""";13917668;Efetivada;04/03/2026 16:08:02;11/03/2026 18:03:45;145;3;25/05/2026;25/05/2026;Paga;R$ 2.013,05;R$ 2.034,79;R$ 2.034,79;R$ 0,00
897;118;1924;"=""02269205000100""";COMERCIAL DE ALIMENTOS ITAMAR LTDA;PESSOA JURIDICA;ICMS;"=""4011001497356""";"=""20260000004497""";13917676;Efetivada;04/03/2026 16:08:02;11/03/2026 18:03:50;145;1;11/03/2026;11/03/2026;Paga;R$ 1.928,99;R$ 1.928,99;R$ 1.928,99;R$ 0,00
897;118;1924;"=""02269205000100""";COMERCIAL DE ALIMENTOS ITAMAR LTDA;PESSOA JURIDICA;ICMS;"=""4011001497356""";"=""20260000004497""";13917676;Efetivada;04/03/2026 16:08:02;11/03/2026 18:03:50;145;2;27/04/2026;27/04/2026;Paga;R$ 1.948,27;R$ 1.948,28;R$ 1.948,28;R$ 0,00
897;118;1924;"=""02269205000100""";COMERCIAL DE ALIMENTOS ITAMAR LTDA;PESSOA JURIDICA;ICMS;"=""4011001497356""";"=""20260000004497""";13917676;Efetivada;04/03/2026 16:08:02;11/03/2026 18:03:50;145;3;25/05/2026;25/05/2026;Paga;R$ 1.948,27;R$ 1.969,31;R$ 1.969,31;R$ 0,00
897;118;1928;"=""02269205000100""";COMERCIAL DE ALIMENTOS ITAMAR LTDA;PESSOA JURIDICA;ICMS;"=""4011001497780""";"=""20260000004501""";13917684;Efetivada;04/03/2026 16:08:02;11/03/2026 18:03:52;145;1;11/03/2026;11/03/2026;Paga;R$ 2.535,37;R$ 2.535,37;R$ 2.535,37;R$ 0,00
897;118;1928;"=""02269205000100""";COMERCIAL DE ALIMENTOS ITAMAR LTDA;PESSOA JURIDICA;ICMS;"=""4011001497780""";"=""20260000004501""";13917684;Efetivada;04/03/2026 16:08:02;11/03/2026 18:03:52;145;2;27/04/2026;27/04/2026;Paga;R$ 2.560,71;R$ 2.560,72;R$ 2.560,72;R$ 0,00
897;118;1928;"=""02269205000100""";COMERCIAL DE ALIMENTOS ITAMAR LTDA;PESSOA JURIDICA;ICMS;"=""4011001497780""";"=""20260000004501""";13917684;Efetivada;04/03/2026 16:08:02;11/03/2026 18:03:52;145;3;25/05/2026;25/05/2026;Paga;R$ 2.560,71;R$ 2.588,36;R$ 2.588,36;R$ 0,00
897;118;1926;"=""02269205000100""";COMERCIAL DE ALIMENTOS ITAMAR LTDA;PESSOA JURIDICA;ICMS;"=""4011202504740""";"=""20260000004499""";13917692;Efetivada;04/03/2026 16:08:02;11/03/2026 18:03:57;145;1;11/03/2026;11/03/2026;Paga;R$ 2.352,30;R$ 2.352,30;R$ 2.352,30;R$ 0,00
897;118;1926;"=""02269205000100""";COMERCIAL DE ALIMENTOS ITAMAR LTDA;PESSOA JURIDICA;ICMS;"=""4011202504740""";"=""20260000004499""";13917692;Efetivada;04/03/2026 16:08:02;11/03/2026 18:03:57;145;2;27/04/2026;27/04/2026;Paga;R$ 2.375,81;R$ 2.375,82;R$ 2.375,82;R$ 0,00
897;118;1926;"=""02269205000100""";COMERCIAL DE ALIMENTOS ITAMAR LTDA;PESSOA JURIDICA;ICMS;"=""4011202504740""";"=""20260000004499""";13917692;Efetivada;04/03/2026 16:08:02;11/03/2026 18:03:57;145;3;25/05/2026;25/05/2026;Paga;R$ 2.375,81;R$ 2.401,46;R$ 2.401,46;R$ 0,00
897;118;1927;"=""02269205000100""";COMERCIAL DE ALIMENTOS ITAMAR LTDA;PESSOA JURIDICA;ICMS;"=""4011104294636""";"=""20260000004500""";13917706;Efetivada;04/03/2026 16:08:02;11/03/2026 18:03:59;145;1;11/03/2026;11/03/2026;Paga;R$ 1.860,53;R$ 1.860,53;R$ 1.860,53;R$ 0,00
897;118;1927;"=""02269205000100""";COMERCIAL DE ALIMENTOS ITAMAR LTDA;PESSOA JURIDICA;ICMS;"=""4011104294636""";"=""20260000004500""";13917706;Efetivada;04/03/2026 16:08:02;11/03/2026 18:03:59;145;2;27/04/2026;27/04/2026;Paga;R$ 1.879,13;R$ 1.879,13;R$ 1.879,13;R$ 0,00
897;118;1927;"=""02269205000100""";COMERCIAL DE ALIMENTOS ITAMAR LTDA;PESSOA JURIDICA;ICMS;"=""4011104294636""";"=""20260000004500""";13917706;Efetivada;04/03/2026 16:08:02;11/03/2026 18:03:59;145;3;25/05/2026;25/05/2026;Paga;R$ 1.879,13;R$ 1.899,42;R$ 1.899,42;R$ 0,00
897;118;1929;"=""02269205000100""";COMERCIAL DE ALIMENTOS ITAMAR LTDA;PESSOA JURIDICA;ICMS;"=""4011103748633""";"=""20260000004502""";13917714;Efetivada;04/03/2026 16:08:02;11/03/2026 18:04:05;145;1;11/03/2026;11/03/2026;Paga;R$ 2.389,25;R$ 2.389,25;R$ 2.389,25;R$ 0,00
897;118;1929;"=""02269205000100""";COMERCIAL DE ALIMENTOS ITAMAR LTDA;PESSOA JURIDICA;ICMS;"=""4011103748633""";"=""20260000004502""";13917714;Efetivada;04/03/2026 16:08:02;11/03/2026 18:04:05;145;2;27/04/2026;27/04/2026;Paga;R$ 2.413,14;R$ 2.413,14;R$ 2.413,14;R$ 0,00
897;118;1929;"=""02269205000100""";COMERCIAL DE ALIMENTOS ITAMAR LTDA;PESSOA JURIDICA;ICMS;"=""4011103748633""";"=""20260000004502""";13917714;Efetivada;04/03/2026 16:08:02;11/03/2026 18:04:05;145;3;25/05/2026;25/05/2026;Paga;R$ 2.413,14;R$ 2.439,19;R$ 2.439,19;R$ 0,00
897;118;1925;"=""02269205000100""";COMERCIAL DE ALIMENTOS ITAMAR LTDA;PESSOA JURIDICA;ICMS;"=""4011003088763""";"=""20260000004498""";13917722;Efetivada;04/03/2026 16:08:02;11/03/2026 18:04:06;145;1;11/03/2026;11/03/2026;Paga;R$ 6.612,30;R$ 6.612,30;R$ 6.612,30;R$ 0,00
897;118;1925;"=""02269205000100""";COMERCIAL DE ALIMENTOS ITAMAR LTDA;PESSOA JURIDICA;ICMS;"=""4011003088763""";"=""20260000004498""";13917722;Efetivada;04/03/2026 16:08:02;11/03/2026 18:04:06;145;2;27/04/2026;27/04/2026;Paga;R$ 6.678,42;R$ 6.678,42;R$ 6.678,42;R$ 0,00
897;118;1925;"=""02269205000100""";COMERCIAL DE ALIMENTOS ITAMAR LTDA;PESSOA JURIDICA;ICMS;"=""4011003088763""";"=""20260000004498""";13917722;Efetivada;04/03/2026 16:08:02;11/03/2026 18:04:06;145;3;25/05/2026;25/05/2026;Paga;R$ 6.678,42;R$ 6.750,49;R$ 6.750,49;R$ 0,00
896;118;1914;"=""02269205000100""";COMERCIAL DE ALIMENTOS ITAMAR LTDA;PESSOA JURIDICA;ICMS;"=""3003022601792""";"=""20260000004487""";14021129;Efetivada;04/03/2026 16:02:13;27/03/2026 18:03:45;145;1;27/03/2026;27/03/2026;Paga;R$ 472,19;R$ 472,19;R$ 472,19;R$ 0,00
896;118;1914;"=""02269205000100""";COMERCIAL DE ALIMENTOS ITAMAR LTDA;PESSOA JURIDICA;ICMS;"=""3003022601792""";"=""20260000004487""";14021129;Efetivada;04/03/2026 16:02:13;27/03/2026 18:03:45;145;2;27/04/2026;27/04/2026;Paga;R$ 476,90;R$ 476,91;R$ 476,91;R$ 0,00
896;118;1914;"=""02269205000100""";COMERCIAL DE ALIMENTOS ITAMAR LTDA;PESSOA JURIDICA;ICMS;"=""3003022601792""";"=""20260000004487""";14021129;Efetivada;04/03/2026 16:02:13;27/03/2026 18:03:45;145;3;25/05/2026;25/05/2026;Paga;R$ 476,90;R$ 482,06;R$ 482,06;R$ 0,00
896;118;1913;"=""02269205000100""";COMERCIAL DE ALIMENTOS ITAMAR LTDA;PESSOA JURIDICA;ICMS;"=""3000814001684""";"=""20260000004486""";14021110;Efetivada;04/03/2026 16:02:13;27/03/2026 18:03:53;145;1;27/03/2026;27/03/2026;Paga;R$ 721,01;R$ 721,01;R$ 721,01;R$ 0,00
896;118;1913;"=""02269205000100""";COMERCIAL DE ALIMENTOS ITAMAR LTDA;PESSOA JURIDICA;ICMS;"=""3000814001684""";"=""20260000004486""";14021110;Efetivada;04/03/2026 16:02:13;27/03/2026 18:03:53;145;2;27/04/2026;27/04/2026;Paga;R$ 728,21;R$ 728,22;R$ 728,22;R$ 0,00
896;118;1913;"=""02269205000100""";COMERCIAL DE ALIMENTOS ITAMAR LTDA;PESSOA JURIDICA;ICMS;"=""3000814001684""";"=""20260000004486""";14021110;Efetivada;04/03/2026 16:02:13;27/03/2026 18:03:53;145;3;25/05/2026;25/05/2026;Paga;R$ 728,21;R$ 736,08;R$ 736,08;R$ 0,00
896;118;1915;"=""02269205000100""";COMERCIAL DE ALIMENTOS ITAMAR LTDA;PESSOA JURIDICA;ICMS;"=""3007246968633""";"=""20260000004488""";14021137;Efetivada;04/03/2026 16:02:13;27/03/2026 18:04:00;145;1;27/03/2026;27/03/2026;Paga;R$ 1.598,31;R$ 1.598,31;R$ 1.598,31;R$ 0,00
896;118;1915;"=""02269205000100""";COMERCIAL DE ALIMENTOS ITAMAR LTDA;PESSOA JURIDICA;ICMS;"=""3007246968633""";"=""20260000004488""";14021137;Efetivada;04/03/2026 16:02:13;27/03/2026 18:04:00;145;2;27/04/2026;27/04/2026;Paga;R$ 1.614,28;R$ 1.614,30;R$ 1.614,30;R$ 0,00
896;118;1915;"=""02269205000100""";COMERCIAL DE ALIMENTOS ITAMAR LTDA;PESSOA JURIDICA;ICMS;"=""3007246968633""";"=""20260000004488""";14021137;Efetivada;04/03/2026 16:02:13;27/03/2026 18:04:00;145;3;25/05/2026;25/05/2026;Paga;R$ 1.614,28;R$ 1.631,73;R$ 1.631,73;R$ 0,00
896;118;1916;"=""02269205000100""";COMERCIAL DE ALIMENTOS ITAMAR LTDA;PESSOA JURIDICA;ICMS;"=""3007138722840""";"=""20260000004489""";14021145;Efetivada;04/03/2026 16:02:13;27/03/2026 18:04:08;145;1;27/03/2026;27/03/2026;Paga;R$ 2.539,81;R$ 2.539,81;R$ 2.539,81;R$ 0,00
896;118;1916;"=""02269205000100""";COMERCIAL DE ALIMENTOS ITAMAR LTDA;PESSOA JURIDICA;ICMS;"=""3007138722840""";"=""20260000004489""";14021145;Efetivada;04/03/2026 16:02:13;27/03/2026 18:04:08;145;2;27/04/2026;27/04/2026;Paga;R$ 2.565,18;R$ 2.565,21;R$ 2.565,21;R$ 0,00
896;118;1916;"=""02269205000100""";COMERCIAL DE ALIMENTOS ITAMAR LTDA;PESSOA JURIDICA;ICMS;"=""3007138722840""";"=""20260000004489""";14021145;Efetivada;04/03/2026 16:02:13;27/03/2026 18:04:08;145;3;25/05/2026;25/05/2026;Paga;R$ 2.565,18;R$ 2.592,90;R$ 2.592,90;R$ 0,00
896;118;1919;"=""02269205000100""";COMERCIAL DE ALIMENTOS ITAMAR LTDA;PESSOA JURIDICA;ICMS;"=""3008147253880""";"=""20260000004492""";14021153;Efetivada;04/03/2026 16:02:13;27/03/2026 18:04:15;145;1;27/03/2026;27/03/2026;Paga;R$ 420,77;R$ 420,77;R$ 420,77;R$ 0,00
896;118;1919;"=""02269205000100""";COMERCIAL DE ALIMENTOS ITAMAR LTDA;PESSOA JURIDICA;ICMS;"=""3008147253880""";"=""20260000004492""";14021153;Efetivada;04/03/2026 16:02:13;27/03/2026 18:04:15;145;2;27/04/2026;27/04/2026;Paga;R$ 424,97;R$ 424,98;R$ 424,98;R$ 0,00
896;118;1919;"=""02269205000100""";COMERCIAL DE ALIMENTOS ITAMAR LTDA;PESSOA JURIDICA;ICMS;"=""3008147253880""";"=""20260000004492""";14021153;Efetivada;04/03/2026 16:02:13;27/03/2026 18:04:15;145;3;25/05/2026;25/05/2026;Paga;R$ 424,97;R$ 429,56;R$ 429,56;R$ 0,00
896;118;1917;"=""02269205000100""";COMERCIAL DE ALIMENTOS ITAMAR LTDA;PESSOA JURIDICA;ICMS;"=""3008147410799""";"=""20260000004490""";14021161;Efetivada;04/03/2026 16:02:13;27/03/2026 18:04:23;119;1;27/03/2026;27/03/2026;Paga;R$ 331,60;R$ 331,60;R$ 331,60;R$ 0,00
896;118;1917;"=""02269205000100""";COMERCIAL DE ALIMENTOS ITAMAR LTDA;PESSOA JURIDICA;ICMS;"=""3008147410799""";"=""20260000004490""";14021161;Efetivada;04/03/2026 16:02:13;27/03/2026 18:04:23;119;2;27/04/2026;27/04/2026;Paga;R$ 334,91;R$ 334,91;R$ 334,91;R$ 0,00
896;118;1917;"=""02269205000100""";COMERCIAL DE ALIMENTOS ITAMAR LTDA;PESSOA JURIDICA;ICMS;"=""3008147410799""";"=""20260000004490""";14021161;Efetivada;04/03/2026 16:02:13;27/03/2026 18:04:23;119;3;25/05/2026;25/05/2026;Paga;R$ 334,91;R$ 338,53;R$ 338,53;R$ 0,00
896;118;1921;"=""02269205000100""";COMERCIAL DE ALIMENTOS ITAMAR LTDA;PESSOA JURIDICA;ICMS;"=""3008147840491""";"=""20260000004494""";14021170;Efetivada;04/03/2026 16:02:13;27/03/2026 18:04:30;142;1;27/03/2026;27/03/2026;Paga;R$ 331,59;R$ 331,59;R$ 331,59;R$ 0,00
896;118;1921;"=""02269205000100""";COMERCIAL DE ALIMENTOS ITAMAR LTDA;PESSOA JURIDICA;ICMS;"=""3008147840491""";"=""20260000004494""";14021170;Efetivada;04/03/2026 16:02:13;27/03/2026 18:04:30;142;2;27/04/2026;27/04/2026;Paga;R$ 334,90;R$ 334,90;R$ 334,90;R$ 0,00
896;118;1921;"=""02269205000100""";COMERCIAL DE ALIMENTOS ITAMAR LTDA;PESSOA JURIDICA;ICMS;"=""3008147840491""";"=""20260000004494""";14021170;Efetivada;04/03/2026 16:02:13;27/03/2026 18:04:30;142;3;25/05/2026;25/05/2026;Paga;R$ 334,90;R$ 338,52;R$ 338,52;R$ 0,00
896;118;1922;"=""02269205000100""";COMERCIAL DE ALIMENTOS ITAMAR LTDA;PESSOA JURIDICA;ICMS;"=""3008146362880""";"=""20260000004495""";14021200;Efetivada;04/03/2026 16:02:13;27/03/2026 18:04:38;145;1;27/03/2026;27/03/2026;Paga;R$ 3.223,57;R$ 3.223,57;R$ 3.223,57;R$ 0,00
896;118;1922;"=""02269205000100""";COMERCIAL DE ALIMENTOS ITAMAR LTDA;PESSOA JURIDICA;ICMS;"=""3008146362880""";"=""20260000004495""";14021200;Efetivada;04/03/2026 16:02:13;27/03/2026 18:04:38;145;2;27/04/2026;27/04/2026;Paga;R$ 3.255,80;R$ 3.255,81;R$ 3.255,81;R$ 0,00
896;118;1922;"=""02269205000100""";COMERCIAL DE ALIMENTOS ITAMAR LTDA;PESSOA JURIDICA;ICMS;"=""3008146362880""";"=""20260000004495""";14021200;Efetivada;04/03/2026 16:02:13;27/03/2026 18:04:38;145;3;25/05/2026;25/05/2026;Paga;R$ 3.255,80;R$ 3.290,94;R$ 3.290,94;R$ 0,00
896;118;1918;"=""02269205000100""";COMERCIAL DE ALIMENTOS ITAMAR LTDA;PESSOA JURIDICA;ICMS;"=""3007157861981""";"=""20260000004491""";14021218;Efetivada;04/03/2026 16:02:13;27/03/2026 18:04:46;145;1;27/03/2026;27/03/2026;Paga;R$ 1.587,90;R$ 1.587,90;R$ 1.587,90;R$ 0,00
896;118;1918;"=""02269205000100""";COMERCIAL DE ALIMENTOS ITAMAR LTDA;PESSOA JURIDICA;ICMS;"=""3007157861981""";"=""20260000004491""";14021218;Efetivada;04/03/2026 16:02:13;27/03/2026 18:04:46;145;2;27/04/2026;27/04/2026;Paga;R$ 1.603,76;R$ 1.603,78;R$ 1.603,78;R$ 0,00
896;118;1918;"=""02269205000100""";COMERCIAL DE ALIMENTOS ITAMAR LTDA;PESSOA JURIDICA;ICMS;"=""3007157861981""";"=""20260000004491""";14021218;Efetivada;04/03/2026 16:02:13;27/03/2026 18:04:46;145;3;25/05/2026;25/05/2026;Paga;R$ 1.603,76;R$ 1.621,09;R$ 1.621,09;R$ 0,00
896;118;1920;"=""02269205000100""";COMERCIAL DE ALIMENTOS ITAMAR LTDA;PESSOA JURIDICA;ICMS;"=""3008148061194""";"=""20260000004493""";14021226;Efetivada;04/03/2026 16:02:13;27/03/2026 18:04:53;145;1;27/03/2026;27/03/2026;Paga;R$ 444,00;R$ 444,00;R$ 444,00;R$ 0,00
896;118;1920;"=""02269205000100""";COMERCIAL DE ALIMENTOS ITAMAR LTDA;PESSOA JURIDICA;ICMS;"=""3008148061194""";"=""20260000004493""";14021226;Efetivada;04/03/2026 16:02:13;27/03/2026 18:04:53;145;2;27/04/2026;27/04/2026;Paga;R$ 448,43;R$ 448,44;R$ 448,44;R$ 0,00
896;118;1920;"=""02269205000100""";COMERCIAL DE ALIMENTOS ITAMAR LTDA;PESSOA JURIDICA;ICMS;"=""3008148061194""";"=""20260000004493""";14021226;Efetivada;04/03/2026 16:02:13;27/03/2026 18:04:53;145;3;25/05/2026;25/05/2026;Paga;R$ 448,43;R$ 453,28;R$ 453,28;R$ 0,00
647;118;1337;"=""02269205000100""";COMERCIAL DE ALIMENTOS ITAMAR LTDA;PESSOA JURIDICA;Pena Pecuniária;"=""4012001304408""";"=""20260000002837""";13844768;Efetivada;24/02/2026 08:09:29;27/02/2026 18:03:21;1;1;27/02/2026;27/02/2026;Paga;R$ 1.530,43;R$ 1.530,43;R$ 1.530,43;R$ 0,00
1216;953;2836;"=""02292171171""";POLLYANA MENDES SPIGOLONI ;PESSOA FISICA;IPVA;"=""2272910822248""";"=""20260000006538""";14162504;Efetivada;18/04/2026 22:47:28;23/04/2026 12:01:14;1;1;27/04/2026;22/04/2026;Paga;R$ 410,07;R$ 410,07;R$ 410,07;R$ 0,00
1216;953;2837;"=""02292171171""";POLLYANA MENDES SPIGOLONI ;PESSOA FISICA;IPVA;"=""2381919822297""";"=""20260000006539""";14162512;Efetivada;18/04/2026 22:47:28;23/04/2026 12:01:21;2;1;27/04/2026;22/04/2026;Paga;R$ 367,70;R$ 367,70;R$ 367,70;R$ 0,00
1216;953;2837;"=""02292171171""";POLLYANA MENDES SPIGOLONI ;PESSOA FISICA;IPVA;"=""2381919822297""";"=""20260000006539""";14162512;Efetivada;18/04/2026 22:47:28;23/04/2026 12:01:21;2;2;25/05/2026;26/05/2026;Paga;R$ 371,37;R$ 372,60;R$ 372,60;R$ 0,00
95;1042;207;"=""02296588140""";GUSTAVO BATISTA E OLIVEIRA BARBOSA;PESSOA FISICA;IPVA;"=""2388065722217""";"=""20260000000164""";13670930;Efetivada;03/02/2026 14:05:03;06/02/2026 12:03:03;2;2;25/03/2026;16/03/2026;Paga;R$ 420,51;R$ 420,53;R$ 420,53;R$ 0,00
175;754;384;"=""02306421102""";ARLETE FERREIRA DA SILVA;PESSOA FISICA;IPVA;"=""2394849022272""";"=""20260000000545""";13711490;Efetivada;05/02/2026 09:31:23;12/02/2026 12:04:30;1;1;12/02/2026;12/02/2026;Paga;R$ 301,82;R$ 301,82;R$ 301,82;R$ 0,00
259;1516;574;"=""02330299000178""";GLOBALCENTER MERCANTIL LTDA;PESSOA JURIDICA;ICMS;"=""2017099511172""";"=""20260000001030""";13706519;Efetivada;06/02/2026 17:41:45;14/02/2026 06:03:19;1;1;13/02/2026;13/02/2026;Paga;R$ 2.158,42;R$ 2.158,42;R$ 2.158,42;R$ 0,00
259;1516;572;"=""02330299000178""";GLOBALCENTER MERCANTIL LTDA;PESSOA JURIDICA;ICMS;"=""2017099311165""";"=""20260000001028""";13706535;Efetivada;06/02/2026 17:41:45;14/02/2026 06:03:32;1;1;13/02/2026;13/02/2026;Paga;R$ 6.821,85;R$ 6.821,85;R$ 6.821,85;R$ 0,00
259;1516;583;"=""02330299000178""";GLOBALCENTER MERCANTIL LTDA;PESSOA JURIDICA;ICMS;"=""2020333911135""";"=""20260000001039""";13706560;Efetivada;06/02/2026 17:41:45;14/02/2026 06:03:39;1;1;13/02/2026;13/02/2026;Paga;R$ 11.797,58;R$ 11.797,58;R$ 11.797,58;R$ 0,00
259;1516;573;"=""02330299000178""";GLOBALCENTER MERCANTIL LTDA;PESSOA JURIDICA;ICMS;"=""2017099411119""";"=""20260000001029""";13706543;Efetivada;06/02/2026 17:41:45;14/02/2026 06:03:46;1;1;13/02/2026;13/02/2026;Paga;R$ 3.223,77;R$ 3.223,77;R$ 3.223,77;R$ 0,00
1283;1516;2979;"=""02330299000178""";GLOBALCENTER MERCANTIL LTDA;PESSOA JURIDICA;ICMS;"=""4012200841420""";"=""20260000006921""";14230445;Efetivada;08/05/2026 09:47:51;15/05/2026 18:00:49;68;1;15/05/2026;15/05/2026;Paga;R$ 333,24;R$ 333,24;R$ 333,24;R$ 0,00
1283;1516;2980;"=""02330299000178""";GLOBALCENTER MERCANTIL LTDA;PESSOA JURIDICA;ICMS;"=""4012200447870""";"=""20260000006922""";14230453;Efetivada;08/05/2026 09:47:51;15/05/2026 18:01:05;145;1;15/05/2026;15/05/2026;Paga;R$ 3.431,87;R$ 3.431,87;R$ 3.431,87;R$ 0,00
1283;1516;2978;"=""02330299000178""";GLOBALCENTER MERCANTIL LTDA;PESSOA JURIDICA;ICMS;"=""4012200838046""";"=""20260000006920""";14230470;Efetivada;08/05/2026 09:47:51;15/05/2026 18:01:13;145;1;15/05/2026;15/05/2026;Paga;R$ 1.875,83;R$ 1.875,83;R$ 1.875,83;R$ 0,00
1283;1516;2983;"=""02330299000178""";GLOBALCENTER MERCANTIL LTDA;PESSOA JURIDICA;ICMS;"=""4012200387605""";"=""20260000006925""";14230500;Efetivada;08/05/2026 09:47:51;15/05/2026 18:02:02;133;1;15/05/2026;15/05/2026;Paga;R$ 331,25;R$ 331,25;R$ 331,25;R$ 0,00
1283;1516;2977;"=""02330299000178""";GLOBALCENTER MERCANTIL LTDA;PESSOA JURIDICA;ICMS;"=""4022000037063""";"=""20260000006919""";14230577;Efetivada;08/05/2026 09:47:51;15/05/2026 18:02:33;145;1;15/05/2026;15/05/2026;Paga;R$ 668,43;R$ 668,43;R$ 668,43;R$ 0,00
259;1516;575;"=""02330299000178""";GLOBALCENTER MERCANTIL LTDA;PESSOA JURIDICA;IPVA;"=""2177371422243""";"=""20260000001031""";13706454;Efetivada;06/02/2026 17:41:45;14/02/2026 06:03:06;1;1;13/02/2026;13/02/2026;Paga;R$ 1.012,72;R$ 1.012,72;R$ 1.012,72;R$ 0,00
259;1516;577;"=""02330299000178""";GLOBALCENTER MERCANTIL LTDA;PESSOA JURIDICA;IPVA;"=""2318850322289""";"=""20260000001033""";13706470;Efetivada;06/02/2026 17:41:45;14/02/2026 06:03:12;1;1;13/02/2026;13/02/2026;Paga;R$ 973,24;R$ 973,24;R$ 973,24;R$ 0,00
259;1516;578;"=""02330299000178""";GLOBALCENTER MERCANTIL LTDA;PESSOA JURIDICA;IPVA;"=""2342865022211""";"=""20260000001034""";13706527;Efetivada;06/02/2026 17:41:45;14/02/2026 06:03:12;1;1;13/02/2026;13/02/2026;Paga;R$ 3.063,16;R$ 3.063,16;R$ 3.063,16;R$ 0,00
259;1516;580;"=""02330299000178""";GLOBALCENTER MERCANTIL LTDA;PESSOA JURIDICA;IPVA;"=""2343488022235""";"=""20260000001036""";13706497;Efetivada;06/02/2026 17:41:45;14/02/2026 06:03:19;1;1;13/02/2026;13/02/2026;Paga;R$ 5.164,05;R$ 5.164,05;R$ 5.164,05;R$ 0,00
259;1516;579;"=""02330299000178""";GLOBALCENTER MERCANTIL LTDA;PESSOA JURIDICA;IPVA;"=""2342865522290""";"=""20260000001035""";13706489;Efetivada;06/02/2026 17:41:45;14/02/2026 06:03:26;1;1;13/02/2026;13/02/2026;Paga;R$ 3.244,70;R$ 3.244,70;R$ 3.244,70;R$ 0,00
259;1516;581;"=""02330299000178""";GLOBALCENTER MERCANTIL LTDA;PESSOA JURIDICA;IPVA;"=""2346102122200""";"=""20260000001037""";13706500;Efetivada;06/02/2026 17:41:45;14/02/2026 06:03:26;1;1;13/02/2026;13/02/2026;Paga;R$ 1.708,39;R$ 1.708,39;R$ 1.708,39;R$ 0,00
259;1516;585;"=""02330299000178""";GLOBALCENTER MERCANTIL LTDA;PESSOA JURIDICA;IPVA;"=""2427465122262""";"=""20260000001041""";13706586;Efetivada;06/02/2026 17:41:45;14/02/2026 06:03:32;1;1;13/02/2026;13/02/2026;Paga;R$ 4.498,67;R$ 4.498,67;R$ 4.498,67;R$ 0,00
259;1516;584;"=""02330299000178""";GLOBALCENTER MERCANTIL LTDA;PESSOA JURIDICA;IPVA;"=""2397394022249""";"=""20260000001040""";13706578;Efetivada;06/02/2026 17:41:45;14/02/2026 06:03:39;1;1;13/02/2026;13/02/2026;Paga;R$ 5.738,37;R$ 5.738,37;R$ 5.738,37;R$ 0,00
259;1516;582;"=""02330299000178""";GLOBALCENTER MERCANTIL LTDA;PESSOA JURIDICA;IPVA;"=""2370939022223""";"=""20260000001038""";13706551;Efetivada;06/02/2026 17:41:45;14/02/2026 06:03:46;1;1;13/02/2026;13/02/2026;Paga;R$ 4.383,60;R$ 4.383,60;R$ 4.383,60;R$ 0,00
1283;1516;2991;"=""02330299000178""";GLOBALCENTER MERCANTIL LTDA;PESSOA JURIDICA;IPVA;"=""2456864722283""";"=""20260000006933""";14230461;Efetivada;08/05/2026 09:47:51;15/05/2026 18:00:57;3;1;15/05/2026;15/05/2026;Paga;R$ 389,94;R$ 389,94;R$ 389,94;R$ 0,00
1283;1516;2981;"=""02330299000178""";GLOBALCENTER MERCANTIL LTDA;PESSOA JURIDICA;IPVA;"=""2391786122254""";"=""20260000006923""";14230488;Efetivada;08/05/2026 09:47:51;15/05/2026 18:01:22;3;1;15/05/2026;15/05/2026;Paga;R$ 407,58;R$ 407,58;R$ 407,58;R$ 0,00
1283;1516;2988;"=""02330299000178""";GLOBALCENTER MERCANTIL LTDA;PESSOA JURIDICA;IPVA;"=""2442976922292""";"=""20260000006930""";14230534;Efetivada;08/05/2026 09:47:51;15/05/2026 18:01:30;3;1;15/05/2026;15/05/2026;Paga;R$ 470,30;R$ 470,30;R$ 470,30;R$ 0,00
1283;1516;2990;"=""02330299000178""";GLOBALCENTER MERCANTIL LTDA;PESSOA JURIDICA;IPVA;"=""2456844122280""";"=""20260000006932""";14230542;Efetivada;08/05/2026 09:47:51;15/05/2026 18:01:38;3;1;15/05/2026;15/05/2026;Paga;R$ 389,94;R$ 389,94;R$ 389,94;R$ 0,00
1283;1516;2987;"=""02330299000178""";GLOBALCENTER MERCANTIL LTDA;PESSOA JURIDICA;IPVA;"=""2408912922275""";"=""20260000006929""";14230526;Efetivada;08/05/2026 09:47:51;15/05/2026 18:01:46;3;1;15/05/2026;15/05/2026;Paga;R$ 589,92;R$ 589,92;R$ 589,92;R$ 0,00
1283;1516;2986;"=""02330299000178""";GLOBALCENTER MERCANTIL LTDA;PESSOA JURIDICA;IPVA;"=""2398714122239""";"=""20260000006928""";14230518;Efetivada;08/05/2026 09:47:51;15/05/2026 18:01:54;3;1;15/05/2026;15/05/2026;Paga;R$ 1.081,74;R$ 1.081,74;R$ 1.081,74;R$ 0,00
1283;1516;2989;"=""02330299000178""";GLOBALCENTER MERCANTIL LTDA;PESSOA JURIDICA;IPVA;"=""2447885022257""";"=""20260000006931""";14230593;Efetivada;08/05/2026 09:47:51;15/05/2026 18:02:25;3;1;15/05/2026;15/05/2026;Paga;R$ 447,31;R$ 447,31;R$ 447,31;R$ 0,00
1283;1516;2985;"=""02330299000178""";GLOBALCENTER MERCANTIL LTDA;PESSOA JURIDICA;IPVA;"=""2397093122279""";"=""20260000006927""";14230585;Efetivada;08/05/2026 09:47:51;15/05/2026 18:02:41;3;1;15/05/2026;15/05/2026;Paga;R$ 1.081,74;R$ 1.081,74;R$ 1.081,74;R$ 0,00
1283;1516;2995;"=""02330299000178""";GLOBALCENTER MERCANTIL LTDA;PESSOA JURIDICA;IPVA;"=""2456892022215""";"=""20260000006937""";14230550;Efetivada;08/05/2026 09:47:51;15/05/2026 18:02:49;3;1;15/05/2026;15/05/2026;Paga;R$ 330,00;R$ 330,00;R$ 330,00;R$ 0,00
1283;1516;2992;"=""02330299000178""";GLOBALCENTER MERCANTIL LTDA;PESSOA JURIDICA;IPVA;"=""2456867522200""";"=""20260000006934""";14230607;Efetivada;08/05/2026 09:47:51;15/05/2026 18:02:57;3;1;15/05/2026;15/05/2026;Paga;R$ 389,94;R$ 389,94;R$ 389,94;R$ 0,00
1283;1516;2984;"=""02330299000178""";GLOBALCENTER MERCANTIL LTDA;PESSOA JURIDICA;IPVA;"=""2397092522249""";"=""20260000006926""";14230569;Efetivada;08/05/2026 09:47:51;15/05/2026 18:03:05;3;1;15/05/2026;15/05/2026;Paga;R$ 1.027,72;R$ 1.027,72;R$ 1.027,72;R$ 0,00
1283;1516;2993;"=""02330299000178""";GLOBALCENTER MERCANTIL LTDA;PESSOA JURIDICA;IPVA;"=""2456891822200""";"=""20260000006935""";14230615;Efetivada;08/05/2026 09:47:51;15/05/2026 18:03:14;3;1;15/05/2026;15/05/2026;Paga;R$ 330,00;R$ 330,00;R$ 330,00;R$ 0,00
1283;1516;2994;"=""02330299000178""";GLOBALCENTER MERCANTIL LTDA;PESSOA JURIDICA;IPVA;"=""2456891922263""";"=""20260000006936""";14230623;Efetivada;08/05/2026 09:47:51;15/05/2026 18:03:22;3;1;15/05/2026;15/05/2026;Paga;R$ 330,00;R$ 330,00;R$ 330,00;R$ 0,00
259;1516;576;"=""02330299000178""";GLOBALCENTER MERCANTIL LTDA;PESSOA JURIDICA;Pena Pecuniária;"=""4012200399700""";"=""20260000001032""";13706462;Efetivada;06/02/2026 17:41:45;14/02/2026 06:03:05;1;1;13/02/2026;13/02/2026;Paga;R$ 11.058,52;R$ 11.058,52;R$ 11.058,52;R$ 0,00
1283;1516;2982;"=""02330299000178""";GLOBALCENTER MERCANTIL LTDA;PESSOA JURIDICA;Pena Pecuniária;"=""4012200467471""";"=""20260000006924""";14230496;Efetivada;08/05/2026 09:47:51;15/05/2026 18:02:17;145;1;15/05/2026;15/05/2026;Paga;R$ 417,62;R$ 417,62;R$ 417,62;R$ 0,00
1011;1699;2197;"=""02344893164""";LUIZ CARLOS DOS SANTOS SILVA;PESSOA FISICA;IPVA;"=""2281108822214""";"=""20260000005097""";13960717;Efetivada;10/03/2026 21:49:14;23/04/2026 18:33:13;1;1;17/03/2026;17/03/2026;Paga;R$ 132,73;R$ 132,73;R$ 132,73;R$ 0,00
1011;1699;2199;"=""02344893164""";LUIZ CARLOS DOS SANTOS SILVA;PESSOA FISICA;IPVA;"=""2349125022207""";"=""20260000005099""";13960733;Efetivada;10/03/2026 21:49:14;23/04/2026 18:33:19;1;1;17/03/2026;17/03/2026;Paga;R$ 160,22;R$ 160,22;R$ 160,22;R$ 0,00
1011;1699;2200;"=""02344893164""";LUIZ CARLOS DOS SANTOS SILVA;PESSOA FISICA;IPVA;"=""2378094822251""";"=""20260000005100""";13960741;Efetivada;10/03/2026 21:49:14;23/04/2026 18:33:26;1;1;17/03/2026;17/03/2026;Paga;R$ 1.226,16;R$ 1.226,16;R$ 1.226,16;R$ 0,00
1011;1699;2198;"=""02344893164""";LUIZ CARLOS DOS SANTOS SILVA;PESSOA FISICA;IPVA;"=""2287919622215""";"=""20260000005098""";13960725;Efetivada;10/03/2026 21:49:14;23/04/2026 18:33:32;1;1;17/03/2026;17/03/2026;Paga;R$ 1.059,47;R$ 1.059,47;R$ 1.059,47;R$ 0,00
692;2203;1467;"=""02348052180""";FABIULA COSTA NEVES;PESSOA FISICA;IPVA;"=""2265914822207""";"=""20260000003117""";13858874;Efetivada;24/02/2026 19:15:48;27/02/2026 12:06:09;1;1;27/02/2026;27/02/2026;Paga;R$ 282,01;R$ 282,01;R$ 282,01;R$ 0,00
692;2203;1468;"=""02348052180""";FABIULA COSTA NEVES;PESSOA FISICA;IPVA;"=""2348027022255""";"=""20260000003118""";13858882;Efetivada;24/02/2026 19:15:48;27/02/2026 12:06:11;1;1;27/02/2026;27/02/2026;Paga;R$ 350,60;R$ 350,60;R$ 350,60;R$ 0,00
487;1237;1019;"=""02350139190""";MARIA KAROLINA FIGUEIREDO DE FARIA PEREIRA;PESSOA FISICA;IPVA;"=""2278737322217""";"=""20260000002050""";13784234;Efetivada;13/02/2026 17:45:03;14/02/2026 06:11:28;1;1;20/02/2026;13/02/2026;Paga;R$ 735,67;R$ 735,67;R$ 735,67;R$ 0,00
540;2255;1121;"=""02380280118""";JOSE HILTON PEREIRA DE SANTANA;PESSOA FISICA;IPVA;"=""2370088022219""";"=""20260000002268""";13810928;Efetivada;19/02/2026 10:39:06;19/02/2026 18:09:00;1;1;26/02/2026;19/02/2026;Paga;R$ 584,43;R$ 584,43;R$ 584,43;R$ 0,00
515;2207;1075;"=""02408845157""";DANILO BATISTA GALDINO;PESSOA FISICA;IPVA;"=""2296310122234""";"=""20260000002166""";13802623;Efetivada;18/02/2026 13:36:51;19/02/2026 18:05:44;1;1;25/02/2026;19/02/2026;Paga;R$ 81,25;R$ 81,25;R$ 81,25;R$ 0,00
515;2207;1076;"=""02408845157""";DANILO BATISTA GALDINO;PESSOA FISICA;IPVA;"=""2369034022233""";"=""20260000002167""";13802631;Efetivada;18/02/2026 13:36:51;19/02/2026 18:05:50;1;1;25/02/2026;19/02/2026;Paga;R$ 98,53;R$ 98,53;R$ 98,53;R$ 0,00
384;1370;830;"=""02435065116""";DOWGLAS MARQUES DE SANTANA;PESSOA FISICA;IPVA;"=""2324585322241""";"=""20260000001600""";13752650;Efetivada;11/02/2026 14:14:15;12/02/2026 18:06:40;10;1;18/02/2026;12/02/2026;Paga;R$ 345,78;R$ 345,78;R$ 345,78;R$ 0,00
384;1370;830;"=""02435065116""";DOWGLAS MARQUES DE SANTANA;PESSOA FISICA;IPVA;"=""2324585322241""";"=""20260000001600""";13752650;Efetivada;11/02/2026 14:14:15;12/02/2026 18:06:40;10;2;25/03/2026;19/03/2026;Paga;R$ 349,23;R$ 349,23;R$ 349,23;R$ 0,00
384;1370;830;"=""02435065116""";DOWGLAS MARQUES DE SANTANA;PESSOA FISICA;IPVA;"=""2324585322241""";"=""20260000001600""";13752650;Efetivada;11/02/2026 14:14:15;12/02/2026 18:06:40;10;3;27/04/2026;27/04/2026;Paga;R$ 349,23;R$ 353,42;R$ 353,42;R$ 0,00
384;1370;830;"=""02435065116""";DOWGLAS MARQUES DE SANTANA;PESSOA FISICA;IPVA;"=""2324585322241""";"=""20260000001600""";13752650;Efetivada;11/02/2026 14:14:15;12/02/2026 18:06:40;10;4;25/05/2026;18/05/2026;Paga;R$ 349,23;R$ 357,19;R$ 357,19;R$ 0,00
384;1370;831;"=""02435065116""";DOWGLAS MARQUES DE SANTANA;PESSOA FISICA;IPVA;"=""2335912722285""";"=""20260000001601""";13752669;Efetivada;11/02/2026 14:14:15;12/02/2026 18:06:40;13;1;18/02/2026;12/02/2026;Paga;R$ 351,96;R$ 351,96;R$ 351,96;R$ 0,00
384;1370;831;"=""02435065116""";DOWGLAS MARQUES DE SANTANA;PESSOA FISICA;IPVA;"=""2335912722285""";"=""20260000001601""";13752669;Efetivada;11/02/2026 14:14:15;12/02/2026 18:06:40;13;2;25/03/2026;19/03/2026;Paga;R$ 355,46;R$ 355,49;R$ 355,49;R$ 0,00
384;1370;831;"=""02435065116""";DOWGLAS MARQUES DE SANTANA;PESSOA FISICA;IPVA;"=""2335912722285""";"=""20260000001601""";13752669;Efetivada;11/02/2026 14:14:15;12/02/2026 18:06:40;13;3;27/04/2026;27/04/2026;Paga;R$ 355,46;R$ 359,75;R$ 359,75;R$ 0,00
384;1370;831;"=""02435065116""";DOWGLAS MARQUES DE SANTANA;PESSOA FISICA;IPVA;"=""2335912722285""";"=""20260000001601""";13752669;Efetivada;11/02/2026 14:14:15;12/02/2026 18:06:40;13;4;25/05/2026;18/05/2026;Paga;R$ 355,46;R$ 363,59;R$ 363,59;R$ 0,00
384;1370;829;"=""02435065116""";DOWGLAS MARQUES DE SANTANA;PESSOA FISICA;IPVA;"=""2178916822250""";"=""20260000001599""";13752642;Efetivada;11/02/2026 14:14:15;12/02/2026 18:06:46;11;1;18/02/2026;12/02/2026;Paga;R$ 351,30;R$ 351,30;R$ 351,30;R$ 0,00
384;1370;829;"=""02435065116""";DOWGLAS MARQUES DE SANTANA;PESSOA FISICA;IPVA;"=""2178916822250""";"=""20260000001599""";13752642;Efetivada;11/02/2026 14:14:15;12/02/2026 18:06:46;11;2;25/03/2026;19/03/2026;Paga;R$ 354,80;R$ 354,81;R$ 354,81;R$ 0,00
384;1370;829;"=""02435065116""";DOWGLAS MARQUES DE SANTANA;PESSOA FISICA;IPVA;"=""2178916822250""";"=""20260000001599""";13752642;Efetivada;11/02/2026 14:14:15;12/02/2026 18:06:46;11;3;27/04/2026;27/04/2026;Paga;R$ 354,80;R$ 359,07;R$ 359,07;R$ 0,00
384;1370;829;"=""02435065116""";DOWGLAS MARQUES DE SANTANA;PESSOA FISICA;IPVA;"=""2178916822250""";"=""20260000001599""";13752642;Efetivada;11/02/2026 14:14:15;12/02/2026 18:06:46;11;4;25/05/2026;18/05/2026;Paga;R$ 354,80;R$ 362,89;R$ 362,89;R$ 0,00
577;2353;1182;"=""02469911192""";IZAIAS DE PAULA DOS SANTOS;PESSOA FISICA;ICMS;"=""4011802480427""";"=""20260000002429""";13826360;Efetivada;20/02/2026 15:43:28;23/02/2026 12:10:37;53;1;27/02/2026;23/02/2026;Paga;R$ 334,23;R$ 334,23;R$ 334,23;R$ 0,00
577;2353;1182;"=""02469911192""";IZAIAS DE PAULA DOS SANTOS;PESSOA FISICA;ICMS;"=""4011802480427""";"=""20260000002429""";13826360;Efetivada;20/02/2026 15:43:28;23/02/2026 12:10:37;53;2;25/03/2026;13/03/2026;Paga;R$ 337,56;R$ 337,57;R$ 337,57;R$ 0,00
577;2353;1182;"=""02469911192""";IZAIAS DE PAULA DOS SANTOS;PESSOA FISICA;ICMS;"=""4011802480427""";"=""20260000002429""";13826360;Efetivada;20/02/2026 15:43:28;23/02/2026 12:10:37;53;3;27/04/2026;13/04/2026;Paga;R$ 337,56;R$ 341,62;R$ 341,62;R$ 0,00
577;2353;1182;"=""02469911192""";IZAIAS DE PAULA DOS SANTOS;PESSOA FISICA;ICMS;"=""4011802480427""";"=""20260000002429""";13826360;Efetivada;20/02/2026 15:43:28;23/02/2026 12:10:37;53;4;25/05/2026;13/05/2026;Paga;R$ 337,56;R$ 345,26;R$ 345,26;R$ 0,00
72;806;162;"=""02474356000192""";MAXIMILIANO PORTES ME;PESSOA JURIDICA;ICMS;"=""2013254511182""";"=""20260000000119""";13636219;Efetivada;03/02/2026 08:39:27;05/02/2026 12:00:20;3;2;25/03/2026;25/03/2026;Paga;R$ 390,09;R$ 390,09;R$ 390,09;R$ 0,00
72;806;162;"=""02474356000192""";MAXIMILIANO PORTES ME;PESSOA JURIDICA;ICMS;"=""2013254511182""";"=""20260000000119""";13636219;Efetivada;03/02/2026 08:39:27;05/02/2026 12:00:20;3;3;27/04/2026;27/04/2026;Paga;R$ 390,09;R$ 394,77;R$ 394,77;R$ 0,00
477;2109;994;"=""02489402102""";MARCELLA PACHECO PERES;PESSOA FISICA;IPVA;"=""2393155022210""";"=""20260000001998""";13784820;Efetivada;13/02/2026 15:31:48;14/02/2026 06:12:26;1;1;20/02/2026;13/02/2026;Paga;R$ 531,30;R$ 531,30;R$ 531,30;R$ 0,00
355;1817;763;"=""02561705331""";NILTON CARVALHO SOUSA;PESSOA FISICA;IPVA;"=""2274308222218""";"=""20260000001444""";13771779;Efetivada;10/02/2026 19:00:18;23/04/2026 18:09:56;1;1;25/02/2026;23/02/2026;Paga;R$ 394,32;R$ 394,32;R$ 394,32;R$ 0,00
355;1817;764;"=""02561705331""";NILTON CARVALHO SOUSA;PESSOA FISICA;IPVA;"=""2351687422200""";"=""20260000001445""";13771787;Efetivada;10/02/2026 19:00:18;23/04/2026 18:10:03;1;1;25/02/2026;23/02/2026;Paga;R$ 490,35;R$ 490,35;R$ 490,35;R$ 0,00
620;2426;1291;"=""02680885198""";CASSIO TEODORO FURTADO;PESSOA FISICA;IPVA;"=""2385496022244""";"=""20260000002712""";13845411;Efetivada;23/02/2026 10:32:32;25/02/2026 06:08:59;7;1;27/02/2026;24/02/2026;Paga;R$ 360,43;R$ 360,43;R$ 360,43;R$ 0,00
620;2426;1291;"=""02680885198""";CASSIO TEODORO FURTADO;PESSOA FISICA;IPVA;"=""2385496022244""";"=""20260000002712""";13845411;Efetivada;23/02/2026 10:32:32;25/02/2026 06:08:59;7;2;25/03/2026;26/03/2026;Paga;R$ 364,02;R$ 365,26;R$ 365,26;R$ 0,00
620;2426;1291;"=""02680885198""";CASSIO TEODORO FURTADO;PESSOA FISICA;IPVA;"=""2385496022244""";"=""20260000002712""";13845411;Efetivada;23/02/2026 10:32:32;25/02/2026 06:08:59;7;3;27/04/2026;11/05/2026;Paga;R$ 364,02;R$ 389,54;R$ 389,54;R$ 0,00
859;2480;1827;"=""02695406100""";RODRIGO ALVES DA SILVA;PESSOA FISICA;IPVA;"=""2394746622234""";"=""20260000004292""";13925849;Efetivada;03/03/2026 15:29:36;06/03/2026 12:09:03;3;2;27/04/2026;27/04/2026;Paga;R$ 344,28;R$ 344,30;R$ 344,30;R$ 0,00
859;2480;1827;"=""02695406100""";RODRIGO ALVES DA SILVA;PESSOA FISICA;IPVA;"=""2394746622234""";"=""20260000004292""";13925849;Efetivada;03/03/2026 15:29:36;06/03/2026 12:09:03;3;3;25/05/2026;25/05/2026;Paga;R$ 344,28;R$ 348,02;R$ 348,02;R$ 0,00
1063;3301;2364;"=""02703770693""";JUSSARA COSTA AZEVEDO;PESSOA FISICA;IPVA;"=""2394139322203""";"=""20260000005446""";13989995;Efetivada;16/03/2026 14:02:37;09/04/2026 12:50:59;1;1;23/03/2026;17/03/2026;Paga;R$ 2.011,17;R$ 2.011,17;R$ 2.011,17;R$ 0,00
749;2697;1610;"=""02706860103""";JESSIKA UELIDA DE JESUS MOTA;PESSOA FISICA;IPVA;"=""2352291322223""";"=""20260000003648""";13873733;Efetivada;26/02/2026 14:59:53;26/02/2026 18:12:27;1;1;27/02/2026;26/02/2026;Paga;R$ 1.174,21;R$ 1.174,21;R$ 1.174,21;R$ 0,00
749;2697;1609;"=""02706860103""";JESSIKA UELIDA DE JESUS MOTA;PESSOA FISICA;IPVA;"=""2262951422239""";"=""20260000003647""";13873725;Efetivada;26/02/2026 14:59:53;26/02/2026 18:12:34;1;1;27/02/2026;26/02/2026;Paga;R$ 996,70;R$ 996,70;R$ 996,70;R$ 0,00
351;1808;757;"=""02730854509""";LEONARDO NARCISO DE MORAIS;PESSOA FISICA;IPVA;"=""2181049122227""";"=""20260000001432""";13794264;Efetivada;10/02/2026 17:13:55;18/02/2026 06:10:22;1;1;18/02/2026;18/02/2026;Paga;R$ 1.745,00;R$ 1.745,00;R$ 1.745,00;R$ 0,00
351;1808;758;"=""02730854509""";LEONARDO NARCISO DE MORAIS;PESSOA FISICA;IPVA;"=""2339324322203""";"=""20260000001433""";13794256;Efetivada;10/02/2026 17:13:55;18/02/2026 06:10:29;1;1;18/02/2026;18/02/2026;Paga;R$ 1.914,37;R$ 1.914,37;R$ 1.914,37;R$ 0,00
488;2121;1020;"=""02742817166""";GUSTAVO JUNIO ELIAS RODRIGUES;PESSOA FISICA;IPVA;"=""2382350222252""";"=""20260000002052""";13784951;Efetivada;13/02/2026 18:17:57;14/02/2026 06:12:45;3;1;20/02/2026;13/02/2026;Paga;R$ 429,78;R$ 429,78;R$ 429,78;R$ 0,00
314;1698;687;"=""02749441110""";TEOTONIO RODRIGUES DE OLIVEIRA JUNIOR;PESSOA FISICA;IPVA;"=""2369280722270""";"=""20260000001276""";13757598;Efetivada;09/02/2026 21:37:30;12/02/2026 18:07:45;1;1;18/02/2026;12/02/2026;Paga;R$ 2.251,48;R$ 2.251,48;R$ 2.251,48;R$ 0,00
871;1696;1844;"=""02751424180""";EVERSON ALVES CIRQUEIRA;PESSOA FISICA;IPVA;"=""2333297322253""";"=""20260000004363""";13915207;Efetivada;04/03/2026 08:54:35;11/03/2026 18:02:34;4;1;11/03/2026;11/03/2026;Paga;R$ 339,14;R$ 339,14;R$ 339,14;R$ 0,00
871;1696;1843;"=""02751424180""";EVERSON ALVES CIRQUEIRA;PESSOA FISICA;IPVA;"=""2323033222265""";"=""20260000004362""";13915193;Efetivada;04/03/2026 08:54:35;11/03/2026 18:02:35;3;1;11/03/2026;11/03/2026;Paga;R$ 358,07;R$ 358,07;R$ 358,07;R$ 0,00
158;1229;349;"=""02806241154""";ANA LUISA SIQUEIRA;PESSOA FISICA;ITCD;"=""4012000890419""";"=""20260000000460""";13711440;Efetivada;04/02/2026 16:02:18;10/02/2026 18:05:52;1;1;11/02/2026;10/02/2026;Paga;R$ 23.649,70;R$ 23.649,70;R$ 23.649,70;R$ 0,00
1081;3317;2402;"=""02838112180""";LEIDIANE BARBOSA CHAVES;PESSOA FISICA;IPVA;"=""2305207222267""";"=""20260000005515""";14001381;Efetivada;18/03/2026 07:50:13;09/04/2026 12:51:00;1;1;25/03/2026;18/03/2026;Paga;R$ 225,56;R$ 225,56;R$ 225,56;R$ 0,00
1081;3317;2403;"=""02838112180""";LEIDIANE BARBOSA CHAVES;PESSOA FISICA;IPVA;"=""2367254522204""";"=""20260000005516""";14001390;Efetivada;18/03/2026 07:50:13;09/04/2026 12:51:00;1;1;25/03/2026;18/03/2026;Paga;R$ 276,44;R$ 276,44;R$ 276,44;R$ 0,00
630;2391;1306;"=""02841683192""";GUSTAVO FRANCISCO PEREIRA ARANTES;PESSOA FISICA;IPVA;"=""2309314322217""";"=""20260000002763""";13854569;Efetivada;23/02/2026 12:16:14;25/02/2026 06:11:56;1;1;27/02/2026;24/02/2026;Paga;R$ 603,00;R$ 603,00;R$ 603,00;R$ 0,00
691;2391;1466;"=""02841683192""";GUSTAVO FRANCISCO PEREIRA ARANTES;PESSOA FISICA;IPVA;"=""2345849722268""";"=""20260000003115""";13858823;Efetivada;24/02/2026 18:34:26;25/02/2026 12:10:30;1;1;27/02/2026;25/02/2026;Paga;R$ 708,51;R$ 708,51;R$ 708,51;R$ 0,00
1208;3525;2814;"=""02942386118""";WANDERSON LARA DE SOUZA;PESSOA FISICA;IPVA;"=""2263664422243""";"=""20260000006482""";14137143;Efetivada;14/04/2026 16:18:08;14/04/2026 18:11:41;1;1;22/04/2026;14/04/2026;Paga;R$ 173,98;R$ 173,98;R$ 173,98;R$ 0,00
1208;3525;2815;"=""02942386118""";WANDERSON LARA DE SOUZA;PESSOA FISICA;IPVA;"=""2346597622238""";"=""20260000006483""";14137151;Efetivada;14/04/2026 16:18:08;14/04/2026 18:11:47;1;1;22/04/2026;14/04/2026;Paga;R$ 210,24;R$ 210,24;R$ 210,24;R$ 0,00
166;1259;366;"=""02971940110""";LAIS ALVES GOMES RIBEIRO;PESSOA FISICA;ITCD;"=""4012100133075""";"=""20260000000496""";13751719;Efetivada;04/02/2026 16:20:45;11/02/2026 18:07:59;2;1;11/02/2026;11/02/2026;Paga;R$ 6.765,69;R$ 6.765,69;R$ 6.765,69;R$ 0,00
166;1259;366;"=""02971940110""";LAIS ALVES GOMES RIBEIRO;PESSOA FISICA;ITCD;"=""4012100133075""";"=""20260000000496""";13751719;Efetivada;04/02/2026 16:20:45;11/02/2026 18:07:59;2;2;25/03/2026;25/03/2026;Paga;R$ 6.833,34;R$ 6.833,36;R$ 6.833,36;R$ 0,00
166;1259;365;"=""02971940110""";LAIS ALVES GOMES RIBEIRO;PESSOA FISICA;ITCD;"=""4012100216957""";"=""20260000000495""";13751700;Efetivada;04/02/2026 16:20:45;11/02/2026 18:08:05;1;1;11/02/2026;11/02/2026;Paga;R$ 1.241,63;R$ 1.241,63;R$ 1.241,63;R$ 0,00
869;2920;1841;"=""02980631000140""";MARGARIDA CANDIDO SILVA E CIA LTDA;PESSOA JURIDICA;ICMS;"=""3000006043980""";"=""20260000004355""";13911430;Efetivada;04/03/2026 07:55:41;05/03/2026 06:06:42;50;2;27/04/2026;27/04/2026;Paga;R$ 337,96;R$ 337,98;R$ 337,98;R$ 0,00
869;2920;1841;"=""02980631000140""";MARGARIDA CANDIDO SILVA E CIA LTDA;PESSOA JURIDICA;ICMS;"=""3000006043980""";"=""20260000004355""";13911430;Efetivada;04/03/2026 07:55:41;05/03/2026 06:06:42;50;3;25/05/2026;27/05/2026;Paga;R$ 337,96;R$ 343,89;R$ 343,89;R$ 0,00
645;119;1335;"=""03007673000161""";COMERCIAL DE ALIMENTOS MONTEMAR LTDA;PESSOA JURIDICA;ICMS;"=""4010902421696""";"=""20260000002834""";13844610;Efetivada;24/02/2026 07:57:23;27/02/2026 18:03:14;120;1;27/02/2026;27/02/2026;Paga;R$ 2.477,19;R$ 2.477,19;R$ 2.477,19;R$ 0,00
645;119;1335;"=""03007673000161""";COMERCIAL DE ALIMENTOS MONTEMAR LTDA;PESSOA JURIDICA;ICMS;"=""4010902421696""";"=""20260000002834""";13844610;Efetivada;24/02/2026 07:57:23;27/02/2026 18:03:14;120;2;25/03/2026;25/03/2026;Paga;R$ 2.501,94;R$ 2.501,96;R$ 2.501,96;R$ 0,00
645;119;1335;"=""03007673000161""";COMERCIAL DE ALIMENTOS MONTEMAR LTDA;PESSOA JURIDICA;ICMS;"=""4010902421696""";"=""20260000002834""";13844610;Efetivada;24/02/2026 07:57:23;27/02/2026 18:03:14;120;3;27/04/2026;27/04/2026;Paga;R$ 2.501,94;R$ 2.531,94;R$ 2.531,94;R$ 0,00
645;119;1335;"=""03007673000161""";COMERCIAL DE ALIMENTOS MONTEMAR LTDA;PESSOA JURIDICA;ICMS;"=""4010902421696""";"=""20260000002834""";13844610;Efetivada;24/02/2026 07:57:23;27/02/2026 18:03:14;120;4;25/05/2026;25/05/2026;Paga;R$ 2.501,94;R$ 2.558,94;R$ 2.558,94;R$ 0,00
645;119;1333;"=""03007673000161""";COMERCIAL DE ALIMENTOS MONTEMAR LTDA;PESSOA JURIDICA;ICMS;"=""2087324500021""";"=""20260000002832""";13844598;Efetivada;24/02/2026 07:57:23;27/02/2026 18:03:15;120;1;27/02/2026;27/02/2026;Paga;R$ 2.176,72;R$ 2.176,72;R$ 2.176,72;R$ 0,00
645;119;1333;"=""03007673000161""";COMERCIAL DE ALIMENTOS MONTEMAR LTDA;PESSOA JURIDICA;ICMS;"=""2087324500021""";"=""20260000002832""";13844598;Efetivada;24/02/2026 07:57:23;27/02/2026 18:03:15;120;2;25/03/2026;25/03/2026;Paga;R$ 2.198,47;R$ 2.198,49;R$ 2.198,49;R$ 0,00
645;119;1333;"=""03007673000161""";COMERCIAL DE ALIMENTOS MONTEMAR LTDA;PESSOA JURIDICA;ICMS;"=""2087324500021""";"=""20260000002832""";13844598;Efetivada;24/02/2026 07:57:23;27/02/2026 18:03:15;120;3;27/04/2026;27/04/2026;Paga;R$ 2.198,47;R$ 2.224,82;R$ 2.224,82;R$ 0,00
645;119;1333;"=""03007673000161""";COMERCIAL DE ALIMENTOS MONTEMAR LTDA;PESSOA JURIDICA;ICMS;"=""2087324500021""";"=""20260000002832""";13844598;Efetivada;24/02/2026 07:57:23;27/02/2026 18:03:15;120;4;25/05/2026;25/05/2026;Paga;R$ 2.198,47;R$ 2.248,55;R$ 2.248,55;R$ 0,00
645;119;1334;"=""03007673000161""";COMERCIAL DE ALIMENTOS MONTEMAR LTDA;PESSOA JURIDICA;ICMS;"=""4011402731007""";"=""20260000002833""";13844601;Efetivada;24/02/2026 07:57:23;27/02/2026 18:03:22;120;1;27/02/2026;27/02/2026;Paga;R$ 2.085,66;R$ 2.085,66;R$ 2.085,66;R$ 0,00
645;119;1334;"=""03007673000161""";COMERCIAL DE ALIMENTOS MONTEMAR LTDA;PESSOA JURIDICA;ICMS;"=""4011402731007""";"=""20260000002833""";13844601;Efetivada;24/02/2026 07:57:23;27/02/2026 18:03:22;120;2;25/03/2026;25/03/2026;Paga;R$ 2.106,51;R$ 2.106,52;R$ 2.106,52;R$ 0,00
645;119;1334;"=""03007673000161""";COMERCIAL DE ALIMENTOS MONTEMAR LTDA;PESSOA JURIDICA;ICMS;"=""4011402731007""";"=""20260000002833""";13844601;Efetivada;24/02/2026 07:57:23;27/02/2026 18:03:22;120;3;27/04/2026;27/04/2026;Paga;R$ 2.106,51;R$ 2.131,75;R$ 2.131,75;R$ 0,00
645;119;1334;"=""03007673000161""";COMERCIAL DE ALIMENTOS MONTEMAR LTDA;PESSOA JURIDICA;ICMS;"=""4011402731007""";"=""20260000002833""";13844601;Efetivada;24/02/2026 07:57:23;27/02/2026 18:03:22;120;4;25/05/2026;25/05/2026;Paga;R$ 2.106,51;R$ 2.154,49;R$ 2.154,49;R$ 0,00
522;2214;1087;"=""03011931690""";MARIANGELA BERMUDEZ BORGES FLEURY;PESSOA FISICA;IPVA;"=""2394134422234""";"=""20260000002193""";13800485;Efetivada;18/02/2026 14:48:58;18/02/2026 18:09:33;1;1;25/02/2026;18/02/2026;Paga;R$ 4.571,66;R$ 4.571,66;R$ 4.571,66;R$ 0,00
525;2214;1091;"=""03011931690""";MARIANGELA BERMUDEZ BORGES FLEURY;PESSOA FISICA;IPVA;"=""2317335922206""";"=""20260000002202""";13800876;Efetivada;18/02/2026 15:06:41;26/02/2026 12:00:39;1;1;25/02/2026;25/02/2026;Paga;R$ 220,63;R$ 220,63;R$ 220,63;R$ 0,00
219;1196;488;"=""03051848140""";EDUARDO HENRIQUE DE LIMA ALVES;PESSOA FISICA;IPVA;"=""2266776222240""";"=""20260000000769""";13711784;Efetivada;06/02/2026 08:59:32;10/02/2026 12:06:43;4;1;13/02/2026;10/02/2026;Paga;R$ 330,79;R$ 330,79;R$ 330,79;R$ 0,00
219;1196;488;"=""03051848140""";EDUARDO HENRIQUE DE LIMA ALVES;PESSOA FISICA;IPVA;"=""2266776222240""";"=""20260000000769""";13711784;Efetivada;06/02/2026 08:59:32;10/02/2026 12:06:43;4;2;25/03/2026;23/03/2026;Paga;R$ 334,09;R$ 334,10;R$ 334,10;R$ 0,00
219;1196;488;"=""03051848140""";EDUARDO HENRIQUE DE LIMA ALVES;PESSOA FISICA;IPVA;"=""2266776222240""";"=""20260000000769""";13711784;Efetivada;06/02/2026 08:59:32;10/02/2026 12:06:43;4;3;27/04/2026;22/04/2026;Paga;R$ 334,09;R$ 338,10;R$ 338,10;R$ 0,00
219;1196;488;"=""03051848140""";EDUARDO HENRIQUE DE LIMA ALVES;PESSOA FISICA;IPVA;"=""2266776222240""";"=""20260000000769""";13711784;Efetivada;06/02/2026 08:59:32;10/02/2026 12:06:43;4;4;25/05/2026;22/05/2026;Paga;R$ 334,09;R$ 341,70;R$ 341,70;R$ 0,00
610;1541;1272;"=""03076333143""";TONIA NAIARA GARCIA SILVA;PESSOA FISICA;IPVA;"=""2363748722210""";"=""20260000002654""";13834339;Efetivada;23/02/2026 10:01:48;24/02/2026 12:09:36;1;1;27/02/2026;24/02/2026;Paga;R$ 1.049,20;R$ 1.049,20;R$ 1.049,20;R$ 0,00
1003;3198;2172;"=""03105627000103""";EPOKA TECIDOS LTDA EPP;PESSOA JURIDICA;ICMS;"=""3029428015640""";"=""20260000005027""";13952374;Efetivada;10/03/2026 10:28:34;09/04/2026 12:50:56;1;1;17/03/2026;16/03/2026;Paga;R$ 82.638,00;R$ 82.638,00;R$ 82.638,00;R$ 0,00
1003;3198;2173;"=""03105627000103""";EPOKA TECIDOS LTDA EPP;PESSOA JURIDICA;ICMS;"=""3034503251071""";"=""20260000005028""";13952382;Efetivada;10/03/2026 10:28:34;09/04/2026 12:50:56;1;1;17/03/2026;16/03/2026;Paga;R$ 26.913,79;R$ 26.913,79;R$ 26.913,79;R$ 0,00
1277;3783;2971;"=""03108014196""";JOSE JAMIL ANIZ GUIMARAES NETO;PESSOA FISICA;IPVA;"=""2354113322231""";"=""20260000006886""";14227614;Efetivada;07/05/2026 14:23:53;12/05/2026 12:01:27;1;1;14/05/2026;12/05/2026;Paga;R$ 184,10;R$ 184,10;R$ 184,10;R$ 0,00
100;1073;215;"=""03130197117""";DANIELA BARBOSA VIEIRA;PESSOA FISICA;IPVA;"=""2295914422227""";"=""20260000000172""";13671103;Efetivada;03/02/2026 15:01:50;11/02/2026 06:01:27;2;1;10/02/2026;10/02/2026;Paga;R$ 372,57;R$ 372,57;R$ 372,57;R$ 0,00
100;1073;215;"=""03130197117""";DANIELA BARBOSA VIEIRA;PESSOA FISICA;IPVA;"=""2295914422227""";"=""20260000000172""";13671103;Efetivada;03/02/2026 15:01:50;11/02/2026 06:01:27;2;2;25/03/2026;23/03/2026;Paga;R$ 376,28;R$ 376,30;R$ 376,30;R$ 0,00
20;21;38;"=""03131590000180"""; ULTRAWATTS MATERIAIS ELÉTRICOS LTDA ME;PESSOA JURIDICA;ICMS;"=""2033271600010""";"=""20250000000034""";13389599;Efetivada;11/12/2025 09:43:53;;145;1;18/12/2025;11/12/2025;Paga;R$ 1.832,28;R$ 1.832,28;R$ 1.832,28;R$ 0,00
20;21;38;"=""03131590000180"""; ULTRAWATTS MATERIAIS ELÉTRICOS LTDA ME;PESSOA JURIDICA;ICMS;"=""2033271600010""";"=""20250000000034""";13389599;Efetivada;11/12/2025 09:43:53;;145;2;26/01/2026;26/01/2026;Paga;R$ 1.850,59;R$ 1.850,61;R$ 1.850,61;R$ 0,00
20;21;38;"=""03131590000180"""; ULTRAWATTS MATERIAIS ELÉTRICOS LTDA ME;PESSOA JURIDICA;ICMS;"=""2033271600010""";"=""20250000000034""";13389599;Efetivada;11/12/2025 09:43:53;;145;3;25/02/2026;26/02/2026;Paga;R$ 1.850,59;R$ 1.878,04;R$ 1.878,04;R$ 0,00
20;21;38;"=""03131590000180"""; ULTRAWATTS MATERIAIS ELÉTRICOS LTDA ME;PESSOA JURIDICA;ICMS;"=""2033271600010""";"=""20250000000034""";13389599;Efetivada;11/12/2025 09:43:53;;145;4;25/03/2026;25/03/2026;Paga;R$ 1.850,59;R$ 1.890,18;R$ 1.890,18;R$ 0,00
20;21;38;"=""03131590000180"""; ULTRAWATTS MATERIAIS ELÉTRICOS LTDA ME;PESSOA JURIDICA;ICMS;"=""2033271600010""";"=""20250000000034""";13389599;Efetivada;11/12/2025 09:43:53;;145;5;27/04/2026;27/04/2026;Paga;R$ 1.850,59;R$ 1.912,35;R$ 1.912,35;R$ 0,00
20;21;38;"=""03131590000180"""; ULTRAWATTS MATERIAIS ELÉTRICOS LTDA ME;PESSOA JURIDICA;ICMS;"=""2033271600010""";"=""20250000000034""";13389599;Efetivada;11/12/2025 09:43:53;;145;6;25/05/2026;25/05/2026;Paga;R$ 1.850,59;R$ 1.932,32;R$ 1.932,32;R$ 0,00
20;21;39;"=""03131590000180"""; ULTRAWATTS MATERIAIS ELÉTRICOS LTDA ME;PESSOA JURIDICA;ICMS;"=""4011100143609""";"=""20250000000035""";13389602;Efetivada;11/12/2025 09:43:53;;145;1;18/12/2025;11/12/2025;Paga;R$ 3.619,72;R$ 3.619,72;R$ 3.619,72;R$ 0,00
20;21;39;"=""03131590000180"""; ULTRAWATTS MATERIAIS ELÉTRICOS LTDA ME;PESSOA JURIDICA;ICMS;"=""4011100143609""";"=""20250000000035""";13389602;Efetivada;11/12/2025 09:43:53;;145;2;26/01/2026;26/01/2026;Paga;R$ 3.655,91;R$ 3.655,92;R$ 3.655,92;R$ 0,00
20;21;39;"=""03131590000180"""; ULTRAWATTS MATERIAIS ELÉTRICOS LTDA ME;PESSOA JURIDICA;ICMS;"=""4011100143609""";"=""20250000000035""";13389602;Efetivada;11/12/2025 09:43:53;;145;3;25/02/2026;26/02/2026;Paga;R$ 3.655,91;R$ 3.710,11;R$ 3.710,11;R$ 0,00
20;21;39;"=""03131590000180"""; ULTRAWATTS MATERIAIS ELÉTRICOS LTDA ME;PESSOA JURIDICA;ICMS;"=""4011100143609""";"=""20250000000035""";13389602;Efetivada;11/12/2025 09:43:53;;145;4;25/03/2026;25/03/2026;Paga;R$ 3.655,91;R$ 3.734,10;R$ 3.734,10;R$ 0,00
20;21;39;"=""03131590000180"""; ULTRAWATTS MATERIAIS ELÉTRICOS LTDA ME;PESSOA JURIDICA;ICMS;"=""4011100143609""";"=""20250000000035""";13389602;Efetivada;11/12/2025 09:43:53;;145;5;27/04/2026;27/04/2026;Paga;R$ 3.655,91;R$ 3.777,90;R$ 3.777,90;R$ 0,00
20;21;39;"=""03131590000180"""; ULTRAWATTS MATERIAIS ELÉTRICOS LTDA ME;PESSOA JURIDICA;ICMS;"=""4011100143609""";"=""20250000000035""";13389602;Efetivada;11/12/2025 09:43:53;;145;6;25/05/2026;25/05/2026;Paga;R$ 3.655,91;R$ 3.817,36;R$ 3.817,36;R$ 0,00
20;21;40;"=""03131590000180"""; ULTRAWATTS MATERIAIS ELÉTRICOS LTDA ME;PESSOA JURIDICA;ICMS;"=""2035195700035""";"=""20250000000036""";13389610;Efetivada;11/12/2025 09:43:53;;145;1;18/12/2025;11/12/2025;Paga;R$ 3.418,06;R$ 3.418,06;R$ 3.418,06;R$ 0,00
20;21;40;"=""03131590000180"""; ULTRAWATTS MATERIAIS ELÉTRICOS LTDA ME;PESSOA JURIDICA;ICMS;"=""2035195700035""";"=""20250000000036""";13389610;Efetivada;11/12/2025 09:43:53;;145;2;26/01/2026;26/01/2026;Paga;R$ 3.452,23;R$ 3.452,24;R$ 3.452,24;R$ 0,00
20;21;40;"=""03131590000180"""; ULTRAWATTS MATERIAIS ELÉTRICOS LTDA ME;PESSOA JURIDICA;ICMS;"=""2035195700035""";"=""20250000000036""";13389610;Efetivada;11/12/2025 09:43:53;;145;3;25/02/2026;26/02/2026;Paga;R$ 3.452,23;R$ 3.503,42;R$ 3.503,42;R$ 0,00
20;21;40;"=""03131590000180"""; ULTRAWATTS MATERIAIS ELÉTRICOS LTDA ME;PESSOA JURIDICA;ICMS;"=""2035195700035""";"=""20250000000036""";13389610;Efetivada;11/12/2025 09:43:53;;145;4;25/03/2026;25/03/2026;Paga;R$ 3.452,23;R$ 3.526,07;R$ 3.526,07;R$ 0,00
20;21;40;"=""03131590000180"""; ULTRAWATTS MATERIAIS ELÉTRICOS LTDA ME;PESSOA JURIDICA;ICMS;"=""2035195700035""";"=""20250000000036""";13389610;Efetivada;11/12/2025 09:43:53;;145;5;27/04/2026;27/04/2026;Paga;R$ 3.452,23;R$ 3.567,43;R$ 3.567,43;R$ 0,00
20;21;40;"=""03131590000180"""; ULTRAWATTS MATERIAIS ELÉTRICOS LTDA ME;PESSOA JURIDICA;ICMS;"=""2035195700035""";"=""20250000000036""";13389610;Efetivada;11/12/2025 09:43:53;;145;6;25/05/2026;25/05/2026;Paga;R$ 3.452,23;R$ 3.604,69;R$ 3.604,69;R$ 0,00
20;21;41;"=""03131590000180"""; ULTRAWATTS MATERIAIS ELÉTRICOS LTDA ME;PESSOA JURIDICA;ICMS;"=""4011102726881""";"=""20250000000037""";13389580;Efetivada;11/12/2025 09:43:53;;145;1;18/12/2025;11/12/2025;Paga;R$ 2.826,61;R$ 2.826,61;R$ 2.826,61;R$ 0,00
20;21;41;"=""03131590000180"""; ULTRAWATTS MATERIAIS ELÉTRICOS LTDA ME;PESSOA JURIDICA;ICMS;"=""4011102726881""";"=""20250000000037""";13389580;Efetivada;11/12/2025 09:43:53;;145;2;26/01/2026;26/01/2026;Paga;R$ 2.854,86;R$ 2.854,88;R$ 2.854,88;R$ 0,00
20;21;41;"=""03131590000180"""; ULTRAWATTS MATERIAIS ELÉTRICOS LTDA ME;PESSOA JURIDICA;ICMS;"=""4011102726881""";"=""20250000000037""";13389580;Efetivada;11/12/2025 09:43:53;;145;3;25/02/2026;26/02/2026;Paga;R$ 2.854,86;R$ 2.897,19;R$ 2.897,19;R$ 0,00
20;21;41;"=""03131590000180"""; ULTRAWATTS MATERIAIS ELÉTRICOS LTDA ME;PESSOA JURIDICA;ICMS;"=""4011102726881""";"=""20250000000037""";13389580;Efetivada;11/12/2025 09:43:53;;145;4;25/03/2026;25/03/2026;Paga;R$ 2.854,86;R$ 2.915,93;R$ 2.915,93;R$ 0,00
20;21;41;"=""03131590000180"""; ULTRAWATTS MATERIAIS ELÉTRICOS LTDA ME;PESSOA JURIDICA;ICMS;"=""4011102726881""";"=""20250000000037""";13389580;Efetivada;11/12/2025 09:43:53;;145;5;27/04/2026;27/04/2026;Paga;R$ 2.854,86;R$ 2.950,13;R$ 2.950,13;R$ 0,00
20;21;41;"=""03131590000180"""; ULTRAWATTS MATERIAIS ELÉTRICOS LTDA ME;PESSOA JURIDICA;ICMS;"=""4011102726881""";"=""20250000000037""";13389580;Efetivada;11/12/2025 09:43:53;;145;6;25/05/2026;25/05/2026;Paga;R$ 2.854,86;R$ 2.980,94;R$ 2.980,94;R$ 0,00
468;1510;973;"=""03143492000839""";VIAÇÃO XAVANTE LTDA;PESSOA JURIDICA;ICMS;"=""4011502436708""";"=""20260000001955""";13803719;Efetivada;13/02/2026 12:07:13;19/02/2026 18:06:49;120;1;20/02/2026;19/02/2026;Paga;R$ 576,07;R$ 576,07;R$ 576,07;R$ 0,00
468;1510;973;"=""03143492000839""";VIAÇÃO XAVANTE LTDA;PESSOA JURIDICA;ICMS;"=""4011502436708""";"=""20260000001955""";13803719;Efetivada;13/02/2026 12:07:13;19/02/2026 18:06:49;120;2;25/03/2026;25/03/2026;Paga;R$ 581,82;R$ 581,83;R$ 581,83;R$ 0,00
468;1510;973;"=""03143492000839""";VIAÇÃO XAVANTE LTDA;PESSOA JURIDICA;ICMS;"=""4011502436708""";"=""20260000001955""";13803719;Efetivada;13/02/2026 12:07:13;19/02/2026 18:06:49;120;3;27/04/2026;27/04/2026;Paga;R$ 581,82;R$ 588,80;R$ 588,80;R$ 0,00
468;1510;973;"=""03143492000839""";VIAÇÃO XAVANTE LTDA;PESSOA JURIDICA;ICMS;"=""4011502436708""";"=""20260000001955""";13803719;Efetivada;13/02/2026 12:07:13;19/02/2026 18:06:49;120;4;25/05/2026;21/05/2026;Paga;R$ 581,82;R$ 595,08;R$ 595,08;R$ 0,00
468;1510;974;"=""03143492000839""";VIAÇÃO XAVANTE LTDA;PESSOA JURIDICA;ICMS;"=""4011503697556""";"=""20260000001956""";13803727;Efetivada;13/02/2026 12:07:13;19/02/2026 18:06:50;84;1;20/02/2026;19/02/2026;Paga;R$ 331,80;R$ 331,80;R$ 331,80;R$ 0,00
468;1510;974;"=""03143492000839""";VIAÇÃO XAVANTE LTDA;PESSOA JURIDICA;ICMS;"=""4011503697556""";"=""20260000001956""";13803727;Efetivada;13/02/2026 12:07:13;19/02/2026 18:06:50;84;2;25/03/2026;25/03/2026;Paga;R$ 335,11;R$ 335,12;R$ 335,12;R$ 0,00
468;1510;974;"=""03143492000839""";VIAÇÃO XAVANTE LTDA;PESSOA JURIDICA;ICMS;"=""4011503697556""";"=""20260000001956""";13803727;Efetivada;13/02/2026 12:07:13;19/02/2026 18:06:50;84;3;27/04/2026;27/04/2026;Paga;R$ 335,11;R$ 339,14;R$ 339,14;R$ 0,00
468;1510;974;"=""03143492000839""";VIAÇÃO XAVANTE LTDA;PESSOA JURIDICA;ICMS;"=""4011503697556""";"=""20260000001956""";13803727;Efetivada;13/02/2026 12:07:13;19/02/2026 18:06:50;84;4;25/05/2026;19/05/2026;Paga;R$ 335,11;R$ 342,75;R$ 342,75;R$ 0,00
468;1510;975;"=""03143492000839""";VIAÇÃO XAVANTE LTDA;PESSOA JURIDICA;ICMS;"=""2087314300089""";"=""20260000001957""";13803735;Efetivada;13/02/2026 12:07:13;19/02/2026 18:06:56;78;1;20/02/2026;19/02/2026;Paga;R$ 333,10;R$ 333,10;R$ 333,10;R$ 0,00
468;1510;975;"=""03143492000839""";VIAÇÃO XAVANTE LTDA;PESSOA JURIDICA;ICMS;"=""2087314300089""";"=""20260000001957""";13803735;Efetivada;13/02/2026 12:07:13;19/02/2026 18:06:56;78;2;25/03/2026;25/03/2026;Paga;R$ 336,42;R$ 336,43;R$ 336,43;R$ 0,00
468;1510;975;"=""03143492000839""";VIAÇÃO XAVANTE LTDA;PESSOA JURIDICA;ICMS;"=""2087314300089""";"=""20260000001957""";13803735;Efetivada;13/02/2026 12:07:13;19/02/2026 18:06:56;78;3;27/04/2026;27/04/2026;Paga;R$ 336,42;R$ 340,46;R$ 340,46;R$ 0,00
468;1510;975;"=""03143492000839""";VIAÇÃO XAVANTE LTDA;PESSOA JURIDICA;ICMS;"=""2087314300089""";"=""20260000001957""";13803735;Efetivada;13/02/2026 12:07:13;19/02/2026 18:06:56;78;4;25/05/2026;19/05/2026;Paga;R$ 336,42;R$ 344,09;R$ 344,09;R$ 0,00
468;1510;976;"=""03143492000839""";VIAÇÃO XAVANTE LTDA;PESSOA JURIDICA;ICMS;"=""4011500862491""";"=""20260000001958""";13803778;Efetivada;13/02/2026 12:07:13;19/02/2026 18:06:56;56;1;20/02/2026;19/02/2026;Paga;R$ 331,60;R$ 331,60;R$ 331,60;R$ 0,00
468;1510;976;"=""03143492000839""";VIAÇÃO XAVANTE LTDA;PESSOA JURIDICA;ICMS;"=""4011500862491""";"=""20260000001958""";13803778;Efetivada;13/02/2026 12:07:13;19/02/2026 18:06:56;56;2;25/03/2026;25/03/2026;Paga;R$ 334,90;R$ 334,91;R$ 334,91;R$ 0,00
468;1510;976;"=""03143492000839""";VIAÇÃO XAVANTE LTDA;PESSOA JURIDICA;ICMS;"=""4011500862491""";"=""20260000001958""";13803778;Efetivada;13/02/2026 12:07:13;19/02/2026 18:06:56;56;3;27/04/2026;27/04/2026;Paga;R$ 334,90;R$ 338,93;R$ 338,93;R$ 0,00
468;1510;976;"=""03143492000839""";VIAÇÃO XAVANTE LTDA;PESSOA JURIDICA;ICMS;"=""4011500862491""";"=""20260000001958""";13803778;Efetivada;13/02/2026 12:07:13;19/02/2026 18:06:56;56;4;25/05/2026;19/05/2026;Paga;R$ 334,90;R$ 342,54;R$ 342,54;R$ 0,00
468;1510;978;"=""03143492000839""";VIAÇÃO XAVANTE LTDA;PESSOA JURIDICA;ICMS;"=""4011500364467""";"=""20260000001960""";13803743;Efetivada;13/02/2026 12:07:13;19/02/2026 18:07:03;52;1;20/02/2026;19/02/2026;Paga;R$ 335,16;R$ 335,16;R$ 335,16;R$ 0,00
468;1510;978;"=""03143492000839""";VIAÇÃO XAVANTE LTDA;PESSOA JURIDICA;ICMS;"=""4011500364467""";"=""20260000001960""";13803743;Efetivada;13/02/2026 12:07:13;19/02/2026 18:07:03;52;2;25/03/2026;25/03/2026;Paga;R$ 338,49;R$ 338,51;R$ 338,51;R$ 0,00
468;1510;978;"=""03143492000839""";VIAÇÃO XAVANTE LTDA;PESSOA JURIDICA;ICMS;"=""4011500364467""";"=""20260000001960""";13803743;Efetivada;13/02/2026 12:07:13;19/02/2026 18:07:03;52;3;27/04/2026;27/04/2026;Paga;R$ 338,49;R$ 342,56;R$ 342,56;R$ 0,00
468;1510;978;"=""03143492000839""";VIAÇÃO XAVANTE LTDA;PESSOA JURIDICA;ICMS;"=""4011500364467""";"=""20260000001960""";13803743;Efetivada;13/02/2026 12:07:13;19/02/2026 18:07:03;52;4;25/05/2026;21/05/2026;Paga;R$ 338,49;R$ 346,22;R$ 346,22;R$ 0,00
468;1510;979;"=""03143492000839""";VIAÇÃO XAVANTE LTDA;PESSOA JURIDICA;ICMS;"=""2088586200040""";"=""20260000001961""";13803751;Efetivada;13/02/2026 12:07:13;19/02/2026 18:07:03;38;1;20/02/2026;19/02/2026;Paga;R$ 338,48;R$ 338,48;R$ 338,48;R$ 0,00
468;1510;979;"=""03143492000839""";VIAÇÃO XAVANTE LTDA;PESSOA JURIDICA;ICMS;"=""2088586200040""";"=""20260000001961""";13803751;Efetivada;13/02/2026 12:07:13;19/02/2026 18:07:03;38;2;25/03/2026;25/03/2026;Paga;R$ 341,84;R$ 341,87;R$ 341,87;R$ 0,00
468;1510;980;"=""03143492000839""";VIAÇÃO XAVANTE LTDA;PESSOA JURIDICA;ICMS;"=""4011400214463""";"=""20260000001962""";13803794;Efetivada;13/02/2026 12:07:13;19/02/2026 18:07:09;102;1;20/02/2026;19/02/2026;Paga;R$ 618,68;R$ 618,68;R$ 618,68;R$ 0,00
468;1510;980;"=""03143492000839""";VIAÇÃO XAVANTE LTDA;PESSOA JURIDICA;ICMS;"=""4011400214463""";"=""20260000001962""";13803794;Efetivada;13/02/2026 12:07:13;19/02/2026 18:07:09;102;2;25/03/2026;25/03/2026;Paga;R$ 624,84;R$ 624,86;R$ 624,86;R$ 0,00
468;1510;980;"=""03143492000839""";VIAÇÃO XAVANTE LTDA;PESSOA JURIDICA;ICMS;"=""4011400214463""";"=""20260000001962""";13803794;Efetivada;13/02/2026 12:07:13;19/02/2026 18:07:09;102;3;27/04/2026;27/04/2026;Paga;R$ 624,84;R$ 632,35;R$ 632,35;R$ 0,00
468;1510;980;"=""03143492000839""";VIAÇÃO XAVANTE LTDA;PESSOA JURIDICA;ICMS;"=""4011400214463""";"=""20260000001962""";13803794;Efetivada;13/02/2026 12:07:13;19/02/2026 18:07:09;102;4;25/05/2026;21/05/2026;Paga;R$ 624,84;R$ 639,10;R$ 639,10;R$ 0,00
468;1510;977;"=""03143492000839""";VIAÇÃO XAVANTE LTDA;PESSOA JURIDICA;ICMS;"=""2087170300060""";"=""20260000001959""";13803786;Efetivada;13/02/2026 12:07:13;19/02/2026 18:07:10;79;1;20/02/2026;19/02/2026;Paga;R$ 333,35;R$ 333,35;R$ 333,35;R$ 0,00
468;1510;977;"=""03143492000839""";VIAÇÃO XAVANTE LTDA;PESSOA JURIDICA;ICMS;"=""2087170300060""";"=""20260000001959""";13803786;Efetivada;13/02/2026 12:07:13;19/02/2026 18:07:10;79;2;25/03/2026;25/03/2026;Paga;R$ 336,66;R$ 336,68;R$ 336,68;R$ 0,00
468;1510;977;"=""03143492000839""";VIAÇÃO XAVANTE LTDA;PESSOA JURIDICA;ICMS;"=""2087170300060""";"=""20260000001959""";13803786;Efetivada;13/02/2026 12:07:13;19/02/2026 18:07:10;79;3;27/04/2026;27/04/2026;Paga;R$ 336,66;R$ 340,72;R$ 340,72;R$ 0,00
468;1510;977;"=""03143492000839""";VIAÇÃO XAVANTE LTDA;PESSOA JURIDICA;ICMS;"=""2087170300060""";"=""20260000001959""";13803786;Efetivada;13/02/2026 12:07:13;19/02/2026 18:07:10;79;4;25/05/2026;21/05/2026;Paga;R$ 336,66;R$ 344,35;R$ 344,35;R$ 0,00
468;1510;981;"=""03143492000839""";VIAÇÃO XAVANTE LTDA;PESSOA JURIDICA;ICMS;"=""2096764800006""";"=""20260000001963""";13803760;Efetivada;13/02/2026 12:07:13;19/02/2026 18:07:16;110;1;20/02/2026;19/02/2026;Paga;R$ 430,24;R$ 430,24;R$ 430,24;R$ 0,00
468;1510;981;"=""03143492000839""";VIAÇÃO XAVANTE LTDA;PESSOA JURIDICA;ICMS;"=""2096764800006""";"=""20260000001963""";13803760;Efetivada;13/02/2026 12:07:13;19/02/2026 18:07:16;110;2;25/03/2026;25/03/2026;Paga;R$ 434,52;R$ 434,54;R$ 434,54;R$ 0,00
468;1510;981;"=""03143492000839""";VIAÇÃO XAVANTE LTDA;PESSOA JURIDICA;ICMS;"=""2096764800006""";"=""20260000001963""";13803760;Efetivada;13/02/2026 12:07:13;19/02/2026 18:07:16;110;3;27/04/2026;27/04/2026;Paga;R$ 434,52;R$ 439,74;R$ 439,74;R$ 0,00
468;1510;981;"=""03143492000839""";VIAÇÃO XAVANTE LTDA;PESSOA JURIDICA;ICMS;"=""2096764800006""";"=""20260000001963""";13803760;Efetivada;13/02/2026 12:07:13;19/02/2026 18:07:16;110;4;25/05/2026;19/05/2026;Paga;R$ 434,52;R$ 444,44;R$ 444,44;R$ 0,00
1295;1510;3019;"=""03143492000839""";VIAÇÃO XAVANTE LTDA;PESSOA JURIDICA;IPVA;"=""2073154022299""";"=""20260000006999""";14250250;Efetivada;13/05/2026 13:02:54;20/05/2026 18:00:33;1;1;20/05/2026;20/05/2026;Paga;R$ 559,15;R$ 559,15;R$ 559,15;R$ 0,00
1295;1510;3021;"=""03143492000839""";VIAÇÃO XAVANTE LTDA;PESSOA JURIDICA;IPVA;"=""2346449822220""";"=""20260000007001""";14250233;Efetivada;13/05/2026 13:02:54;20/05/2026 18:00:40;1;1;20/05/2026;20/05/2026;Paga;R$ 764,37;R$ 764,37;R$ 764,37;R$ 0,00
1295;1510;3020;"=""03143492000839""";VIAÇÃO XAVANTE LTDA;PESSOA JURIDICA;IPVA;"=""2274709822208""";"=""20260000007000""";14250268;Efetivada;13/05/2026 13:02:54;20/05/2026 18:00:47;1;1;20/05/2026;20/05/2026;Paga;R$ 548,87;R$ 548,87;R$ 548,87;R$ 0,00
1295;1510;3018;"=""03143492000839""";VIAÇÃO XAVANTE LTDA;PESSOA JURIDICA;IPVA;"=""2019111822264""";"=""20260000006998""";14250241;Efetivada;13/05/2026 13:02:54;20/05/2026 18:00:53;1;1;20/05/2026;20/05/2026;Paga;R$ 561,74;R$ 561,74;R$ 561,74;R$ 0,00
780;2767;1659;"=""03196033180""";THAISE ALMEIDA DA MATA;PESSOA FISICA;IPVA;"=""2289398722299""";"=""20260000003789""";13883895;Efetivada;27/02/2026 15:21:45;27/02/2026 18:11:16;1;1;27/02/2026;27/02/2026;Paga;R$ 868,85;R$ 868,85;R$ 868,85;R$ 0,00
780;2767;1660;"=""03196033180""";THAISE ALMEIDA DA MATA;PESSOA FISICA;IPVA;"=""2342081622215""";"=""20260000003790""";13883909;Efetivada;27/02/2026 15:21:45;27/02/2026 18:11:17;1;1;27/02/2026;27/02/2026;Paga;R$ 1.113,34;R$ 1.113,34;R$ 1.113,34;R$ 0,00
179;1186;390;"=""03211964142""";THALES GEOVANE COSTA PEQUENO;PESSOA FISICA;IPVA;"=""2288178722240""";"=""20260000000558""";13692682;Efetivada;05/02/2026 10:24:58;13/02/2026 06:02:46;4;1;12/02/2026;12/02/2026;Paga;R$ 332,66;R$ 332,66;R$ 332,66;R$ 0,00
179;1186;390;"=""03211964142""";THALES GEOVANE COSTA PEQUENO;PESSOA FISICA;IPVA;"=""2288178722240""";"=""20260000000558""";13692682;Efetivada;05/02/2026 10:24:58;13/02/2026 06:02:46;4;2;25/03/2026;23/02/2026;Paga;R$ 335,98;R$ 332,67;R$ 332,67;R$ 0,00
179;1186;390;"=""03211964142""";THALES GEOVANE COSTA PEQUENO;PESSOA FISICA;IPVA;"=""2288178722240""";"=""20260000000558""";13692682;Efetivada;05/02/2026 10:24:58;13/02/2026 06:02:46;4;3;27/04/2026;27/02/2026;Paga;R$ 335,98;R$ 332,67;R$ 332,67;R$ 0,00
179;1186;390;"=""03211964142""";THALES GEOVANE COSTA PEQUENO;PESSOA FISICA;IPVA;"=""2288178722240""";"=""20260000000558""";13692682;Efetivada;05/02/2026 10:24:58;13/02/2026 06:02:46;4;4;25/05/2026;23/02/2026;Paga;R$ 335,98;R$ 332,67;R$ 332,67;R$ 0,00
181;1186;395;"=""03211964142""";THALES GEOVANE COSTA PEQUENO;PESSOA FISICA;IPVA;"=""2342113022250""";"=""20260000000571""";13692690;Efetivada;05/02/2026 10:31:55;13/02/2026 06:02:46;4;1;12/02/2026;12/02/2026;Paga;R$ 406,28;R$ 406,28;R$ 406,28;R$ 0,00
181;1186;395;"=""03211964142""";THALES GEOVANE COSTA PEQUENO;PESSOA FISICA;IPVA;"=""2342113022250""";"=""20260000000571""";13692690;Efetivada;05/02/2026 10:31:55;13/02/2026 06:02:46;4;2;25/03/2026;23/02/2026;Paga;R$ 410,33;R$ 406,28;R$ 406,28;R$ 0,00
181;1186;395;"=""03211964142""";THALES GEOVANE COSTA PEQUENO;PESSOA FISICA;IPVA;"=""2342113022250""";"=""20260000000571""";13692690;Efetivada;05/02/2026 10:31:55;13/02/2026 06:02:46;4;3;27/04/2026;23/02/2026;Paga;R$ 410,33;R$ 406,28;R$ 406,28;R$ 0,00
181;1186;395;"=""03211964142""";THALES GEOVANE COSTA PEQUENO;PESSOA FISICA;IPVA;"=""2342113022250""";"=""20260000000571""";13692690;Efetivada;05/02/2026 10:31:55;13/02/2026 06:02:46;4;4;25/05/2026;23/02/2026;Paga;R$ 410,33;R$ 406,28;R$ 406,28;R$ 0,00
480;744;998;"=""03219010105""";TAYNARA STIVAL GUERREIRO;PESSOA FISICA;ITCD;"=""4011802891133""";"=""20260000002006""";13782517;Efetivada;13/02/2026 15:52:46;20/02/2026 12:02:24;60;1;20/02/2026;20/02/2026;Paga;R$ 563,39;R$ 563,39;R$ 563,39;R$ 0,00
480;744;998;"=""03219010105""";TAYNARA STIVAL GUERREIRO;PESSOA FISICA;ITCD;"=""4011802891133""";"=""20260000002006""";13782517;Efetivada;13/02/2026 15:52:46;20/02/2026 12:02:24;60;2;25/03/2026;25/03/2026;Paga;R$ 569,02;R$ 569,02;R$ 569,02;R$ 0,00
480;744;998;"=""03219010105""";TAYNARA STIVAL GUERREIRO;PESSOA FISICA;ITCD;"=""4011802891133""";"=""20260000002006""";13782517;Efetivada;13/02/2026 15:52:46;20/02/2026 12:02:24;60;3;27/04/2026;27/04/2026;Paga;R$ 569,02;R$ 575,84;R$ 575,84;R$ 0,00
480;744;998;"=""03219010105""";TAYNARA STIVAL GUERREIRO;PESSOA FISICA;ITCD;"=""4011802891133""";"=""20260000002006""";13782517;Efetivada;13/02/2026 15:52:46;20/02/2026 12:02:24;60;4;25/05/2026;29/05/2026;Paga;R$ 569,02;R$ 589,66;R$ 589,66;R$ 0,00
1037;2910;2285;"=""03219650000110""";A E LOCADORA LTDA ;PESSOA JURIDICA;IPVA;"=""2278788822217""";"=""20260000005270""";13968610;Efetivada;11/03/2026 18:04:28;13/03/2026 12:10:32;3;1;18/03/2026;13/03/2026;Paga;R$ 432,12;R$ 432,12;R$ 432,12;R$ 0,00
1037;2910;2286;"=""03219650000110""";A E LOCADORA LTDA ;PESSOA JURIDICA;IPVA;"=""2378528122238""";"=""20260000005271""";13968602;Efetivada;11/03/2026 18:04:28;13/03/2026 12:10:39;5;1;18/03/2026;13/03/2026;Paga;R$ 349,94;R$ 349,94;R$ 349,94;R$ 0,00
125;1158;275;"=""03221758103""";TAYNA MARTINS PINHEIRO;PESSOA FISICA;IPVA;"=""2098978922206""";"=""20260000000255""";13681877;Efetivada;03/02/2026 21:32:05;10/02/2026 18:02:41;2;1;10/02/2026;10/02/2026;Paga;R$ 442,77;R$ 442,77;R$ 442,77;R$ 0,00
125;1158;275;"=""03221758103""";TAYNA MARTINS PINHEIRO;PESSOA FISICA;IPVA;"=""2098978922206""";"=""20260000000255""";13681877;Efetivada;03/02/2026 21:32:05;10/02/2026 18:02:41;2;2;25/03/2026;25/03/2026;Paga;R$ 447,19;R$ 447,22;R$ 447,22;R$ 0,00
125;1158;276;"=""03221758103""";TAYNA MARTINS PINHEIRO;PESSOA FISICA;IPVA;"=""2101601822205""";"=""20260000000256""";13681885;Efetivada;03/02/2026 21:32:05;10/02/2026 18:02:41;2;1;10/02/2026;10/02/2026;Paga;R$ 464,60;R$ 464,60;R$ 464,60;R$ 0,00
125;1158;276;"=""03221758103""";TAYNA MARTINS PINHEIRO;PESSOA FISICA;IPVA;"=""2101601822205""";"=""20260000000256""";13681885;Efetivada;03/02/2026 21:32:05;10/02/2026 18:02:41;2;2;25/03/2026;25/03/2026;Paga;R$ 469,24;R$ 469,25;R$ 469,25;R$ 0,00
125;1158;278;"=""03221758103""";TAYNA MARTINS PINHEIRO;PESSOA FISICA;IPVA;"=""2381325022247""";"=""20260000000258""";13681907;Efetivada;03/02/2026 21:32:05;10/02/2026 18:02:47;3;1;10/02/2026;10/02/2026;Paga;R$ 340,84;R$ 340,84;R$ 340,84;R$ 0,00
125;1158;278;"=""03221758103""";TAYNA MARTINS PINHEIRO;PESSOA FISICA;IPVA;"=""2381325022247""";"=""20260000000258""";13681907;Efetivada;03/02/2026 21:32:05;10/02/2026 18:02:47;3;2;25/03/2026;25/03/2026;Paga;R$ 344,23;R$ 344,26;R$ 344,26;R$ 0,00
125;1158;278;"=""03221758103""";TAYNA MARTINS PINHEIRO;PESSOA FISICA;IPVA;"=""2381325022247""";"=""20260000000258""";13681907;Efetivada;03/02/2026 21:32:05;10/02/2026 18:02:47;3;3;27/04/2026;11/05/2026;Paga;R$ 344,23;R$ 368,37;R$ 368,37;R$ 0,00
125;1158;277;"=""03221758103""";TAYNA MARTINS PINHEIRO;PESSOA FISICA;IPVA;"=""2307275622280""";"=""20260000000257""";13681893;Efetivada;03/02/2026 21:32:05;10/02/2026 18:02:48;2;1;10/02/2026;10/02/2026;Paga;R$ 403,36;R$ 403,36;R$ 403,36;R$ 0,00
125;1158;277;"=""03221758103""";TAYNA MARTINS PINHEIRO;PESSOA FISICA;IPVA;"=""2307275622280""";"=""20260000000257""";13681893;Efetivada;03/02/2026 21:32:05;10/02/2026 18:02:48;2;2;25/03/2026;25/03/2026;Paga;R$ 407,38;R$ 407,40;R$ 407,40;R$ 0,00
727;1927;1573;"=""03266960165""";CAUARA WEISS LIMA;PESSOA FISICA;IPVA;"=""2317325022288""";"=""20260000003427""";13866109;Efetivada;25/02/2026 15:25:31;28/02/2026 06:04:44;1;1;27/02/2026;27/02/2026;Paga;R$ 209,83;R$ 209,83;R$ 209,83;R$ 0,00
727;1927;1574;"=""03266960165""";CAUARA WEISS LIMA;PESSOA FISICA;IPVA;"=""2390383322206""";"=""20260000003428""";13866117;Efetivada;25/02/2026 15:25:31;28/02/2026 06:04:49;1;1;27/02/2026;27/02/2026;Paga;R$ 270,51;R$ 270,51;R$ 270,51;R$ 0,00
549;2264;1133;"=""03359455118""";WAGNER VINICIUS CUNHA;PESSOA FISICA;IPVA;"=""2354606822240""";"=""20260000002301""";13811517;Efetivada;19/02/2026 13:56:10;20/02/2026 18:05:52;1;1;26/02/2026;20/02/2026;Paga;R$ 1.542,84;R$ 1.542,84;R$ 1.542,84;R$ 0,00
991;3179;2155;"=""03396389158""";PABLO GABRIEL PEREIRA DIAS;PESSOA FISICA;IPVA;"=""2328327322233""";"=""20260000004979""";13958518;Efetivada;09/03/2026 17:01:53;23/04/2026 18:33:06;1;1;16/03/2026;11/03/2026;Paga;R$ 1.183,42;R$ 1.183,42;R$ 1.183,42;R$ 0,00
399;1741;850;"=""03437138618""";CLEITON FERREIRA DA SILVA;PESSOA FISICA;IPVA;"=""2328744022215""";"=""20260000001641""";13757989;Efetivada;11/02/2026 20:10:16;13/02/2026 06:07:38;4;1;18/02/2026;12/02/2026;Paga;R$ 393,92;R$ 393,92;R$ 393,92;R$ 0,00
399;1741;850;"=""03437138618""";CLEITON FERREIRA DA SILVA;PESSOA FISICA;IPVA;"=""2328744022215""";"=""20260000001641""";13757989;Efetivada;11/02/2026 20:10:16;13/02/2026 06:07:38;4;2;25/03/2026;11/03/2026;Paga;R$ 397,85;R$ 397,86;R$ 397,86;R$ 0,00
399;1741;850;"=""03437138618""";CLEITON FERREIRA DA SILVA;PESSOA FISICA;IPVA;"=""2328744022215""";"=""20260000001641""";13757989;Efetivada;11/02/2026 20:10:16;13/02/2026 06:07:38;4;4;25/05/2026;13/05/2026;Paga;R$ 397,85;R$ 406,92;R$ 406,92;R$ 0,00
399;1741;851;"=""03437138618""";CLEITON FERREIRA DA SILVA;PESSOA FISICA;IPVA;"=""2337415322200""";"=""20260000001642""";13757970;Efetivada;11/02/2026 20:10:16;13/02/2026 06:07:38;6;1;18/02/2026;12/02/2026;Paga;R$ 365,72;R$ 365,72;R$ 365,72;R$ 0,00
399;1741;851;"=""03437138618""";CLEITON FERREIRA DA SILVA;PESSOA FISICA;IPVA;"=""2337415322200""";"=""20260000001642""";13757970;Efetivada;11/02/2026 20:10:16;13/02/2026 06:07:38;6;2;25/03/2026;11/03/2026;Paga;R$ 369,37;R$ 369,38;R$ 369,38;R$ 0,00
399;1741;851;"=""03437138618""";CLEITON FERREIRA DA SILVA;PESSOA FISICA;IPVA;"=""2337415322200""";"=""20260000001642""";13757970;Efetivada;11/02/2026 20:10:16;13/02/2026 06:07:38;6;4;25/05/2026;14/05/2026;Paga;R$ 369,37;R$ 377,80;R$ 377,80;R$ 0,00
53;809;115;"=""03508176185""";DANILO VIEIRA LIMA;PESSOA FISICA;IPVA;"=""2347312922244""";"=""20260000000072""";13712810;Efetivada;02/02/2026 16:59:48;09/02/2026 12:10:39;15;2;25/03/2026;16/03/2026;Paga;R$ 487,73;R$ 487,74;R$ 487,74;R$ 0,00
53;809;115;"=""03508176185""";DANILO VIEIRA LIMA;PESSOA FISICA;IPVA;"=""2347312922244""";"=""20260000000072""";13712810;Efetivada;02/02/2026 16:59:48;09/02/2026 12:10:39;15;3;27/04/2026;17/04/2026;Paga;R$ 487,73;R$ 493,58;R$ 493,58;R$ 0,00
53;809;115;"=""03508176185""";DANILO VIEIRA LIMA;PESSOA FISICA;IPVA;"=""2347312922244""";"=""20260000000072""";13712810;Efetivada;02/02/2026 16:59:48;09/02/2026 12:10:39;15;4;25/05/2026;18/05/2026;Paga;R$ 487,73;R$ 498,85;R$ 498,85;R$ 0,00
53;809;114;"=""03508176185""";DANILO VIEIRA LIMA;PESSOA FISICA;IPVA;"=""2275992122207""";"=""20260000000071""";13712829;Efetivada;02/02/2026 16:59:48;09/02/2026 12:10:40;15;2;25/03/2026;16/03/2026;Paga;R$ 353,42;R$ 353,43;R$ 353,43;R$ 0,00
53;809;114;"=""03508176185""";DANILO VIEIRA LIMA;PESSOA FISICA;IPVA;"=""2275992122207""";"=""20260000000071""";13712829;Efetivada;02/02/2026 16:59:48;09/02/2026 12:10:40;15;3;27/04/2026;17/04/2026;Paga;R$ 353,42;R$ 357,66;R$ 357,66;R$ 0,00
53;809;114;"=""03508176185""";DANILO VIEIRA LIMA;PESSOA FISICA;IPVA;"=""2275992122207""";"=""20260000000071""";13712829;Efetivada;02/02/2026 16:59:48;09/02/2026 12:10:40;15;4;25/05/2026;18/05/2026;Paga;R$ 353,42;R$ 361,48;R$ 361,48;R$ 0,00
538;2252;1117;"=""03517512117""";BEATRIZ SILVA INACIO;PESSOA FISICA;IPVA;"=""2337763622230""";"=""20260000002260""";13808494;Efetivada;19/02/2026 10:26:44;24/02/2026 18:04:22;1;1;26/02/2026;24/02/2026;Paga;R$ 4.888,17;R$ 4.888,17;R$ 4.888,17;R$ 0,00
712;2621;1513;"=""03565440000184""";AGROVALE MECANIZACAO AGRICOLA LTDA - ME;PESSOA JURIDICA;IPVA;"=""2027465022211""";"=""20260000003300""";13861000;Efetivada;25/02/2026 12:32:44;26/02/2026 12:08:29;2;1;27/02/2026;26/02/2026;Paga;R$ 1.128,70;R$ 1.128,70;R$ 1.128,70;R$ 0,00
712;2621;1513;"=""03565440000184""";AGROVALE MECANIZACAO AGRICOLA LTDA - ME;PESSOA JURIDICA;IPVA;"=""2027465022211""";"=""20260000003300""";13861000;Efetivada;25/02/2026 12:32:44;26/02/2026 12:08:29;2;2;25/03/2026;16/03/2026;Paga;R$ 1.139,98;R$ 1.140,00;R$ 1.140,00;R$ 0,00
712;2621;1530;"=""03565440000184""";AGROVALE MECANIZACAO AGRICOLA LTDA - ME;PESSOA JURIDICA;IPVA;"=""2095956722285""";"=""20260000003317""";13861042;Efetivada;25/02/2026 12:32:44;26/02/2026 12:08:30;2;1;27/02/2026;26/02/2026;Paga;R$ 1.096,49;R$ 1.096,49;R$ 1.096,49;R$ 0,00
712;2621;1530;"=""03565440000184""";AGROVALE MECANIZACAO AGRICOLA LTDA - ME;PESSOA JURIDICA;IPVA;"=""2095956722285""";"=""20260000003317""";13861042;Efetivada;25/02/2026 12:32:44;26/02/2026 12:08:30;2;2;25/03/2026;16/03/2026;Paga;R$ 1.107,44;R$ 1.107,46;R$ 1.107,46;R$ 0,00
712;2621;1524;"=""03565440000184""";AGROVALE MECANIZACAO AGRICOLA LTDA - ME;PESSOA JURIDICA;IPVA;"=""2073184422210""";"=""20260000003311""";13861026;Efetivada;25/02/2026 12:32:44;26/02/2026 12:08:37;2;1;27/02/2026;26/02/2026;Paga;R$ 461,80;R$ 461,80;R$ 461,80;R$ 0,00
712;2621;1524;"=""03565440000184""";AGROVALE MECANIZACAO AGRICOLA LTDA - ME;PESSOA JURIDICA;IPVA;"=""2073184422210""";"=""20260000003311""";13861026;Efetivada;25/02/2026 12:32:44;26/02/2026 12:08:37;2;2;25/03/2026;16/03/2026;Paga;R$ 466,40;R$ 466,42;R$ 466,42;R$ 0,00
712;2621;1533;"=""03565440000184""";AGROVALE MECANIZACAO AGRICOLA LTDA - ME;PESSOA JURIDICA;IPVA;"=""2273023522223""";"=""20260000003320""";13861050;Efetivada;25/02/2026 12:32:44;26/02/2026 12:08:37;2;1;27/02/2026;26/02/2026;Paga;R$ 1.301,72;R$ 1.301,72;R$ 1.301,72;R$ 0,00
712;2621;1533;"=""03565440000184""";AGROVALE MECANIZACAO AGRICOLA LTDA - ME;PESSOA JURIDICA;IPVA;"=""2273023522223""";"=""20260000003320""";13861050;Efetivada;25/02/2026 12:32:44;26/02/2026 12:08:37;2;2;25/03/2026;16/03/2026;Paga;R$ 1.314,73;R$ 1.314,73;R$ 1.314,73;R$ 0,00
712;2621;1517;"=""03565440000184""";AGROVALE MECANIZACAO AGRICOLA LTDA - ME;PESSOA JURIDICA;IPVA;"=""2040214222284""";"=""20260000003304""";13861018;Efetivada;25/02/2026 12:32:44;26/02/2026 12:08:44;2;1;27/02/2026;26/02/2026;Paga;R$ 1.486,14;R$ 1.486,14;R$ 1.486,14;R$ 0,00
712;2621;1517;"=""03565440000184""";AGROVALE MECANIZACAO AGRICOLA LTDA - ME;PESSOA JURIDICA;IPVA;"=""2040214222284""";"=""20260000003304""";13861018;Efetivada;25/02/2026 12:32:44;26/02/2026 12:08:44;2;2;25/03/2026;16/03/2026;Paga;R$ 1.501,00;R$ 1.501,02;R$ 1.501,02;R$ 0,00
712;2621;1529;"=""03565440000184""";AGROVALE MECANIZACAO AGRICOLA LTDA - ME;PESSOA JURIDICA;IPVA;"=""2094666622263""";"=""20260000003316""";13861034;Efetivada;25/02/2026 12:32:44;26/02/2026 12:08:45;1;1;27/02/2026;26/02/2026;Paga;R$ 583,26;R$ 583,26;R$ 583,26;R$ 0,00
712;2621;1514;"=""03565440000184""";AGROVALE MECANIZACAO AGRICOLA LTDA - ME;PESSOA JURIDICA;IPVA;"=""2027923122276""";"=""20260000003301""";13861131;Efetivada;25/02/2026 12:32:44;26/02/2026 12:08:52;2;1;27/02/2026;26/02/2026;Paga;R$ 482,57;R$ 482,57;R$ 482,57;R$ 0,00
712;2621;1514;"=""03565440000184""";AGROVALE MECANIZACAO AGRICOLA LTDA - ME;PESSOA JURIDICA;IPVA;"=""2027923122276""";"=""20260000003301""";13861131;Efetivada;25/02/2026 12:32:44;26/02/2026 12:08:52;2;2;25/03/2026;16/03/2026;Paga;R$ 487,38;R$ 487,40;R$ 487,40;R$ 0,00
712;2621;1544;"=""03565440000184""";AGROVALE MECANIZACAO AGRICOLA LTDA - ME;PESSOA JURIDICA;IPVA;"=""2360174422265""";"=""20260000003331""";13861107;Efetivada;25/02/2026 12:32:44;26/02/2026 12:08:59;2;1;27/02/2026;26/02/2026;Paga;R$ 1.126,33;R$ 1.126,33;R$ 1.126,33;R$ 0,00
712;2621;1544;"=""03565440000184""";AGROVALE MECANIZACAO AGRICOLA LTDA - ME;PESSOA JURIDICA;IPVA;"=""2360174422265""";"=""20260000003331""";13861107;Efetivada;25/02/2026 12:32:44;26/02/2026 12:08:59;2;2;25/03/2026;16/03/2026;Paga;R$ 1.137,58;R$ 1.137,60;R$ 1.137,60;R$ 0,00
712;2621;1512;"=""03565440000184""";AGROVALE MECANIZACAO AGRICOLA LTDA - ME;PESSOA JURIDICA;IPVA;"=""2025680322244""";"=""20260000003299""";13861123;Efetivada;25/02/2026 12:32:44;26/02/2026 12:09:00;1;1;27/02/2026;26/02/2026;Paga;R$ 600,17;R$ 600,17;R$ 600,17;R$ 0,00
712;2621;1541;"=""03565440000184""";AGROVALE MECANIZACAO AGRICOLA LTDA - ME;PESSOA JURIDICA;IPVA;"=""2322916622275""";"=""20260000003328""";13861085;Efetivada;25/02/2026 12:32:44;26/02/2026 12:09:07;2;1;27/02/2026;26/02/2026;Paga;R$ 1.276,80;R$ 1.276,80;R$ 1.276,80;R$ 0,00
712;2621;1541;"=""03565440000184""";AGROVALE MECANIZACAO AGRICOLA LTDA - ME;PESSOA JURIDICA;IPVA;"=""2322916622275""";"=""20260000003328""";13861085;Efetivada;25/02/2026 12:32:44;26/02/2026 12:09:07;2;2;25/03/2026;16/03/2026;Paga;R$ 1.289,56;R$ 1.289,59;R$ 1.289,59;R$ 0,00
712;2621;1542;"=""03565440000184""";AGROVALE MECANIZACAO AGRICOLA LTDA - ME;PESSOA JURIDICA;IPVA;"=""2357995722203""";"=""20260000003329""";13861093;Efetivada;25/02/2026 12:32:44;26/02/2026 12:09:07;2;1;27/02/2026;26/02/2026;Paga;R$ 628,10;R$ 628,10;R$ 628,10;R$ 0,00
712;2621;1542;"=""03565440000184""";AGROVALE MECANIZACAO AGRICOLA LTDA - ME;PESSOA JURIDICA;IPVA;"=""2357995722203""";"=""20260000003329""";13861093;Efetivada;25/02/2026 12:32:44;26/02/2026 12:09:07;2;2;25/03/2026;16/03/2026;Paga;R$ 634,38;R$ 634,39;R$ 634,39;R$ 0,00
712;2621;1539;"=""03565440000184""";AGROVALE MECANIZACAO AGRICOLA LTDA - ME;PESSOA JURIDICA;IPVA;"=""2301652022241""";"=""20260000003326""";13861069;Efetivada;25/02/2026 12:32:44;26/02/2026 12:09:14;1;1;27/02/2026;26/02/2026;Paga;R$ 572,58;R$ 572,58;R$ 572,58;R$ 0,00
712;2621;1540;"=""03565440000184""";AGROVALE MECANIZACAO AGRICOLA LTDA - ME;PESSOA JURIDICA;IPVA;"=""2302970422241""";"=""20260000003327""";13861077;Efetivada;25/02/2026 12:32:44;26/02/2026 12:09:15;2;1;27/02/2026;26/02/2026;Paga;R$ 1.013,07;R$ 1.013,07;R$ 1.013,07;R$ 0,00
712;2621;1540;"=""03565440000184""";AGROVALE MECANIZACAO AGRICOLA LTDA - ME;PESSOA JURIDICA;IPVA;"=""2302970422241""";"=""20260000003327""";13861077;Efetivada;25/02/2026 12:32:44;26/02/2026 12:09:15;2;2;25/03/2026;16/03/2026;Paga;R$ 1.023,19;R$ 1.023,21;R$ 1.023,21;R$ 0,00
712;2621;1511;"=""03565440000184""";AGROVALE MECANIZACAO AGRICOLA LTDA - ME;PESSOA JURIDICA;IPVA;"=""2025294122245""";"=""20260000003298""";13861115;Efetivada;25/02/2026 12:32:44;26/02/2026 12:09:22;2;1;27/02/2026;26/02/2026;Paga;R$ 1.128,70;R$ 1.128,70;R$ 1.128,70;R$ 0,00
712;2621;1511;"=""03565440000184""";AGROVALE MECANIZACAO AGRICOLA LTDA - ME;PESSOA JURIDICA;IPVA;"=""2025294122245""";"=""20260000003298""";13861115;Efetivada;25/02/2026 12:32:44;26/02/2026 12:09:22;2;2;25/03/2026;16/03/2026;Paga;R$ 1.139,98;R$ 1.140,00;R$ 1.140,00;R$ 0,00
712;2621;1520;"=""03565440000184""";AGROVALE MECANIZACAO AGRICOLA LTDA - ME;PESSOA JURIDICA;IPVA;"=""2049752922215""";"=""20260000003307""";13861140;Efetivada;25/02/2026 12:32:44;26/02/2026 18:08:10;2;1;27/02/2026;26/02/2026;Paga;R$ 1.397,35;R$ 1.397,35;R$ 1.397,35;R$ 0,00
712;2621;1520;"=""03565440000184""";AGROVALE MECANIZACAO AGRICOLA LTDA - ME;PESSOA JURIDICA;IPVA;"=""2049752922215""";"=""20260000003307""";13861140;Efetivada;25/02/2026 12:32:44;26/02/2026 18:08:10;2;2;25/03/2026;16/03/2026;Paga;R$ 1.411,32;R$ 1.411,32;R$ 1.411,32;R$ 0,00
712;2621;1516;"=""03565440000184""";AGROVALE MECANIZACAO AGRICOLA LTDA - ME;PESSOA JURIDICA;IPVA;"=""2033186722246""";"=""20260000003303""";13861190;Efetivada;25/02/2026 12:32:44;26/02/2026 18:08:17;2;1;27/02/2026;26/02/2026;Paga;R$ 642,96;R$ 642,96;R$ 642,96;R$ 0,00
712;2621;1516;"=""03565440000184""";AGROVALE MECANIZACAO AGRICOLA LTDA - ME;PESSOA JURIDICA;IPVA;"=""2033186722246""";"=""20260000003303""";13861190;Efetivada;25/02/2026 12:32:44;26/02/2026 18:08:17;2;2;25/03/2026;16/03/2026;Paga;R$ 649,38;R$ 649,40;R$ 649,40;R$ 0,00
712;2621;1525;"=""03565440000184""";AGROVALE MECANIZACAO AGRICOLA LTDA - ME;PESSOA JURIDICA;IPVA;"=""2076844222209""";"=""20260000003312""";13861174;Efetivada;25/02/2026 12:32:44;26/02/2026 18:08:17;2;1;27/02/2026;26/02/2026;Paga;R$ 1.096,49;R$ 1.096,49;R$ 1.096,49;R$ 0,00
712;2621;1525;"=""03565440000184""";AGROVALE MECANIZACAO AGRICOLA LTDA - ME;PESSOA JURIDICA;IPVA;"=""2076844222209""";"=""20260000003312""";13861174;Efetivada;25/02/2026 12:32:44;26/02/2026 18:08:17;2;2;25/03/2026;16/03/2026;Paga;R$ 1.107,44;R$ 1.107,46;R$ 1.107,46;R$ 0,00
712;2621;1518;"=""03565440000184""";AGROVALE MECANIZACAO AGRICOLA LTDA - ME;PESSOA JURIDICA;IPVA;"=""2043165522202""";"=""20260000003305""";13861204;Efetivada;25/02/2026 12:32:44;26/02/2026 18:08:25;2;1;27/02/2026;26/02/2026;Paga;R$ 1.486,14;R$ 1.486,14;R$ 1.486,14;R$ 0,00
712;2621;1518;"=""03565440000184""";AGROVALE MECANIZACAO AGRICOLA LTDA - ME;PESSOA JURIDICA;IPVA;"=""2043165522202""";"=""20260000003305""";13861204;Efetivada;25/02/2026 12:32:44;26/02/2026 18:08:25;2;2;25/03/2026;16/03/2026;Paga;R$ 1.501,00;R$ 1.501,02;R$ 1.501,02;R$ 0,00
712;2621;1522;"=""03565440000184""";AGROVALE MECANIZACAO AGRICOLA LTDA - ME;PESSOA JURIDICA;IPVA;"=""2067197022261""";"=""20260000003309""";13861166;Efetivada;25/02/2026 12:32:44;26/02/2026 18:08:25;2;1;27/02/2026;26/02/2026;Paga;R$ 624,57;R$ 624,57;R$ 624,57;R$ 0,00
712;2621;1522;"=""03565440000184""";AGROVALE MECANIZACAO AGRICOLA LTDA - ME;PESSOA JURIDICA;IPVA;"=""2067197022261""";"=""20260000003309""";13861166;Efetivada;25/02/2026 12:32:44;26/02/2026 18:08:25;2;2;25/03/2026;16/03/2026;Paga;R$ 630,80;R$ 630,82;R$ 630,82;R$ 0,00
712;2621;1521;"=""03565440000184""";AGROVALE MECANIZACAO AGRICOLA LTDA - ME;PESSOA JURIDICA;IPVA;"=""2066078622216""";"=""20260000003308""";13861158;Efetivada;25/02/2026 12:32:44;26/02/2026 18:08:32;2;1;27/02/2026;26/02/2026;Paga;R$ 878,14;R$ 878,14;R$ 878,14;R$ 0,00
712;2621;1521;"=""03565440000184""";AGROVALE MECANIZACAO AGRICOLA LTDA - ME;PESSOA JURIDICA;IPVA;"=""2066078622216""";"=""20260000003308""";13861158;Efetivada;25/02/2026 12:32:44;26/02/2026 18:08:32;2;2;25/03/2026;16/03/2026;Paga;R$ 886,91;R$ 886,92;R$ 886,92;R$ 0,00
712;2621;1519;"=""03565440000184""";AGROVALE MECANIZACAO AGRICOLA LTDA - ME;PESSOA JURIDICA;IPVA;"=""2043703422205""";"=""20260000003306""";13861212;Efetivada;25/02/2026 12:32:44;26/02/2026 18:08:33;2;1;27/02/2026;26/02/2026;Paga;R$ 1.486,14;R$ 1.486,14;R$ 1.486,14;R$ 0,00
712;2621;1519;"=""03565440000184""";AGROVALE MECANIZACAO AGRICOLA LTDA - ME;PESSOA JURIDICA;IPVA;"=""2043703422205""";"=""20260000003306""";13861212;Efetivada;25/02/2026 12:32:44;26/02/2026 18:08:33;2;2;25/03/2026;16/03/2026;Paga;R$ 1.501,00;R$ 1.501,02;R$ 1.501,02;R$ 0,00
712;2621;1515;"=""03565440000184""";AGROVALE MECANIZACAO AGRICOLA LTDA - ME;PESSOA JURIDICA;IPVA;"=""2029479522242""";"=""20260000003302""";13861182;Efetivada;25/02/2026 12:32:44;26/02/2026 18:08:40;2;1;27/02/2026;26/02/2026;Paga;R$ 1.060,73;R$ 1.060,73;R$ 1.060,73;R$ 0,00
712;2621;1515;"=""03565440000184""";AGROVALE MECANIZACAO AGRICOLA LTDA - ME;PESSOA JURIDICA;IPVA;"=""2029479522242""";"=""20260000003302""";13861182;Efetivada;25/02/2026 12:32:44;26/02/2026 18:08:40;2;2;25/03/2026;16/03/2026;Paga;R$ 1.071,33;R$ 1.071,33;R$ 1.071,33;R$ 0,00
712;2621;1535;"=""03565440000184""";AGROVALE MECANIZACAO AGRICOLA LTDA - ME;PESSOA JURIDICA;IPVA;"=""2279010122247""";"=""20260000003322""";13861298;Efetivada;25/02/2026 12:32:44;26/02/2026 18:08:40;2;1;27/02/2026;26/02/2026;Paga;R$ 1.013,07;R$ 1.013,07;R$ 1.013,07;R$ 0,00
712;2621;1535;"=""03565440000184""";AGROVALE MECANIZACAO AGRICOLA LTDA - ME;PESSOA JURIDICA;IPVA;"=""2279010122247""";"=""20260000003322""";13861298;Efetivada;25/02/2026 12:32:44;26/02/2026 18:08:40;2;2;25/03/2026;16/03/2026;Paga;R$ 1.023,19;R$ 1.023,21;R$ 1.023,21;R$ 0,00
712;2621;1534;"=""03565440000184""";AGROVALE MECANIZACAO AGRICOLA LTDA - ME;PESSOA JURIDICA;IPVA;"=""2274728122240""";"=""20260000003321""";13861280;Efetivada;25/02/2026 12:32:44;26/02/2026 18:08:48;2;1;27/02/2026;26/02/2026;Paga;R$ 459,62;R$ 459,62;R$ 459,62;R$ 0,00
712;2621;1534;"=""03565440000184""";AGROVALE MECANIZACAO AGRICOLA LTDA - ME;PESSOA JURIDICA;IPVA;"=""2274728122240""";"=""20260000003321""";13861280;Efetivada;25/02/2026 12:32:44;26/02/2026 18:08:48;2;2;25/03/2026;16/03/2026;Paga;R$ 464,20;R$ 464,24;R$ 464,24;R$ 0,00
712;2621;1536;"=""03565440000184""";AGROVALE MECANIZACAO AGRICOLA LTDA - ME;PESSOA JURIDICA;IPVA;"=""2283504922234""";"=""20260000003323""";13861301;Efetivada;25/02/2026 12:32:44;26/02/2026 18:08:48;2;1;27/02/2026;26/02/2026;Paga;R$ 948,01;R$ 948,01;R$ 948,01;R$ 0,00
712;2621;1536;"=""03565440000184""";AGROVALE MECANIZACAO AGRICOLA LTDA - ME;PESSOA JURIDICA;IPVA;"=""2283504922234""";"=""20260000003323""";13861301;Efetivada;25/02/2026 12:32:44;26/02/2026 18:08:48;2;2;25/03/2026;16/03/2026;Paga;R$ 957,48;R$ 957,50;R$ 957,50;R$ 0,00
712;2621;1532;"=""03565440000184""";AGROVALE MECANIZACAO AGRICOLA LTDA - ME;PESSOA JURIDICA;IPVA;"=""2268307622285""";"=""20260000003319""";13861271;Efetivada;25/02/2026 12:32:44;26/02/2026 18:08:55;2;1;27/02/2026;26/02/2026;Paga;R$ 591,90;R$ 591,90;R$ 591,90;R$ 0,00
712;2621;1532;"=""03565440000184""";AGROVALE MECANIZACAO AGRICOLA LTDA - ME;PESSOA JURIDICA;IPVA;"=""2268307622285""";"=""20260000003319""";13861271;Efetivada;25/02/2026 12:32:44;26/02/2026 18:08:55;2;2;25/03/2026;16/03/2026;Paga;R$ 597,81;R$ 597,82;R$ 597,82;R$ 0,00
712;2621;1531;"=""03565440000184""";AGROVALE MECANIZACAO AGRICOLA LTDA - ME;PESSOA JURIDICA;IPVA;"=""2182317322232""";"=""20260000003318""";13861263;Efetivada;25/02/2026 12:32:44;26/02/2026 18:08:56;2;1;27/02/2026;26/02/2026;Paga;R$ 1.375,22;R$ 1.375,22;R$ 1.375,22;R$ 0,00
712;2621;1531;"=""03565440000184""";AGROVALE MECANIZACAO AGRICOLA LTDA - ME;PESSOA JURIDICA;IPVA;"=""2182317322232""";"=""20260000003318""";13861263;Efetivada;25/02/2026 12:32:44;26/02/2026 18:08:56;2;2;25/03/2026;16/03/2026;Paga;R$ 1.388,97;R$ 1.388,97;R$ 1.388,97;R$ 0,00
712;2621;1527;"=""03565440000184""";AGROVALE MECANIZACAO AGRICOLA LTDA - ME;PESSOA JURIDICA;IPVA;"=""2080443122279""";"=""20260000003314""";13861247;Efetivada;25/02/2026 12:32:44;26/02/2026 18:09:03;2;1;27/02/2026;26/02/2026;Paga;R$ 1.012,36;R$ 1.012,36;R$ 1.012,36;R$ 0,00
712;2621;1527;"=""03565440000184""";AGROVALE MECANIZACAO AGRICOLA LTDA - ME;PESSOA JURIDICA;IPVA;"=""2080443122279""";"=""20260000003314""";13861247;Efetivada;25/02/2026 12:32:44;26/02/2026 18:09:03;2;2;25/03/2026;16/03/2026;Paga;R$ 1.022,48;R$ 1.022,49;R$ 1.022,49;R$ 0,00
712;2621;1528;"=""03565440000184""";AGROVALE MECANIZACAO AGRICOLA LTDA - ME;PESSOA JURIDICA;IPVA;"=""2080443222222""";"=""20260000003315""";13861255;Efetivada;25/02/2026 12:32:44;26/02/2026 18:09:03;2;1;27/02/2026;26/02/2026;Paga;R$ 1.412,82;R$ 1.412,82;R$ 1.412,82;R$ 0,00
712;2621;1528;"=""03565440000184""";AGROVALE MECANIZACAO AGRICOLA LTDA - ME;PESSOA JURIDICA;IPVA;"=""2080443222222""";"=""20260000003315""";13861255;Efetivada;25/02/2026 12:32:44;26/02/2026 18:09:03;2;2;25/03/2026;16/03/2026;Paga;R$ 1.426,94;R$ 1.426,95;R$ 1.426,95;R$ 0,00
712;2621;1523;"=""03565440000184""";AGROVALE MECANIZACAO AGRICOLA LTDA - ME;PESSOA JURIDICA;IPVA;"=""2072055922285""";"=""20260000003310""";13861220;Efetivada;25/02/2026 12:32:44;26/02/2026 18:09:11;2;1;27/02/2026;26/02/2026;Paga;R$ 1.412,82;R$ 1.412,82;R$ 1.412,82;R$ 0,00
712;2621;1523;"=""03565440000184""";AGROVALE MECANIZACAO AGRICOLA LTDA - ME;PESSOA JURIDICA;IPVA;"=""2072055922285""";"=""20260000003310""";13861220;Efetivada;25/02/2026 12:32:44;26/02/2026 18:09:11;2;2;25/03/2026;16/03/2026;Paga;R$ 1.426,94;R$ 1.426,95;R$ 1.426,95;R$ 0,00
712;2621;1526;"=""03565440000184""";AGROVALE MECANIZACAO AGRICOLA LTDA - ME;PESSOA JURIDICA;IPVA;"=""2080443022215""";"=""20260000003313""";13861239;Efetivada;25/02/2026 12:32:44;26/02/2026 18:09:11;2;1;27/02/2026;26/02/2026;Paga;R$ 1.412,82;R$ 1.412,82;R$ 1.412,82;R$ 0,00
712;2621;1526;"=""03565440000184""";AGROVALE MECANIZACAO AGRICOLA LTDA - ME;PESSOA JURIDICA;IPVA;"=""2080443022215""";"=""20260000003313""";13861239;Efetivada;25/02/2026 12:32:44;26/02/2026 18:09:11;2;2;25/03/2026;16/03/2026;Paga;R$ 1.426,94;R$ 1.426,95;R$ 1.426,95;R$ 0,00
712;2621;1547;"=""03565440000184""";AGROVALE MECANIZACAO AGRICOLA LTDA - ME;PESSOA JURIDICA;IPVA;"=""2368860322229""";"=""20260000003334""";13861360;Efetivada;25/02/2026 12:32:44;26/02/2026 18:09:18;2;1;27/02/2026;26/02/2026;Paga;R$ 972,17;R$ 972,17;R$ 972,17;R$ 0,00
712;2621;1547;"=""03565440000184""";AGROVALE MECANIZACAO AGRICOLA LTDA - ME;PESSOA JURIDICA;IPVA;"=""2368860322229""";"=""20260000003334""";13861360;Efetivada;25/02/2026 12:32:44;26/02/2026 18:09:18;2;2;25/03/2026;16/03/2026;Paga;R$ 981,88;R$ 981,90;R$ 981,90;R$ 0,00
712;2621;1550;"=""03565440000184""";AGROVALE MECANIZACAO AGRICOLA LTDA - ME;PESSOA JURIDICA;IPVA;"=""2382640822228""";"=""20260000003337""";13861395;Efetivada;25/02/2026 12:32:44;26/02/2026 18:09:19;2;1;27/02/2026;26/02/2026;Paga;R$ 1.318,85;R$ 1.318,85;R$ 1.318,85;R$ 0,00
712;2621;1550;"=""03565440000184""";AGROVALE MECANIZACAO AGRICOLA LTDA - ME;PESSOA JURIDICA;IPVA;"=""2382640822228""";"=""20260000003337""";13861395;Efetivada;25/02/2026 12:32:44;26/02/2026 18:09:19;2;2;25/03/2026;16/03/2026;Paga;R$ 1.332,02;R$ 1.332,06;R$ 1.332,06;R$ 0,00
712;2621;1548;"=""03565440000184""";AGROVALE MECANIZACAO AGRICOLA LTDA - ME;PESSOA JURIDICA;IPVA;"=""2381747022212""";"=""20260000003335""";13861379;Efetivada;25/02/2026 12:32:44;26/02/2026 18:09:26;2;1;27/02/2026;26/02/2026;Paga;R$ 1.318,85;R$ 1.318,85;R$ 1.318,85;R$ 0,00
712;2621;1548;"=""03565440000184""";AGROVALE MECANIZACAO AGRICOLA LTDA - ME;PESSOA JURIDICA;IPVA;"=""2381747022212""";"=""20260000003335""";13861379;Efetivada;25/02/2026 12:32:44;26/02/2026 18:09:26;2;2;25/03/2026;16/03/2026;Paga;R$ 1.332,02;R$ 1.332,06;R$ 1.332,06;R$ 0,00
712;2621;1549;"=""03565440000184""";AGROVALE MECANIZACAO AGRICOLA LTDA - ME;PESSOA JURIDICA;IPVA;"=""2381860322269""";"=""20260000003336""";13861387;Efetivada;25/02/2026 12:32:44;26/02/2026 18:09:26;2;1;27/02/2026;26/02/2026;Paga;R$ 1.318,85;R$ 1.318,85;R$ 1.318,85;R$ 0,00
712;2621;1549;"=""03565440000184""";AGROVALE MECANIZACAO AGRICOLA LTDA - ME;PESSOA JURIDICA;IPVA;"=""2381860322269""";"=""20260000003336""";13861387;Efetivada;25/02/2026 12:32:44;26/02/2026 18:09:26;2;2;25/03/2026;16/03/2026;Paga;R$ 1.332,02;R$ 1.332,06;R$ 1.332,06;R$ 0,00
712;2621;1537;"=""03565440000184""";AGROVALE MECANIZACAO AGRICOLA LTDA - ME;PESSOA JURIDICA;IPVA;"=""2283505022296""";"=""20260000003324""";13861310;Efetivada;25/02/2026 12:32:44;26/02/2026 18:09:34;2;1;27/02/2026;26/02/2026;Paga;R$ 1.301,72;R$ 1.301,72;R$ 1.301,72;R$ 0,00
712;2621;1537;"=""03565440000184""";AGROVALE MECANIZACAO AGRICOLA LTDA - ME;PESSOA JURIDICA;IPVA;"=""2283505022296""";"=""20260000003324""";13861310;Efetivada;25/02/2026 12:32:44;26/02/2026 18:09:34;2;2;25/03/2026;16/03/2026;Paga;R$ 1.314,73;R$ 1.314,73;R$ 1.314,73;R$ 0,00
712;2621;1546;"=""03565440000184""";AGROVALE MECANIZACAO AGRICOLA LTDA - ME;PESSOA JURIDICA;IPVA;"=""2366752422270""";"=""20260000003333""";13861352;Efetivada;25/02/2026 12:32:44;26/02/2026 18:09:34;2;1;27/02/2026;26/02/2026;Paga;R$ 727,00;R$ 727,00;R$ 727,00;R$ 0,00
712;2621;1546;"=""03565440000184""";AGROVALE MECANIZACAO AGRICOLA LTDA - ME;PESSOA JURIDICA;IPVA;"=""2366752422270""";"=""20260000003333""";13861352;Efetivada;25/02/2026 12:32:44;26/02/2026 18:09:34;2;2;25/03/2026;16/03/2026;Paga;R$ 734,26;R$ 734,28;R$ 734,28;R$ 0,00
712;2621;1545;"=""03565440000184""";AGROVALE MECANIZACAO AGRICOLA LTDA - ME;PESSOA JURIDICA;IPVA;"=""2360360922272""";"=""20260000003332""";13861344;Efetivada;25/02/2026 12:32:44;26/02/2026 18:09:41;2;1;27/02/2026;26/02/2026;Paga;R$ 1.126,33;R$ 1.126,33;R$ 1.126,33;R$ 0,00
712;2621;1545;"=""03565440000184""";AGROVALE MECANIZACAO AGRICOLA LTDA - ME;PESSOA JURIDICA;IPVA;"=""2360360922272""";"=""20260000003332""";13861344;Efetivada;25/02/2026 12:32:44;26/02/2026 18:09:41;2;2;25/03/2026;16/03/2026;Paga;R$ 1.137,58;R$ 1.137,60;R$ 1.137,60;R$ 0,00
712;2621;1543;"=""03565440000184""";AGROVALE MECANIZACAO AGRICOLA LTDA - ME;PESSOA JURIDICA;IPVA;"=""2359868022268""";"=""20260000003330""";13861336;Efetivada;25/02/2026 12:32:44;26/02/2026 18:09:42;2;1;27/02/2026;26/02/2026;Paga;R$ 399,44;R$ 399,44;R$ 399,44;R$ 0,00
712;2621;1543;"=""03565440000184""";AGROVALE MECANIZACAO AGRICOLA LTDA - ME;PESSOA JURIDICA;IPVA;"=""2359868022268""";"=""20260000003330""";13861336;Efetivada;25/02/2026 12:32:44;26/02/2026 18:09:42;2;2;25/03/2026;16/03/2026;Paga;R$ 403,43;R$ 403,44;R$ 403,44;R$ 0,00
712;2621;1510;"=""03565440000184""";AGROVALE MECANIZACAO AGRICOLA LTDA - ME;PESSOA JURIDICA;IPVA;"=""2016634922200""";"=""20260000003297""";13861409;Efetivada;25/02/2026 12:32:44;26/02/2026 18:09:49;2;1;27/02/2026;26/02/2026;Paga;R$ 914,09;R$ 914,09;R$ 914,09;R$ 0,00
712;2621;1510;"=""03565440000184""";AGROVALE MECANIZACAO AGRICOLA LTDA - ME;PESSOA JURIDICA;IPVA;"=""2016634922200""";"=""20260000003297""";13861409;Efetivada;25/02/2026 12:32:44;26/02/2026 18:09:49;2;2;25/03/2026;16/03/2026;Paga;R$ 923,22;R$ 923,23;R$ 923,23;R$ 0,00
712;2621;1538;"=""03565440000184""";AGROVALE MECANIZACAO AGRICOLA LTDA - ME;PESSOA JURIDICA;IPVA;"=""2283505222201""";"=""20260000003325""";13861328;Efetivada;25/02/2026 12:32:44;26/02/2026 18:09:49;2;1;27/02/2026;26/02/2026;Paga;R$ 1.301,72;R$ 1.301,72;R$ 1.301,72;R$ 0,00
712;2621;1538;"=""03565440000184""";AGROVALE MECANIZACAO AGRICOLA LTDA - ME;PESSOA JURIDICA;IPVA;"=""2283505222201""";"=""20260000003325""";13861328;Efetivada;25/02/2026 12:32:44;26/02/2026 18:09:49;2;2;25/03/2026;16/03/2026;Paga;R$ 1.314,73;R$ 1.314,73;R$ 1.314,73;R$ 0,00
18;22;28;"=""03579462000101""";ILUMINAR MATERIAIS ELETRICOS LTDA ME;PESSOA JURIDICA;ICMS;"=""4011001189619""";"=""20250000000024""";13389475;Efetivada;11/12/2025 09:40:56;;120;1;18/12/2025;11/12/2025;Paga;R$ 2.305,75;R$ 2.305,75;R$ 2.305,75;R$ 0,00
18;22;28;"=""03579462000101""";ILUMINAR MATERIAIS ELETRICOS LTDA ME;PESSOA JURIDICA;ICMS;"=""4011001189619""";"=""20250000000024""";13389475;Efetivada;11/12/2025 09:40:56;;120;2;26/01/2026;26/01/2026;Paga;R$ 2.328,78;R$ 2.328,81;R$ 2.328,81;R$ 0,00
18;22;28;"=""03579462000101""";ILUMINAR MATERIAIS ELETRICOS LTDA ME;PESSOA JURIDICA;ICMS;"=""4011001189619""";"=""20250000000024""";13389475;Efetivada;11/12/2025 09:40:56;;120;3;25/02/2026;26/02/2026;Paga;R$ 2.328,78;R$ 2.363,34;R$ 2.363,34;R$ 0,00
18;22;28;"=""03579462000101""";ILUMINAR MATERIAIS ELETRICOS LTDA ME;PESSOA JURIDICA;ICMS;"=""4011001189619""";"=""20250000000024""";13389475;Efetivada;11/12/2025 09:40:56;;120;4;25/03/2026;25/03/2026;Paga;R$ 2.328,78;R$ 2.378,61;R$ 2.378,61;R$ 0,00
18;22;28;"=""03579462000101""";ILUMINAR MATERIAIS ELETRICOS LTDA ME;PESSOA JURIDICA;ICMS;"=""4011001189619""";"=""20250000000024""";13389475;Efetivada;11/12/2025 09:40:56;;120;5;27/04/2026;27/04/2026;Paga;R$ 2.328,78;R$ 2.406,51;R$ 2.406,51;R$ 0,00
18;22;28;"=""03579462000101""";ILUMINAR MATERIAIS ELETRICOS LTDA ME;PESSOA JURIDICA;ICMS;"=""4011001189619""";"=""20250000000024""";13389475;Efetivada;11/12/2025 09:40:56;;120;6;25/05/2026;25/05/2026;Paga;R$ 2.328,78;R$ 2.431,64;R$ 2.431,64;R$ 0,00
18;22;29;"=""03579462000101""";ILUMINAR MATERIAIS ELETRICOS LTDA ME;PESSOA JURIDICA;ICMS;"=""4011001536513""";"=""20250000000025""";13389483;Efetivada;11/12/2025 09:40:56;;120;1;18/12/2025;11/12/2025;Paga;R$ 2.876,20;R$ 2.876,20;R$ 2.876,20;R$ 0,00
18;22;29;"=""03579462000101""";ILUMINAR MATERIAIS ELETRICOS LTDA ME;PESSOA JURIDICA;ICMS;"=""4011001536513""";"=""20250000000025""";13389483;Efetivada;11/12/2025 09:40:56;;120;2;26/01/2026;26/01/2026;Paga;R$ 2.904,95;R$ 2.904,96;R$ 2.904,96;R$ 0,00
18;22;29;"=""03579462000101""";ILUMINAR MATERIAIS ELETRICOS LTDA ME;PESSOA JURIDICA;ICMS;"=""4011001536513""";"=""20250000000025""";13389483;Efetivada;11/12/2025 09:40:56;;120;3;25/02/2026;26/02/2026;Paga;R$ 2.904,95;R$ 2.948,02;R$ 2.948,02;R$ 0,00
18;22;29;"=""03579462000101""";ILUMINAR MATERIAIS ELETRICOS LTDA ME;PESSOA JURIDICA;ICMS;"=""4011001536513""";"=""20250000000025""";13389483;Efetivada;11/12/2025 09:40:56;;120;4;25/03/2026;25/03/2026;Paga;R$ 2.904,95;R$ 2.967,09;R$ 2.967,09;R$ 0,00
18;22;29;"=""03579462000101""";ILUMINAR MATERIAIS ELETRICOS LTDA ME;PESSOA JURIDICA;ICMS;"=""4011001536513""";"=""20250000000025""";13389483;Efetivada;11/12/2025 09:40:56;;120;5;27/04/2026;27/04/2026;Paga;R$ 2.904,95;R$ 3.001,89;R$ 3.001,89;R$ 0,00
18;22;29;"=""03579462000101""";ILUMINAR MATERIAIS ELETRICOS LTDA ME;PESSOA JURIDICA;ICMS;"=""4011001536513""";"=""20250000000025""";13389483;Efetivada;11/12/2025 09:40:56;;120;6;25/05/2026;25/05/2026;Paga;R$ 2.904,95;R$ 3.033,24;R$ 3.033,24;R$ 0,00
18;22;30;"=""03579462000101""";ILUMINAR MATERIAIS ELETRICOS LTDA ME;PESSOA JURIDICA;ICMS;"=""4011304733285""";"=""20250000000026""";13389491;Efetivada;11/12/2025 09:40:56;;120;1;18/12/2025;11/12/2025;Paga;R$ 5.876,32;R$ 5.876,32;R$ 5.876,32;R$ 0,00
18;22;30;"=""03579462000101""";ILUMINAR MATERIAIS ELETRICOS LTDA ME;PESSOA JURIDICA;ICMS;"=""4011304733285""";"=""20250000000026""";13389491;Efetivada;11/12/2025 09:40:56;;120;2;26/01/2026;26/01/2026;Paga;R$ 5.935,07;R$ 5.935,08;R$ 5.935,08;R$ 0,00
18;22;30;"=""03579462000101""";ILUMINAR MATERIAIS ELETRICOS LTDA ME;PESSOA JURIDICA;ICMS;"=""4011304733285""";"=""20250000000026""";13389491;Efetivada;11/12/2025 09:40:56;;120;3;25/02/2026;26/02/2026;Paga;R$ 5.935,07;R$ 6.023,06;R$ 6.023,06;R$ 0,00
18;22;30;"=""03579462000101""";ILUMINAR MATERIAIS ELETRICOS LTDA ME;PESSOA JURIDICA;ICMS;"=""4011304733285""";"=""20250000000026""";13389491;Efetivada;11/12/2025 09:40:56;;120;4;25/03/2026;25/03/2026;Paga;R$ 5.935,07;R$ 6.062,01;R$ 6.062,01;R$ 0,00
18;22;30;"=""03579462000101""";ILUMINAR MATERIAIS ELETRICOS LTDA ME;PESSOA JURIDICA;ICMS;"=""4011304733285""";"=""20250000000026""";13389491;Efetivada;11/12/2025 09:40:56;;120;5;27/04/2026;27/04/2026;Paga;R$ 5.935,07;R$ 6.133,11;R$ 6.133,11;R$ 0,00
18;22;30;"=""03579462000101""";ILUMINAR MATERIAIS ELETRICOS LTDA ME;PESSOA JURIDICA;ICMS;"=""4011304733285""";"=""20250000000026""";13389491;Efetivada;11/12/2025 09:40:56;;120;6;25/05/2026;25/05/2026;Paga;R$ 5.935,07;R$ 6.197,17;R$ 6.197,17;R$ 0,00
18;22;31;"=""03579462000101""";ILUMINAR MATERIAIS ELETRICOS LTDA ME;PESSOA JURIDICA;Pena Pecuniária;"=""4011401247845""";"=""20250000000027""";13389505;Efetivada;11/12/2025 09:40:56;;120;1;18/12/2025;11/12/2025;Paga;R$ 2.188,38;R$ 2.188,38;R$ 2.188,38;R$ 0,00
18;22;31;"=""03579462000101""";ILUMINAR MATERIAIS ELETRICOS LTDA ME;PESSOA JURIDICA;Pena Pecuniária;"=""4011401247845""";"=""20250000000027""";13389505;Efetivada;11/12/2025 09:40:56;;120;2;26/01/2026;26/01/2026;Paga;R$ 2.210,25;R$ 2.210,26;R$ 2.210,26;R$ 0,00
18;22;31;"=""03579462000101""";ILUMINAR MATERIAIS ELETRICOS LTDA ME;PESSOA JURIDICA;Pena Pecuniária;"=""4011401247845""";"=""20250000000027""";13389505;Efetivada;11/12/2025 09:40:56;;120;3;25/02/2026;26/02/2026;Paga;R$ 2.210,25;R$ 2.243,03;R$ 2.243,03;R$ 0,00
18;22;31;"=""03579462000101""";ILUMINAR MATERIAIS ELETRICOS LTDA ME;PESSOA JURIDICA;Pena Pecuniária;"=""4011401247845""";"=""20250000000027""";13389505;Efetivada;11/12/2025 09:40:56;;120;4;25/03/2026;25/03/2026;Paga;R$ 2.210,25;R$ 2.257,54;R$ 2.257,54;R$ 0,00
18;22;31;"=""03579462000101""";ILUMINAR MATERIAIS ELETRICOS LTDA ME;PESSOA JURIDICA;Pena Pecuniária;"=""4011401247845""";"=""20250000000027""";13389505;Efetivada;11/12/2025 09:40:56;;120;5;27/04/2026;27/04/2026;Paga;R$ 2.210,25;R$ 2.284,01;R$ 2.284,01;R$ 0,00
18;22;31;"=""03579462000101""";ILUMINAR MATERIAIS ELETRICOS LTDA ME;PESSOA JURIDICA;Pena Pecuniária;"=""4011401247845""";"=""20250000000027""";13389505;Efetivada;11/12/2025 09:40:56;;120;6;25/05/2026;25/05/2026;Paga;R$ 2.210,25;R$ 2.307,86;R$ 2.307,86;R$ 0,00
18;22;32;"=""03579462000101""";ILUMINAR MATERIAIS ELETRICOS LTDA ME;PESSOA JURIDICA;Pena Pecuniária;"=""4011401254469""";"=""20250000000028""";13389513;Efetivada;11/12/2025 09:40:56;;120;1;18/12/2025;11/12/2025;Paga;R$ 2.121,10;R$ 2.121,10;R$ 2.121,10;R$ 0,00
18;22;32;"=""03579462000101""";ILUMINAR MATERIAIS ELETRICOS LTDA ME;PESSOA JURIDICA;Pena Pecuniária;"=""4011401254469""";"=""20250000000028""";13389513;Efetivada;11/12/2025 09:40:56;;120;2;26/01/2026;26/01/2026;Paga;R$ 2.142,30;R$ 2.142,31;R$ 2.142,31;R$ 0,00
18;22;32;"=""03579462000101""";ILUMINAR MATERIAIS ELETRICOS LTDA ME;PESSOA JURIDICA;Pena Pecuniária;"=""4011401254469""";"=""20250000000028""";13389513;Efetivada;11/12/2025 09:40:56;;120;3;25/02/2026;26/02/2026;Paga;R$ 2.142,30;R$ 2.174,06;R$ 2.174,06;R$ 0,00
18;22;32;"=""03579462000101""";ILUMINAR MATERIAIS ELETRICOS LTDA ME;PESSOA JURIDICA;Pena Pecuniária;"=""4011401254469""";"=""20250000000028""";13389513;Efetivada;11/12/2025 09:40:56;;120;4;25/03/2026;25/03/2026;Paga;R$ 2.142,30;R$ 2.188,12;R$ 2.188,12;R$ 0,00
18;22;32;"=""03579462000101""";ILUMINAR MATERIAIS ELETRICOS LTDA ME;PESSOA JURIDICA;Pena Pecuniária;"=""4011401254469""";"=""20250000000028""";13389513;Efetivada;11/12/2025 09:40:56;;120;5;27/04/2026;27/04/2026;Paga;R$ 2.142,30;R$ 2.213,80;R$ 2.213,80;R$ 0,00
18;22;32;"=""03579462000101""";ILUMINAR MATERIAIS ELETRICOS LTDA ME;PESSOA JURIDICA;Pena Pecuniária;"=""4011401254469""";"=""20250000000028""";13389513;Efetivada;11/12/2025 09:40:56;;120;6;25/05/2026;25/05/2026;Paga;R$ 2.142,30;R$ 2.236,91;R$ 2.236,91;R$ 0,00
633;709;1313;"=""03657829000150""";AGIL ALGODOEIRA ITUMBIARA LTDA;PESSOA JURIDICA;ICMS;"=""4011202772400""";"=""20260000002776""";13838148;Efetivada;23/02/2026 13:35:28;24/02/2026 12:10:32;141;1;27/02/2026;24/02/2026;Paga;R$ 716,03;R$ 716,03;R$ 716,03;R$ 0,00
633;709;1313;"=""03657829000150""";AGIL ALGODOEIRA ITUMBIARA LTDA;PESSOA JURIDICA;ICMS;"=""4011202772400""";"=""20260000002776""";13838148;Efetivada;23/02/2026 13:35:28;24/02/2026 12:10:32;141;2;25/03/2026;25/03/2026;Paga;R$ 723,17;R$ 723,19;R$ 723,19;R$ 0,00
633;709;1313;"=""03657829000150""";AGIL ALGODOEIRA ITUMBIARA LTDA;PESSOA JURIDICA;ICMS;"=""4011202772400""";"=""20260000002776""";13838148;Efetivada;23/02/2026 13:35:28;24/02/2026 12:10:32;141;3;27/04/2026;27/04/2026;Paga;R$ 723,17;R$ 731,86;R$ 731,86;R$ 0,00
633;709;1313;"=""03657829000150""";AGIL ALGODOEIRA ITUMBIARA LTDA;PESSOA JURIDICA;ICMS;"=""4011202772400""";"=""20260000002776""";13838148;Efetivada;23/02/2026 13:35:28;24/02/2026 12:10:32;141;4;25/05/2026;25/05/2026;Paga;R$ 723,17;R$ 739,66;R$ 739,66;R$ 0,00
633;709;1312;"=""03657829000150""";AGIL ALGODOEIRA ITUMBIARA LTDA;PESSOA JURIDICA;ICMS;"=""2061265600076""";"=""20260000002775""";13838130;Efetivada;23/02/2026 13:35:28;24/02/2026 12:10:34;100;1;27/02/2026;24/02/2026;Paga;R$ 331,23;R$ 331,23;R$ 331,23;R$ 0,00
633;709;1312;"=""03657829000150""";AGIL ALGODOEIRA ITUMBIARA LTDA;PESSOA JURIDICA;ICMS;"=""2061265600076""";"=""20260000002775""";13838130;Efetivada;23/02/2026 13:35:28;24/02/2026 12:10:34;100;2;25/03/2026;25/03/2026;Paga;R$ 334,54;R$ 334,54;R$ 334,54;R$ 0,00
633;709;1312;"=""03657829000150""";AGIL ALGODOEIRA ITUMBIARA LTDA;PESSOA JURIDICA;ICMS;"=""2061265600076""";"=""20260000002775""";13838130;Efetivada;23/02/2026 13:35:28;24/02/2026 12:10:34;100;3;27/04/2026;27/04/2026;Paga;R$ 334,54;R$ 338,55;R$ 338,55;R$ 0,00
633;709;1312;"=""03657829000150""";AGIL ALGODOEIRA ITUMBIARA LTDA;PESSOA JURIDICA;ICMS;"=""2061265600076""";"=""20260000002775""";13838130;Efetivada;23/02/2026 13:35:28;24/02/2026 12:10:34;100;4;25/05/2026;25/05/2026;Paga;R$ 334,54;R$ 342,16;R$ 342,16;R$ 0,00
633;709;1314;"=""03657829000150""";AGIL ALGODOEIRA ITUMBIARA LTDA;PESSOA JURIDICA;ICMS;"=""4011000113856""";"=""20260000002777""";13838156;Efetivada;23/02/2026 13:35:28;24/02/2026 12:10:39;50;1;27/02/2026;24/02/2026;Paga;R$ 362,27;R$ 362,27;R$ 362,27;R$ 0,00
633;709;1314;"=""03657829000150""";AGIL ALGODOEIRA ITUMBIARA LTDA;PESSOA JURIDICA;ICMS;"=""4011000113856""";"=""20260000002777""";13838156;Efetivada;23/02/2026 13:35:28;24/02/2026 12:10:39;50;2;25/03/2026;25/03/2026;Paga;R$ 365,88;R$ 365,89;R$ 365,89;R$ 0,00
633;709;1314;"=""03657829000150""";AGIL ALGODOEIRA ITUMBIARA LTDA;PESSOA JURIDICA;ICMS;"=""4011000113856""";"=""20260000002777""";13838156;Efetivada;23/02/2026 13:35:28;24/02/2026 12:10:39;50;3;27/04/2026;27/04/2026;Paga;R$ 365,88;R$ 370,28;R$ 370,28;R$ 0,00
633;709;1314;"=""03657829000150""";AGIL ALGODOEIRA ITUMBIARA LTDA;PESSOA JURIDICA;ICMS;"=""4011000113856""";"=""20260000002777""";13838156;Efetivada;23/02/2026 13:35:28;24/02/2026 12:10:39;50;4;25/05/2026;25/05/2026;Paga;R$ 365,88;R$ 374,23;R$ 374,23;R$ 0,00
520;2215;1085;"=""03661864181""";REGIANY DE SOUZA OLIVEIRA CARDOSO;PESSOA FISICA;IPVA;"=""2358244622258""";"=""20260000002189""";13800965;Efetivada;18/02/2026 14:45:12;18/02/2026 18:09:45;1;1;25/02/2026;18/02/2026;Paga;R$ 497,11;R$ 497,11;R$ 497,11;R$ 0,00
106;1026;239;"=""03668609179""";GEAN CARLOS RODRIGUES DA SILVA;PESSOA FISICA;IPVA;"=""2043087322220""";"=""20260000000196""";13679210;Efetivada;03/02/2026 15:49:49;05/02/2026 18:06:23;2;2;25/03/2026;30/03/2026;Paga;R$ 441,04;R$ 448,34;R$ 448,34;R$ 0,00
106;1026;241;"=""03668609179""";GEAN CARLOS RODRIGUES DA SILVA;PESSOA FISICA;IPVA;"=""2093912622262""";"=""20260000000198""";13679252;Efetivada;03/02/2026 15:49:49;05/02/2026 18:06:36;2;2;25/03/2026;30/03/2026;Paga;R$ 425,37;R$ 432,40;R$ 432,40;R$ 0,00
104;1026;233;"=""03668609179""";GEAN CARLOS RODRIGUES DA SILVA;PESSOA FISICA;IPVA;"=""2300226922286""";"=""20260000000190""";13664093;Efetivada;03/02/2026 15:35:35;06/02/2026 12:02:42;2;2;25/03/2026;30/03/2026;Paga;R$ 416,22;R$ 423,11;R$ 423,11;R$ 0,00
45;765;101;"=""03676285000173""";VAB SERVIÇOS ADMINISTRATIVOS LTDA;PESSOA JURIDICA;ICMS;"=""4012400413685""";"=""20260000000058""";13659154;Efetivada;02/02/2026 16:12:17;04/02/2026 12:02:34;145;2;25/03/2026;27/02/2026;Paga;R$ 3.140,59;R$ 3.109,51;R$ 3.109,51;R$ 0,00
45;765;101;"=""03676285000173""";VAB SERVIÇOS ADMINISTRATIVOS LTDA;PESSOA JURIDICA;ICMS;"=""4012400413685""";"=""20260000000058""";13659154;Efetivada;02/02/2026 16:12:17;04/02/2026 12:02:34;145;3;27/04/2026;24/03/2026;Paga;R$ 3.140,59;R$ 3.140,61;R$ 3.140,61;R$ 0,00
45;765;101;"=""03676285000173""";VAB SERVIÇOS ADMINISTRATIVOS LTDA;PESSOA JURIDICA;ICMS;"=""4012400413685""";"=""20260000000058""";13659154;Efetivada;02/02/2026 16:12:17;04/02/2026 12:02:34;145;4;25/05/2026;24/04/2026;Paga;R$ 3.140,59;R$ 3.178,23;R$ 3.178,23;R$ 0,00
45;765;101;"=""03676285000173""";VAB SERVIÇOS ADMINISTRATIVOS LTDA;PESSOA JURIDICA;ICMS;"=""4012400413685""";"=""20260000000058""";13659154;Efetivada;02/02/2026 16:12:17;04/02/2026 12:02:34;145;5;25/06/2026;25/05/2026;Paga;R$ 3.140,59;R$ 3.212,13;R$ 3.212,13;R$ 0,00
591;2369;1229;"=""03681067139""";RAFAEL MOURA DA MOTA;PESSOA FISICA;IPVA;"=""2395005822285""";"=""20260000002542""";13830465;Efetivada;20/02/2026 19:42:50;28/02/2026 12:01:23;24;1;27/02/2026;27/02/2026;Paga;R$ 375,73;R$ 375,73;R$ 375,73;R$ 0,00
591;2369;1229;"=""03681067139""";RAFAEL MOURA DA MOTA;PESSOA FISICA;IPVA;"=""2395005822285""";"=""20260000002542""";13830465;Efetivada;20/02/2026 19:42:50;28/02/2026 12:01:23;24;2;25/03/2026;30/03/2026;Paga;R$ 379,48;R$ 385,75;R$ 385,75;R$ 0,00
591;2369;1229;"=""03681067139""";RAFAEL MOURA DA MOTA;PESSOA FISICA;IPVA;"=""2395005822285""";"=""20260000002542""";13830465;Efetivada;20/02/2026 19:42:50;28/02/2026 12:01:23;24;3;27/04/2026;29/04/2026;Paga;R$ 379,48;R$ 386,56;R$ 386,56;R$ 0,00
591;2369;1229;"=""03681067139""";RAFAEL MOURA DA MOTA;PESSOA FISICA;IPVA;"=""2395005822285""";"=""20260000002542""";13830465;Efetivada;20/02/2026 19:42:50;28/02/2026 12:01:23;24;4;25/05/2026;15/05/2026;Paga;R$ 379,48;R$ 388,13;R$ 388,13;R$ 0,00
880;2971;1879;"=""03734318130""";GUILHERME BRUNO PIRES;PESSOA FISICA;IPVA;"=""2355480822228""";"=""20260000004420""";13915282;Efetivada;04/03/2026 10:40:52;23/04/2026 18:28:25;1;1;11/03/2026;11/03/2026;Paga;R$ 1.561,85;R$ 1.561,85;R$ 1.561,85;R$ 0,00
880;2971;1878;"=""03734318130""";GUILHERME BRUNO PIRES;PESSOA FISICA;IPVA;"=""2305788022220""";"=""20260000004419""";13915274;Efetivada;04/03/2026 10:40:52;23/04/2026 18:28:31;1;1;11/03/2026;11/03/2026;Paga;R$ 1.284,24;R$ 1.284,24;R$ 1.284,24;R$ 0,00
728;1493;1576;"=""03738706127""";ALEX PARREIRA SILVA;PESSOA FISICA;IPVA;"=""2382450622201""";"=""20260000003432""";13864874;Efetivada;25/02/2026 15:41:53;26/02/2026 06:12:04;5;1;27/02/2026;25/02/2026;Paga;R$ 337,72;R$ 337,72;R$ 337,72;R$ 0,00
728;1493;1576;"=""03738706127""";ALEX PARREIRA SILVA;PESSOA FISICA;IPVA;"=""2382450622201""";"=""20260000003432""";13864874;Efetivada;25/02/2026 15:41:53;26/02/2026 06:12:04;5;2;25/03/2026;16/03/2026;Paga;R$ 341,09;R$ 341,10;R$ 341,10;R$ 0,00
728;1493;1576;"=""03738706127""";ALEX PARREIRA SILVA;PESSOA FISICA;IPVA;"=""2382450622201""";"=""20260000003432""";13864874;Efetivada;25/02/2026 15:41:53;26/02/2026 06:12:04;5;3;27/04/2026;31/03/2026;Paga;R$ 341,09;R$ 341,10;R$ 341,10;R$ 0,00
728;1493;1576;"=""03738706127""";ALEX PARREIRA SILVA;PESSOA FISICA;IPVA;"=""2382450622201""";"=""20260000003432""";13864874;Efetivada;25/02/2026 15:41:53;26/02/2026 06:12:04;5;4;25/05/2026;31/03/2026;Paga;R$ 341,09;R$ 341,10;R$ 341,10;R$ 0,00
728;1493;1576;"=""03738706127""";ALEX PARREIRA SILVA;PESSOA FISICA;IPVA;"=""2382450622201""";"=""20260000003432""";13864874;Efetivada;25/02/2026 15:41:53;26/02/2026 06:12:04;5;5;25/06/2026;31/03/2026;Paga;R$ 341,09;R$ 341,10;R$ 341,10;R$ 0,00
728;1493;1575;"=""03738706127""";ALEX PARREIRA SILVA;PESSOA FISICA;IPVA;"=""2285282522274""";"=""20260000003431""";13864866;Efetivada;25/02/2026 15:41:53;26/02/2026 06:12:09;4;1;27/02/2026;25/02/2026;Paga;R$ 348,94;R$ 348,94;R$ 348,94;R$ 0,00
728;1493;1575;"=""03738706127""";ALEX PARREIRA SILVA;PESSOA FISICA;IPVA;"=""2285282522274""";"=""20260000003431""";13864866;Efetivada;25/02/2026 15:41:53;26/02/2026 06:12:09;4;2;25/03/2026;16/03/2026;Paga;R$ 352,42;R$ 352,44;R$ 352,44;R$ 0,00
728;1493;1575;"=""03738706127""";ALEX PARREIRA SILVA;PESSOA FISICA;IPVA;"=""2285282522274""";"=""20260000003431""";13864866;Efetivada;25/02/2026 15:41:53;26/02/2026 06:12:09;4;3;27/04/2026;31/03/2026;Paga;R$ 352,42;R$ 352,44;R$ 352,44;R$ 0,00
728;1493;1575;"=""03738706127""";ALEX PARREIRA SILVA;PESSOA FISICA;IPVA;"=""2285282522274""";"=""20260000003431""";13864866;Efetivada;25/02/2026 15:41:53;26/02/2026 06:12:09;4;4;25/05/2026;31/03/2026;Paga;R$ 352,42;R$ 352,44;R$ 352,44;R$ 0,00
941;3021;2044;"=""03766953000153""";SARDINHA ATACAREJO LTDA;PESSOA JURIDICA;ICMS;"=""4012000998619""";"=""20260000004738""";13942379;Efetivada;06/03/2026 11:47:37;13/03/2026 12:04:10;120;1;13/03/2026;13/03/2026;Paga;R$ 2.557,33;R$ 2.557,33;R$ 2.557,33;R$ 0,00
941;3021;2044;"=""03766953000153""";SARDINHA ATACAREJO LTDA;PESSOA JURIDICA;ICMS;"=""4012000998619""";"=""20260000004738""";13942379;Efetivada;06/03/2026 11:47:37;13/03/2026 12:04:10;120;2;27/04/2026;27/04/2026;Paga;R$ 2.582,89;R$ 2.582,90;R$ 2.582,90;R$ 0,00
941;3021;2044;"=""03766953000153""";SARDINHA ATACAREJO LTDA;PESSOA JURIDICA;ICMS;"=""4012000998619""";"=""20260000004738""";13942379;Efetivada;06/03/2026 11:47:37;13/03/2026 12:04:10;120;3;25/05/2026;25/05/2026;Paga;R$ 2.582,89;R$ 2.610,78;R$ 2.610,78;R$ 0,00
1301;3844;3028;"=""03785740190""";CAROLINE DE PAULA COSTA;PESSOA FISICA;IPVA;"=""2177509522268""";"=""20260000007026""";14264684;Efetivada;15/05/2026 17:08:12;22/05/2026 18:00:40;4;1;22/05/2026;22/05/2026;Paga;R$ 374,76;R$ 374,76;R$ 374,76;R$ 0,00
1301;3844;3027;"=""03785740190""";CAROLINE DE PAULA COSTA;PESSOA FISICA;IPVA;"=""2007877322250""";"=""20260000007025""";14264676;Efetivada;15/05/2026 17:08:12;22/05/2026 18:00:47;4;1;22/05/2026;22/05/2026;Paga;R$ 394,93;R$ 394,93;R$ 394,93;R$ 0,00
1301;3844;3029;"=""03785740190""";CAROLINE DE PAULA COSTA;PESSOA FISICA;IPVA;"=""2327873722274""";"=""20260000007027""";14264692;Efetivada;15/05/2026 17:08:12;22/05/2026 18:00:54;4;1;22/05/2026;22/05/2026;Paga;R$ 338,03;R$ 338,03;R$ 338,03;R$ 0,00
1301;3844;3030;"=""03785740190""";CAROLINE DE PAULA COSTA;PESSOA FISICA;IPVA;"=""2335936722234""";"=""20260000007028""";14264668;Efetivada;15/05/2026 17:08:12;22/05/2026 18:01:00;4;1;22/05/2026;22/05/2026;Paga;R$ 397,69;R$ 397,69;R$ 397,69;R$ 0,00
1272;3771;2964;"=""03798424160""";LARISSA RODRIGUES DE OLIVEIRA;PESSOA FISICA;IPVA;"=""2371744022206""";"=""20260000006871""";14224593;Efetivada;05/05/2026 19:39:50;13/05/2026 12:00:34;2;1;12/05/2026;12/05/2026;Paga;R$ 396,78;R$ 396,78;R$ 396,78;R$ 0,00
1272;3771;2965;"=""03798424160""";LARISSA RODRIGUES DE OLIVEIRA;PESSOA FISICA;IPVA;"=""2381478222200""";"=""20260000006872""";14224607;Efetivada;05/05/2026 19:39:50;13/05/2026 12:00:40;1;1;12/05/2026;12/05/2026;Paga;R$ 238,30;R$ 238,30;R$ 238,30;R$ 0,00
530;2039;1100;"=""03816711197""";VANESSA PEREIRA SILVA;PESSOA FISICA;IPVA;"=""2332501222268""";"=""20260000002220""";13804430;Efetivada;18/02/2026 18:36:07;19/02/2026 06:09:54;1;1;25/02/2026;18/02/2026;Paga;R$ 282,58;R$ 282,58;R$ 282,58;R$ 0,00
530;2039;1101;"=""03816711197""";VANESSA PEREIRA SILVA;PESSOA FISICA;IPVA;"=""2380596222295""";"=""20260000002221""";13804448;Efetivada;18/02/2026 18:36:07;19/02/2026 06:09:54;1;1;25/02/2026;18/02/2026;Paga;R$ 343,13;R$ 343,13;R$ 343,13;R$ 0,00
604;2005;1248;"=""03876286140""";DABYA MEDEIROS TOME ROSA;PESSOA FISICA;IPVA;"=""2344118422237""";"=""20260000002579""";13832980;Efetivada;23/02/2026 09:09:05;23/02/2026 18:09:14;4;1;27/02/2026;23/02/2026;Paga;R$ 336,16;R$ 336,16;R$ 336,16;R$ 0,00
604;2005;1248;"=""03876286140""";DABYA MEDEIROS TOME ROSA;PESSOA FISICA;IPVA;"=""2344118422237""";"=""20260000002579""";13832980;Efetivada;23/02/2026 09:09:05;23/02/2026 18:09:14;4;2;25/03/2026;25/03/2026;Paga;R$ 339,51;R$ 339,53;R$ 339,53;R$ 0,00
49;786;108;"=""03893654593""";GEAN DE SOUZA GOMES;PESSOA FISICA;IPVA;"=""2041840322249""";"=""20260000000065""";13659910;Efetivada;02/02/2026 16:39:38;10/02/2026 12:01:31;2;2;25/03/2026;25/02/2026;Paga;R$ 397,36;R$ 393,45;R$ 393,45;R$ 0,00
49;786;109;"=""03893654593""";GEAN DE SOUZA GOMES;PESSOA FISICA;IPVA;"=""2067498422200""";"=""20260000000066""";13659928;Efetivada;02/02/2026 16:39:38;10/02/2026 12:01:38;2;2;25/03/2026;25/02/2026;Paga;R$ 380,80;R$ 377,05;R$ 377,05;R$ 0,00
49;786;110;"=""03893654593""";GEAN DE SOUZA GOMES;PESSOA FISICA;IPVA;"=""2267490922265""";"=""20260000000067""";13659936;Efetivada;02/02/2026 16:39:38;10/02/2026 12:01:38;2;2;25/03/2026;25/02/2026;Paga;R$ 354,28;R$ 350,79;R$ 350,79;R$ 0,00
601;2330;1243;"=""03917489120""";WANESSA SIDIAO MACHADO;PESSOA FISICA;IPVA;"=""2267545522212""";"=""20260000002570""";13830597;Efetivada;22/02/2026 10:59:35;23/02/2026 18:09:08;1;1;27/02/2026;23/02/2026;Paga;R$ 104,74;R$ 104,74;R$ 104,74;R$ 0,00
955;2285;2087;"=""03999191000135""";ELIEZER SOARES BENTO;PESSOA JURIDICA;ICMS;"=""2145323500096""";"=""20260000004824""";13968475;Efetivada;06/03/2026 17:03:03;13/03/2026 18:10:19;17;1;13/03/2026;13/03/2026;Paga;R$ 339,29;R$ 339,29;R$ 339,29;R$ 0,00
955;2285;2086;"=""03999191000135""";ELIEZER SOARES BENTO;PESSOA JURIDICA;ICMS;"=""2017147011154""";"=""20260000004823""";13968483;Efetivada;06/03/2026 17:03:03;14/03/2026 06:09:53;3;1;13/03/2026;13/03/2026;Paga;R$ 335,52;R$ 335,52;R$ 335,52;R$ 0,00
955;2285;2088;"=""03999191000135""";ELIEZER SOARES BENTO;PESSOA JURIDICA;ICMS;"=""4012100042860""";"=""20260000004825""";13968491;Efetivada;06/03/2026 17:03:03;09/04/2026 12:50:55;1;1;13/03/2026;13/03/2026;Paga;R$ 169,28;R$ 169,28;R$ 169,28;R$ 0,00
964;2993;2103;"=""04008432183""";TULIO ALMEIDA MANSO;PESSOA FISICA;IPVA;"=""2363113122290""";"=""20260000004855""";13942751;Efetivada;09/03/2026 08:38:29;09/03/2026 18:11:29;3;2;27/04/2026;27/04/2026;Paga;R$ 386,10;R$ 386,12;R$ 386,12;R$ 0,00
964;2993;2103;"=""04008432183""";TULIO ALMEIDA MANSO;PESSOA FISICA;IPVA;"=""2363113122290""";"=""20260000004855""";13942751;Efetivada;09/03/2026 08:38:29;09/03/2026 18:11:29;3;3;25/05/2026;26/05/2026;Paga;R$ 386,10;R$ 391,57;R$ 391,57;R$ 0,00
964;2993;2102;"=""04008432183""";TULIO ALMEIDA MANSO;PESSOA FISICA;IPVA;"=""2272757122273""";"=""20260000004854""";13942760;Efetivada;09/03/2026 08:38:29;09/03/2026 18:11:30;2;2;27/04/2026;27/04/2026;Paga;R$ 482,82;R$ 482,84;R$ 482,84;R$ 0,00
752;1634;1613;"=""04048450107""";WESLANE DA SILVA DOMINGOS;PESSOA FISICA;IPVA;"=""2369251322294""";"=""20260000003655""";13875060;Efetivada;26/02/2026 16:57:31;28/02/2026 06:05:35;3;1;27/02/2026;27/02/2026;Paga;R$ 374,26;R$ 374,26;R$ 374,26;R$ 0,00
1135;3391;2570;"=""04076461169""";LARISSA GUERRA MARTINI MIRANDA;PESSOA FISICA;ITCD;"=""4011802550816""";"=""20260000005956""";14036134;Efetivada;24/03/2026 17:39:49;28/03/2026 12:09:39;106;1;31/03/2026;27/03/2026;Paga;R$ 330,94;R$ 330,94;R$ 330,94;R$ 0,00
1135;3391;2570;"=""04076461169""";LARISSA GUERRA MARTINI MIRANDA;PESSOA FISICA;ITCD;"=""4011802550816""";"=""20260000005956""";14036134;Efetivada;24/03/2026 17:39:49;28/03/2026 12:09:39;106;2;27/04/2026;25/05/2026;Paga;R$ 334,24;R$ 369,08;R$ 369,08;R$ 0,00
758;2735;1624;"=""04119063135""";DANIEL HENRIQUE BORGES DA SILVA;PESSOA FISICA;IPVA;"=""2332378822207""";"=""20260000003677""";13879618;Efetivada;27/02/2026 09:45:21;27/02/2026 18:07:46;1;1;27/02/2026;27/02/2026;Paga;R$ 404,81;R$ 404,81;R$ 404,81;R$ 0,00
758;2735;1625;"=""04119063135""";DANIEL HENRIQUE BORGES DA SILVA;PESSOA FISICA;IPVA;"=""2366582122263""";"=""20260000003678""";13879600;Efetivada;27/02/2026 09:45:21;27/02/2026 18:07:54;1;1;27/02/2026;27/02/2026;Paga;R$ 506,68;R$ 506,68;R$ 506,68;R$ 0,00
597;2387;1238;"=""04170144490""";SANDRO JOSE DA SILVA;PESSOA FISICA;IPVA;"=""2375466022257""";"=""20260000002560""";13830554;Efetivada;21/02/2026 13:40:13;23/02/2026 12:12:45;1;1;27/02/2026;23/02/2026;Paga;R$ 208,96;R$ 208,96;R$ 208,96;R$ 0,00
560;2298;1150;"=""04199099158""";ROBERTO LUIZ OLIVEIRA SILVA;PESSOA FISICA;IPVA;"=""2365357322210""";"=""20260000002350""";13818430;Efetivada;19/02/2026 21:45:41;21/02/2026 06:06:08;1;1;26/02/2026;20/02/2026;Paga;R$ 171,17;R$ 171,17;R$ 171,17;R$ 0,00
609;1527;1271;"=""04211273175""";PEDRO CARVALHO DE SOUZA;PESSOA FISICA;IPVA;"=""2342864522245""";"=""20260000002646""";13834258;Efetivada;23/02/2026 09:58:32;27/02/2026 18:02:09;3;1;27/02/2026;27/02/2026;Paga;R$ 362,63;R$ 362,63;R$ 362,63;R$ 0,00
609;1527;1271;"=""04211273175""";PEDRO CARVALHO DE SOUZA;PESSOA FISICA;IPVA;"=""2342864522245""";"=""20260000002646""";13834258;Efetivada;23/02/2026 09:58:32;27/02/2026 18:02:09;3;2;25/03/2026;27/03/2026;Paga;R$ 366,24;R$ 368,69;R$ 368,69;R$ 0,00
609;1527;1271;"=""04211273175""";PEDRO CARVALHO DE SOUZA;PESSOA FISICA;IPVA;"=""2342864522245""";"=""20260000002646""";13834258;Efetivada;23/02/2026 09:58:32;27/02/2026 18:02:09;3;3;27/04/2026;28/04/2026;Paga;R$ 366,24;R$ 371,88;R$ 371,88;R$ 0,00
309;422;668;"=""04241554000131""";EURODIESEL COMERCIO E PECAS LTDA;PESSOA JURIDICA;ICMS;"=""2143617600032""";"=""20260000001238""";13768417;Efetivada;09/02/2026 17:59:44;18/02/2026 18:03:31;145;1;18/02/2026;18/02/2026;Paga;R$ 336,79;R$ 336,79;R$ 336,79;R$ 0,00
309;422;668;"=""04241554000131""";EURODIESEL COMERCIO E PECAS LTDA;PESSOA JURIDICA;ICMS;"=""2143617600032""";"=""20260000001238""";13768417;Efetivada;09/02/2026 17:59:44;18/02/2026 18:03:31;145;3;27/04/2026;11/05/2026;Paga;R$ 340,15;R$ 363,97;R$ 363,97;R$ 0,00
309;422;671;"=""04241554000131""";EURODIESEL COMERCIO E PECAS LTDA;PESSOA JURIDICA;ICMS;"=""2145035800000""";"=""20260000001241""";13768450;Efetivada;09/02/2026 17:59:44;18/02/2026 18:03:33;106;1;18/02/2026;18/02/2026;Paga;R$ 330,60;R$ 330,60;R$ 330,60;R$ 0,00
309;422;671;"=""04241554000131""";EURODIESEL COMERCIO E PECAS LTDA;PESSOA JURIDICA;ICMS;"=""2145035800000""";"=""20260000001241""";13768450;Efetivada;09/02/2026 17:59:44;18/02/2026 18:03:33;106;3;27/04/2026;11/05/2026;Paga;R$ 333,90;R$ 357,28;R$ 357,28;R$ 0,00
309;422;669;"=""04241554000131""";EURODIESEL COMERCIO E PECAS LTDA;PESSOA JURIDICA;ICMS;"=""2145324000062""";"=""20260000001239""";13768425;Efetivada;09/02/2026 17:59:44;18/02/2026 18:03:38;145;1;18/02/2026;18/02/2026;Paga;R$ 564,46;R$ 564,46;R$ 564,46;R$ 0,00
309;422;669;"=""04241554000131""";EURODIESEL COMERCIO E PECAS LTDA;PESSOA JURIDICA;ICMS;"=""2145324000062""";"=""20260000001239""";13768425;Efetivada;09/02/2026 17:59:44;18/02/2026 18:03:38;145;3;27/04/2026;11/05/2026;Paga;R$ 570,10;R$ 610,02;R$ 610,02;R$ 0,00
309;422;672;"=""04241554000131""";EURODIESEL COMERCIO E PECAS LTDA;PESSOA JURIDICA;ICMS;"=""2141332100094""";"=""20260000001242""";13768433;Efetivada;09/02/2026 17:59:44;18/02/2026 18:03:39;145;1;18/02/2026;18/02/2026;Paga;R$ 953,00;R$ 953,00;R$ 953,00;R$ 0,00
309;422;672;"=""04241554000131""";EURODIESEL COMERCIO E PECAS LTDA;PESSOA JURIDICA;ICMS;"=""2141332100094""";"=""20260000001242""";13768433;Efetivada;09/02/2026 17:59:44;18/02/2026 18:03:39;145;3;27/04/2026;11/05/2026;Paga;R$ 962,52;R$ 1.029,93;R$ 1.029,93;R$ 0,00
309;422;675;"=""04241554000131""";EURODIESEL COMERCIO E PECAS LTDA;PESSOA JURIDICA;ICMS;"=""2141799700066""";"=""20260000001245""";13768441;Efetivada;09/02/2026 17:59:44;18/02/2026 18:03:45;145;1;18/02/2026;18/02/2026;Paga;R$ 611,36;R$ 611,36;R$ 611,36;R$ 0,00
309;422;675;"=""04241554000131""";EURODIESEL COMERCIO E PECAS LTDA;PESSOA JURIDICA;ICMS;"=""2141799700066""";"=""20260000001245""";13768441;Efetivada;09/02/2026 17:59:44;18/02/2026 18:03:45;145;3;27/04/2026;11/05/2026;Paga;R$ 617,46;R$ 660,70;R$ 660,70;R$ 0,00
309;422;677;"=""04241554000131""";EURODIESEL COMERCIO E PECAS LTDA;PESSOA JURIDICA;ICMS;"=""2146238000074""";"=""20260000001247""";13768530;Efetivada;09/02/2026 17:59:44;18/02/2026 18:03:46;145;1;18/02/2026;18/02/2026;Paga;R$ 460,38;R$ 460,38;R$ 460,38;R$ 0,00
309;422;677;"=""04241554000131""";EURODIESEL COMERCIO E PECAS LTDA;PESSOA JURIDICA;ICMS;"=""2146238000074""";"=""20260000001247""";13768530;Efetivada;09/02/2026 17:59:44;18/02/2026 18:03:46;145;3;27/04/2026;11/05/2026;Paga;R$ 464,97;R$ 497,54;R$ 497,54;R$ 0,00
309;422;676;"=""04241554000131""";EURODIESEL COMERCIO E PECAS LTDA;PESSOA JURIDICA;ICMS;"=""2145913900033""";"=""20260000001246""";13768522;Efetivada;09/02/2026 17:59:44;18/02/2026 18:03:52;103;1;18/02/2026;18/02/2026;Paga;R$ 332,12;R$ 332,12;R$ 332,12;R$ 0,00
309;422;676;"=""04241554000131""";EURODIESEL COMERCIO E PECAS LTDA;PESSOA JURIDICA;ICMS;"=""2145913900033""";"=""20260000001246""";13768522;Efetivada;09/02/2026 17:59:44;18/02/2026 18:03:52;103;3;27/04/2026;11/05/2026;Paga;R$ 335,43;R$ 358,93;R$ 358,93;R$ 0,00
309;422;670;"=""04241554000131""";EURODIESEL COMERCIO E PECAS LTDA;PESSOA JURIDICA;ICMS;"=""2227770500094""";"=""20260000001240""";13768476;Efetivada;09/02/2026 17:59:44;18/02/2026 18:03:53;128;1;18/02/2026;18/02/2026;Paga;R$ 330,34;R$ 330,34;R$ 330,34;R$ 0,00
309;422;670;"=""04241554000131""";EURODIESEL COMERCIO E PECAS LTDA;PESSOA JURIDICA;ICMS;"=""2227770500094""";"=""20260000001240""";13768476;Efetivada;09/02/2026 17:59:44;18/02/2026 18:03:53;128;3;27/04/2026;11/05/2026;Paga;R$ 333,64;R$ 357,00;R$ 357,00;R$ 0,00
309;422;673;"=""04241554000131""";EURODIESEL COMERCIO E PECAS LTDA;PESSOA JURIDICA;ICMS;"=""2156079000099""";"=""20260000001243""";13768468;Efetivada;09/02/2026 17:59:44;18/02/2026 18:03:58;145;1;18/02/2026;18/02/2026;Paga;R$ 439,34;R$ 439,34;R$ 439,34;R$ 0,00
309;422;673;"=""04241554000131""";EURODIESEL COMERCIO E PECAS LTDA;PESSOA JURIDICA;ICMS;"=""2156079000099""";"=""20260000001243""";13768468;Efetivada;09/02/2026 17:59:44;18/02/2026 18:03:58;145;3;27/04/2026;11/05/2026;Paga;R$ 443,72;R$ 474,81;R$ 474,81;R$ 0,00
309;422;674;"=""04241554000131""";EURODIESEL COMERCIO E PECAS LTDA;PESSOA JURIDICA;ICMS;"=""2227672600000""";"=""20260000001244""";13768492;Efetivada;09/02/2026 17:59:44;18/02/2026 18:04:00;111;1;18/02/2026;18/02/2026;Paga;R$ 332,55;R$ 332,55;R$ 332,55;R$ 0,00
309;422;674;"=""04241554000131""";EURODIESEL COMERCIO E PECAS LTDA;PESSOA JURIDICA;ICMS;"=""2227672600000""";"=""20260000001244""";13768492;Efetivada;09/02/2026 17:59:44;18/02/2026 18:04:00;111;3;27/04/2026;11/05/2026;Paga;R$ 335,87;R$ 359,40;R$ 359,40;R$ 0,00
311;422;683;"=""04241554000131""";EURODIESEL COMERCIO E PECAS LTDA;PESSOA JURIDICA;ICMS;"=""2144323300064""";"=""20260000001264""";13768735;Efetivada;09/02/2026 18:03:14;18/02/2026 18:04:05;145;1;18/02/2026;18/02/2026;Paga;R$ 505,96;R$ 505,96;R$ 505,96;R$ 0,00
311;422;683;"=""04241554000131""";EURODIESEL COMERCIO E PECAS LTDA;PESSOA JURIDICA;ICMS;"=""2144323300064""";"=""20260000001264""";13768735;Efetivada;09/02/2026 18:03:14;18/02/2026 18:04:05;145;3;27/04/2026;11/05/2026;Paga;R$ 511,00;R$ 546,80;R$ 546,80;R$ 0,00
311;422;681;"=""04241554000131""";EURODIESEL COMERCIO E PECAS LTDA;PESSOA JURIDICA;ICMS;"=""2228000600010""";"=""20260000001262""";13768743;Efetivada;09/02/2026 18:03:14;18/02/2026 18:04:06;138;1;18/02/2026;18/02/2026;Paga;R$ 331,85;R$ 331,85;R$ 331,85;R$ 0,00
311;422;681;"=""04241554000131""";EURODIESEL COMERCIO E PECAS LTDA;PESSOA JURIDICA;ICMS;"=""2228000600010""";"=""20260000001262""";13768743;Efetivada;09/02/2026 18:03:14;18/02/2026 18:04:06;138;3;27/04/2026;11/05/2026;Paga;R$ 335,16;R$ 358,65;R$ 358,65;R$ 0,00
311;422;682;"=""04241554000131""";EURODIESEL COMERCIO E PECAS LTDA;PESSOA JURIDICA;ICMS;"=""2144107500026""";"=""20260000001263""";13768751;Efetivada;09/02/2026 18:03:14;18/02/2026 18:04:12;145;1;18/02/2026;18/02/2026;Paga;R$ 382,21;R$ 382,21;R$ 382,21;R$ 0,00
311;422;682;"=""04241554000131""";EURODIESEL COMERCIO E PECAS LTDA;PESSOA JURIDICA;ICMS;"=""2144107500026""";"=""20260000001263""";13768751;Efetivada;09/02/2026 18:03:14;18/02/2026 18:04:12;145;3;27/04/2026;11/05/2026;Paga;R$ 386,02;R$ 413,07;R$ 413,07;R$ 0,00
311;422;679;"=""04241554000131""";EURODIESEL COMERCIO E PECAS LTDA;PESSOA JURIDICA;ICMS;"=""2228081500002""";"=""20260000001260""";13768760;Efetivada;09/02/2026 18:03:14;18/02/2026 18:04:13;145;1;18/02/2026;18/02/2026;Paga;R$ 509,82;R$ 509,82;R$ 509,82;R$ 0,00
311;422;679;"=""04241554000131""";EURODIESEL COMERCIO E PECAS LTDA;PESSOA JURIDICA;ICMS;"=""2228081500002""";"=""20260000001260""";13768760;Efetivada;09/02/2026 18:03:14;18/02/2026 18:04:13;145;3;27/04/2026;11/05/2026;Paga;R$ 514,91;R$ 550,97;R$ 550,97;R$ 0,00
311;422;680;"=""04241554000131""";EURODIESEL COMERCIO E PECAS LTDA;PESSOA JURIDICA;ICMS;"=""2146025200050""";"=""20260000001261""";13768778;Efetivada;09/02/2026 18:03:14;18/02/2026 18:04:19;106;1;18/02/2026;18/02/2026;Paga;R$ 330,72;R$ 330,72;R$ 330,72;R$ 0,00
311;422;680;"=""04241554000131""";EURODIESEL COMERCIO E PECAS LTDA;PESSOA JURIDICA;ICMS;"=""2146025200050""";"=""20260000001261""";13768778;Efetivada;09/02/2026 18:03:14;18/02/2026 18:04:19;106;3;27/04/2026;11/05/2026;Paga;R$ 334,02;R$ 357,41;R$ 357,41;R$ 0,00
1001;1763;2169;"=""04244916130""";TALLITA DA SILVA SIQUEIRA;PESSOA FISICA;IPVA;"=""2331809422204""";"=""20260000005019""";13953508;Efetivada;10/03/2026 10:16:45;09/04/2026 12:50:56;1;1;17/03/2026;12/03/2026;Paga;R$ 774,96;R$ 774,96;R$ 774,96;R$ 0,00
1001;1763;2170;"=""04244916130""";TALLITA DA SILVA SIQUEIRA;PESSOA FISICA;IPVA;"=""2369088022207""";"=""20260000005020""";13953494;Efetivada;10/03/2026 10:16:45;09/04/2026 12:50:56;1;1;17/03/2026;12/03/2026;Paga;R$ 996,19;R$ 996,19;R$ 996,19;R$ 0,00
1130;3263;2565;"=""04290115128""";RENATA BORGES WOLNEY;PESSOA FISICA;IPVA;"=""2391710422290""";"=""20260000005930""";14029766;Efetivada;24/03/2026 09:51:48;01/04/2026 18:06:04;1;1;31/03/2026;24/03/2026;Paga;R$ 244,12;R$ 244,12;R$ 244,12;R$ 0,00
1130;3263;2564;"=""04290115128""";RENATA BORGES WOLNEY;PESSOA FISICA;IPVA;"=""2318743522268""";"=""20260000005929""";14029782;Efetivada;24/03/2026 09:51:48;01/04/2026 18:06:11;1;1;31/03/2026;24/03/2026;Paga;R$ 213,96;R$ 213,96;R$ 213,96;R$ 0,00
1130;3263;2562;"=""04290115128""";RENATA BORGES WOLNEY;PESSOA FISICA;IPVA;"=""2048786222200""";"=""20260000005927""";14029774;Efetivada;24/03/2026 09:51:48;01/04/2026 18:06:17;1;1;31/03/2026;24/03/2026;Paga;R$ 223,33;R$ 223,33;R$ 223,33;R$ 0,00
1130;3263;2563;"=""04290115128""";RENATA BORGES WOLNEY;PESSOA FISICA;IPVA;"=""2181498522290""";"=""20260000005928""";14029758;Efetivada;24/03/2026 09:51:48;01/04/2026 18:06:24;1;1;31/03/2026;24/03/2026;Paga;R$ 215,78;R$ 215,78;R$ 215,78;R$ 0,00
494;2139;1028;"=""04327255394""";GIRLANE CARVALHO SOUSA;PESSOA FISICA;IPVA;"=""2372540622203""";"=""20260000002068""";13794051;Efetivada;14/02/2026 17:26:54;19/02/2026 06:06:36;8;1;20/02/2026;18/02/2026;Paga;R$ 361,20;R$ 361,20;R$ 361,20;R$ 0,00
494;2139;1028;"=""04327255394""";GIRLANE CARVALHO SOUSA;PESSOA FISICA;IPVA;"=""2372540622203""";"=""20260000002068""";13794051;Efetivada;14/02/2026 17:26:54;19/02/2026 06:06:36;8;2;25/03/2026;25/03/2026;Paga;R$ 364,80;R$ 364,81;R$ 364,81;R$ 0,00
494;2139;1028;"=""04327255394""";GIRLANE CARVALHO SOUSA;PESSOA FISICA;IPVA;"=""2372540622203""";"=""20260000002068""";13794051;Efetivada;14/02/2026 17:26:54;19/02/2026 06:06:36;8;3;27/04/2026;27/04/2026;Paga;R$ 364,80;R$ 369,19;R$ 369,19;R$ 0,00
494;2139;1028;"=""04327255394""";GIRLANE CARVALHO SOUSA;PESSOA FISICA;IPVA;"=""2372540622203""";"=""20260000002068""";13794051;Efetivada;14/02/2026 17:26:54;19/02/2026 06:06:36;8;4;25/05/2026;25/05/2026;Paga;R$ 364,80;R$ 373,12;R$ 373,12;R$ 0,00
635;2347;1316;"=""04364488313""";DARLY JEAN LUSTOSA SILVA;PESSOA FISICA;IPVA;"=""2341941422299""";"=""20260000002786""";13843680;Efetivada;23/02/2026 14:51:36;24/02/2026 12:11:06;3;1;27/02/2026;24/02/2026;Paga;R$ 358,64;R$ 358,64;R$ 358,64;R$ 0,00
580;208;1192;"=""04392665000149""";J MACHADO INDUSTRIA E COMERCIO DE CARNES LTDA - ME;PESSOA JURIDICA;ICMS;"=""2013395911110""";"=""20260000002445""";13826670;Efetivada;20/02/2026 16:45:19;24/02/2026 18:06:32;100;1;27/02/2026;24/02/2026;Paga;R$ 652,31;R$ 652,31;R$ 652,31;R$ 0,00
580;208;1192;"=""04392665000149""";J MACHADO INDUSTRIA E COMERCIO DE CARNES LTDA - ME;PESSOA JURIDICA;ICMS;"=""2013395911110""";"=""20260000002445""";13826670;Efetivada;20/02/2026 16:45:19;24/02/2026 18:06:32;100;2;25/03/2026;31/03/2026;Paga;R$ 658,83;R$ 671,88;R$ 671,88;R$ 0,00
580;208;1192;"=""04392665000149""";J MACHADO INDUSTRIA E COMERCIO DE CARNES LTDA - ME;PESSOA JURIDICA;ICMS;"=""2013395911110""";"=""20260000002445""";13826670;Efetivada;20/02/2026 16:45:19;24/02/2026 18:06:32;100;3;27/04/2026;27/04/2026;Paga;R$ 658,83;R$ 666,73;R$ 666,73;R$ 0,00
580;208;1192;"=""04392665000149""";J MACHADO INDUSTRIA E COMERCIO DE CARNES LTDA - ME;PESSOA JURIDICA;ICMS;"=""2013395911110""";"=""20260000002445""";13826670;Efetivada;20/02/2026 16:45:19;24/02/2026 18:06:32;100;4;25/05/2026;29/05/2026;Paga;R$ 658,83;R$ 682,74;R$ 682,74;R$ 0,00
580;208;1195;"=""04392665000149""";J MACHADO INDUSTRIA E COMERCIO DE CARNES LTDA - ME;PESSOA JURIDICA;ICMS;"=""4012100604612""";"=""20260000002448""";13826700;Efetivada;20/02/2026 16:45:19;24/02/2026 18:06:39;145;1;27/02/2026;24/02/2026;Paga;R$ 571,32;R$ 571,32;R$ 571,32;R$ 0,00
580;208;1195;"=""04392665000149""";J MACHADO INDUSTRIA E COMERCIO DE CARNES LTDA - ME;PESSOA JURIDICA;ICMS;"=""4012100604612""";"=""20260000002448""";13826700;Efetivada;20/02/2026 16:45:19;24/02/2026 18:06:39;145;2;25/03/2026;31/03/2026;Paga;R$ 577,02;R$ 588,46;R$ 588,46;R$ 0,00
580;208;1195;"=""04392665000149""";J MACHADO INDUSTRIA E COMERCIO DE CARNES LTDA - ME;PESSOA JURIDICA;ICMS;"=""4012100604612""";"=""20260000002448""";13826700;Efetivada;20/02/2026 16:45:19;24/02/2026 18:06:39;145;3;27/04/2026;27/04/2026;Paga;R$ 577,02;R$ 583,95;R$ 583,95;R$ 0,00
580;208;1195;"=""04392665000149""";J MACHADO INDUSTRIA E COMERCIO DE CARNES LTDA - ME;PESSOA JURIDICA;ICMS;"=""4012100604612""";"=""20260000002448""";13826700;Efetivada;20/02/2026 16:45:19;24/02/2026 18:06:39;145;4;25/05/2026;29/05/2026;Paga;R$ 577,02;R$ 597,96;R$ 597,96;R$ 0,00
580;208;1194;"=""04392665000149""";J MACHADO INDUSTRIA E COMERCIO DE CARNES LTDA - ME;PESSOA JURIDICA;ICMS;"=""4012000613415""";"=""20260000002447""";13826697;Efetivada;20/02/2026 16:45:19;24/02/2026 18:06:43;48;1;27/02/2026;24/02/2026;Paga;R$ 417,71;R$ 417,71;R$ 417,71;R$ 0,00
580;208;1194;"=""04392665000149""";J MACHADO INDUSTRIA E COMERCIO DE CARNES LTDA - ME;PESSOA JURIDICA;ICMS;"=""4012000613415""";"=""20260000002447""";13826697;Efetivada;20/02/2026 16:45:19;24/02/2026 18:06:43;48;2;25/03/2026;31/03/2026;Paga;R$ 421,87;R$ 430,24;R$ 430,24;R$ 0,00
580;208;1194;"=""04392665000149""";J MACHADO INDUSTRIA E COMERCIO DE CARNES LTDA - ME;PESSOA JURIDICA;ICMS;"=""4012000613415""";"=""20260000002447""";13826697;Efetivada;20/02/2026 16:45:19;24/02/2026 18:06:43;48;3;27/04/2026;27/04/2026;Paga;R$ 421,87;R$ 426,94;R$ 426,94;R$ 0,00
580;208;1194;"=""04392665000149""";J MACHADO INDUSTRIA E COMERCIO DE CARNES LTDA - ME;PESSOA JURIDICA;ICMS;"=""4012000613415""";"=""20260000002447""";13826697;Efetivada;20/02/2026 16:45:19;24/02/2026 18:06:43;48;4;25/05/2026;29/05/2026;Paga;R$ 421,87;R$ 437,19;R$ 437,19;R$ 0,00
580;208;1197;"=""04392665000149""";J MACHADO INDUSTRIA E COMERCIO DE CARNES LTDA - ME;PESSOA JURIDICA;ICMS;"=""2013396011171""";"=""20260000002450""";13826719;Efetivada;20/02/2026 16:45:19;24/02/2026 18:06:46;5;1;27/02/2026;24/02/2026;Paga;R$ 345,63;R$ 345,63;R$ 345,63;R$ 0,00
580;208;1197;"=""04392665000149""";J MACHADO INDUSTRIA E COMERCIO DE CARNES LTDA - ME;PESSOA JURIDICA;ICMS;"=""2013396011171""";"=""20260000002450""";13826719;Efetivada;20/02/2026 16:45:19;24/02/2026 18:06:46;5;2;25/03/2026;31/03/2026;Paga;R$ 349,08;R$ 355,99;R$ 355,99;R$ 0,00
580;208;1197;"=""04392665000149""";J MACHADO INDUSTRIA E COMERCIO DE CARNES LTDA - ME;PESSOA JURIDICA;ICMS;"=""2013396011171""";"=""20260000002450""";13826719;Efetivada;20/02/2026 16:45:19;24/02/2026 18:06:46;5;3;27/04/2026;27/04/2026;Paga;R$ 349,08;R$ 353,26;R$ 353,26;R$ 0,00
580;208;1197;"=""04392665000149""";J MACHADO INDUSTRIA E COMERCIO DE CARNES LTDA - ME;PESSOA JURIDICA;ICMS;"=""2013396011171""";"=""20260000002450""";13826719;Efetivada;20/02/2026 16:45:19;24/02/2026 18:06:46;5;4;25/05/2026;29/05/2026;Paga;R$ 349,08;R$ 361,75;R$ 361,75;R$ 0,00
580;208;1193;"=""04392665000149""";J MACHADO INDUSTRIA E COMERCIO DE CARNES LTDA - ME;PESSOA JURIDICA;ICMS;"=""2004982211167""";"=""20260000002446""";13826689;Efetivada;20/02/2026 16:45:19;24/02/2026 18:06:50;100;1;27/02/2026;24/02/2026;Paga;R$ 477,76;R$ 477,76;R$ 477,76;R$ 0,00
580;208;1193;"=""04392665000149""";J MACHADO INDUSTRIA E COMERCIO DE CARNES LTDA - ME;PESSOA JURIDICA;ICMS;"=""2004982211167""";"=""20260000002446""";13826689;Efetivada;20/02/2026 16:45:19;24/02/2026 18:06:50;100;2;25/03/2026;31/03/2026;Paga;R$ 482,53;R$ 492,09;R$ 492,09;R$ 0,00
580;208;1193;"=""04392665000149""";J MACHADO INDUSTRIA E COMERCIO DE CARNES LTDA - ME;PESSOA JURIDICA;ICMS;"=""2004982211167""";"=""20260000002446""";13826689;Efetivada;20/02/2026 16:45:19;24/02/2026 18:06:50;100;3;27/04/2026;27/04/2026;Paga;R$ 482,53;R$ 488,32;R$ 488,32;R$ 0,00
580;208;1193;"=""04392665000149""";J MACHADO INDUSTRIA E COMERCIO DE CARNES LTDA - ME;PESSOA JURIDICA;ICMS;"=""2004982211167""";"=""20260000002446""";13826689;Efetivada;20/02/2026 16:45:19;24/02/2026 18:06:50;100;4;25/05/2026;29/05/2026;Paga;R$ 482,53;R$ 500,03;R$ 500,03;R$ 0,00
580;208;1190;"=""04392665000149""";J MACHADO INDUSTRIA E COMERCIO DE CARNES LTDA - ME;PESSOA JURIDICA;ICMS;"=""2005985911109""";"=""20260000002443""";13826735;Efetivada;20/02/2026 16:45:19;24/02/2026 18:06:53;12;1;27/02/2026;24/02/2026;Paga;R$ 458,00;R$ 458,00;R$ 458,00;R$ 0,00
580;208;1190;"=""04392665000149""";J MACHADO INDUSTRIA E COMERCIO DE CARNES LTDA - ME;PESSOA JURIDICA;ICMS;"=""2005985911109""";"=""20260000002443""";13826735;Efetivada;20/02/2026 16:45:19;24/02/2026 18:06:53;12;2;25/03/2026;31/03/2026;Paga;R$ 462,57;R$ 471,74;R$ 471,74;R$ 0,00
580;208;1190;"=""04392665000149""";J MACHADO INDUSTRIA E COMERCIO DE CARNES LTDA - ME;PESSOA JURIDICA;ICMS;"=""2005985911109""";"=""20260000002443""";13826735;Efetivada;20/02/2026 16:45:19;24/02/2026 18:06:53;12;3;27/04/2026;27/04/2026;Paga;R$ 462,57;R$ 468,12;R$ 468,12;R$ 0,00
580;208;1190;"=""04392665000149""";J MACHADO INDUSTRIA E COMERCIO DE CARNES LTDA - ME;PESSOA JURIDICA;ICMS;"=""2005985911109""";"=""20260000002443""";13826735;Efetivada;20/02/2026 16:45:19;24/02/2026 18:06:53;12;4;25/05/2026;29/05/2026;Paga;R$ 462,57;R$ 479,36;R$ 479,36;R$ 0,00
580;208;1188;"=""04392665000149""";J MACHADO INDUSTRIA E COMERCIO DE CARNES LTDA - ME;PESSOA JURIDICA;ICMS;"=""4012001868379""";"=""20260000002441""";13826743;Efetivada;20/02/2026 16:45:19;24/02/2026 18:06:57;145;1;27/02/2026;24/02/2026;Paga;R$ 841,70;R$ 841,70;R$ 841,70;R$ 0,00
580;208;1188;"=""04392665000149""";J MACHADO INDUSTRIA E COMERCIO DE CARNES LTDA - ME;PESSOA JURIDICA;ICMS;"=""4012001868379""";"=""20260000002441""";13826743;Efetivada;20/02/2026 16:45:19;24/02/2026 18:06:57;145;2;25/03/2026;31/03/2026;Paga;R$ 850,11;R$ 866,95;R$ 866,95;R$ 0,00
580;208;1188;"=""04392665000149""";J MACHADO INDUSTRIA E COMERCIO DE CARNES LTDA - ME;PESSOA JURIDICA;ICMS;"=""4012001868379""";"=""20260000002441""";13826743;Efetivada;20/02/2026 16:45:19;24/02/2026 18:06:57;145;3;27/04/2026;27/04/2026;Paga;R$ 850,11;R$ 860,30;R$ 860,30;R$ 0,00
580;208;1188;"=""04392665000149""";J MACHADO INDUSTRIA E COMERCIO DE CARNES LTDA - ME;PESSOA JURIDICA;ICMS;"=""4012001868379""";"=""20260000002441""";13826743;Efetivada;20/02/2026 16:45:19;24/02/2026 18:06:57;145;4;25/05/2026;29/05/2026;Paga;R$ 850,11;R$ 880,94;R$ 880,94;R$ 0,00
580;208;1191;"=""04392665000149""";J MACHADO INDUSTRIA E COMERCIO DE CARNES LTDA - ME;PESSOA JURIDICA;ICMS;"=""2005691011186""";"=""20260000002444""";13826751;Efetivada;20/02/2026 16:45:19;24/02/2026 18:07:00;92;1;27/02/2026;24/02/2026;Paga;R$ 638,74;R$ 638,74;R$ 638,74;R$ 0,00
580;208;1191;"=""04392665000149""";J MACHADO INDUSTRIA E COMERCIO DE CARNES LTDA - ME;PESSOA JURIDICA;ICMS;"=""2005691011186""";"=""20260000002444""";13826751;Efetivada;20/02/2026 16:45:19;24/02/2026 18:07:00;92;2;25/03/2026;31/03/2026;Paga;R$ 645,12;R$ 657,90;R$ 657,90;R$ 0,00
580;208;1191;"=""04392665000149""";J MACHADO INDUSTRIA E COMERCIO DE CARNES LTDA - ME;PESSOA JURIDICA;ICMS;"=""2005691011186""";"=""20260000002444""";13826751;Efetivada;20/02/2026 16:45:19;24/02/2026 18:07:00;92;3;27/04/2026;27/04/2026;Paga;R$ 645,12;R$ 652,85;R$ 652,85;R$ 0,00
580;208;1191;"=""04392665000149""";J MACHADO INDUSTRIA E COMERCIO DE CARNES LTDA - ME;PESSOA JURIDICA;ICMS;"=""2005691011186""";"=""20260000002444""";13826751;Efetivada;20/02/2026 16:45:19;24/02/2026 18:07:00;92;4;25/05/2026;29/05/2026;Paga;R$ 645,12;R$ 668,53;R$ 668,53;R$ 0,00
580;208;1196;"=""04392665000149""";J MACHADO INDUSTRIA E COMERCIO DE CARNES LTDA - ME;PESSOA JURIDICA;ICMS;"=""2013395811166""";"=""20260000002449""";13826727;Efetivada;20/02/2026 16:45:19;24/02/2026 18:07:04;30;1;27/02/2026;24/02/2026;Paga;R$ 387,33;R$ 387,33;R$ 387,33;R$ 0,00
580;208;1196;"=""04392665000149""";J MACHADO INDUSTRIA E COMERCIO DE CARNES LTDA - ME;PESSOA JURIDICA;ICMS;"=""2013395811166""";"=""20260000002449""";13826727;Efetivada;20/02/2026 16:45:19;24/02/2026 18:07:04;30;2;25/03/2026;31/03/2026;Paga;R$ 391,20;R$ 398,94;R$ 398,94;R$ 0,00
580;208;1196;"=""04392665000149""";J MACHADO INDUSTRIA E COMERCIO DE CARNES LTDA - ME;PESSOA JURIDICA;ICMS;"=""2013395811166""";"=""20260000002449""";13826727;Efetivada;20/02/2026 16:45:19;24/02/2026 18:07:04;30;3;27/04/2026;27/04/2026;Paga;R$ 391,20;R$ 395,89;R$ 395,89;R$ 0,00
580;208;1196;"=""04392665000149""";J MACHADO INDUSTRIA E COMERCIO DE CARNES LTDA - ME;PESSOA JURIDICA;ICMS;"=""2013395811166""";"=""20260000002449""";13826727;Efetivada;20/02/2026 16:45:19;24/02/2026 18:07:04;30;4;25/05/2026;29/05/2026;Paga;R$ 391,20;R$ 405,39;R$ 405,39;R$ 0,00
580;208;1189;"=""04392665000149""";J MACHADO INDUSTRIA E COMERCIO DE CARNES LTDA - ME;PESSOA JURIDICA;ICMS;"=""4012100122545""";"=""20260000002442""";13826760;Efetivada;20/02/2026 16:45:19;24/02/2026 18:07:11;48;1;27/02/2026;24/02/2026;Paga;R$ 473,04;R$ 473,04;R$ 473,04;R$ 0,00
580;208;1189;"=""04392665000149""";J MACHADO INDUSTRIA E COMERCIO DE CARNES LTDA - ME;PESSOA JURIDICA;ICMS;"=""4012100122545""";"=""20260000002442""";13826760;Efetivada;20/02/2026 16:45:19;24/02/2026 18:07:11;48;2;25/03/2026;31/03/2026;Paga;R$ 477,77;R$ 487,23;R$ 487,23;R$ 0,00
580;208;1189;"=""04392665000149""";J MACHADO INDUSTRIA E COMERCIO DE CARNES LTDA - ME;PESSOA JURIDICA;ICMS;"=""4012100122545""";"=""20260000002442""";13826760;Efetivada;20/02/2026 16:45:19;24/02/2026 18:07:11;48;3;27/04/2026;29/05/2026;Paga;R$ 477,77;R$ 540,25;R$ 540,25;R$ 0,00
580;208;1189;"=""04392665000149""";J MACHADO INDUSTRIA E COMERCIO DE CARNES LTDA - ME;PESSOA JURIDICA;ICMS;"=""4012100122545""";"=""20260000002442""";13826760;Efetivada;20/02/2026 16:45:19;24/02/2026 18:07:11;48;4;25/05/2026;29/05/2026;Paga;R$ 477,77;R$ 495,10;R$ 495,10;R$ 0,00
705;2607;1500;"=""04414812135""";RAYANE AIRES DA SILVA OLIVEIRA;PESSOA FISICA;IPVA;"=""2359907422241""";"=""20260000003189""";13859099;Efetivada;25/02/2026 10:33:00;27/02/2026 18:05:18;1;1;27/02/2026;27/02/2026;Paga;R$ 116,16;R$ 116,16;R$ 116,16;R$ 0,00
387;1911;834;"=""04465785178""";GISLAYNE ASSIS GONCALVES;PESSOA FISICA;IPVA;"=""2343502422215""";"=""20260000001609""";13773879;Efetivada;11/02/2026 15:47:47;19/02/2026 06:03:51;1;1;18/02/2026;18/02/2026;Paga;R$ 530,76;R$ 530,76;R$ 530,76;R$ 0,00
16;577;21;"=""04517149000608""";A PHARMACEUTICA MANIPULAÇÃO DE MEDICAMENTOS LTDA;PESSOA JURIDICA;ICMS;"=""4012201150722""";"=""20250000000017""";13386395;Efetivada;10/12/2025 10:12:58;17/12/2025 18:00:00;145;1;17/12/2025;17/12/2025;Paga;R$ 2.288,02;R$ 2.288,02;R$ 2.288,02;R$ 0,00
16;577;21;"=""04517149000608""";A PHARMACEUTICA MANIPULAÇÃO DE MEDICAMENTOS LTDA;PESSOA JURIDICA;ICMS;"=""4012201150722""";"=""20250000000017""";13386395;Efetivada;10/12/2025 10:12:58;17/12/2025 18:00:00;145;2;26/01/2026;26/01/2026;Paga;R$ 2.310,88;R$ 2.310,90;R$ 2.310,90;R$ 0,00
204;941;447;"=""04568899000102""";GOMES & BESSA LTDA;PESSOA JURIDICA;ICMS;"=""4011902145743""";"=""20260000000697""";13711563;Efetivada;05/02/2026 15:26:22;11/02/2026 12:05:12;5;1;12/02/2026;11/02/2026;Paga;R$ 2.954,39;R$ 2.954,39;R$ 2.954,39;R$ 0,00
204;941;447;"=""04568899000102""";GOMES & BESSA LTDA;PESSOA JURIDICA;ICMS;"=""4011902145743""";"=""20260000000697""";13711563;Efetivada;05/02/2026 15:26:22;11/02/2026 12:05:12;5;2;25/03/2026;12/03/2026;Paga;R$ 2.983,92;R$ 2.983,94;R$ 2.983,94;R$ 0,00
204;941;447;"=""04568899000102""";GOMES & BESSA LTDA;PESSOA JURIDICA;ICMS;"=""4011902145743""";"=""20260000000697""";13711563;Efetivada;05/02/2026 15:26:22;11/02/2026 12:05:12;5;3;27/04/2026;27/04/2026;Paga;R$ 2.983,92;R$ 3.019,69;R$ 3.019,69;R$ 0,00
204;941;447;"=""04568899000102""";GOMES & BESSA LTDA;PESSOA JURIDICA;ICMS;"=""4011902145743""";"=""20260000000697""";13711563;Efetivada;05/02/2026 15:26:22;11/02/2026 12:05:12;5;4;25/05/2026;25/05/2026;Paga;R$ 2.983,92;R$ 3.051,88;R$ 3.051,88;R$ 0,00
120;1149;267;"=""04605157131""";HYNGRID THAYS DE SOUSA CARDOSO;PESSOA FISICA;ICMS;"=""4011701237276""";"=""20260000000239""";13694928;Efetivada;03/02/2026 19:09:51;23/04/2026 18:05:48;145;1;24/02/2026;24/02/2026;Paga;R$ 622,28;R$ 622,28;R$ 622,28;R$ 0,00
400;1859;852;"=""04629041133""";CHARLES GONSALVES TEIXEIRA;PESSOA FISICA;IPVA;"=""2336634922298""";"=""20260000001645""";13758004;Efetivada;11/02/2026 20:11:15;13/02/2026 18:07:08;6;1;18/02/2026;13/02/2026;Paga;R$ 360,70;R$ 360,70;R$ 360,70;R$ 0,00
400;1859;852;"=""04629041133""";CHARLES GONSALVES TEIXEIRA;PESSOA FISICA;IPVA;"=""2336634922298""";"=""20260000001645""";13758004;Efetivada;11/02/2026 20:11:15;13/02/2026 18:07:08;6;3;27/04/2026;24/04/2026;Paga;R$ 364,29;R$ 368,67;R$ 368,67;R$ 0,00
400;1859;852;"=""04629041133""";CHARLES GONSALVES TEIXEIRA;PESSOA FISICA;IPVA;"=""2336634922298""";"=""20260000001645""";13758004;Efetivada;11/02/2026 20:11:15;13/02/2026 18:07:08;6;4;25/05/2026;25/05/2026;Paga;R$ 364,29;R$ 372,60;R$ 372,60;R$ 0,00
909;3022;1966;"=""04686469147""";WILSON OLIVEIRA DO AMARAL JUNIOR;PESSOA FISICA;IPVA;"=""2346035622294""";"=""20260000004599""";13921460;Efetivada;05/03/2026 09:20:49;06/03/2026 18:08:11;2;2;27/04/2026;24/04/2026;Paga;R$ 363,21;R$ 363,24;R$ 363,24;R$ 0,00
909;3022;1965;"=""04686469147""";WILSON OLIVEIRA DO AMARAL JUNIOR;PESSOA FISICA;IPVA;"=""2320548022202""";"=""20260000004598""";13921479;Efetivada;05/03/2026 09:20:49;09/04/2026 12:50:54;1;1;12/03/2026;10/03/2026;Paga;R$ 494,08;R$ 494,08;R$ 494,08;R$ 0,00
909;3022;1967;"=""04686469147""";WILSON OLIVEIRA DO AMARAL JUNIOR;PESSOA FISICA;IPVA;"=""2392998522270""";"=""20260000004600""";13921487;Efetivada;05/03/2026 09:20:49;09/04/2026 12:50:54;1;1;12/03/2026;12/03/2026;Paga;R$ 613,56;R$ 613,56;R$ 613,56;R$ 0,00
1090;2720;2421;"=""04810277000130""";PAULO HENRIQUE DE SOUZA;PESSOA JURIDICA;Pena Pecuniária;"=""2134675500046""";"=""20260000005560""";14012740;Efetivada;19/03/2026 10:55:21;26/03/2026 12:04:53;21;1;26/03/2026;26/03/2026;Paga;R$ 332,76;R$ 332,76;R$ 332,76;R$ 0,00
1090;2720;2421;"=""04810277000130""";PAULO HENRIQUE DE SOUZA;PESSOA JURIDICA;Pena Pecuniária;"=""2134675500046""";"=""20260000005560""";14012740;Efetivada;19/03/2026 10:55:21;26/03/2026 12:04:53;21;2;27/04/2026;27/04/2026;Paga;R$ 336,08;R$ 336,09;R$ 336,09;R$ 0,00
638;2460;1324;"=""04838260148""";LORRANE MOREIRA CARDOSO;PESSOA FISICA;IPVA;"=""2358535522292""";"=""20260000002801""";13843982;Efetivada;23/02/2026 18:46:09;24/02/2026 12:11:31;1;1;27/02/2026;24/02/2026;Paga;R$ 321,52;R$ 321,52;R$ 321,52;R$ 0,00
638;2460;1323;"=""04838260148""";LORRANE MOREIRA CARDOSO;PESSOA FISICA;IPVA;"=""2263926122209""";"=""20260000002800""";13843990;Efetivada;23/02/2026 18:46:09;24/02/2026 12:11:32;1;1;27/02/2026;24/02/2026;Paga;R$ 275,19;R$ 275,19;R$ 275,19;R$ 0,00
629;2437;1305;"=""04901501100""";MAIONY FATIMA SILVA CAMPOS;PESSOA FISICA;IPVA;"=""2286853422231""";"=""20260000002757""";13854585;Efetivada;23/02/2026 11:59:26;27/02/2026 18:04:14;1;1;27/02/2026;27/02/2026;Paga;R$ 628,95;R$ 628,95;R$ 628,95;R$ 0,00
1008;3211;2191;"=""04945501122""";CLEUBER GONÇALVES LIMA FILHO ;PESSOA FISICA;IPVA;"=""2296440622245""";"=""20260000005089""";13955322;Efetivada;10/03/2026 14:13:58;09/04/2026 12:50:57;1;1;17/03/2026;10/03/2026;Paga;R$ 196,02;R$ 196,02;R$ 196,02;R$ 0,00
1008;3211;2192;"=""04945501122""";CLEUBER GONÇALVES LIMA FILHO ;PESSOA FISICA;IPVA;"=""2362823622274""";"=""20260000005090""";13955314;Efetivada;10/03/2026 14:13:58;09/04/2026 12:50:57;1;1;17/03/2026;10/03/2026;Paga;R$ 242,65;R$ 242,65;R$ 242,65;R$ 0,00
686;1368;1459;"=""05047125000271""";ITALIA CARGAS E ENCOMENDAS;PESSOA JURIDICA;ICMS;"=""3025052908668""";"=""20260000003102""";13852620;Efetivada;24/02/2026 16:14:50;25/02/2026 18:08:33;80;1;27/02/2026;25/02/2026;Paga;R$ 2.490,32;R$ 2.490,32;R$ 2.490,32;R$ 0,00
686;1368;1459;"=""05047125000271""";ITALIA CARGAS E ENCOMENDAS;PESSOA JURIDICA;ICMS;"=""3025052908668""";"=""20260000003102""";13852620;Efetivada;24/02/2026 16:14:50;25/02/2026 18:08:33;80;2;25/03/2026;25/03/2026;Paga;R$ 2.515,21;R$ 2.515,22;R$ 2.515,22;R$ 0,00
686;1368;1459;"=""05047125000271""";ITALIA CARGAS E ENCOMENDAS;PESSOA JURIDICA;ICMS;"=""3025052908668""";"=""20260000003102""";13852620;Efetivada;24/02/2026 16:14:50;25/02/2026 18:08:33;80;3;27/04/2026;27/04/2026;Paga;R$ 2.515,21;R$ 2.545,35;R$ 2.545,35;R$ 0,00
686;1368;1459;"=""05047125000271""";ITALIA CARGAS E ENCOMENDAS;PESSOA JURIDICA;ICMS;"=""3025052908668""";"=""20260000003102""";13852620;Efetivada;24/02/2026 16:14:50;25/02/2026 18:08:33;80;4;25/05/2026;25/05/2026;Paga;R$ 2.515,21;R$ 2.572,50;R$ 2.572,50;R$ 0,00
686;1368;1458;"=""05047125000271""";ITALIA CARGAS E ENCOMENDAS;PESSOA JURIDICA;ICMS;"=""3032455355465""";"=""20260000003101""";13852639;Efetivada;24/02/2026 16:14:50;25/02/2026 18:08:36;80;1;27/02/2026;25/02/2026;Paga;R$ 8.478,18;R$ 8.478,18;R$ 8.478,18;R$ 0,00
686;1368;1458;"=""05047125000271""";ITALIA CARGAS E ENCOMENDAS;PESSOA JURIDICA;ICMS;"=""3032455355465""";"=""20260000003101""";13852639;Efetivada;24/02/2026 16:14:50;25/02/2026 18:08:36;80;2;25/03/2026;25/03/2026;Paga;R$ 8.562,93;R$ 8.562,96;R$ 8.562,96;R$ 0,00
686;1368;1458;"=""05047125000271""";ITALIA CARGAS E ENCOMENDAS;PESSOA JURIDICA;ICMS;"=""3032455355465""";"=""20260000003101""";13852639;Efetivada;24/02/2026 16:14:50;25/02/2026 18:08:36;80;3;27/04/2026;27/04/2026;Paga;R$ 8.562,93;R$ 8.665,54;R$ 8.665,54;R$ 0,00
686;1368;1458;"=""05047125000271""";ITALIA CARGAS E ENCOMENDAS;PESSOA JURIDICA;ICMS;"=""3032455355465""";"=""20260000003101""";13852639;Efetivada;24/02/2026 16:14:50;25/02/2026 18:08:36;80;4;25/05/2026;25/05/2026;Paga;R$ 8.562,93;R$ 8.757,96;R$ 8.757,96;R$ 0,00
815;1712;1749;"=""05052200000101""";BERNARDO CHERICI NOGUEIRA CATSIAMAKIS;PESSOA JURIDICA;ICMS;"=""2009263811160""";"=""20260000004026""";13896520;Efetivada;02/03/2026 14:24:13;03/03/2026 12:07:00;19;3;25/05/2026;13/05/2026;Paga;R$ 349,54;R$ 353,33;R$ 353,33;R$ 0,00
815;1712;1748;"=""05052200000101""";BERNARDO CHERICI NOGUEIRA CATSIAMAKIS;PESSOA JURIDICA;ICMS;"=""4021800117179""";"=""20260000004025""";13896547;Efetivada;02/03/2026 14:24:13;03/03/2026 12:07:07;33;3;25/05/2026;13/05/2026;Paga;R$ 335,64;R$ 339,26;R$ 339,26;R$ 0,00
815;1712;1752;"=""05052200000101""";BERNARDO CHERICI NOGUEIRA CATSIAMAKIS;PESSOA JURIDICA;ICMS;"=""2013451311194""";"=""20260000004029""";13896539;Efetivada;02/03/2026 14:24:13;03/03/2026 12:07:07;58;3;25/05/2026;13/05/2026;Paga;R$ 335,48;R$ 339,11;R$ 339,11;R$ 0,00
815;1712;1750;"=""05052200000101""";BERNARDO CHERICI NOGUEIRA CATSIAMAKIS;PESSOA JURIDICA;ICMS;"=""2009263911114""";"=""20260000004027""";13896555;Efetivada;02/03/2026 14:24:13;03/03/2026 12:07:14;75;3;25/05/2026;13/05/2026;Paga;R$ 333,87;R$ 337,48;R$ 337,48;R$ 0,00
815;1712;1751;"=""05052200000101""";BERNARDO CHERICI NOGUEIRA CATSIAMAKIS;PESSOA JURIDICA;ICMS;"=""2013451211130""";"=""20260000004028""";13896580;Efetivada;02/03/2026 14:24:13;03/03/2026 12:07:14;19;3;25/05/2026;13/05/2026;Paga;R$ 335,94;R$ 339,58;R$ 339,58;R$ 0,00
815;1712;1754;"=""05052200000101""";BERNARDO CHERICI NOGUEIRA CATSIAMAKIS;PESSOA JURIDICA;ICMS;"=""2009264011176""";"=""20260000004031""";13896571;Efetivada;02/03/2026 14:24:13;03/03/2026 12:07:20;3;3;25/05/2026;13/05/2026;Paga;R$ 360,54;R$ 364,44;R$ 364,44;R$ 0,00
779;2761;1656;"=""05094007106""";LORRANE OLIVEIRA LEMOS;PESSOA FISICA;IPVA;"=""2070059022231""";"=""20260000003783""";13883640;Efetivada;27/02/2026 15:09:27;27/02/2026 18:10:56;2;1;27/02/2026;27/02/2026;Paga;R$ 789,59;R$ 789,59;R$ 789,59;R$ 0,00
779;2761;1656;"=""05094007106""";LORRANE OLIVEIRA LEMOS;PESSOA FISICA;IPVA;"=""2070059022231""";"=""20260000003783""";13883640;Efetivada;27/02/2026 15:09:27;27/02/2026 18:10:56;2;2;25/03/2026;27/02/2026;Paga;R$ 797,47;R$ 789,59;R$ 789,59;R$ 0,00
779;2761;1657;"=""05094007106""";LORRANE OLIVEIRA LEMOS;PESSOA FISICA;IPVA;"=""2331680122265""";"=""20260000003784""";13883623;Efetivada;27/02/2026 15:09:27;27/02/2026 18:11:03;4;1;27/02/2026;27/02/2026;Paga;R$ 363,60;R$ 363,60;R$ 363,60;R$ 0,00
779;2761;1657;"=""05094007106""";LORRANE OLIVEIRA LEMOS;PESSOA FISICA;IPVA;"=""2331680122265""";"=""20260000003784""";13883623;Efetivada;27/02/2026 15:09:27;27/02/2026 18:11:03;4;3;27/04/2026;13/03/2026;Paga;R$ 367,23;R$ 367,24;R$ 367,24;R$ 0,00
779;2761;1658;"=""05094007106""";LORRANE OLIVEIRA LEMOS;PESSOA FISICA;IPVA;"=""2368138122287""";"=""20260000003785""";13883631;Efetivada;27/02/2026 15:09:27;27/02/2026 18:11:04;5;1;27/02/2026;27/02/2026;Paga;R$ 352,26;R$ 352,26;R$ 352,26;R$ 0,00
779;2761;1658;"=""05094007106""";LORRANE OLIVEIRA LEMOS;PESSOA FISICA;IPVA;"=""2368138122287""";"=""20260000003785""";13883631;Efetivada;27/02/2026 15:09:27;27/02/2026 18:11:04;5;3;27/04/2026;13/03/2026;Paga;R$ 355,78;R$ 355,78;R$ 355,78;R$ 0,00
771;2750;1646;"=""05174227196""";BRUNA CRISTINA SILVA;PESSOA FISICA;IPVA;"=""2287315922230""";"=""20260000003735""";13883810;Efetivada;27/02/2026 12:50:16;27/02/2026 18:11:10;1;1;27/02/2026;27/02/2026;Paga;R$ 131,57;R$ 131,57;R$ 131,57;R$ 0,00
771;2750;1647;"=""05174227196""";BRUNA CRISTINA SILVA;PESSOA FISICA;IPVA;"=""2352134922240""";"=""20260000003736""";13883828;Efetivada;27/02/2026 12:50:16;28/02/2026 06:08:26;1;1;27/02/2026;27/02/2026;Paga;R$ 162,26;R$ 162,26;R$ 162,26;R$ 0,00
1292;3738;3006;"=""05193980000100""";JET MED LTDA;PESSOA JURIDICA;ICMS;"=""2035067100060""";"=""20260000006962""";14249570;Efetivada;12/05/2026 18:35:45;13/05/2026 18:04:25;60;1;19/05/2026;13/05/2026;Paga;R$ 371,69;R$ 371,69;R$ 371,69;R$ 0,00
1292;3738;3008;"=""05193980000100""";JET MED LTDA;PESSOA JURIDICA;ICMS;"=""4011100786283""";"=""20260000006964""";14249596;Efetivada;12/05/2026 18:35:45;13/05/2026 18:04:32;60;1;19/05/2026;13/05/2026;Paga;R$ 421,00;R$ 421,00;R$ 421,00;R$ 0,00
1292;3738;3009;"=""05193980000100""";JET MED LTDA;PESSOA JURIDICA;ICMS;"=""3034993593047""";"=""20260000006965""";14249588;Efetivada;12/05/2026 18:35:45;13/05/2026 18:04:45;60;1;19/05/2026;13/05/2026;Paga;R$ 796,41;R$ 796,41;R$ 796,41;R$ 0,00
1292;3738;3007;"=""05193980000100""";JET MED LTDA;PESSOA JURIDICA;ICMS;"=""4010905528424""";"=""20260000006963""";14249600;Efetivada;12/05/2026 18:35:45;13/05/2026 18:04:52;60;1;19/05/2026;13/05/2026;Paga;R$ 589,21;R$ 589,21;R$ 589,21;R$ 0,00
1100;2703;2461;"=""05195517000105""";BRITO ALVARES LTDA;PESSOA JURIDICA;ICMS;"=""4011402094376""";"=""20260000005642""";14014254;Efetivada;20/03/2026 09:52:00;27/03/2026 18:03:11;48;1;27/03/2026;27/03/2026;Paga;R$ 1.400,55;R$ 1.400,55;R$ 1.400,55;R$ 0,00
1100;2703;2461;"=""05195517000105""";BRITO ALVARES LTDA;PESSOA JURIDICA;ICMS;"=""4011402094376""";"=""20260000005642""";14014254;Efetivada;20/03/2026 09:52:00;27/03/2026 18:03:11;48;2;27/04/2026;27/04/2026;Paga;R$ 1.414,53;R$ 1.414,55;R$ 1.414,55;R$ 0,00
1100;2703;2461;"=""05195517000105""";BRITO ALVARES LTDA;PESSOA JURIDICA;ICMS;"=""4011402094376""";"=""20260000005642""";14014254;Efetivada;20/03/2026 09:52:00;27/03/2026 18:03:11;48;3;25/05/2026;22/05/2026;Paga;R$ 1.414,53;R$ 1.429,82;R$ 1.429,82;R$ 0,00
1101;1789;2462;"=""05195517000369""";BRITO ALVARES LTDA;PESSOA JURIDICA;ICMS;"=""4011402094538""";"=""20260000005644""";14014270;Efetivada;20/03/2026 09:53:33;27/03/2026 18:03:18;48;1;27/03/2026;27/03/2026;Paga;R$ 765,64;R$ 765,64;R$ 765,64;R$ 0,00
1101;1789;2462;"=""05195517000369""";BRITO ALVARES LTDA;PESSOA JURIDICA;ICMS;"=""4011402094538""";"=""20260000005644""";14014270;Efetivada;20/03/2026 09:53:33;27/03/2026 18:03:18;48;2;27/04/2026;27/04/2026;Paga;R$ 773,26;R$ 773,30;R$ 773,30;R$ 0,00
1101;1789;2462;"=""05195517000369""";BRITO ALVARES LTDA;PESSOA JURIDICA;ICMS;"=""4011402094538""";"=""20260000005644""";14014270;Efetivada;20/03/2026 09:53:33;27/03/2026 18:03:18;48;3;25/05/2026;22/05/2026;Paga;R$ 773,26;R$ 781,64;R$ 781,64;R$ 0,00
789;2779;1705;"=""05202471670""";EDMILSON AREDIO BORGES;PESSOA FISICA;IPVA;"=""2383937522247""";"=""20260000003924""";13885022;Efetivada;27/02/2026 17:09:30;28/02/2026 06:09:17;1;1;27/02/2026;27/02/2026;Paga;R$ 1.694,07;R$ 1.694,07;R$ 1.694,07;R$ 0,00
569;2324;1168;"=""05228009124""";LUCAS DO NASCIMENTO SILVA;PESSOA FISICA;IPVA;"=""2321690822203""";"=""20260000002389""";13884409;Efetivada;20/02/2026 11:20:49;27/02/2026 18:11:48;1;1;27/02/2026;27/02/2026;Paga;R$ 862,50;R$ 862,50;R$ 862,50;R$ 0,00
569;2324;1169;"=""05228009124""";LUCAS DO NASCIMENTO SILVA;PESSOA FISICA;IPVA;"=""2394417922254""";"=""20260000002390""";13884417;Efetivada;20/02/2026 11:20:49;27/02/2026 18:11:49;1;1;27/02/2026;27/02/2026;Paga;R$ 1.026,84;R$ 1.026,84;R$ 1.026,84;R$ 0,00
987;1852;2141;"=""05252748000103""";SUPERMERCADO PASSOS LTDA;PESSOA JURIDICA;ICMS;"=""4011603476730""";"=""20260000004950""";13949101;Efetivada;09/03/2026 16:09:23;12/03/2026 18:06:12;68;1;16/03/2026;12/03/2026;Paga;R$ 330,25;R$ 330,25;R$ 330,25;R$ 0,00
987;1852;2141;"=""05252748000103""";SUPERMERCADO PASSOS LTDA;PESSOA JURIDICA;ICMS;"=""4011603476730""";"=""20260000004950""";13949101;Efetivada;09/03/2026 16:09:23;12/03/2026 18:06:12;68;2;27/04/2026;30/04/2026;Paga;R$ 333,53;R$ 336,86;R$ 336,86;R$ 0,00
987;1852;2141;"=""05252748000103""";SUPERMERCADO PASSOS LTDA;PESSOA JURIDICA;ICMS;"=""4011603476730""";"=""20260000004950""";13949101;Efetivada;09/03/2026 16:09:23;12/03/2026 18:06:12;68;3;25/05/2026;25/05/2026;Paga;R$ 333,53;R$ 337,17;R$ 337,17;R$ 0,00
987;1852;2144;"=""05252748000103""";SUPERMERCADO PASSOS LTDA;PESSOA JURIDICA;ICMS;"=""4012100384400""";"=""20260000004953""";13949110;Efetivada;09/03/2026 16:09:23;12/03/2026 18:06:12;120;1;16/03/2026;12/03/2026;Paga;R$ 824,95;R$ 824,95;R$ 824,95;R$ 0,00
987;1852;2144;"=""05252748000103""";SUPERMERCADO PASSOS LTDA;PESSOA JURIDICA;ICMS;"=""4012100384400""";"=""20260000004953""";13949110;Efetivada;09/03/2026 16:09:23;12/03/2026 18:06:12;120;2;27/04/2026;30/04/2026;Paga;R$ 833,18;R$ 841,45;R$ 841,45;R$ 0,00
987;1852;2144;"=""05252748000103""";SUPERMERCADO PASSOS LTDA;PESSOA JURIDICA;ICMS;"=""4012100384400""";"=""20260000004953""";13949110;Efetivada;09/03/2026 16:09:23;12/03/2026 18:06:12;120;3;25/05/2026;25/05/2026;Paga;R$ 833,18;R$ 842,19;R$ 842,19;R$ 0,00
987;1852;2140;"=""05252748000103""";SUPERMERCADO PASSOS LTDA;PESSOA JURIDICA;ICMS;"=""4011603475415""";"=""20260000004949""";13949136;Efetivada;09/03/2026 16:09:23;12/03/2026 18:06:19;63;1;16/03/2026;12/03/2026;Paga;R$ 332,66;R$ 332,66;R$ 332,66;R$ 0,00
987;1852;2140;"=""05252748000103""";SUPERMERCADO PASSOS LTDA;PESSOA JURIDICA;ICMS;"=""4011603475415""";"=""20260000004949""";13949136;Efetivada;09/03/2026 16:09:23;12/03/2026 18:06:19;63;2;27/04/2026;30/04/2026;Paga;R$ 335,96;R$ 339,30;R$ 339,30;R$ 0,00
987;1852;2140;"=""05252748000103""";SUPERMERCADO PASSOS LTDA;PESSOA JURIDICA;ICMS;"=""4011603475415""";"=""20260000004949""";13949136;Efetivada;09/03/2026 16:09:23;12/03/2026 18:06:19;63;3;25/05/2026;25/05/2026;Paga;R$ 335,96;R$ 339,61;R$ 339,61;R$ 0,00
987;1852;2143;"=""05252748000103""";SUPERMERCADO PASSOS LTDA;PESSOA JURIDICA;ICMS;"=""4011603476225""";"=""20260000004952""";13949128;Efetivada;09/03/2026 16:09:23;12/03/2026 18:06:19;57;1;16/03/2026;12/03/2026;Paga;R$ 333,93;R$ 333,93;R$ 333,93;R$ 0,00
987;1852;2143;"=""05252748000103""";SUPERMERCADO PASSOS LTDA;PESSOA JURIDICA;ICMS;"=""4011603476225""";"=""20260000004952""";13949128;Efetivada;09/03/2026 16:09:23;12/03/2026 18:06:19;57;2;27/04/2026;30/04/2026;Paga;R$ 337,25;R$ 340,61;R$ 340,61;R$ 0,00
987;1852;2143;"=""05252748000103""";SUPERMERCADO PASSOS LTDA;PESSOA JURIDICA;ICMS;"=""4011603476225""";"=""20260000004952""";13949128;Efetivada;09/03/2026 16:09:23;12/03/2026 18:06:19;57;3;25/05/2026;25/05/2026;Paga;R$ 337,25;R$ 340,90;R$ 340,90;R$ 0,00
987;1852;2142;"=""05252748000103""";SUPERMERCADO PASSOS LTDA;PESSOA JURIDICA;ICMS;"=""4011603477701""";"=""20260000004951""";13949144;Efetivada;09/03/2026 16:09:23;12/03/2026 18:06:26;64;1;16/03/2026;12/03/2026;Paga;R$ 332,62;R$ 332,62;R$ 332,62;R$ 0,00
987;1852;2142;"=""05252748000103""";SUPERMERCADO PASSOS LTDA;PESSOA JURIDICA;ICMS;"=""4011603477701""";"=""20260000004951""";13949144;Efetivada;09/03/2026 16:09:23;12/03/2026 18:06:26;64;2;27/04/2026;30/04/2026;Paga;R$ 335,92;R$ 339,26;R$ 339,26;R$ 0,00
987;1852;2142;"=""05252748000103""";SUPERMERCADO PASSOS LTDA;PESSOA JURIDICA;ICMS;"=""4011603477701""";"=""20260000004951""";13949144;Efetivada;09/03/2026 16:09:23;12/03/2026 18:06:26;64;3;25/05/2026;25/05/2026;Paga;R$ 335,92;R$ 339,57;R$ 339,57;R$ 0,00
987;1852;2145;"=""05252748000103""";SUPERMERCADO PASSOS LTDA;PESSOA JURIDICA;ICMS;"=""4011603181420""";"=""20260000004954""";13949152;Efetivada;09/03/2026 16:09:23;12/03/2026 18:06:26;9;1;16/03/2026;12/03/2026;Paga;R$ 364,56;R$ 364,56;R$ 364,56;R$ 0,00
987;1852;2145;"=""05252748000103""";SUPERMERCADO PASSOS LTDA;PESSOA JURIDICA;ICMS;"=""4011603181420""";"=""20260000004954""";13949152;Efetivada;09/03/2026 16:09:23;12/03/2026 18:06:26;9;2;27/04/2026;30/04/2026;Paga;R$ 368,20;R$ 371,84;R$ 371,84;R$ 0,00
987;1852;2145;"=""05252748000103""";SUPERMERCADO PASSOS LTDA;PESSOA JURIDICA;ICMS;"=""4011603181420""";"=""20260000004954""";13949152;Efetivada;09/03/2026 16:09:23;12/03/2026 18:06:26;9;3;25/05/2026;25/05/2026;Paga;R$ 368,20;R$ 372,18;R$ 372,18;R$ 0,00
860;2932;1828;"=""05256839179""";ATAIDES PIRES MARTINS JUNIOR;PESSOA FISICA;IPVA;"=""2320170022239""";"=""20260000004296""";13909533;Efetivada;03/03/2026 16:14:49;10/03/2026 12:01:39;1;1;10/03/2026;10/03/2026;Paga;R$ 89,33;R$ 89,33;R$ 89,33;R$ 0,00
860;2932;1829;"=""05256839179""";ATAIDES PIRES MARTINS JUNIOR;PESSOA FISICA;IPVA;"=""2393179222287""";"=""20260000004297""";13909541;Efetivada;03/03/2026 16:14:49;10/03/2026 12:01:39;1;1;10/03/2026;10/03/2026;Paga;R$ 111,01;R$ 111,01;R$ 111,01;R$ 0,00
1223;3583;2850;"=""05270109107""";NAIARA MARQUES MARINHO;PESSOA FISICA;IPVA;"=""2296229722286""";"=""20260000006559""";14175991;Efetivada;23/04/2026 17:22:37;24/04/2026 18:00:47;1;1;30/04/2026;24/04/2026;Paga;R$ 174,14;R$ 174,14;R$ 174,14;R$ 0,00
1223;3583;2848;"=""05270109107""";NAIARA MARQUES MARINHO;PESSOA FISICA;IPVA;"=""2031696722284""";"=""20260000006557""";14175983;Efetivada;23/04/2026 17:22:37;24/04/2026 18:00:54;1;1;30/04/2026;24/04/2026;Paga;R$ 180,19;R$ 180,19;R$ 180,19;R$ 0,00
1223;3583;2849;"=""05270109107""";NAIARA MARQUES MARINHO;PESSOA FISICA;IPVA;"=""2090187122209""";"=""20260000006558""";14176009;Efetivada;23/04/2026 17:22:37;24/04/2026 18:01:00;1;1;30/04/2026;24/04/2026;Paga;R$ 176,87;R$ 176,87;R$ 176,87;R$ 0,00
596;2385;1237;"=""05298723152""";MALENA RAISSA DOS SANTOS BARBOSA;PESSOA FISICA;IPVA;"=""2363429222236""";"=""20260000002558""";13830546;Efetivada;21/02/2026 11:20:34;27/02/2026 18:01:50;1;1;27/02/2026;27/02/2026;Paga;R$ 164,60;R$ 164,60;R$ 164,60;R$ 0,00
876;2906;1856;"=""05334565000129""";CAMPEAO CHOPP LTDA;PESSOA JURIDICA;Pena Pecuniária;"=""4011802612196""";"=""20260000004393""";13912550;Efetivada;04/03/2026 09:36:54;06/03/2026 18:03:22;19;2;27/04/2026;30/04/2026;Paga;R$ 333,75;R$ 337,05;R$ 337,05;R$ 0,00
908;2507;1963;"=""05359841702""";ANTONIO HUMBERTO SOARES COSTA;PESSOA FISICA;IPVA;"=""2337429722230""";"=""20260000004591""";13921339;Efetivada;05/03/2026 09:09:54;05/03/2026 12:11:41;2;2;27/04/2026;27/04/2026;Paga;R$ 462,21;R$ 462,24;R$ 462,24;R$ 0,00
908;2507;1964;"=""05359841702""";ANTONIO HUMBERTO SOARES COSTA;PESSOA FISICA;IPVA;"=""2376143322249""";"=""20260000004592""";13921347;Efetivada;05/03/2026 09:09:54;05/03/2026 12:11:41;13;2;27/04/2026;27/04/2026;Paga;R$ 338,07;R$ 338,07;R$ 338,07;R$ 0,00
908;2507;1964;"=""05359841702""";ANTONIO HUMBERTO SOARES COSTA;PESSOA FISICA;IPVA;"=""2376143322249""";"=""20260000004592""";13921347;Efetivada;05/03/2026 09:09:54;05/03/2026 12:11:41;13;3;25/05/2026;25/05/2026;Paga;R$ 338,07;R$ 341,73;R$ 341,73;R$ 0,00
653;2471;1362;"=""05379614108""";PABLO HENRIQUE MARTINS NEVES;PESSOA FISICA;IPVA;"=""2370099022207""";"=""20260000002886""";13849492;Efetivada;24/02/2026 09:12:47;24/02/2026 18:13:10;5;1;27/02/2026;24/02/2026;Paga;R$ 389,77;R$ 389,77;R$ 389,77;R$ 0,00
653;2471;1362;"=""05379614108""";PABLO HENRIQUE MARTINS NEVES;PESSOA FISICA;IPVA;"=""2370099022207""";"=""20260000002886""";13849492;Efetivada;24/02/2026 09:12:47;24/02/2026 18:13:10;5;2;25/03/2026;24/02/2026;Paga;R$ 393,66;R$ 389,77;R$ 389,77;R$ 0,00
653;2471;1361;"=""05379614108""";PABLO HENRIQUE MARTINS NEVES;PESSOA FISICA;IPVA;"=""2272961622262""";"=""20260000002885""";13849484;Efetivada;24/02/2026 09:12:47;24/02/2026 18:13:15;4;1;27/02/2026;24/02/2026;Paga;R$ 405,39;R$ 405,39;R$ 405,39;R$ 0,00
653;2471;1361;"=""05379614108""";PABLO HENRIQUE MARTINS NEVES;PESSOA FISICA;IPVA;"=""2272961622262""";"=""20260000002885""";13849484;Efetivada;24/02/2026 09:12:47;24/02/2026 18:13:15;4;2;25/03/2026;24/02/2026;Paga;R$ 409,43;R$ 405,39;R$ 405,39;R$ 0,00
797;2732;1720;"=""05505449506""";ARICYA KATHERINE TEIXEIRA CAMELO;PESSOA FISICA;IPVA;"=""2365738522206""";"=""20260000003955""";13931288;Efetivada;01/03/2026 09:07:41;06/03/2026 18:09:24;5;2;27/04/2026;23/04/2026;Paga;R$ 343,88;R$ 343,91;R$ 343,91;R$ 0,00
797;2732;1720;"=""05505449506""";ARICYA KATHERINE TEIXEIRA CAMELO;PESSOA FISICA;IPVA;"=""2365738522206""";"=""20260000003955""";13931288;Efetivada;01/03/2026 09:07:41;06/03/2026 18:09:24;5;3;25/05/2026;25/05/2026;Paga;R$ 343,88;R$ 347,62;R$ 347,62;R$ 0,00
1074;2094;2390;"=""05513633124""";GILIARD FARIAS DE SOUSA;PESSOA FISICA;IPVA;"=""2274141322249""";"=""20260000005489""";13997386;Efetivada;17/03/2026 13:09:17;09/04/2026 12:51:00;1;1;24/03/2026;18/03/2026;Paga;R$ 129,56;R$ 129,56;R$ 129,56;R$ 0,00
1074;2094;2391;"=""05513633124""";GILIARD FARIAS DE SOUSA;PESSOA FISICA;IPVA;"=""2369398122277""";"=""20260000005490""";13997394;Efetivada;17/03/2026 13:09:17;09/04/2026 12:51:00;1;1;24/03/2026;18/03/2026;Paga;R$ 151,83;R$ 151,83;R$ 151,83;R$ 0,00
683;1072;1449;"=""05559853000181""";CASA DO CONSTRUTOR E DISTRIBUIDORA DE MATERIAIS PARA CONSTRUÇÃO LTDA;PESSOA JURIDICA;ICMS;"=""4011802603367""";"=""20260000003076""";13852116;Efetivada;24/02/2026 15:48:58;26/02/2026 18:05:32;138;1;27/02/2026;26/02/2026;Paga;R$ 330,43;R$ 330,43;R$ 330,43;R$ 0,00
683;1072;1449;"=""05559853000181""";CASA DO CONSTRUTOR E DISTRIBUIDORA DE MATERIAIS PARA CONSTRUÇÃO LTDA;PESSOA JURIDICA;ICMS;"=""4011802603367""";"=""20260000003076""";13852116;Efetivada;24/02/2026 15:48:58;26/02/2026 18:05:32;138;2;25/03/2026;24/03/2026;Paga;R$ 333,73;R$ 333,73;R$ 333,73;R$ 0,00
683;1072;1449;"=""05559853000181""";CASA DO CONSTRUTOR E DISTRIBUIDORA DE MATERIAIS PARA CONSTRUÇÃO LTDA;PESSOA JURIDICA;ICMS;"=""4011802603367""";"=""20260000003076""";13852116;Efetivada;24/02/2026 15:48:58;26/02/2026 18:05:32;138;3;27/04/2026;27/04/2026;Paga;R$ 333,73;R$ 337,73;R$ 337,73;R$ 0,00
683;1072;1449;"=""05559853000181""";CASA DO CONSTRUTOR E DISTRIBUIDORA DE MATERIAIS PARA CONSTRUÇÃO LTDA;PESSOA JURIDICA;ICMS;"=""4011802603367""";"=""20260000003076""";13852116;Efetivada;24/02/2026 15:48:58;26/02/2026 18:05:32;138;4;25/05/2026;25/05/2026;Paga;R$ 333,73;R$ 341,33;R$ 341,33;R$ 0,00
683;1072;1451;"=""05559853000181""";CASA DO CONSTRUTOR E DISTRIBUIDORA DE MATERIAIS PARA CONSTRUÇÃO LTDA;PESSOA JURIDICA;ICMS;"=""4011901270862""";"=""20260000003078""";13852108;Efetivada;24/02/2026 15:48:58;26/02/2026 18:05:32;145;1;27/02/2026;26/02/2026;Paga;R$ 991,48;R$ 991,48;R$ 991,48;R$ 0,00
683;1072;1451;"=""05559853000181""";CASA DO CONSTRUTOR E DISTRIBUIDORA DE MATERIAIS PARA CONSTRUÇÃO LTDA;PESSOA JURIDICA;ICMS;"=""4011901270862""";"=""20260000003078""";13852108;Efetivada;24/02/2026 15:48:58;26/02/2026 18:05:32;145;2;25/03/2026;24/03/2026;Paga;R$ 1.001,39;R$ 1.001,39;R$ 1.001,39;R$ 0,00
683;1072;1451;"=""05559853000181""";CASA DO CONSTRUTOR E DISTRIBUIDORA DE MATERIAIS PARA CONSTRUÇÃO LTDA;PESSOA JURIDICA;ICMS;"=""4011901270862""";"=""20260000003078""";13852108;Efetivada;24/02/2026 15:48:58;26/02/2026 18:05:32;145;3;27/04/2026;27/04/2026;Paga;R$ 1.001,39;R$ 1.013,39;R$ 1.013,39;R$ 0,00
683;1072;1451;"=""05559853000181""";CASA DO CONSTRUTOR E DISTRIBUIDORA DE MATERIAIS PARA CONSTRUÇÃO LTDA;PESSOA JURIDICA;ICMS;"=""4011901270862""";"=""20260000003078""";13852108;Efetivada;24/02/2026 15:48:58;26/02/2026 18:05:32;145;4;25/05/2026;25/05/2026;Paga;R$ 1.001,39;R$ 1.024,19;R$ 1.024,19;R$ 0,00
683;1072;1446;"=""05559853000181""";CASA DO CONSTRUTOR E DISTRIBUIDORA DE MATERIAIS PARA CONSTRUÇÃO LTDA;PESSOA JURIDICA;ICMS;"=""4011802532591""";"=""20260000003073""";13852132;Efetivada;24/02/2026 15:48:58;26/02/2026 18:05:39;145;1;27/02/2026;26/02/2026;Paga;R$ 971,58;R$ 971,58;R$ 971,58;R$ 0,00
683;1072;1446;"=""05559853000181""";CASA DO CONSTRUTOR E DISTRIBUIDORA DE MATERIAIS PARA CONSTRUÇÃO LTDA;PESSOA JURIDICA;ICMS;"=""4011802532591""";"=""20260000003073""";13852132;Efetivada;24/02/2026 15:48:58;26/02/2026 18:05:39;145;2;25/03/2026;24/03/2026;Paga;R$ 981,29;R$ 981,29;R$ 981,29;R$ 0,00
683;1072;1446;"=""05559853000181""";CASA DO CONSTRUTOR E DISTRIBUIDORA DE MATERIAIS PARA CONSTRUÇÃO LTDA;PESSOA JURIDICA;ICMS;"=""4011802532591""";"=""20260000003073""";13852132;Efetivada;24/02/2026 15:48:58;26/02/2026 18:05:39;145;3;27/04/2026;27/04/2026;Paga;R$ 981,29;R$ 993,05;R$ 993,05;R$ 0,00
683;1072;1446;"=""05559853000181""";CASA DO CONSTRUTOR E DISTRIBUIDORA DE MATERIAIS PARA CONSTRUÇÃO LTDA;PESSOA JURIDICA;ICMS;"=""4011802532591""";"=""20260000003073""";13852132;Efetivada;24/02/2026 15:48:58;26/02/2026 18:05:39;145;4;25/05/2026;25/05/2026;Paga;R$ 981,29;R$ 1.003,64;R$ 1.003,64;R$ 0,00
683;1072;1454;"=""05559853000181""";CASA DO CONSTRUTOR E DISTRIBUIDORA DE MATERIAIS PARA CONSTRUÇÃO LTDA;PESSOA JURIDICA;ICMS;"=""4011900289594""";"=""20260000003081""";13852124;Efetivada;24/02/2026 15:48:58;26/02/2026 18:05:39;117;1;27/02/2026;26/02/2026;Paga;R$ 332,16;R$ 332,16;R$ 332,16;R$ 0,00
683;1072;1454;"=""05559853000181""";CASA DO CONSTRUTOR E DISTRIBUIDORA DE MATERIAIS PARA CONSTRUÇÃO LTDA;PESSOA JURIDICA;ICMS;"=""4011900289594""";"=""20260000003081""";13852124;Efetivada;24/02/2026 15:48:58;26/02/2026 18:05:39;117;2;25/03/2026;25/03/2026;Paga;R$ 335,47;R$ 335,48;R$ 335,48;R$ 0,00
683;1072;1454;"=""05559853000181""";CASA DO CONSTRUTOR E DISTRIBUIDORA DE MATERIAIS PARA CONSTRUÇÃO LTDA;PESSOA JURIDICA;ICMS;"=""4011900289594""";"=""20260000003081""";13852124;Efetivada;24/02/2026 15:48:58;26/02/2026 18:05:39;117;3;27/04/2026;27/04/2026;Paga;R$ 335,47;R$ 339,50;R$ 339,50;R$ 0,00
683;1072;1454;"=""05559853000181""";CASA DO CONSTRUTOR E DISTRIBUIDORA DE MATERIAIS PARA CONSTRUÇÃO LTDA;PESSOA JURIDICA;ICMS;"=""4011900289594""";"=""20260000003081""";13852124;Efetivada;24/02/2026 15:48:58;26/02/2026 18:05:39;117;4;25/05/2026;25/05/2026;Paga;R$ 335,47;R$ 343,13;R$ 343,13;R$ 0,00
683;1072;1452;"=""05559853000181""";CASA DO CONSTRUTOR E DISTRIBUIDORA DE MATERIAIS PARA CONSTRUÇÃO LTDA;PESSOA JURIDICA;ICMS;"=""4011901272210""";"=""20260000003079""";13852159;Efetivada;24/02/2026 15:48:58;26/02/2026 18:05:45;114;1;27/02/2026;26/02/2026;Paga;R$ 330,78;R$ 330,78;R$ 330,78;R$ 0,00
683;1072;1452;"=""05559853000181""";CASA DO CONSTRUTOR E DISTRIBUIDORA DE MATERIAIS PARA CONSTRUÇÃO LTDA;PESSOA JURIDICA;ICMS;"=""4011901272210""";"=""20260000003079""";13852159;Efetivada;24/02/2026 15:48:58;26/02/2026 18:05:45;114;2;25/03/2026;24/03/2026;Paga;R$ 334,08;R$ 334,09;R$ 334,09;R$ 0,00
683;1072;1452;"=""05559853000181""";CASA DO CONSTRUTOR E DISTRIBUIDORA DE MATERIAIS PARA CONSTRUÇÃO LTDA;PESSOA JURIDICA;ICMS;"=""4011901272210""";"=""20260000003079""";13852159;Efetivada;24/02/2026 15:48:58;26/02/2026 18:05:45;114;3;27/04/2026;27/04/2026;Paga;R$ 334,08;R$ 338,09;R$ 338,09;R$ 0,00
683;1072;1452;"=""05559853000181""";CASA DO CONSTRUTOR E DISTRIBUIDORA DE MATERIAIS PARA CONSTRUÇÃO LTDA;PESSOA JURIDICA;ICMS;"=""4011901272210""";"=""20260000003079""";13852159;Efetivada;24/02/2026 15:48:58;26/02/2026 18:05:45;114;4;25/05/2026;25/05/2026;Paga;R$ 334,08;R$ 341,69;R$ 341,69;R$ 0,00
683;1072;1447;"=""05559853000181""";CASA DO CONSTRUTOR E DISTRIBUIDORA DE MATERIAIS PARA CONSTRUÇÃO LTDA;PESSOA JURIDICA;ICMS;"=""4011802608245""";"=""20260000003074""";13852140;Efetivada;24/02/2026 15:48:58;26/02/2026 18:05:46;145;1;27/02/2026;26/02/2026;Paga;R$ 522,85;R$ 522,85;R$ 522,85;R$ 0,00
683;1072;1447;"=""05559853000181""";CASA DO CONSTRUTOR E DISTRIBUIDORA DE MATERIAIS PARA CONSTRUÇÃO LTDA;PESSOA JURIDICA;ICMS;"=""4011802608245""";"=""20260000003074""";13852140;Efetivada;24/02/2026 15:48:58;26/02/2026 18:05:46;145;2;25/03/2026;24/03/2026;Paga;R$ 528,07;R$ 528,08;R$ 528,08;R$ 0,00
683;1072;1447;"=""05559853000181""";CASA DO CONSTRUTOR E DISTRIBUIDORA DE MATERIAIS PARA CONSTRUÇÃO LTDA;PESSOA JURIDICA;ICMS;"=""4011802608245""";"=""20260000003074""";13852140;Efetivada;24/02/2026 15:48:58;26/02/2026 18:05:46;145;3;27/04/2026;27/04/2026;Paga;R$ 528,07;R$ 534,40;R$ 534,40;R$ 0,00
683;1072;1447;"=""05559853000181""";CASA DO CONSTRUTOR E DISTRIBUIDORA DE MATERIAIS PARA CONSTRUÇÃO LTDA;PESSOA JURIDICA;ICMS;"=""4011802608245""";"=""20260000003074""";13852140;Efetivada;24/02/2026 15:48:58;26/02/2026 18:05:46;145;4;25/05/2026;25/05/2026;Paga;R$ 528,07;R$ 540,11;R$ 540,11;R$ 0,00
683;1072;1448;"=""05559853000181""";CASA DO CONSTRUTOR E DISTRIBUIDORA DE MATERIAIS PARA CONSTRUÇÃO LTDA;PESSOA JURIDICA;ICMS;"=""4011802603600""";"=""20260000003075""";13852167;Efetivada;24/02/2026 15:48:58;26/02/2026 18:05:52;145;1;27/02/2026;26/02/2026;Paga;R$ 782,14;R$ 782,14;R$ 782,14;R$ 0,00
683;1072;1448;"=""05559853000181""";CASA DO CONSTRUTOR E DISTRIBUIDORA DE MATERIAIS PARA CONSTRUÇÃO LTDA;PESSOA JURIDICA;ICMS;"=""4011802603600""";"=""20260000003075""";13852167;Efetivada;24/02/2026 15:48:58;26/02/2026 18:05:52;145;2;25/03/2026;24/03/2026;Paga;R$ 789,96;R$ 789,96;R$ 789,96;R$ 0,00
683;1072;1448;"=""05559853000181""";CASA DO CONSTRUTOR E DISTRIBUIDORA DE MATERIAIS PARA CONSTRUÇÃO LTDA;PESSOA JURIDICA;ICMS;"=""4011802603600""";"=""20260000003075""";13852167;Efetivada;24/02/2026 15:48:58;26/02/2026 18:05:52;145;3;27/04/2026;27/04/2026;Paga;R$ 789,96;R$ 799,42;R$ 799,42;R$ 0,00
683;1072;1448;"=""05559853000181""";CASA DO CONSTRUTOR E DISTRIBUIDORA DE MATERIAIS PARA CONSTRUÇÃO LTDA;PESSOA JURIDICA;ICMS;"=""4011802603600""";"=""20260000003075""";13852167;Efetivada;24/02/2026 15:48:58;26/02/2026 18:05:52;145;4;25/05/2026;25/05/2026;Paga;R$ 789,96;R$ 807,95;R$ 807,95;R$ 0,00
683;1072;1450;"=""05559853000181""";CASA DO CONSTRUTOR E DISTRIBUIDORA DE MATERIAIS PARA CONSTRUÇÃO LTDA;PESSOA JURIDICA;ICMS;"=""4012200767190""";"=""20260000003077""";13852175;Efetivada;24/02/2026 15:48:58;26/02/2026 18:05:59;3;1;27/02/2026;26/02/2026;Paga;R$ 1.883,33;R$ 1.883,33;R$ 1.883,33;R$ 0,00
683;1072;1450;"=""05559853000181""";CASA DO CONSTRUTOR E DISTRIBUIDORA DE MATERIAIS PARA CONSTRUÇÃO LTDA;PESSOA JURIDICA;ICMS;"=""4012200767190""";"=""20260000003077""";13852175;Efetivada;24/02/2026 15:48:58;26/02/2026 18:05:59;3;2;25/03/2026;24/03/2026;Paga;R$ 1.902,16;R$ 1.902,16;R$ 1.902,16;R$ 0,00
683;1072;1450;"=""05559853000181""";CASA DO CONSTRUTOR E DISTRIBUIDORA DE MATERIAIS PARA CONSTRUÇÃO LTDA;PESSOA JURIDICA;ICMS;"=""4012200767190""";"=""20260000003077""";13852175;Efetivada;24/02/2026 15:48:58;26/02/2026 18:05:59;3;3;27/04/2026;27/04/2026;Paga;R$ 1.902,16;R$ 1.924,95;R$ 1.924,95;R$ 0,00
683;1072;1455;"=""05559853000181""";CASA DO CONSTRUTOR E DISTRIBUIDORA DE MATERIAIS PARA CONSTRUÇÃO LTDA;PESSOA JURIDICA;ICMS;"=""4011900760408""";"=""20260000003082""";13852191;Efetivada;24/02/2026 15:48:58;26/02/2026 18:06:06;145;1;27/02/2026;26/02/2026;Paga;R$ 420,75;R$ 420,75;R$ 420,75;R$ 0,00
683;1072;1455;"=""05559853000181""";CASA DO CONSTRUTOR E DISTRIBUIDORA DE MATERIAIS PARA CONSTRUÇÃO LTDA;PESSOA JURIDICA;ICMS;"=""4011900760408""";"=""20260000003082""";13852191;Efetivada;24/02/2026 15:48:58;26/02/2026 18:06:06;145;2;25/03/2026;24/03/2026;Paga;R$ 424,95;R$ 424,96;R$ 424,96;R$ 0,00
683;1072;1455;"=""05559853000181""";CASA DO CONSTRUTOR E DISTRIBUIDORA DE MATERIAIS PARA CONSTRUÇÃO LTDA;PESSOA JURIDICA;ICMS;"=""4011900760408""";"=""20260000003082""";13852191;Efetivada;24/02/2026 15:48:58;26/02/2026 18:06:06;145;3;27/04/2026;27/04/2026;Paga;R$ 424,95;R$ 430,05;R$ 430,05;R$ 0,00
683;1072;1455;"=""05559853000181""";CASA DO CONSTRUTOR E DISTRIBUIDORA DE MATERIAIS PARA CONSTRUÇÃO LTDA;PESSOA JURIDICA;ICMS;"=""4011900760408""";"=""20260000003082""";13852191;Efetivada;24/02/2026 15:48:58;26/02/2026 18:06:06;145;4;25/05/2026;25/05/2026;Paga;R$ 424,95;R$ 434,63;R$ 434,63;R$ 0,00
683;1072;1453;"=""05559853000181""";CASA DO CONSTRUTOR E DISTRIBUIDORA DE MATERIAIS PARA CONSTRUÇÃO LTDA;PESSOA JURIDICA;ICMS;"=""4012000007094""";"=""20260000003080""";13852183;Efetivada;24/02/2026 15:48:58;27/02/2026 18:03:59;5;1;27/02/2026;27/02/2026;Paga;R$ 4.456,20;R$ 4.456,20;R$ 4.456,20;R$ 0,00
683;1072;1453;"=""05559853000181""";CASA DO CONSTRUTOR E DISTRIBUIDORA DE MATERIAIS PARA CONSTRUÇÃO LTDA;PESSOA JURIDICA;ICMS;"=""4012000007094""";"=""20260000003080""";13852183;Efetivada;24/02/2026 15:48:58;27/02/2026 18:03:59;5;2;25/03/2026;25/03/2026;Paga;R$ 4.500,76;R$ 4.500,76;R$ 4.500,76;R$ 0,00
683;1072;1453;"=""05559853000181""";CASA DO CONSTRUTOR E DISTRIBUIDORA DE MATERIAIS PARA CONSTRUÇÃO LTDA;PESSOA JURIDICA;ICMS;"=""4012000007094""";"=""20260000003080""";13852183;Efetivada;24/02/2026 15:48:58;27/02/2026 18:03:59;5;3;27/04/2026;27/04/2026;Paga;R$ 4.500,76;R$ 4.554,68;R$ 4.554,68;R$ 0,00
683;1072;1453;"=""05559853000181""";CASA DO CONSTRUTOR E DISTRIBUIDORA DE MATERIAIS PARA CONSTRUÇÃO LTDA;PESSOA JURIDICA;ICMS;"=""4012000007094""";"=""20260000003080""";13852183;Efetivada;24/02/2026 15:48:58;27/02/2026 18:03:59;5;4;25/05/2026;25/05/2026;Paga;R$ 4.500,76;R$ 4.603,26;R$ 4.603,26;R$ 0,00
954;1072;2084;"=""05559853000181""";CASA DO CONSTRUTOR E DISTRIBUIDORA DE MATERIAIS PARA CONSTRUÇÃO LTDA;PESSOA JURIDICA;ICMS;"=""4011802949581""";"=""20260000004817""";13935518;Efetivada;06/03/2026 15:42:45;10/03/2026 06:09:46;133;2;27/04/2026;27/04/2026;Paga;R$ 333,78;R$ 333,78;R$ 333,78;R$ 0,00
954;1072;2084;"=""05559853000181""";CASA DO CONSTRUTOR E DISTRIBUIDORA DE MATERIAIS PARA CONSTRUÇÃO LTDA;PESSOA JURIDICA;ICMS;"=""4011802949581""";"=""20260000004817""";13935518;Efetivada;06/03/2026 15:42:45;10/03/2026 06:09:46;133;3;25/05/2026;25/05/2026;Paga;R$ 333,78;R$ 337,39;R$ 337,39;R$ 0,00
954;1072;2083;"=""05559853000181""";CASA DO CONSTRUTOR E DISTRIBUIDORA DE MATERIAIS PARA CONSTRUÇÃO LTDA;PESSOA JURIDICA;ICMS;"=""4011900501135""";"=""20260000004816""";13935500;Efetivada;06/03/2026 15:42:45;10/03/2026 06:09:51;41;2;27/04/2026;27/04/2026;Paga;R$ 335,85;R$ 335,85;R$ 335,85;R$ 0,00
954;1072;2083;"=""05559853000181""";CASA DO CONSTRUTOR E DISTRIBUIDORA DE MATERIAIS PARA CONSTRUÇÃO LTDA;PESSOA JURIDICA;ICMS;"=""4011900501135""";"=""20260000004816""";13935500;Efetivada;06/03/2026 15:42:45;10/03/2026 06:09:51;41;3;25/05/2026;25/05/2026;Paga;R$ 335,85;R$ 339,48;R$ 339,48;R$ 0,00
954;1072;2082;"=""05559853000181""";CASA DO CONSTRUTOR E DISTRIBUIDORA DE MATERIAIS PARA CONSTRUÇÃO LTDA;PESSOA JURIDICA;ICMS;"=""4012200767513""";"=""20260000004815""";13935496;Efetivada;06/03/2026 15:42:45;10/03/2026 06:09:52;92;2;27/04/2026;27/04/2026;Paga;R$ 334,61;R$ 334,61;R$ 334,61;R$ 0,00
954;1072;2082;"=""05559853000181""";CASA DO CONSTRUTOR E DISTRIBUIDORA DE MATERIAIS PARA CONSTRUÇÃO LTDA;PESSOA JURIDICA;ICMS;"=""4012200767513""";"=""20260000004815""";13935496;Efetivada;06/03/2026 15:42:45;10/03/2026 06:09:52;92;3;25/05/2026;25/05/2026;Paga;R$ 334,61;R$ 338,22;R$ 338,22;R$ 0,00
772;2752;1648;"=""05636541120""";GABRIELL FERREIRA BARBOSA;PESSOA FISICA;IPVA;"=""2338520022294""";"=""20260000003766""";13882554;Efetivada;27/02/2026 13:39:43;28/02/2026 06:06:13;5;1;27/02/2026;27/02/2026;Paga;R$ 385,78;R$ 385,78;R$ 385,78;R$ 0,00
723;2230;1565;"=""05647883000140""";JOSÉ MARIA DE MACEDO;PESSOA JURIDICA;IPVA;"=""2286906022208""";"=""20260000003407""";13863991;Efetivada;25/02/2026 14:51:26;26/02/2026 06:11:45;1;1;27/02/2026;25/02/2026;Paga;R$ 451,37;R$ 451,37;R$ 451,37;R$ 0,00
723;2230;1566;"=""05647883000140""";JOSÉ MARIA DE MACEDO;PESSOA JURIDICA;IPVA;"=""2364428922291""";"=""20260000003408""";13864009;Efetivada;25/02/2026 14:51:26;26/02/2026 06:11:50;1;1;27/02/2026;25/02/2026;Paga;R$ 578,74;R$ 578,74;R$ 578,74;R$ 0,00
723;2230;1563;"=""05647883000140""";JOSÉ MARIA DE MACEDO;PESSOA JURIDICA;IPVA;"=""2032696322284""";"=""20260000003405""";13863975;Efetivada;25/02/2026 14:51:26;26/02/2026 06:11:51;1;1;27/02/2026;25/02/2026;Paga;R$ 476,78;R$ 476,78;R$ 476,78;R$ 0,00
723;2230;1564;"=""05647883000140""";JOSÉ MARIA DE MACEDO;PESSOA JURIDICA;IPVA;"=""2082723222270""";"=""20260000003406""";13863983;Efetivada;25/02/2026 14:51:26;26/02/2026 06:11:57;1;1;27/02/2026;25/02/2026;Paga;R$ 461,95;R$ 461,95;R$ 461,95;R$ 0,00
822;2303;1767;"=""05857549000200""";KABANAS COMERCIAL DE ALIMENTACAO LTDA EM RECUPERACAO JUDICIAL;PESSOA JURIDICA;ICMS;"=""4022300009502""";"=""20260000004071""";13897349;Efetivada;02/03/2026 16:05:42;09/03/2026 18:00:45;145;2;27/04/2026;27/04/2026;Paga;R$ 666,17;R$ 666,19;R$ 666,19;R$ 0,00
822;2303;1767;"=""05857549000200""";KABANAS COMERCIAL DE ALIMENTACAO LTDA EM RECUPERACAO JUDICIAL;PESSOA JURIDICA;ICMS;"=""4022300009502""";"=""20260000004071""";13897349;Efetivada;02/03/2026 16:05:42;09/03/2026 18:00:45;145;3;25/05/2026;25/05/2026;Paga;R$ 666,17;R$ 673,37;R$ 673,37;R$ 0,00
745;2694;1601;"=""05926841135""";RENAN MORAIS BULHOES;PESSOA FISICA;IPVA;"=""2273256722233""";"=""20260000003625""";13872443;Efetivada;26/02/2026 13:40:16;27/02/2026 12:08:06;4;1;27/02/2026;27/02/2026;Paga;R$ 335,48;R$ 335,48;R$ 335,48;R$ 0,00
745;2694;1601;"=""05926841135""";RENAN MORAIS BULHOES;PESSOA FISICA;IPVA;"=""2273256722233""";"=""20260000003625""";13872443;Efetivada;26/02/2026 13:40:16;27/02/2026 12:08:06;4;2;25/03/2026;20/03/2026;Paga;R$ 338,82;R$ 338,85;R$ 338,85;R$ 0,00
745;2694;1601;"=""05926841135""";RENAN MORAIS BULHOES;PESSOA FISICA;IPVA;"=""2273256722233""";"=""20260000003625""";13872443;Efetivada;26/02/2026 13:40:16;27/02/2026 12:08:06;4;3;27/04/2026;27/04/2026;Paga;R$ 338,82;R$ 342,90;R$ 342,90;R$ 0,00
745;2694;1601;"=""05926841135""";RENAN MORAIS BULHOES;PESSOA FISICA;IPVA;"=""2273256722233""";"=""20260000003625""";13872443;Efetivada;26/02/2026 13:40:16;27/02/2026 12:08:06;4;4;25/05/2026;25/05/2026;Paga;R$ 338,82;R$ 346,56;R$ 346,56;R$ 0,00
745;2694;1602;"=""05926841135""";RENAN MORAIS BULHOES;PESSOA FISICA;IPVA;"=""2370058722298""";"=""20260000003626""";13872451;Efetivada;26/02/2026 13:40:16;27/02/2026 12:08:07;4;1;27/02/2026;27/02/2026;Paga;R$ 400,56;R$ 400,56;R$ 400,56;R$ 0,00
745;2694;1602;"=""05926841135""";RENAN MORAIS BULHOES;PESSOA FISICA;IPVA;"=""2370058722298""";"=""20260000003626""";13872451;Efetivada;26/02/2026 13:40:16;27/02/2026 12:08:07;4;2;25/03/2026;20/03/2026;Paga;R$ 404,56;R$ 404,56;R$ 404,56;R$ 0,00
745;2694;1602;"=""05926841135""";RENAN MORAIS BULHOES;PESSOA FISICA;IPVA;"=""2370058722298""";"=""20260000003626""";13872451;Efetivada;26/02/2026 13:40:16;27/02/2026 12:08:07;4;3;27/04/2026;27/04/2026;Paga;R$ 404,56;R$ 409,41;R$ 409,41;R$ 0,00
745;2694;1602;"=""05926841135""";RENAN MORAIS BULHOES;PESSOA FISICA;IPVA;"=""2370058722298""";"=""20260000003626""";13872451;Efetivada;26/02/2026 13:40:16;27/02/2026 12:08:07;4;4;25/05/2026;25/05/2026;Paga;R$ 404,56;R$ 413,78;R$ 413,78;R$ 0,00
1202;332;2782;"=""05979543000116""";PEDREIRA ANAPOLIS LTDA.;PESSOA JURIDICA;ICMS;"=""4011601850537""";"=""20260000006407""";14129744;Efetivada;13/04/2026 16:16:43;16/04/2026 12:03:58;111;1;20/04/2026;16/04/2026;Paga;R$ 331,83;R$ 331,83;R$ 331,83;R$ 0,00
1202;332;2782;"=""05979543000116""";PEDREIRA ANAPOLIS LTDA.;PESSOA JURIDICA;ICMS;"=""4011601850537""";"=""20260000006407""";14129744;Efetivada;13/04/2026 16:16:43;16/04/2026 12:03:58;111;2;25/05/2026;22/05/2026;Paga;R$ 335,14;R$ 335,15;R$ 335,15;R$ 0,00
1202;332;2775;"=""05979543000116""";PEDREIRA ANAPOLIS LTDA.;PESSOA JURIDICA;ICMS;"=""2145919900000""";"=""20260000006400""";14129795;Efetivada;13/04/2026 16:16:43;16/04/2026 12:04:05;47;1;20/04/2026;16/04/2026;Paga;R$ 333,58;R$ 333,58;R$ 333,58;R$ 0,00
1202;332;2775;"=""05979543000116""";PEDREIRA ANAPOLIS LTDA.;PESSOA JURIDICA;ICMS;"=""2145919900000""";"=""20260000006400""";14129795;Efetivada;13/04/2026 16:16:43;16/04/2026 12:04:05;47;2;25/05/2026;22/05/2026;Paga;R$ 336,91;R$ 336,91;R$ 336,91;R$ 0,00
1202;332;2777;"=""05979543000116""";PEDREIRA ANAPOLIS LTDA.;PESSOA JURIDICA;ICMS;"=""4011802416176""";"=""20260000006402""";14129752;Efetivada;13/04/2026 16:16:43;16/04/2026 12:04:12;120;1;20/04/2026;16/04/2026;Paga;R$ 1.128,20;R$ 1.128,20;R$ 1.128,20;R$ 0,00
1202;332;2777;"=""05979543000116""";PEDREIRA ANAPOLIS LTDA.;PESSOA JURIDICA;ICMS;"=""4011802416176""";"=""20260000006402""";14129752;Efetivada;13/04/2026 16:16:43;16/04/2026 12:04:12;120;2;25/05/2026;22/05/2026;Paga;R$ 1.139,47;R$ 1.139,49;R$ 1.139,49;R$ 0,00
1202;332;2781;"=""05979543000116""";PEDREIRA ANAPOLIS LTDA.;PESSOA JURIDICA;ICMS;"=""2145332800048""";"=""20260000006406""";14129760;Efetivada;13/04/2026 16:16:43;16/04/2026 12:04:19;59;1;20/04/2026;16/04/2026;Paga;R$ 334,95;R$ 334,95;R$ 334,95;R$ 0,00
1202;332;2781;"=""05979543000116""";PEDREIRA ANAPOLIS LTDA.;PESSOA JURIDICA;ICMS;"=""2145332800048""";"=""20260000006406""";14129760;Efetivada;13/04/2026 16:16:43;16/04/2026 12:04:19;59;2;25/05/2026;22/05/2026;Paga;R$ 338,29;R$ 338,30;R$ 338,30;R$ 0,00
1202;332;2778;"=""05979543000116""";PEDREIRA ANAPOLIS LTDA.;PESSOA JURIDICA;ICMS;"=""4011603384886""";"=""20260000006403""";14129779;Efetivada;13/04/2026 16:16:43;16/04/2026 12:04:26;120;1;20/04/2026;16/04/2026;Paga;R$ 636,95;R$ 636,95;R$ 636,95;R$ 0,00
1202;332;2778;"=""05979543000116""";PEDREIRA ANAPOLIS LTDA.;PESSOA JURIDICA;ICMS;"=""4011603384886""";"=""20260000006403""";14129779;Efetivada;13/04/2026 16:16:43;16/04/2026 12:04:26;120;2;25/05/2026;22/05/2026;Paga;R$ 643,31;R$ 643,32;R$ 643,32;R$ 0,00
1202;332;2780;"=""05979543000116""";PEDREIRA ANAPOLIS LTDA.;PESSOA JURIDICA;ICMS;"=""2145043100063""";"=""20260000006405""";14129787;Efetivada;13/04/2026 16:16:43;16/04/2026 12:04:33;32;1;20/04/2026;16/04/2026;Paga;R$ 335,18;R$ 335,18;R$ 335,18;R$ 0,00
1202;332;2780;"=""05979543000116""";PEDREIRA ANAPOLIS LTDA.;PESSOA JURIDICA;ICMS;"=""2145043100063""";"=""20260000006405""";14129787;Efetivada;13/04/2026 16:16:43;16/04/2026 12:04:33;32;2;25/05/2026;22/05/2026;Paga;R$ 338,52;R$ 338,53;R$ 338,53;R$ 0,00
1202;332;2779;"=""05979543000116""";PEDREIRA ANAPOLIS LTDA.;PESSOA JURIDICA;ICMS;"=""4011701018981""";"=""20260000006404""";14129809;Efetivada;13/04/2026 16:16:43;16/04/2026 12:04:40;120;1;20/04/2026;16/04/2026;Paga;R$ 476,27;R$ 476,27;R$ 476,27;R$ 0,00
1202;332;2779;"=""05979543000116""";PEDREIRA ANAPOLIS LTDA.;PESSOA JURIDICA;ICMS;"=""4011701018981""";"=""20260000006404""";14129809;Efetivada;13/04/2026 16:16:43;16/04/2026 12:04:40;120;2;25/05/2026;22/05/2026;Paga;R$ 481,02;R$ 481,03;R$ 481,03;R$ 0,00
1202;332;2783;"=""05979543000116""";PEDREIRA ANAPOLIS LTDA.;PESSOA JURIDICA;ICMS;"=""4011602369794""";"=""20260000006408""";14129817;Efetivada;13/04/2026 16:16:43;16/04/2026 12:04:47;120;1;20/04/2026;16/04/2026;Paga;R$ 680,25;R$ 680,25;R$ 680,25;R$ 0,00
1202;332;2783;"=""05979543000116""";PEDREIRA ANAPOLIS LTDA.;PESSOA JURIDICA;ICMS;"=""4011602369794""";"=""20260000006408""";14129817;Efetivada;13/04/2026 16:16:43;16/04/2026 12:04:47;120;2;25/05/2026;22/05/2026;Paga;R$ 687,04;R$ 687,05;R$ 687,05;R$ 0,00
1202;332;2776;"=""05979543000116""";PEDREIRA ANAPOLIS LTDA.;PESSOA JURIDICA;ICMS;"=""4011800010806""";"=""20260000006401""";14129825;Efetivada;13/04/2026 16:16:43;16/04/2026 12:04:54;120;1;20/04/2026;16/04/2026;Paga;R$ 1.906,75;R$ 1.906,75;R$ 1.906,75;R$ 0,00
1202;332;2776;"=""05979543000116""";PEDREIRA ANAPOLIS LTDA.;PESSOA JURIDICA;ICMS;"=""4011800010806""";"=""20260000006401""";14129825;Efetivada;13/04/2026 16:16:43;16/04/2026 12:04:54;120;2;25/05/2026;22/05/2026;Paga;R$ 1.925,81;R$ 1.925,81;R$ 1.925,81;R$ 0,00
1218;619;2839;"=""06076894000180""";MARCENARIA EFATA FABRICACAO E COMERCIO VAREJISTA DE MOVEIS LTDA;PESSOA JURIDICA;ICMS;"=""4011902316572""";"=""20260000006543""";14162571;Efetivada;22/04/2026 07:55:24;22/04/2026 18:01:25;26;1;29/04/2026;22/04/2026;Paga;R$ 3.405,42;R$ 3.405,42;R$ 3.405,42;R$ 0,00
1218;619;2839;"=""06076894000180""";MARCENARIA EFATA FABRICACAO E COMERCIO VAREJISTA DE MOVEIS LTDA;PESSOA JURIDICA;ICMS;"=""4011902316572""";"=""20260000006543""";14162571;Efetivada;22/04/2026 07:55:24;22/04/2026 18:01:25;26;2;25/05/2026;25/05/2026;Paga;R$ 3.439,45;R$ 3.439,48;R$ 3.439,48;R$ 0,00
1006;3205;2187;"=""06092064000146""";HAMBURGUERIA ESQUILO SANDUICHES LTDA;PESSOA JURIDICA;ICMS;"=""2009331711138""";"=""20260000005072""";13953923;Efetivada;10/03/2026 11:59:56;16/03/2026 18:06:02;11;1;17/03/2026;16/03/2026;Paga;R$ 333,76;R$ 333,76;R$ 333,76;R$ 0,00
1006;3205;2187;"=""06092064000146""";HAMBURGUERIA ESQUILO SANDUICHES LTDA;PESSOA JURIDICA;ICMS;"=""2009331711138""";"=""20260000005072""";13953923;Efetivada;10/03/2026 11:59:56;16/03/2026 18:06:02;11;3;25/05/2026;26/05/2026;Paga;R$ 337,09;R$ 341,85;R$ 341,85;R$ 0,00
1006;3205;2180;"=""06092064000146""";HAMBURGUERIA ESQUILO SANDUICHES LTDA;PESSOA JURIDICA;ICMS;"=""2013527811150""";"=""20260000005065""";13953982;Efetivada;10/03/2026 11:59:56;09/04/2026 12:50:57;1;1;17/03/2026;16/03/2026;Paga;R$ 190,16;R$ 190,16;R$ 190,16;R$ 0,00
1006;3205;2181;"=""06092064000146""";HAMBURGUERIA ESQUILO SANDUICHES LTDA;PESSOA JURIDICA;ICMS;"=""2013528111119""";"=""20260000005066""";13953990;Efetivada;10/03/2026 11:59:56;09/04/2026 12:50:57;1;1;17/03/2026;16/03/2026;Paga;R$ 233,89;R$ 233,89;R$ 233,89;R$ 0,00
1006;3205;2182;"=""06092064000146""";HAMBURGUERIA ESQUILO SANDUICHES LTDA;PESSOA JURIDICA;ICMS;"=""2017218011119""";"=""20260000005067""";13953940;Efetivada;10/03/2026 11:59:56;09/04/2026 12:50:57;1;1;17/03/2026;16/03/2026;Paga;R$ 220,68;R$ 220,68;R$ 220,68;R$ 0,00
1006;3205;2183;"=""06092064000146""";HAMBURGUERIA ESQUILO SANDUICHES LTDA;PESSOA JURIDICA;ICMS;"=""2013527911103""";"=""20260000005068""";13953907;Efetivada;10/03/2026 11:59:56;09/04/2026 12:50:57;1;1;17/03/2026;16/03/2026;Paga;R$ 191,16;R$ 191,16;R$ 191,16;R$ 0,00
1006;3205;2184;"=""06092064000146""";HAMBURGUERIA ESQUILO SANDUICHES LTDA;PESSOA JURIDICA;ICMS;"=""2013528011165""";"=""20260000005069""";13953915;Efetivada;10/03/2026 11:59:56;09/04/2026 12:50:57;1;1;17/03/2026;16/03/2026;Paga;R$ 202,90;R$ 202,90;R$ 202,90;R$ 0,00
1006;3205;2185;"=""06092064000146""";HAMBURGUERIA ESQUILO SANDUICHES LTDA;PESSOA JURIDICA;ICMS;"=""2013528211172""";"=""20260000005070""";13953966;Efetivada;10/03/2026 11:59:56;09/04/2026 12:50:57;1;1;17/03/2026;16/03/2026;Paga;R$ 235,72;R$ 235,72;R$ 235,72;R$ 0,00
1006;3205;2186;"=""06092064000146""";HAMBURGUERIA ESQUILO SANDUICHES LTDA;PESSOA JURIDICA;ICMS;"=""2013528311126""";"=""20260000005071""";13953974;Efetivada;10/03/2026 11:59:56;09/04/2026 12:50:57;1;1;17/03/2026;16/03/2026;Paga;R$ 517,07;R$ 517,07;R$ 517,07;R$ 0,00
1006;3205;2188;"=""06092064000146""";HAMBURGUERIA ESQUILO SANDUICHES LTDA;PESSOA JURIDICA;ICMS;"=""2009331811191""";"=""20260000005073""";13953958;Efetivada;10/03/2026 11:59:56;09/04/2026 12:50:57;1;1;17/03/2026;16/03/2026;Paga;R$ 135,61;R$ 135,61;R$ 135,61;R$ 0,00
1006;3205;2189;"=""06092064000146""";HAMBURGUERIA ESQUILO SANDUICHES LTDA;PESSOA JURIDICA;ICMS;"=""2017217911167""";"=""20260000005074""";13953931;Efetivada;10/03/2026 11:59:56;09/04/2026 12:50:57;1;1;17/03/2026;16/03/2026;Paga;R$ 256,06;R$ 256,06;R$ 256,06;R$ 0,00
7;77;12;"=""06198753808""";AMÉRICO VAZ DE LIMA FILHO;PESSOA FISICA;ICMS;"=""4011602463464""";"=""20250000000008""";13340344;Efetivada;25/11/2025 11:25:24;;145;1;28/11/2025;26/11/2025;Paga;R$ 3.821,85;R$ 3.821,85;R$ 3.821,85;R$ 0,00
7;77;12;"=""06198753808""";AMÉRICO VAZ DE LIMA FILHO;PESSOA FISICA;ICMS;"=""4011602463464""";"=""20250000000008""";13340344;Efetivada;25/11/2025 11:25:24;;145;2;29/12/2025;22/12/2025;Paga;R$ 3.860,06;R$ 3.860,06;R$ 3.860,06;R$ 0,00
7;77;12;"=""06198753808""";AMÉRICO VAZ DE LIMA FILHO;PESSOA FISICA;ICMS;"=""4011602463464""";"=""20250000000008""";13340344;Efetivada;25/11/2025 11:25:24;;145;3;26/01/2026;20/01/2026;Paga;R$ 3.860,06;R$ 3.906,69;R$ 3.906,69;R$ 0,00
7;77;12;"=""06198753808""";AMÉRICO VAZ DE LIMA FILHO;PESSOA FISICA;ICMS;"=""4011602463464""";"=""20250000000008""";13340344;Efetivada;25/11/2025 11:25:24;;145;4;25/02/2026;23/02/2026;Paga;R$ 3.860,06;R$ 3.951,03;R$ 3.951,03;R$ 0,00
7;77;12;"=""06198753808""";AMÉRICO VAZ DE LIMA FILHO;PESSOA FISICA;ICMS;"=""4011602463464""";"=""20250000000008""";13340344;Efetivada;25/11/2025 11:25:24;;145;5;25/03/2026;23/03/2026;Paga;R$ 3.860,06;R$ 3.989,25;R$ 3.989,25;R$ 0,00
7;77;12;"=""06198753808""";AMÉRICO VAZ DE LIMA FILHO;PESSOA FISICA;ICMS;"=""4011602463464""";"=""20250000000008""";13340344;Efetivada;25/11/2025 11:25:24;;145;6;27/04/2026;24/04/2026;Paga;R$ 3.860,06;R$ 4.035,49;R$ 4.035,49;R$ 0,00
7;77;12;"=""06198753808""";AMÉRICO VAZ DE LIMA FILHO;PESSOA FISICA;ICMS;"=""4011602463464""";"=""20250000000008""";13340344;Efetivada;25/11/2025 11:25:24;;145;7;25/05/2026;19/05/2026;Paga;R$ 3.860,06;R$ 4.077,15;R$ 4.077,15;R$ 0,00
990;2636;2154;"=""06209277000105""";CAVIUNA COMERCIO E SERVICOS LTDA;PESSOA JURIDICA;ICMS;"=""2227680100089""";"=""20260000004972""";13949195;Efetivada;09/03/2026 16:39:58;16/03/2026 18:04:42;8;1;16/03/2026;16/03/2026;Paga;R$ 361,53;R$ 361,53;R$ 361,53;R$ 0,00
990;2636;2154;"=""06209277000105""";CAVIUNA COMERCIO E SERVICOS LTDA;PESSOA JURIDICA;ICMS;"=""2227680100089""";"=""20260000004972""";13949195;Efetivada;09/03/2026 16:39:58;16/03/2026 18:04:42;8;2;27/04/2026;27/04/2026;Paga;R$ 365,13;R$ 365,15;R$ 365,15;R$ 0,00
990;2636;2151;"=""06209277000105""";CAVIUNA COMERCIO E SERVICOS LTDA;PESSOA JURIDICA;ICMS;"=""2144116700024""";"=""20260000004969""";13949241;Efetivada;09/03/2026 16:39:58;16/03/2026 18:04:48;119;1;16/03/2026;16/03/2026;Paga;R$ 332,55;R$ 332,55;R$ 332,55;R$ 0,00
990;2636;2151;"=""06209277000105""";CAVIUNA COMERCIO E SERVICOS LTDA;PESSOA JURIDICA;ICMS;"=""2144116700024""";"=""20260000004969""";13949241;Efetivada;09/03/2026 16:39:58;16/03/2026 18:04:48;119;2;27/04/2026;27/04/2026;Paga;R$ 335,87;R$ 335,87;R$ 335,87;R$ 0,00
990;2636;2152;"=""06209277000105""";CAVIUNA COMERCIO E SERVICOS LTDA;PESSOA JURIDICA;ICMS;"=""2017227311170""";"=""20260000004970""";13949209;Efetivada;09/03/2026 16:39:58;16/03/2026 18:04:48;2;1;16/03/2026;16/03/2026;Paga;R$ 427,58;R$ 427,58;R$ 427,58;R$ 0,00
990;2636;2152;"=""06209277000105""";CAVIUNA COMERCIO E SERVICOS LTDA;PESSOA JURIDICA;ICMS;"=""2017227311170""";"=""20260000004970""";13949209;Efetivada;09/03/2026 16:39:58;16/03/2026 18:04:48;2;2;27/04/2026;27/04/2026;Paga;R$ 431,84;R$ 431,86;R$ 431,86;R$ 0,00
990;2636;2150;"=""06209277000105""";CAVIUNA COMERCIO E SERVICOS LTDA;PESSOA JURIDICA;ICMS;"=""2143628700076""";"=""20260000004968""";13949233;Efetivada;09/03/2026 16:39:58;16/03/2026 18:04:54;64;1;16/03/2026;16/03/2026;Paga;R$ 333,25;R$ 333,25;R$ 333,25;R$ 0,00
990;2636;2149;"=""06209277000105""";CAVIUNA COMERCIO E SERVICOS LTDA;PESSOA JURIDICA;ICMS;"=""2141346300015""";"=""20260000004967""";13949225;Efetivada;09/03/2026 16:39:58;16/03/2026 18:04:55;145;1;16/03/2026;16/03/2026;Paga;R$ 565,03;R$ 565,03;R$ 565,03;R$ 0,00
990;2636;2149;"=""06209277000105""";CAVIUNA COMERCIO E SERVICOS LTDA;PESSOA JURIDICA;ICMS;"=""2141346300015""";"=""20260000004967""";13949225;Efetivada;09/03/2026 16:39:58;16/03/2026 18:04:55;145;2;27/04/2026;27/04/2026;Paga;R$ 570,67;R$ 570,68;R$ 570,68;R$ 0,00
990;2636;2153;"=""06209277000105""";CAVIUNA COMERCIO E SERVICOS LTDA;PESSOA JURIDICA;ICMS;"=""2008836311163""";"=""20260000004971""";13949217;Efetivada;09/03/2026 16:39:58;16/03/2026 18:05:01;145;1;16/03/2026;16/03/2026;Paga;R$ 1.698,56;R$ 1.698,56;R$ 1.698,56;R$ 0,00
990;2636;2153;"=""06209277000105""";CAVIUNA COMERCIO E SERVICOS LTDA;PESSOA JURIDICA;ICMS;"=""2008836311163""";"=""20260000004971""";13949217;Efetivada;09/03/2026 16:39:58;16/03/2026 18:05:01;145;2;27/04/2026;27/04/2026;Paga;R$ 1.715,54;R$ 1.715,54;R$ 1.715,54;R$ 0,00
899;2997;1932;"=""06219757000157""";VDM OPERAÇÕES LOGÍSTICAS EIRELI (EM RECUPERAÇÃO JUDICIAL);PESSOA JURIDICA;ICMS;"=""2088761400006""";"=""20260000004544""";13918320;Efetivada;04/03/2026 16:48:11;06/03/2026 18:06:40;145;2;27/04/2026;24/04/2026;Paga;R$ 5.740,30;R$ 5.740,32;R$ 5.740,32;R$ 0,00
899;2997;1932;"=""06219757000157""";VDM OPERAÇÕES LOGÍSTICAS EIRELI (EM RECUPERAÇÃO JUDICIAL);PESSOA JURIDICA;ICMS;"=""2088761400006""";"=""20260000004544""";13918320;Efetivada;04/03/2026 16:48:11;06/03/2026 18:06:40;145;3;25/05/2026;25/05/2026;Paga;R$ 5.740,30;R$ 5.802,27;R$ 5.802,27;R$ 0,00
899;2997;1934;"=""06219757000157""";VDM OPERAÇÕES LOGÍSTICAS EIRELI (EM RECUPERAÇÃO JUDICIAL);PESSOA JURIDICA;ICMS;"=""2089329400030""";"=""20260000004546""";13918338;Efetivada;04/03/2026 16:48:11;06/03/2026 18:06:42;145;2;27/04/2026;24/04/2026;Paga;R$ 11.710,52;R$ 11.710,53;R$ 11.710,53;R$ 0,00
899;2997;1934;"=""06219757000157""";VDM OPERAÇÕES LOGÍSTICAS EIRELI (EM RECUPERAÇÃO JUDICIAL);PESSOA JURIDICA;ICMS;"=""2089329400030""";"=""20260000004546""";13918338;Efetivada;04/03/2026 16:48:11;06/03/2026 18:06:42;145;3;25/05/2026;25/05/2026;Paga;R$ 11.710,52;R$ 11.836,91;R$ 11.836,91;R$ 0,00
899;2997;1942;"=""06219757000157""";VDM OPERAÇÕES LOGÍSTICAS EIRELI (EM RECUPERAÇÃO JUDICIAL);PESSOA JURIDICA;ICMS;"=""4011502861913""";"=""20260000004554""";13918346;Efetivada;04/03/2026 16:48:11;06/03/2026 18:06:47;145;2;27/04/2026;24/04/2026;Paga;R$ 5.369,59;R$ 5.369,61;R$ 5.369,61;R$ 0,00
899;2997;1942;"=""06219757000157""";VDM OPERAÇÕES LOGÍSTICAS EIRELI (EM RECUPERAÇÃO JUDICIAL);PESSOA JURIDICA;ICMS;"=""4011502861913""";"=""20260000004554""";13918346;Efetivada;04/03/2026 16:48:11;06/03/2026 18:06:47;145;3;25/05/2026;25/05/2026;Paga;R$ 5.369,59;R$ 5.427,56;R$ 5.427,56;R$ 0,00
899;2997;1943;"=""06219757000157""";VDM OPERAÇÕES LOGÍSTICAS EIRELI (EM RECUPERAÇÃO JUDICIAL);PESSOA JURIDICA;ICMS;"=""4011502862219""";"=""20260000004555""";13918354;Efetivada;04/03/2026 16:48:11;06/03/2026 18:06:49;145;2;27/04/2026;24/04/2026;Paga;R$ 4.309,59;R$ 4.309,62;R$ 4.309,62;R$ 0,00
899;2997;1943;"=""06219757000157""";VDM OPERAÇÕES LOGÍSTICAS EIRELI (EM RECUPERAÇÃO JUDICIAL);PESSOA JURIDICA;ICMS;"=""4011502862219""";"=""20260000004555""";13918354;Efetivada;04/03/2026 16:48:11;06/03/2026 18:06:49;145;3;25/05/2026;25/05/2026;Paga;R$ 4.309,59;R$ 4.356,13;R$ 4.356,13;R$ 0,00
899;2997;1944;"=""06219757000157""";VDM OPERAÇÕES LOGÍSTICAS EIRELI (EM RECUPERAÇÃO JUDICIAL);PESSOA JURIDICA;ICMS;"=""4011502862480""";"=""20260000004556""";13918362;Efetivada;04/03/2026 16:48:11;06/03/2026 18:06:54;145;2;27/04/2026;24/04/2026;Paga;R$ 1.625,58;R$ 1.625,60;R$ 1.625,60;R$ 0,00
899;2997;1944;"=""06219757000157""";VDM OPERAÇÕES LOGÍSTICAS EIRELI (EM RECUPERAÇÃO JUDICIAL);PESSOA JURIDICA;ICMS;"=""4011502862480""";"=""20260000004556""";13918362;Efetivada;04/03/2026 16:48:11;06/03/2026 18:06:54;145;3;25/05/2026;25/05/2026;Paga;R$ 1.625,58;R$ 1.643,15;R$ 1.643,15;R$ 0,00
899;2997;1946;"=""06219757000157""";VDM OPERAÇÕES LOGÍSTICAS EIRELI (EM RECUPERAÇÃO JUDICIAL);PESSOA JURIDICA;ICMS;"=""4011502862561""";"=""20260000004558""";13918370;Efetivada;04/03/2026 16:48:11;06/03/2026 18:06:56;145;2;27/04/2026;24/04/2026;Paga;R$ 7.385,07;R$ 7.385,08;R$ 7.385,08;R$ 0,00
899;2997;1946;"=""06219757000157""";VDM OPERAÇÕES LOGÍSTICAS EIRELI (EM RECUPERAÇÃO JUDICIAL);PESSOA JURIDICA;ICMS;"=""4011502862561""";"=""20260000004558""";13918370;Efetivada;04/03/2026 16:48:11;06/03/2026 18:06:56;145;3;25/05/2026;25/05/2026;Paga;R$ 7.385,07;R$ 7.464,78;R$ 7.464,78;R$ 0,00
899;2997;1933;"=""06219757000157""";VDM OPERAÇÕES LOGÍSTICAS EIRELI (EM RECUPERAÇÃO JUDICIAL);PESSOA JURIDICA;ICMS;"=""2096478100065""";"=""20260000004545""";13918397;Efetivada;04/03/2026 16:48:11;06/03/2026 18:07:01;145;2;27/04/2026;24/04/2026;Paga;R$ 1.646,62;R$ 1.646,62;R$ 1.646,62;R$ 0,00
899;2997;1933;"=""06219757000157""";VDM OPERAÇÕES LOGÍSTICAS EIRELI (EM RECUPERAÇÃO JUDICIAL);PESSOA JURIDICA;ICMS;"=""2096478100065""";"=""20260000004545""";13918397;Efetivada;04/03/2026 16:48:11;06/03/2026 18:07:01;145;3;25/05/2026;25/05/2026;Paga;R$ 1.646,62;R$ 1.664,40;R$ 1.664,40;R$ 0,00
899;2997;1931;"=""06219757000157""";VDM OPERAÇÕES LOGÍSTICAS EIRELI (EM RECUPERAÇÃO JUDICIAL);PESSOA JURIDICA;ICMS;"=""4011303963821""";"=""20260000004543""";13918389;Efetivada;04/03/2026 16:48:11;06/03/2026 18:07:03;145;2;27/04/2026;24/04/2026;Paga;R$ 4.298,61;R$ 4.298,62;R$ 4.298,62;R$ 0,00
899;2997;1931;"=""06219757000157""";VDM OPERAÇÕES LOGÍSTICAS EIRELI (EM RECUPERAÇÃO JUDICIAL);PESSOA JURIDICA;ICMS;"=""4011303963821""";"=""20260000004543""";13918389;Efetivada;04/03/2026 16:48:11;06/03/2026 18:07:03;145;3;25/05/2026;25/05/2026;Paga;R$ 4.298,61;R$ 4.345,02;R$ 4.345,02;R$ 0,00
899;2997;1936;"=""06219757000157""";VDM OPERAÇÕES LOGÍSTICAS EIRELI (EM RECUPERAÇÃO JUDICIAL);PESSOA JURIDICA;ICMS;"=""4011301965703""";"=""20260000004548""";13918419;Efetivada;04/03/2026 16:48:11;06/03/2026 18:07:09;145;2;27/04/2026;24/04/2026;Paga;R$ 6.171,33;R$ 6.171,34;R$ 6.171,34;R$ 0,00
899;2997;1936;"=""06219757000157""";VDM OPERAÇÕES LOGÍSTICAS EIRELI (EM RECUPERAÇÃO JUDICIAL);PESSOA JURIDICA;ICMS;"=""4011301965703""";"=""20260000004548""";13918419;Efetivada;04/03/2026 16:48:11;06/03/2026 18:07:09;145;3;25/05/2026;25/05/2026;Paga;R$ 6.171,33;R$ 6.237,94;R$ 6.237,94;R$ 0,00
899;2997;1935;"=""06219757000157""";VDM OPERAÇÕES LOGÍSTICAS EIRELI (EM RECUPERAÇÃO JUDICIAL);PESSOA JURIDICA;ICMS;"=""4021300011142""";"=""20260000004547""";13918400;Efetivada;04/03/2026 16:48:11;06/03/2026 18:07:10;145;2;27/04/2026;24/04/2026;Paga;R$ 1.908,96;R$ 1.908,97;R$ 1.908,97;R$ 0,00
899;2997;1935;"=""06219757000157""";VDM OPERAÇÕES LOGÍSTICAS EIRELI (EM RECUPERAÇÃO JUDICIAL);PESSOA JURIDICA;ICMS;"=""4021300011142""";"=""20260000004547""";13918400;Efetivada;04/03/2026 16:48:11;06/03/2026 18:07:10;145;3;25/05/2026;25/05/2026;Paga;R$ 1.908,96;R$ 1.929,57;R$ 1.929,57;R$ 0,00
899;2997;1939;"=""06219757000157""";VDM OPERAÇÕES LOGÍSTICAS EIRELI (EM RECUPERAÇÃO JUDICIAL);PESSOA JURIDICA;ICMS;"=""4011501080721""";"=""20260000004551""";13918443;Efetivada;04/03/2026 16:48:11;06/03/2026 18:07:16;145;2;27/04/2026;24/04/2026;Paga;R$ 2.477,97;R$ 2.477,97;R$ 2.477,97;R$ 0,00
899;2997;1939;"=""06219757000157""";VDM OPERAÇÕES LOGÍSTICAS EIRELI (EM RECUPERAÇÃO JUDICIAL);PESSOA JURIDICA;ICMS;"=""4011501080721""";"=""20260000004551""";13918443;Efetivada;04/03/2026 16:48:11;06/03/2026 18:07:16;145;3;25/05/2026;25/05/2026;Paga;R$ 2.477,97;R$ 2.504,72;R$ 2.504,72;R$ 0,00
899;2997;1937;"=""06219757000157""";VDM OPERAÇÕES LOGÍSTICAS EIRELI (EM RECUPERAÇÃO JUDICIAL);PESSOA JURIDICA;ICMS;"=""2087337500009""";"=""20260000004549""";13918427;Efetivada;04/03/2026 16:48:11;06/03/2026 18:07:17;145;2;27/04/2026;24/04/2026;Paga;R$ 3.748,60;R$ 3.748,60;R$ 3.748,60;R$ 0,00
899;2997;1937;"=""06219757000157""";VDM OPERAÇÕES LOGÍSTICAS EIRELI (EM RECUPERAÇÃO JUDICIAL);PESSOA JURIDICA;ICMS;"=""2087337500009""";"=""20260000004549""";13918427;Efetivada;04/03/2026 16:48:11;06/03/2026 18:07:17;145;3;25/05/2026;25/05/2026;Paga;R$ 3.748,60;R$ 3.789,06;R$ 3.789,06;R$ 0,00
899;2997;1938;"=""06219757000157""";VDM OPERAÇÕES LOGÍSTICAS EIRELI (EM RECUPERAÇÃO JUDICIAL);PESSOA JURIDICA;ICMS;"=""4011402089100""";"=""20260000004550""";13918435;Efetivada;04/03/2026 16:48:11;06/03/2026 18:07:23;145;2;27/04/2026;24/04/2026;Paga;R$ 14.783,77;R$ 14.783,79;R$ 14.783,79;R$ 0,00
899;2997;1938;"=""06219757000157""";VDM OPERAÇÕES LOGÍSTICAS EIRELI (EM RECUPERAÇÃO JUDICIAL);PESSOA JURIDICA;ICMS;"=""4011402089100""";"=""20260000004550""";13918435;Efetivada;04/03/2026 16:48:11;06/03/2026 18:07:23;145;3;25/05/2026;25/05/2026;Paga;R$ 14.783,77;R$ 14.943,33;R$ 14.943,33;R$ 0,00
899;2997;1941;"=""06219757000157""";VDM OPERAÇÕES LOGÍSTICAS EIRELI (EM RECUPERAÇÃO JUDICIAL);PESSOA JURIDICA;ICMS;"=""4011501842672""";"=""20260000004553""";13918460;Efetivada;04/03/2026 16:48:11;06/03/2026 18:07:24;145;2;27/04/2026;24/04/2026;Paga;R$ 2.675,25;R$ 2.675,27;R$ 2.675,27;R$ 0,00
899;2997;1941;"=""06219757000157""";VDM OPERAÇÕES LOGÍSTICAS EIRELI (EM RECUPERAÇÃO JUDICIAL);PESSOA JURIDICA;ICMS;"=""4011501842672""";"=""20260000004553""";13918460;Efetivada;04/03/2026 16:48:11;06/03/2026 18:07:24;145;3;25/05/2026;25/05/2026;Paga;R$ 2.675,25;R$ 2.704,14;R$ 2.704,14;R$ 0,00
899;2997;1945;"=""06219757000157""";VDM OPERAÇÕES LOGÍSTICAS EIRELI (EM RECUPERAÇÃO JUDICIAL);PESSOA JURIDICA;ICMS;"=""4011502862995""";"=""20260000004557""";13918478;Efetivada;04/03/2026 16:48:11;06/03/2026 18:07:30;145;2;27/04/2026;24/04/2026;Paga;R$ 2.241,88;R$ 2.241,90;R$ 2.241,90;R$ 0,00
899;2997;1945;"=""06219757000157""";VDM OPERAÇÕES LOGÍSTICAS EIRELI (EM RECUPERAÇÃO JUDICIAL);PESSOA JURIDICA;ICMS;"=""4011502862995""";"=""20260000004557""";13918478;Efetivada;04/03/2026 16:48:11;06/03/2026 18:07:30;145;3;25/05/2026;25/05/2026;Paga;R$ 2.241,88;R$ 2.266,09;R$ 2.266,09;R$ 0,00
899;2997;1940;"=""06219757000157""";VDM OPERAÇÕES LOGÍSTICAS EIRELI (EM RECUPERAÇÃO JUDICIAL);PESSOA JURIDICA;ICMS;"=""4011500648490""";"=""20260000004552""";13918451;Efetivada;04/03/2026 16:48:11;06/03/2026 18:07:31;145;2;27/04/2026;24/04/2026;Paga;R$ 13.483,38;R$ 13.483,39;R$ 13.483,39;R$ 0,00
899;2997;1940;"=""06219757000157""";VDM OPERAÇÕES LOGÍSTICAS EIRELI (EM RECUPERAÇÃO JUDICIAL);PESSOA JURIDICA;ICMS;"=""4011500648490""";"=""20260000004552""";13918451;Efetivada;04/03/2026 16:48:11;06/03/2026 18:07:31;145;3;25/05/2026;25/05/2026;Paga;R$ 13.483,38;R$ 13.628,90;R$ 13.628,90;R$ 0,00
899;2997;1947;"=""06219757000157""";VDM OPERAÇÕES LOGÍSTICAS EIRELI (EM RECUPERAÇÃO JUDICIAL);PESSOA JURIDICA;ICMS;"=""2087337400047""";"=""20260000004559""";13918486;Efetivada;04/03/2026 16:48:11;06/03/2026 18:07:37;145;2;27/04/2026;24/04/2026;Paga;R$ 12.834,27;R$ 12.834,27;R$ 12.834,27;R$ 0,00
899;2997;1947;"=""06219757000157""";VDM OPERAÇÕES LOGÍSTICAS EIRELI (EM RECUPERAÇÃO JUDICIAL);PESSOA JURIDICA;ICMS;"=""2087337400047""";"=""20260000004559""";13918486;Efetivada;04/03/2026 16:48:11;06/03/2026 18:07:37;145;3;25/05/2026;25/05/2026;Paga;R$ 12.834,27;R$ 12.972,78;R$ 12.972,78;R$ 0,00
899;2997;1949;"=""06219757000157""";VDM OPERAÇÕES LOGÍSTICAS EIRELI (EM RECUPERAÇÃO JUDICIAL);PESSOA JURIDICA;ICMS;"=""4011503700522""";"=""20260000004561""";13918508;Efetivada;04/03/2026 16:48:11;06/03/2026 18:07:38;145;2;27/04/2026;24/04/2026;Paga;R$ 5.377,37;R$ 5.377,37;R$ 5.377,37;R$ 0,00
899;2997;1949;"=""06219757000157""";VDM OPERAÇÕES LOGÍSTICAS EIRELI (EM RECUPERAÇÃO JUDICIAL);PESSOA JURIDICA;ICMS;"=""4011503700522""";"=""20260000004561""";13918508;Efetivada;04/03/2026 16:48:11;06/03/2026 18:07:38;145;3;25/05/2026;25/05/2026;Paga;R$ 5.377,37;R$ 5.435,41;R$ 5.435,41;R$ 0,00
899;2997;1948;"=""06219757000157""";VDM OPERAÇÕES LOGÍSTICAS EIRELI (EM RECUPERAÇÃO JUDICIAL);PESSOA JURIDICA;ICMS;"=""4011502862138""";"=""20260000004560""";13918494;Efetivada;04/03/2026 16:48:11;06/03/2026 18:07:44;145;2;27/04/2026;24/04/2026;Paga;R$ 2.832,15;R$ 2.832,18;R$ 2.832,18;R$ 0,00
899;2997;1948;"=""06219757000157""";VDM OPERAÇÕES LOGÍSTICAS EIRELI (EM RECUPERAÇÃO JUDICIAL);PESSOA JURIDICA;ICMS;"=""4011502862138""";"=""20260000004560""";13918494;Efetivada;04/03/2026 16:48:11;06/03/2026 18:07:44;145;3;25/05/2026;25/05/2026;Paga;R$ 2.832,15;R$ 2.862,75;R$ 2.862,75;R$ 0,00
1256;3538;2922;"=""06255771000106""";ELIAS REPRESENTACAO COMERCIAL LTDA;PESSOA JURIDICA;ICMS;"=""2009922400029""";"=""20260000006779""";14202417;Efetivada;30/04/2026 16:46:18;01/05/2026 12:03:26;145;1;30/04/2026;30/04/2026;Paga;R$ 363,38;R$ 363,38;R$ 363,38;R$ 0,00
1256;3538;2927;"=""06255771000106""";ELIAS REPRESENTACAO COMERCIAL LTDA;PESSOA JURIDICA;ICMS;"=""3014321333647""";"=""20260000006784""";14202433;Efetivada;30/04/2026 16:46:18;01/05/2026 12:03:32;145;1;30/04/2026;30/04/2026;Paga;R$ 1.324,83;R$ 1.324,83;R$ 1.324,83;R$ 0,00
1256;3538;2925;"=""06255771000106""";ELIAS REPRESENTACAO COMERCIAL LTDA;PESSOA JURIDICA;ICMS;"=""4011302421642""";"=""20260000006782""";14202425;Efetivada;30/04/2026 16:46:18;01/05/2026 12:03:39;145;1;30/04/2026;30/04/2026;Paga;R$ 454,60;R$ 454,60;R$ 454,60;R$ 0,00
1256;3538;2923;"=""06255771000106""";ELIAS REPRESENTACAO COMERCIAL LTDA;PESSOA JURIDICA;ICMS;"=""4011100294739""";"=""20260000006780""";14202441;Efetivada;30/04/2026 16:46:18;01/05/2026 12:03:45;145;1;30/04/2026;30/04/2026;Paga;R$ 853,09;R$ 853,09;R$ 853,09;R$ 0,00
1256;3538;2924;"=""06255771000106""";ELIAS REPRESENTACAO COMERCIAL LTDA;PESSOA JURIDICA;ICMS;"=""2009053900000""";"=""20260000006781""";14202450;Efetivada;30/04/2026 16:46:18;01/05/2026 12:03:52;145;1;30/04/2026;30/04/2026;Paga;R$ 2.036,82;R$ 2.036,82;R$ 2.036,82;R$ 0,00
1256;3538;2926;"=""06255771000106""";ELIAS REPRESENTACAO COMERCIAL LTDA;PESSOA JURIDICA;ICMS;"=""4011104168096""";"=""20260000006783""";14202468;Efetivada;30/04/2026 16:46:18;01/05/2026 12:03:59;137;1;30/04/2026;30/04/2026;Paga;R$ 330,68;R$ 330,68;R$ 330,68;R$ 0,00
496;2143;1033;"=""06514341144""";MATHEUS JUNIO RODRIGUES ARAGAO;PESSOA FISICA;IPVA;"=""2051738422288""";"=""20260000002078""";13806653;Efetivada;15/02/2026 14:12:33;20/02/2026 06:06:04;1;1;20/02/2026;19/02/2026;Paga;R$ 374,31;R$ 374,31;R$ 374,31;R$ 0,00
1029;2143;2273;"=""06514341144""";MATHEUS JUNIO RODRIGUES ARAGAO;PESSOA FISICA;IPVA;"=""2176991522211""";"=""20260000005243""";13964410;Efetivada;11/03/2026 13:10:01;09/04/2026 12:50:58;1;1;18/03/2026;12/03/2026;Paga;R$ 368,79;R$ 368,79;R$ 368,79;R$ 0,00
1029;2143;2274;"=""06514341144""";MATHEUS JUNIO RODRIGUES ARAGAO;PESSOA FISICA;IPVA;"=""2316898422201""";"=""20260000005244""";13964429;Efetivada;11/03/2026 13:10:01;09/04/2026 12:50:58;1;1;18/03/2026;12/03/2026;Paga;R$ 362,27;R$ 362,27;R$ 362,27;R$ 0,00
539;2253;1119;"=""06934557131""";HIPOLITO PAULA DA SILVA JUNIOR;PESSOA FISICA;IPVA;"=""2309358022286""";"=""20260000002263""";13862235;Efetivada;19/02/2026 10:35:32;25/02/2026 18:14:10;2;1;26/02/2026;25/02/2026;Paga;R$ 366,38;R$ 366,38;R$ 366,38;R$ 0,00
539;2253;1118;"=""06934557131""";HIPOLITO PAULA DA SILVA JUNIOR;PESSOA FISICA;IPVA;"=""2101252422207""";"=""20260000002262""";13862219;Efetivada;19/02/2026 10:35:32;25/02/2026 18:14:14;2;1;26/02/2026;25/02/2026;Paga;R$ 368,00;R$ 368,00;R$ 368,00;R$ 0,00
539;2253;1120;"=""06934557131""";HIPOLITO PAULA DA SILVA JUNIOR;PESSOA FISICA;IPVA;"=""2370029222258""";"=""20260000002264""";13862227;Efetivada;19/02/2026 10:35:32;25/02/2026 18:14:16;2;1;26/02/2026;25/02/2026;Paga;R$ 473,16;R$ 473,16;R$ 473,16;R$ 0,00
1110;346;2493;"=""06948636000146""";HECKMANN E BOVE LTDA.;PESSOA JURIDICA;ICMS;"=""2061542300080""";"=""20260000005738""";14022869;Efetivada;23/03/2026 12:02:50;25/03/2026 18:05:18;145;1;30/03/2026;25/03/2026;Paga;R$ 849,60;R$ 849,60;R$ 849,60;R$ 0,00
1110;346;2493;"=""06948636000146""";HECKMANN E BOVE LTDA.;PESSOA JURIDICA;ICMS;"=""2061542300080""";"=""20260000005738""";14022869;Efetivada;23/03/2026 12:02:50;25/03/2026 18:05:18;145;2;27/04/2026;27/04/2026;Paga;R$ 858,09;R$ 858,09;R$ 858,09;R$ 0,00
1110;346;2493;"=""06948636000146""";HECKMANN E BOVE LTDA.;PESSOA JURIDICA;ICMS;"=""2061542300080""";"=""20260000005738""";14022869;Efetivada;23/03/2026 12:02:50;25/03/2026 18:05:18;145;3;25/05/2026;27/05/2026;Paga;R$ 858,09;R$ 873,07;R$ 873,07;R$ 0,00
1110;346;2489;"=""06948636000146""";HECKMANN E BOVE LTDA.;PESSOA JURIDICA;ICMS;"=""4012000768532""";"=""20260000005734""";14022710;Efetivada;23/03/2026 12:02:50;27/03/2026 18:05:46;145;1;30/03/2026;27/03/2026;Paga;R$ 1.671,29;R$ 1.671,29;R$ 1.671,29;R$ 0,00
1110;346;2489;"=""06948636000146""";HECKMANN E BOVE LTDA.;PESSOA JURIDICA;ICMS;"=""4012000768532""";"=""20260000005734""";14022710;Efetivada;23/03/2026 12:02:50;27/03/2026 18:05:46;145;2;27/04/2026;27/04/2026;Paga;R$ 1.687,99;R$ 1.688,00;R$ 1.688,00;R$ 0,00
1110;346;2489;"=""06948636000146""";HECKMANN E BOVE LTDA.;PESSOA JURIDICA;ICMS;"=""4012000768532""";"=""20260000005734""";14022710;Efetivada;23/03/2026 12:02:50;27/03/2026 18:05:46;145;3;25/05/2026;27/05/2026;Paga;R$ 1.687,99;R$ 1.717,48;R$ 1.717,48;R$ 0,00
1110;346;2492;"=""06948636000146""";HECKMANN E BOVE LTDA.;PESSOA JURIDICA;ICMS;"=""4012300105407""";"=""20260000005737""";14022729;Efetivada;23/03/2026 12:02:50;27/03/2026 18:05:53;145;1;30/03/2026;27/03/2026;Paga;R$ 1.375,13;R$ 1.375,13;R$ 1.375,13;R$ 0,00
1110;346;2492;"=""06948636000146""";HECKMANN E BOVE LTDA.;PESSOA JURIDICA;ICMS;"=""4012300105407""";"=""20260000005737""";14022729;Efetivada;23/03/2026 12:02:50;27/03/2026 18:05:53;145;2;27/04/2026;27/04/2026;Paga;R$ 1.388,88;R$ 1.388,88;R$ 1.388,88;R$ 0,00
1110;346;2492;"=""06948636000146""";HECKMANN E BOVE LTDA.;PESSOA JURIDICA;ICMS;"=""4012300105407""";"=""20260000005737""";14022729;Efetivada;23/03/2026 12:02:50;27/03/2026 18:05:53;145;3;25/05/2026;27/05/2026;Paga;R$ 1.388,88;R$ 1.413,13;R$ 1.413,13;R$ 0,00
1110;346;2497;"=""06948636000146""";HECKMANN E BOVE LTDA.;PESSOA JURIDICA;ICMS;"=""4011901785005""";"=""20260000005742""";14022745;Efetivada;23/03/2026 12:02:50;27/03/2026 18:06:01;145;1;30/03/2026;27/03/2026;Paga;R$ 982,58;R$ 982,58;R$ 982,58;R$ 0,00
1110;346;2497;"=""06948636000146""";HECKMANN E BOVE LTDA.;PESSOA JURIDICA;ICMS;"=""4011901785005""";"=""20260000005742""";14022745;Efetivada;23/03/2026 12:02:50;27/03/2026 18:06:01;145;2;27/04/2026;27/04/2026;Paga;R$ 992,40;R$ 992,40;R$ 992,40;R$ 0,00
1110;346;2497;"=""06948636000146""";HECKMANN E BOVE LTDA.;PESSOA JURIDICA;ICMS;"=""4011901785005""";"=""20260000005742""";14022745;Efetivada;23/03/2026 12:02:50;27/03/2026 18:06:01;145;3;25/05/2026;27/05/2026;Paga;R$ 992,40;R$ 1.009,74;R$ 1.009,74;R$ 0,00
1110;346;2480;"=""06948636000146""";HECKMANN E BOVE LTDA.;PESSOA JURIDICA;ICMS;"=""4011902023630""";"=""20260000005725""";14022753;Efetivada;23/03/2026 12:02:50;27/03/2026 18:06:08;145;1;30/03/2026;27/03/2026;Paga;R$ 369,55;R$ 369,55;R$ 369,55;R$ 0,00
1110;346;2480;"=""06948636000146""";HECKMANN E BOVE LTDA.;PESSOA JURIDICA;ICMS;"=""4011902023630""";"=""20260000005725""";14022753;Efetivada;23/03/2026 12:02:50;27/03/2026 18:06:08;145;2;27/04/2026;27/04/2026;Paga;R$ 373,23;R$ 373,25;R$ 373,25;R$ 0,00
1110;346;2480;"=""06948636000146""";HECKMANN E BOVE LTDA.;PESSOA JURIDICA;ICMS;"=""4011902023630""";"=""20260000005725""";14022753;Efetivada;23/03/2026 12:02:50;27/03/2026 18:06:08;145;3;25/05/2026;27/05/2026;Paga;R$ 373,23;R$ 379,76;R$ 379,76;R$ 0,00
1110;346;2482;"=""06948636000146""";HECKMANN E BOVE LTDA.;PESSOA JURIDICA;ICMS;"=""4012001480052""";"=""20260000005727""";14022770;Efetivada;23/03/2026 12:02:50;27/03/2026 18:06:15;145;1;30/03/2026;27/03/2026;Paga;R$ 344,74;R$ 344,74;R$ 344,74;R$ 0,00
1110;346;2482;"=""06948636000146""";HECKMANN E BOVE LTDA.;PESSOA JURIDICA;ICMS;"=""4012001480052""";"=""20260000005727""";14022770;Efetivada;23/03/2026 12:02:50;27/03/2026 18:06:15;145;2;27/04/2026;27/04/2026;Paga;R$ 348,18;R$ 348,18;R$ 348,18;R$ 0,00
1110;346;2482;"=""06948636000146""";HECKMANN E BOVE LTDA.;PESSOA JURIDICA;ICMS;"=""4012001480052""";"=""20260000005727""";14022770;Efetivada;23/03/2026 12:02:50;27/03/2026 18:06:15;145;3;25/05/2026;27/05/2026;Paga;R$ 348,18;R$ 354,27;R$ 354,27;R$ 0,00
1110;346;2483;"=""06948636000146""";HECKMANN E BOVE LTDA.;PESSOA JURIDICA;ICMS;"=""4012000264810""";"=""20260000005728""";14022788;Efetivada;23/03/2026 12:02:50;27/03/2026 18:06:22;145;1;30/03/2026;27/03/2026;Paga;R$ 354,27;R$ 354,27;R$ 354,27;R$ 0,00
1110;346;2483;"=""06948636000146""";HECKMANN E BOVE LTDA.;PESSOA JURIDICA;ICMS;"=""4012000264810""";"=""20260000005728""";14022788;Efetivada;23/03/2026 12:02:50;27/03/2026 18:06:22;145;2;27/04/2026;27/04/2026;Paga;R$ 357,81;R$ 357,81;R$ 357,81;R$ 0,00
1110;346;2483;"=""06948636000146""";HECKMANN E BOVE LTDA.;PESSOA JURIDICA;ICMS;"=""4012000264810""";"=""20260000005728""";14022788;Efetivada;23/03/2026 12:02:50;27/03/2026 18:06:22;145;3;25/05/2026;27/05/2026;Paga;R$ 357,81;R$ 364,06;R$ 364,06;R$ 0,00
1110;346;2494;"=""06948636000146""";HECKMANN E BOVE LTDA.;PESSOA JURIDICA;ICMS;"=""4012001275807""";"=""20260000005739""";14022737;Efetivada;23/03/2026 12:02:50;27/03/2026 18:06:29;145;1;30/03/2026;27/03/2026;Paga;R$ 2.174,97;R$ 2.174,97;R$ 2.174,97;R$ 0,00
1110;346;2494;"=""06948636000146""";HECKMANN E BOVE LTDA.;PESSOA JURIDICA;ICMS;"=""4012001275807""";"=""20260000005739""";14022737;Efetivada;23/03/2026 12:02:50;27/03/2026 18:06:29;145;2;27/04/2026;27/04/2026;Paga;R$ 2.196,71;R$ 2.196,72;R$ 2.196,72;R$ 0,00
1110;346;2494;"=""06948636000146""";HECKMANN E BOVE LTDA.;PESSOA JURIDICA;ICMS;"=""4012001275807""";"=""20260000005739""";14022737;Efetivada;23/03/2026 12:02:50;27/03/2026 18:06:29;145;3;25/05/2026;27/05/2026;Paga;R$ 2.196,71;R$ 2.235,07;R$ 2.235,07;R$ 0,00
1110;346;2481;"=""06948636000146""";HECKMANN E BOVE LTDA.;PESSOA JURIDICA;ICMS;"=""4011802000824""";"=""20260000005726""";14022761;Efetivada;23/03/2026 12:02:50;27/03/2026 18:06:37;145;1;30/03/2026;27/03/2026;Paga;R$ 596,71;R$ 596,71;R$ 596,71;R$ 0,00
1110;346;2481;"=""06948636000146""";HECKMANN E BOVE LTDA.;PESSOA JURIDICA;ICMS;"=""4011802000824""";"=""20260000005726""";14022761;Efetivada;23/03/2026 12:02:50;27/03/2026 18:06:37;145;2;27/04/2026;27/04/2026;Paga;R$ 602,67;R$ 602,67;R$ 602,67;R$ 0,00
1110;346;2481;"=""06948636000146""";HECKMANN E BOVE LTDA.;PESSOA JURIDICA;ICMS;"=""4011802000824""";"=""20260000005726""";14022761;Efetivada;23/03/2026 12:02:50;27/03/2026 18:06:37;145;3;25/05/2026;27/05/2026;Paga;R$ 602,67;R$ 613,21;R$ 613,21;R$ 0,00
1110;346;2488;"=""06948636000146""";HECKMANN E BOVE LTDA.;PESSOA JURIDICA;ICMS;"=""4012001713251""";"=""20260000005733""";14022796;Efetivada;23/03/2026 12:02:50;27/03/2026 18:06:44;145;1;30/03/2026;27/03/2026;Paga;R$ 359,84;R$ 359,84;R$ 359,84;R$ 0,00
1110;346;2488;"=""06948636000146""";HECKMANN E BOVE LTDA.;PESSOA JURIDICA;ICMS;"=""4012001713251""";"=""20260000005733""";14022796;Efetivada;23/03/2026 12:02:50;27/03/2026 18:06:44;145;2;27/04/2026;27/04/2026;Paga;R$ 363,43;R$ 363,44;R$ 363,44;R$ 0,00
1110;346;2488;"=""06948636000146""";HECKMANN E BOVE LTDA.;PESSOA JURIDICA;ICMS;"=""4012001713251""";"=""20260000005733""";14022796;Efetivada;23/03/2026 12:02:50;27/03/2026 18:06:44;145;3;25/05/2026;27/05/2026;Paga;R$ 363,43;R$ 369,78;R$ 369,78;R$ 0,00
1110;346;2486;"=""06948636000146""";HECKMANN E BOVE LTDA.;PESSOA JURIDICA;ICMS;"=""4011802656215""";"=""20260000005731""";14022842;Efetivada;23/03/2026 12:02:50;27/03/2026 18:06:51;145;1;30/03/2026;27/03/2026;Paga;R$ 926,47;R$ 926,47;R$ 926,47;R$ 0,00
1110;346;2486;"=""06948636000146""";HECKMANN E BOVE LTDA.;PESSOA JURIDICA;ICMS;"=""4011802656215""";"=""20260000005731""";14022842;Efetivada;23/03/2026 12:02:50;27/03/2026 18:06:51;145;2;27/04/2026;27/04/2026;Paga;R$ 935,73;R$ 935,73;R$ 935,73;R$ 0,00
1110;346;2486;"=""06948636000146""";HECKMANN E BOVE LTDA.;PESSOA JURIDICA;ICMS;"=""4011802656215""";"=""20260000005731""";14022842;Efetivada;23/03/2026 12:02:50;27/03/2026 18:06:51;145;3;25/05/2026;27/05/2026;Paga;R$ 935,73;R$ 952,08;R$ 952,08;R$ 0,00
1110;346;2479;"=""06948636000146""";HECKMANN E BOVE LTDA.;PESSOA JURIDICA;ICMS;"=""4011902460509""";"=""20260000005724""";14022834;Efetivada;23/03/2026 12:02:50;27/03/2026 18:06:58;145;1;30/03/2026;27/03/2026;Paga;R$ 958,66;R$ 958,66;R$ 958,66;R$ 0,00
1110;346;2479;"=""06948636000146""";HECKMANN E BOVE LTDA.;PESSOA JURIDICA;ICMS;"=""4011902460509""";"=""20260000005724""";14022834;Efetivada;23/03/2026 12:02:50;27/03/2026 18:06:58;145;2;27/04/2026;27/04/2026;Paga;R$ 968,24;R$ 968,25;R$ 968,25;R$ 0,00
1110;346;2479;"=""06948636000146""";HECKMANN E BOVE LTDA.;PESSOA JURIDICA;ICMS;"=""4011902460509""";"=""20260000005724""";14022834;Efetivada;23/03/2026 12:02:50;27/03/2026 18:06:58;145;3;25/05/2026;27/05/2026;Paga;R$ 968,24;R$ 985,15;R$ 985,15;R$ 0,00
1110;346;2496;"=""06948636000146""";HECKMANN E BOVE LTDA.;PESSOA JURIDICA;ICMS;"=""4012000372973""";"=""20260000005741""";14022826;Efetivada;23/03/2026 12:02:50;27/03/2026 18:07:05;145;1;30/03/2026;27/03/2026;Paga;R$ 502,62;R$ 502,62;R$ 502,62;R$ 0,00
1110;346;2496;"=""06948636000146""";HECKMANN E BOVE LTDA.;PESSOA JURIDICA;ICMS;"=""4012000372973""";"=""20260000005741""";14022826;Efetivada;23/03/2026 12:02:50;27/03/2026 18:07:05;145;2;27/04/2026;27/04/2026;Paga;R$ 507,63;R$ 507,65;R$ 507,65;R$ 0,00
1110;346;2496;"=""06948636000146""";HECKMANN E BOVE LTDA.;PESSOA JURIDICA;ICMS;"=""4012000372973""";"=""20260000005741""";14022826;Efetivada;23/03/2026 12:02:50;27/03/2026 18:07:05;145;3;25/05/2026;27/05/2026;Paga;R$ 507,63;R$ 516,51;R$ 516,51;R$ 0,00
1110;346;2491;"=""06948636000146""";HECKMANN E BOVE LTDA.;PESSOA JURIDICA;ICMS;"=""4012001817464""";"=""20260000005736""";14022818;Efetivada;23/03/2026 12:02:50;27/03/2026 18:07:12;145;1;30/03/2026;27/03/2026;Paga;R$ 1.052,50;R$ 1.052,50;R$ 1.052,50;R$ 0,00
1110;346;2491;"=""06948636000146""";HECKMANN E BOVE LTDA.;PESSOA JURIDICA;ICMS;"=""4012001817464""";"=""20260000005736""";14022818;Efetivada;23/03/2026 12:02:50;27/03/2026 18:07:12;145;2;27/04/2026;27/04/2026;Paga;R$ 1.063,01;R$ 1.063,03;R$ 1.063,03;R$ 0,00
1110;346;2491;"=""06948636000146""";HECKMANN E BOVE LTDA.;PESSOA JURIDICA;ICMS;"=""4012001817464""";"=""20260000005736""";14022818;Efetivada;23/03/2026 12:02:50;27/03/2026 18:07:12;145;3;25/05/2026;27/05/2026;Paga;R$ 1.063,01;R$ 1.081,59;R$ 1.081,59;R$ 0,00
1110;346;2487;"=""06948636000146""";HECKMANN E BOVE LTDA.;PESSOA JURIDICA;ICMS;"=""4011901275821""";"=""20260000005732""";14022800;Efetivada;23/03/2026 12:02:50;27/03/2026 18:07:20;145;1;30/03/2026;27/03/2026;Paga;R$ 944,98;R$ 944,98;R$ 944,98;R$ 0,00
1110;346;2487;"=""06948636000146""";HECKMANN E BOVE LTDA.;PESSOA JURIDICA;ICMS;"=""4011901275821""";"=""20260000005732""";14022800;Efetivada;23/03/2026 12:02:50;27/03/2026 18:07:20;145;2;27/04/2026;27/04/2026;Paga;R$ 954,42;R$ 954,43;R$ 954,43;R$ 0,00
1110;346;2487;"=""06948636000146""";HECKMANN E BOVE LTDA.;PESSOA JURIDICA;ICMS;"=""4011901275821""";"=""20260000005732""";14022800;Efetivada;23/03/2026 12:02:50;27/03/2026 18:07:20;145;3;25/05/2026;27/05/2026;Paga;R$ 954,42;R$ 971,10;R$ 971,10;R$ 0,00
1110;346;2490;"=""06948636000146""";HECKMANN E BOVE LTDA.;PESSOA JURIDICA;ICMS;"=""4011900555308""";"=""20260000005735""";14022850;Efetivada;23/03/2026 12:02:50;27/03/2026 18:07:27;145;1;30/03/2026;27/03/2026;Paga;R$ 823,72;R$ 823,72;R$ 823,72;R$ 0,00
1110;346;2490;"=""06948636000146""";HECKMANN E BOVE LTDA.;PESSOA JURIDICA;ICMS;"=""4011900555308""";"=""20260000005735""";14022850;Efetivada;23/03/2026 12:02:50;27/03/2026 18:07:27;145;2;27/04/2026;27/04/2026;Paga;R$ 831,94;R$ 831,96;R$ 831,96;R$ 0,00
1110;346;2490;"=""06948636000146""";HECKMANN E BOVE LTDA.;PESSOA JURIDICA;ICMS;"=""4011900555308""";"=""20260000005735""";14022850;Efetivada;23/03/2026 12:02:50;27/03/2026 18:07:27;145;3;25/05/2026;27/05/2026;Paga;R$ 831,94;R$ 846,48;R$ 846,48;R$ 0,00
1110;346;2485;"=""06948636000146""";HECKMANN E BOVE LTDA.;PESSOA JURIDICA;ICMS;"=""4011900115170""";"=""20260000005730""";14022885;Efetivada;23/03/2026 12:02:50;27/03/2026 18:07:34;145;1;30/03/2026;27/03/2026;Paga;R$ 866,28;R$ 866,28;R$ 866,28;R$ 0,00
1110;346;2485;"=""06948636000146""";HECKMANN E BOVE LTDA.;PESSOA JURIDICA;ICMS;"=""4011900115170""";"=""20260000005730""";14022885;Efetivada;23/03/2026 12:02:50;27/03/2026 18:07:34;145;2;27/04/2026;27/04/2026;Paga;R$ 874,93;R$ 874,95;R$ 874,95;R$ 0,00
1110;346;2485;"=""06948636000146""";HECKMANN E BOVE LTDA.;PESSOA JURIDICA;ICMS;"=""4011900115170""";"=""20260000005730""";14022885;Efetivada;23/03/2026 12:02:50;27/03/2026 18:07:34;145;3;25/05/2026;27/05/2026;Paga;R$ 874,93;R$ 890,23;R$ 890,23;R$ 0,00
1110;346;2498;"=""06948636000146""";HECKMANN E BOVE LTDA.;PESSOA JURIDICA;ICMS;"=""4012000264739""";"=""20260000005743""";14022907;Efetivada;23/03/2026 12:02:50;27/03/2026 18:07:41;145;1;30/03/2026;27/03/2026;Paga;R$ 389,33;R$ 389,33;R$ 389,33;R$ 0,00
1110;346;2498;"=""06948636000146""";HECKMANN E BOVE LTDA.;PESSOA JURIDICA;ICMS;"=""4012000264739""";"=""20260000005743""";14022907;Efetivada;23/03/2026 12:02:50;27/03/2026 18:07:41;145;2;27/04/2026;27/04/2026;Paga;R$ 393,21;R$ 393,22;R$ 393,22;R$ 0,00
1110;346;2498;"=""06948636000146""";HECKMANN E BOVE LTDA.;PESSOA JURIDICA;ICMS;"=""4012000264739""";"=""20260000005743""";14022907;Efetivada;23/03/2026 12:02:50;27/03/2026 18:07:41;145;3;25/05/2026;27/05/2026;Paga;R$ 393,21;R$ 400,09;R$ 400,09;R$ 0,00
1110;346;2495;"=""06948636000146""";HECKMANN E BOVE LTDA.;PESSOA JURIDICA;ICMS;"=""4012000264909""";"=""20260000005740""";14022893;Efetivada;23/03/2026 12:02:50;27/03/2026 18:07:49;145;1;30/03/2026;27/03/2026;Paga;R$ 1.005,56;R$ 1.005,56;R$ 1.005,56;R$ 0,00
1110;346;2495;"=""06948636000146""";HECKMANN E BOVE LTDA.;PESSOA JURIDICA;ICMS;"=""4012000264909""";"=""20260000005740""";14022893;Efetivada;23/03/2026 12:02:50;27/03/2026 18:07:49;145;2;27/04/2026;27/04/2026;Paga;R$ 1.015,61;R$ 1.015,61;R$ 1.015,61;R$ 0,00
1110;346;2495;"=""06948636000146""";HECKMANN E BOVE LTDA.;PESSOA JURIDICA;ICMS;"=""4012000264909""";"=""20260000005740""";14022893;Efetivada;23/03/2026 12:02:50;27/03/2026 18:07:49;145;3;25/05/2026;27/05/2026;Paga;R$ 1.015,61;R$ 1.033,36;R$ 1.033,36;R$ 0,00
1110;346;2484;"=""06948636000146""";HECKMANN E BOVE LTDA.;PESSOA JURIDICA;ICMS;"=""4011801521693""";"=""20260000005729""";14022877;Efetivada;23/03/2026 12:02:50;27/03/2026 18:07:56;113;1;30/03/2026;27/03/2026;Paga;R$ 330,86;R$ 330,86;R$ 330,86;R$ 0,00
1110;346;2484;"=""06948636000146""";HECKMANN E BOVE LTDA.;PESSOA JURIDICA;ICMS;"=""4011801521693""";"=""20260000005729""";14022877;Efetivada;23/03/2026 12:02:50;27/03/2026 18:07:56;113;2;27/04/2026;27/04/2026;Paga;R$ 334,16;R$ 334,17;R$ 334,17;R$ 0,00
1110;346;2484;"=""06948636000146""";HECKMANN E BOVE LTDA.;PESSOA JURIDICA;ICMS;"=""4011801521693""";"=""20260000005729""";14022877;Efetivada;23/03/2026 12:02:50;27/03/2026 18:07:56;113;3;25/05/2026;27/05/2026;Paga;R$ 334,16;R$ 340,01;R$ 340,01;R$ 0,00
1291;346;3004;"=""06948636000146""";HECKMANN E BOVE LTDA.;PESSOA JURIDICA;ICMS;"=""4011501598070""";"=""20260000006960""";14243954;Efetivada;12/05/2026 10:51:01;18/05/2026 12:00:44;145;1;19/05/2026;18/05/2026;Paga;R$ 3.997,84;R$ 3.997,84;R$ 3.997,84;R$ 0,00
1291;346;3005;"=""06948636000146""";HECKMANN E BOVE LTDA.;PESSOA JURIDICA;ICMS;"=""4011402829325""";"=""20260000006961""";14243962;Efetivada;12/05/2026 10:51:01;18/05/2026 12:00:51;145;1;19/05/2026;18/05/2026;Paga;R$ 5.118,47;R$ 5.118,47;R$ 5.118,47;R$ 0,00
628;2433;1304;"=""07027294000194""";ROSEVON BATISTA SOUSA;PESSOA JURIDICA;ICMS;"=""2013586711174""";"=""20260000002755""";13837001;Efetivada;23/02/2026 11:50:13;23/02/2026 18:12:14;1;1;27/02/2026;23/02/2026;Paga;R$ 247,35;R$ 247,35;R$ 247,35;R$ 0,00
455;1177;953;"=""07057849168""";FLAVIO STORTO;PESSOA FISICA;ITCD;"=""4012001173478""";"=""20260000001900""";13775782;Efetivada;13/02/2026 10:33:33;19/02/2026 18:02:28;61;1;20/02/2026;19/02/2026;Paga;R$ 332,34;R$ 332,34;R$ 332,34;R$ 0,00
455;1177;953;"=""07057849168""";FLAVIO STORTO;PESSOA FISICA;ITCD;"=""4012001173478""";"=""20260000001900""";13775782;Efetivada;13/02/2026 10:33:33;19/02/2026 18:02:28;61;2;25/03/2026;20/03/2026;Paga;R$ 335,66;R$ 335,66;R$ 335,66;R$ 0,00
455;1177;953;"=""07057849168""";FLAVIO STORTO;PESSOA FISICA;ITCD;"=""4012001173478""";"=""20260000001900""";13775782;Efetivada;13/02/2026 10:33:33;19/02/2026 18:02:28;61;3;27/04/2026;24/04/2026;Paga;R$ 335,66;R$ 339,69;R$ 339,69;R$ 0,00
455;1177;953;"=""07057849168""";FLAVIO STORTO;PESSOA FISICA;ITCD;"=""4012001173478""";"=""20260000001900""";13775782;Efetivada;13/02/2026 10:33:33;19/02/2026 18:02:28;61;4;25/05/2026;22/05/2026;Paga;R$ 335,66;R$ 343,31;R$ 343,31;R$ 0,00
25;95;46;"=""07207453736""";HALECSON STINGUEL;PESSOA FISICA;ICMS;"=""4012301312910""";"=""20260000000003""";13472135;Efetivada;07/01/2026 09:44:48;12/01/2026 18:00:00;145;1;14/01/2026;12/01/2026;Paga;R$ 14.596,20;R$ 14.596,20;R$ 14.596,20;R$ 0,00
25;95;46;"=""07207453736""";HALECSON STINGUEL;PESSOA FISICA;ICMS;"=""4012301312910""";"=""20260000000003""";13472135;Efetivada;07/01/2026 09:44:48;12/01/2026 18:00:00;145;2;25/02/2026;25/02/2026;Paga;R$ 14.742,15;R$ 14.742,16;R$ 14.742,16;R$ 0,00
25;95;46;"=""07207453736""";HALECSON STINGUEL;PESSOA FISICA;ICMS;"=""4012301312910""";"=""20260000000003""";13472135;Efetivada;07/01/2026 09:44:48;12/01/2026 18:00:00;145;3;25/03/2026;25/03/2026;Paga;R$ 14.742,15;R$ 14.888,13;R$ 14.888,13;R$ 0,00
25;95;46;"=""07207453736""";HALECSON STINGUEL;PESSOA FISICA;ICMS;"=""4012301312910""";"=""20260000000003""";13472135;Efetivada;07/01/2026 09:44:48;12/01/2026 18:00:00;145;4;27/04/2026;24/04/2026;Paga;R$ 14.742,15;R$ 15.064,73;R$ 15.064,73;R$ 0,00
25;95;46;"=""07207453736""";HALECSON STINGUEL;PESSOA FISICA;ICMS;"=""4012301312910""";"=""20260000000003""";13472135;Efetivada;07/01/2026 09:44:48;12/01/2026 18:00:00;145;5;25/05/2026;26/05/2026;Paga;R$ 14.742,15;R$ 15.274,08;R$ 15.274,08;R$ 0,00
1098;2568;2459;"=""07267639000187""";CARLA CORREA;PESSOA JURIDICA;ICMS;"=""4011800680011""";"=""20260000005637""";14016583;Efetivada;19/03/2026 16:56:41;26/03/2026 12:05:39;145;1;26/03/2026;26/03/2026;Paga;R$ 819,79;R$ 819,79;R$ 819,79;R$ 0,00
1098;2568;2459;"=""07267639000187""";CARLA CORREA;PESSOA JURIDICA;ICMS;"=""4011800680011""";"=""20260000005637""";14016583;Efetivada;19/03/2026 16:56:41;26/03/2026 12:05:39;145;2;27/04/2026;14/04/2026;Paga;R$ 827,98;R$ 827,99;R$ 827,99;R$ 0,00
1098;2568;2459;"=""07267639000187""";CARLA CORREA;PESSOA JURIDICA;ICMS;"=""4011800680011""";"=""20260000005637""";14016583;Efetivada;19/03/2026 16:56:41;26/03/2026 12:05:39;145;3;25/05/2026;27/05/2026;Paga;R$ 827,98;R$ 847,97;R$ 842,45;R$ 0,00
542;2257;1123;"=""07305338249""";JOAO IVAN BEZERRA DE ALMEIDA;PESSOA FISICA;IPVA;"=""2318003022253""";"=""20260000002272""";13810863;Efetivada;19/02/2026 12:03:12;23/02/2026 18:04:48;4;1;26/02/2026;23/02/2026;Paga;R$ 1.546,38;R$ 1.546,38;R$ 1.546,38;R$ 0,00
542;2257;1123;"=""07305338249""";JOAO IVAN BEZERRA DE ALMEIDA;PESSOA FISICA;IPVA;"=""2318003022253""";"=""20260000002272""";13810863;Efetivada;19/02/2026 12:03:12;23/02/2026 18:04:48;4;4;25/05/2026;13/05/2026;Paga;R$ 1.561,83;R$ 1.597,41;R$ 1.597,41;R$ 0,00
704;1811;1499;"=""07360221803""";MARCELO DO MONTE;PESSOA FISICA;IPVA;"=""2300297622218""";"=""20260000003187""";13858734;Efetivada;25/02/2026 10:30:27;26/02/2026 12:07:33;2;1;27/02/2026;25/02/2026;Paga;R$ 344,90;R$ 344,90;R$ 344,90;R$ 0,00
1064;17;2371;"=""07548858000134""";BRASLUZ INDÚSTRIA COMÉRCIO E DISTRIBUIÇÃO DE  ALIMENTOS LTDA;PESSOA JURIDICA;ICMS;"=""2003780666602""";"=""20260000005454""";14005255;Efetivada;16/03/2026 14:57:39;19/03/2026 18:08:14;145;1;23/03/2026;19/03/2026;Paga;R$ 6.388,60;R$ 6.388,60;R$ 6.388,60;R$ 0,00
1064;17;2371;"=""07548858000134""";BRASLUZ INDÚSTRIA COMÉRCIO E DISTRIBUIÇÃO DE  ALIMENTOS LTDA;PESSOA JURIDICA;ICMS;"=""2003780666602""";"=""20260000005454""";14005255;Efetivada;16/03/2026 14:57:39;19/03/2026 18:08:14;145;2;27/04/2026;27/04/2026;Paga;R$ 6.452,47;R$ 6.452,49;R$ 6.452,49;R$ 0,00
1064;17;2371;"=""07548858000134""";BRASLUZ INDÚSTRIA COMÉRCIO E DISTRIBUIÇÃO DE  ALIMENTOS LTDA;PESSOA JURIDICA;ICMS;"=""2003780666602""";"=""20260000005454""";14005255;Efetivada;16/03/2026 14:57:39;19/03/2026 18:08:14;145;3;25/05/2026;25/05/2026;Paga;R$ 6.452,47;R$ 6.522,12;R$ 6.522,12;R$ 0,00
1064;17;2372;"=""07548858000134""";BRASLUZ INDÚSTRIA COMÉRCIO E DISTRIBUIÇÃO DE  ALIMENTOS LTDA;PESSOA JURIDICA;ICMS;"=""2004094666656""";"=""20260000005455""";14005263;Efetivada;16/03/2026 14:57:39;19/03/2026 18:08:20;145;1;23/03/2026;19/03/2026;Paga;R$ 5.588,58;R$ 5.588,58;R$ 5.588,58;R$ 0,00
1064;17;2372;"=""07548858000134""";BRASLUZ INDÚSTRIA COMÉRCIO E DISTRIBUIÇÃO DE  ALIMENTOS LTDA;PESSOA JURIDICA;ICMS;"=""2004094666656""";"=""20260000005455""";14005263;Efetivada;16/03/2026 14:57:39;19/03/2026 18:08:20;145;2;27/04/2026;27/04/2026;Paga;R$ 5.644,46;R$ 5.644,47;R$ 5.644,47;R$ 0,00
1064;17;2372;"=""07548858000134""";BRASLUZ INDÚSTRIA COMÉRCIO E DISTRIBUIÇÃO DE  ALIMENTOS LTDA;PESSOA JURIDICA;ICMS;"=""2004094666656""";"=""20260000005455""";14005263;Efetivada;16/03/2026 14:57:39;19/03/2026 18:08:20;145;3;25/05/2026;25/05/2026;Paga;R$ 5.644,46;R$ 5.705,38;R$ 5.705,38;R$ 0,00
1064;17;2373;"=""07548858000134""";BRASLUZ INDÚSTRIA COMÉRCIO E DISTRIBUIÇÃO DE  ALIMENTOS LTDA;PESSOA JURIDICA;ICMS;"=""2004417966672""";"=""20260000005456""";14005271;Efetivada;16/03/2026 14:57:39;19/03/2026 18:08:22;145;1;23/03/2026;19/03/2026;Paga;R$ 5.005,82;R$ 5.005,82;R$ 5.005,82;R$ 0,00
1064;17;2373;"=""07548858000134""";BRASLUZ INDÚSTRIA COMÉRCIO E DISTRIBUIÇÃO DE  ALIMENTOS LTDA;PESSOA JURIDICA;ICMS;"=""2004417966672""";"=""20260000005456""";14005271;Efetivada;16/03/2026 14:57:39;19/03/2026 18:08:22;145;2;27/04/2026;27/04/2026;Paga;R$ 5.055,87;R$ 5.055,88;R$ 5.055,88;R$ 0,00
1064;17;2373;"=""07548858000134""";BRASLUZ INDÚSTRIA COMÉRCIO E DISTRIBUIÇÃO DE  ALIMENTOS LTDA;PESSOA JURIDICA;ICMS;"=""2004417966672""";"=""20260000005456""";14005271;Efetivada;16/03/2026 14:57:39;19/03/2026 18:08:22;145;3;25/05/2026;25/05/2026;Paga;R$ 5.055,87;R$ 5.110,44;R$ 5.110,44;R$ 0,00
1064;17;2368;"=""07548858000134""";BRASLUZ INDÚSTRIA COMÉRCIO E DISTRIBUIÇÃO DE  ALIMENTOS LTDA;PESSOA JURIDICA;ICMS;"=""4012300204650""";"=""20260000005451""";14005301;Efetivada;16/03/2026 14:57:39;19/03/2026 18:08:27;145;1;23/03/2026;19/03/2026;Paga;R$ 14.387,58;R$ 14.387,58;R$ 14.387,58;R$ 0,00
1064;17;2368;"=""07548858000134""";BRASLUZ INDÚSTRIA COMÉRCIO E DISTRIBUIÇÃO DE  ALIMENTOS LTDA;PESSOA JURIDICA;ICMS;"=""4012300204650""";"=""20260000005451""";14005301;Efetivada;16/03/2026 14:57:39;19/03/2026 18:08:27;145;2;27/04/2026;27/04/2026;Paga;R$ 14.531,44;R$ 14.531,46;R$ 14.531,46;R$ 0,00
1064;17;2368;"=""07548858000134""";BRASLUZ INDÚSTRIA COMÉRCIO E DISTRIBUIÇÃO DE  ALIMENTOS LTDA;PESSOA JURIDICA;ICMS;"=""4012300204650""";"=""20260000005451""";14005301;Efetivada;16/03/2026 14:57:39;19/03/2026 18:08:27;145;3;25/05/2026;25/05/2026;Paga;R$ 14.531,44;R$ 14.688,28;R$ 14.688,28;R$ 0,00
1064;17;2369;"=""07548858000134""";BRASLUZ INDÚSTRIA COMÉRCIO E DISTRIBUIÇÃO DE  ALIMENTOS LTDA;PESSOA JURIDICA;ICMS;"=""4012300372790""";"=""20260000005452""";14005310;Efetivada;16/03/2026 14:57:39;19/03/2026 18:08:29;145;1;23/03/2026;19/03/2026;Paga;R$ 4.620,49;R$ 4.620,49;R$ 4.620,49;R$ 0,00
1064;17;2369;"=""07548858000134""";BRASLUZ INDÚSTRIA COMÉRCIO E DISTRIBUIÇÃO DE  ALIMENTOS LTDA;PESSOA JURIDICA;ICMS;"=""4012300372790""";"=""20260000005452""";14005310;Efetivada;16/03/2026 14:57:39;19/03/2026 18:08:29;145;2;27/04/2026;27/04/2026;Paga;R$ 4.666,69;R$ 4.666,69;R$ 4.666,69;R$ 0,00
1064;17;2369;"=""07548858000134""";BRASLUZ INDÚSTRIA COMÉRCIO E DISTRIBUIÇÃO DE  ALIMENTOS LTDA;PESSOA JURIDICA;ICMS;"=""4012300372790""";"=""20260000005452""";14005310;Efetivada;16/03/2026 14:57:39;19/03/2026 18:08:29;145;3;25/05/2026;25/05/2026;Paga;R$ 4.666,69;R$ 4.717,06;R$ 4.717,06;R$ 0,00
1064;17;2374;"=""07548858000134""";BRASLUZ INDÚSTRIA COMÉRCIO E DISTRIBUIÇÃO DE  ALIMENTOS LTDA;PESSOA JURIDICA;ICMS;"=""2004870066696""";"=""20260000005457""";14005247;Efetivada;16/03/2026 14:57:39;19/03/2026 18:08:34;145;1;23/03/2026;19/03/2026;Paga;R$ 5.099,19;R$ 5.099,19;R$ 5.099,19;R$ 0,00
1064;17;2374;"=""07548858000134""";BRASLUZ INDÚSTRIA COMÉRCIO E DISTRIBUIÇÃO DE  ALIMENTOS LTDA;PESSOA JURIDICA;ICMS;"=""2004870066696""";"=""20260000005457""";14005247;Efetivada;16/03/2026 14:57:39;19/03/2026 18:08:34;145;2;27/04/2026;27/04/2026;Paga;R$ 5.150,17;R$ 5.150,19;R$ 5.150,19;R$ 0,00
1064;17;2374;"=""07548858000134""";BRASLUZ INDÚSTRIA COMÉRCIO E DISTRIBUIÇÃO DE  ALIMENTOS LTDA;PESSOA JURIDICA;ICMS;"=""2004870066696""";"=""20260000005457""";14005247;Efetivada;16/03/2026 14:57:39;19/03/2026 18:08:34;145;3;25/05/2026;25/05/2026;Paga;R$ 5.150,17;R$ 5.205,76;R$ 5.205,76;R$ 0,00
1064;17;2366;"=""07548858000134""";BRASLUZ INDÚSTRIA COMÉRCIO E DISTRIBUIÇÃO DE  ALIMENTOS LTDA;PESSOA JURIDICA;ICMS;"=""4012200625565""";"=""20260000005449""";14005280;Efetivada;16/03/2026 14:57:39;19/03/2026 18:08:36;145;1;23/03/2026;19/03/2026;Paga;R$ 14.959,64;R$ 14.959,64;R$ 14.959,64;R$ 0,00
1064;17;2366;"=""07548858000134""";BRASLUZ INDÚSTRIA COMÉRCIO E DISTRIBUIÇÃO DE  ALIMENTOS LTDA;PESSOA JURIDICA;ICMS;"=""4012200625565""";"=""20260000005449""";14005280;Efetivada;16/03/2026 14:57:39;19/03/2026 18:08:36;145;2;27/04/2026;27/04/2026;Paga;R$ 15.109,22;R$ 15.109,24;R$ 15.109,24;R$ 0,00
1064;17;2366;"=""07548858000134""";BRASLUZ INDÚSTRIA COMÉRCIO E DISTRIBUIÇÃO DE  ALIMENTOS LTDA;PESSOA JURIDICA;ICMS;"=""4012200625565""";"=""20260000005449""";14005280;Efetivada;16/03/2026 14:57:39;19/03/2026 18:08:36;145;3;25/05/2026;25/05/2026;Paga;R$ 15.109,22;R$ 15.272,29;R$ 15.272,29;R$ 0,00
1064;17;2367;"=""07548858000134""";BRASLUZ INDÚSTRIA COMÉRCIO E DISTRIBUIÇÃO DE  ALIMENTOS LTDA;PESSOA JURIDICA;ICMS;"=""4012200978050""";"=""20260000005450""";14005298;Efetivada;16/03/2026 14:57:39;19/03/2026 18:08:43;145;1;23/03/2026;19/03/2026;Paga;R$ 5.355,29;R$ 5.355,29;R$ 5.355,29;R$ 0,00
1064;17;2367;"=""07548858000134""";BRASLUZ INDÚSTRIA COMÉRCIO E DISTRIBUIÇÃO DE  ALIMENTOS LTDA;PESSOA JURIDICA;ICMS;"=""4012200978050""";"=""20260000005450""";14005298;Efetivada;16/03/2026 14:57:39;19/03/2026 18:08:43;145;2;27/04/2026;27/04/2026;Paga;R$ 5.408,83;R$ 5.408,84;R$ 5.408,84;R$ 0,00
1064;17;2367;"=""07548858000134""";BRASLUZ INDÚSTRIA COMÉRCIO E DISTRIBUIÇÃO DE  ALIMENTOS LTDA;PESSOA JURIDICA;ICMS;"=""4012200978050""";"=""20260000005450""";14005298;Efetivada;16/03/2026 14:57:39;19/03/2026 18:08:43;145;3;25/05/2026;25/05/2026;Paga;R$ 5.408,83;R$ 5.467,21;R$ 5.467,21;R$ 0,00
1064;17;2370;"=""07548858000134""";BRASLUZ INDÚSTRIA COMÉRCIO E DISTRIBUIÇÃO DE  ALIMENTOS LTDA;PESSOA JURIDICA;ICMS;"=""4012401276452""";"=""20260000005453""";14005328;Efetivada;16/03/2026 14:57:39;19/03/2026 18:08:47;145;1;23/03/2026;19/03/2026;Paga;R$ 1.216,21;R$ 1.216,21;R$ 1.216,21;R$ 0,00
1064;17;2370;"=""07548858000134""";BRASLUZ INDÚSTRIA COMÉRCIO E DISTRIBUIÇÃO DE  ALIMENTOS LTDA;PESSOA JURIDICA;ICMS;"=""4012401276452""";"=""20260000005453""";14005328;Efetivada;16/03/2026 14:57:39;19/03/2026 18:08:47;145;2;27/04/2026;27/04/2026;Paga;R$ 1.228,36;R$ 1.228,38;R$ 1.228,38;R$ 0,00
1064;17;2370;"=""07548858000134""";BRASLUZ INDÚSTRIA COMÉRCIO E DISTRIBUIÇÃO DE  ALIMENTOS LTDA;PESSOA JURIDICA;ICMS;"=""4012401276452""";"=""20260000005453""";14005328;Efetivada;16/03/2026 14:57:39;19/03/2026 18:08:47;145;3;25/05/2026;25/05/2026;Paga;R$ 1.228,36;R$ 1.241,63;R$ 1.241,63;R$ 0,00
1065;17;2375;"=""07548858000134""";BRASLUZ INDÚSTRIA COMÉRCIO E DISTRIBUIÇÃO DE  ALIMENTOS LTDA;PESSOA JURIDICA;ICMS;"=""2005182566619""";"=""20260000005458""";14005352;Efetivada;16/03/2026 14:59:28;19/03/2026 18:08:50;145;1;23/03/2026;19/03/2026;Paga;R$ 5.950,08;R$ 5.950,08;R$ 5.950,08;R$ 0,00
1065;17;2375;"=""07548858000134""";BRASLUZ INDÚSTRIA COMÉRCIO E DISTRIBUIÇÃO DE  ALIMENTOS LTDA;PESSOA JURIDICA;ICMS;"=""2005182566619""";"=""20260000005458""";14005352;Efetivada;16/03/2026 14:59:28;19/03/2026 18:08:50;145;2;27/04/2026;27/04/2026;Paga;R$ 6.009,57;R$ 6.009,58;R$ 6.009,58;R$ 0,00
1065;17;2375;"=""07548858000134""";BRASLUZ INDÚSTRIA COMÉRCIO E DISTRIBUIÇÃO DE  ALIMENTOS LTDA;PESSOA JURIDICA;ICMS;"=""2005182566619""";"=""20260000005458""";14005352;Efetivada;16/03/2026 14:59:28;19/03/2026 18:08:50;145;3;25/05/2026;25/05/2026;Paga;R$ 6.009,57;R$ 6.074,44;R$ 6.074,44;R$ 0,00
1065;17;2376;"=""07548858000134""";BRASLUZ INDÚSTRIA COMÉRCIO E DISTRIBUIÇÃO DE  ALIMENTOS LTDA;PESSOA JURIDICA;ICMS;"=""2005800766638""";"=""20260000005459""";14005360;Efetivada;16/03/2026 14:59:28;19/03/2026 18:08:54;145;1;23/03/2026;19/03/2026;Paga;R$ 6.794,38;R$ 6.794,38;R$ 6.794,38;R$ 0,00
1065;17;2376;"=""07548858000134""";BRASLUZ INDÚSTRIA COMÉRCIO E DISTRIBUIÇÃO DE  ALIMENTOS LTDA;PESSOA JURIDICA;ICMS;"=""2005800766638""";"=""20260000005459""";14005360;Efetivada;16/03/2026 14:59:28;19/03/2026 18:08:54;145;2;27/04/2026;27/04/2026;Paga;R$ 6.862,31;R$ 6.862,33;R$ 6.862,33;R$ 0,00
1065;17;2376;"=""07548858000134""";BRASLUZ INDÚSTRIA COMÉRCIO E DISTRIBUIÇÃO DE  ALIMENTOS LTDA;PESSOA JURIDICA;ICMS;"=""2005800766638""";"=""20260000005459""";14005360;Efetivada;16/03/2026 14:59:28;19/03/2026 18:08:54;145;3;25/05/2026;25/05/2026;Paga;R$ 6.862,31;R$ 6.936,38;R$ 6.936,38;R$ 0,00
17;17;22;"=""07548858000134""";BRASLUZ INDÚSTRIA COMÉRCIO E DISTRIBUIÇÃO DE  ALIMENTOS LTDA;PESSOA JURIDICA;ICMS;"=""4012201229906""";"=""20250000000018""";13388045;Efetivada;10/12/2025 15:54:07;;145;1;17/12/2025;11/12/2025;Paga;R$ 10.460,81;R$ 10.460,81;R$ 10.460,81;R$ 0,00
17;17;22;"=""07548858000134""";BRASLUZ INDÚSTRIA COMÉRCIO E DISTRIBUIÇÃO DE  ALIMENTOS LTDA;PESSOA JURIDICA;ICMS;"=""4012201229906""";"=""20250000000018""";13388045;Efetivada;10/12/2025 15:54:07;;145;2;26/01/2026;26/01/2026;Paga;R$ 10.565,40;R$ 10.565,42;R$ 10.565,42;R$ 0,00
17;17;22;"=""07548858000134""";BRASLUZ INDÚSTRIA COMÉRCIO E DISTRIBUIÇÃO DE  ALIMENTOS LTDA;PESSOA JURIDICA;ICMS;"=""4012201229906""";"=""20250000000018""";13388045;Efetivada;10/12/2025 15:54:07;;145;3;25/02/2026;25/02/2026;Paga;R$ 10.565,40;R$ 10.722,03;R$ 10.686,76;R$ 0,00
17;17;22;"=""07548858000134""";BRASLUZ INDÚSTRIA COMÉRCIO E DISTRIBUIÇÃO DE  ALIMENTOS LTDA;PESSOA JURIDICA;ICMS;"=""4012201229906""";"=""20250000000018""";13388045;Efetivada;10/12/2025 15:54:07;;145;4;25/03/2026;25/03/2026;Paga;R$ 10.565,40;R$ 10.791,37;R$ 10.791,37;R$ 0,00
17;17;22;"=""07548858000134""";BRASLUZ INDÚSTRIA COMÉRCIO E DISTRIBUIÇÃO DE  ALIMENTOS LTDA;PESSOA JURIDICA;ICMS;"=""4012201229906""";"=""20250000000018""";13388045;Efetivada;10/12/2025 15:54:07;;145;5;27/04/2026;27/04/2026;Paga;R$ 10.565,40;R$ 10.917,95;R$ 10.917,95;R$ 0,00
17;17;22;"=""07548858000134""";BRASLUZ INDÚSTRIA COMÉRCIO E DISTRIBUIÇÃO DE  ALIMENTOS LTDA;PESSOA JURIDICA;ICMS;"=""4012201229906""";"=""20250000000018""";13388045;Efetivada;10/12/2025 15:54:07;;145;6;25/05/2026;25/05/2026;Paga;R$ 10.565,40;R$ 11.031,97;R$ 11.031,97;R$ 0,00
17;17;23;"=""07548858000134""";BRASLUZ INDÚSTRIA COMÉRCIO E DISTRIBUIÇÃO DE  ALIMENTOS LTDA;PESSOA JURIDICA;ICMS;"=""4012200172404""";"=""20250000000019""";13388053;Efetivada;10/12/2025 15:54:07;;145;1;17/12/2025;11/12/2025;Paga;R$ 52.858,60;R$ 52.858,60;R$ 52.858,60;R$ 0,00
17;17;23;"=""07548858000134""";BRASLUZ INDÚSTRIA COMÉRCIO E DISTRIBUIÇÃO DE  ALIMENTOS LTDA;PESSOA JURIDICA;ICMS;"=""4012200172404""";"=""20250000000019""";13388053;Efetivada;10/12/2025 15:54:07;;145;2;26/01/2026;26/01/2026;Paga;R$ 53.387,18;R$ 53.387,18;R$ 53.387,18;R$ 0,00
17;17;23;"=""07548858000134""";BRASLUZ INDÚSTRIA COMÉRCIO E DISTRIBUIÇÃO DE  ALIMENTOS LTDA;PESSOA JURIDICA;ICMS;"=""4012200172404""";"=""20250000000019""";13388053;Efetivada;10/12/2025 15:54:07;;145;3;25/02/2026;25/02/2026;Paga;R$ 53.387,18;R$ 54.178,54;R$ 54.000,34;R$ 0,00
17;17;23;"=""07548858000134""";BRASLUZ INDÚSTRIA COMÉRCIO E DISTRIBUIÇÃO DE  ALIMENTOS LTDA;PESSOA JURIDICA;ICMS;"=""4012200172404""";"=""20250000000019""";13388053;Efetivada;10/12/2025 15:54:07;;145;4;25/03/2026;25/03/2026;Paga;R$ 53.387,18;R$ 54.528,93;R$ 54.528,93;R$ 0,00
17;17;23;"=""07548858000134""";BRASLUZ INDÚSTRIA COMÉRCIO E DISTRIBUIÇÃO DE  ALIMENTOS LTDA;PESSOA JURIDICA;ICMS;"=""4012200172404""";"=""20250000000019""";13388053;Efetivada;10/12/2025 15:54:07;;145;5;27/04/2026;27/04/2026;Paga;R$ 53.387,18;R$ 55.168,52;R$ 55.168,52;R$ 0,00
17;17;23;"=""07548858000134""";BRASLUZ INDÚSTRIA COMÉRCIO E DISTRIBUIÇÃO DE  ALIMENTOS LTDA;PESSOA JURIDICA;ICMS;"=""4012200172404""";"=""20250000000019""";13388053;Efetivada;10/12/2025 15:54:07;;145;6;25/05/2026;25/05/2026;Paga;R$ 53.387,18;R$ 55.744,68;R$ 55.744,68;R$ 0,00
17;17;24;"=""07548858000134""";BRASLUZ INDÚSTRIA COMÉRCIO E DISTRIBUIÇÃO DE  ALIMENTOS LTDA;PESSOA JURIDICA;ICMS;"=""4012200852545""";"=""20250000000020""";13388061;Efetivada;10/12/2025 15:54:07;;145;1;17/12/2025;11/12/2025;Paga;R$ 14.601,44;R$ 14.601,44;R$ 14.601,44;R$ 0,00
17;17;24;"=""07548858000134""";BRASLUZ INDÚSTRIA COMÉRCIO E DISTRIBUIÇÃO DE  ALIMENTOS LTDA;PESSOA JURIDICA;ICMS;"=""4012200852545""";"=""20250000000020""";13388061;Efetivada;10/12/2025 15:54:07;;145;2;26/01/2026;26/01/2026;Paga;R$ 14.747,45;R$ 14.747,45;R$ 14.747,45;R$ 0,00
17;17;24;"=""07548858000134""";BRASLUZ INDÚSTRIA COMÉRCIO E DISTRIBUIÇÃO DE  ALIMENTOS LTDA;PESSOA JURIDICA;ICMS;"=""4012200852545""";"=""20250000000020""";13388061;Efetivada;10/12/2025 15:54:07;;145;3;25/02/2026;25/02/2026;Paga;R$ 14.747,45;R$ 14.966,06;R$ 14.916,83;R$ 0,00
17;17;24;"=""07548858000134""";BRASLUZ INDÚSTRIA COMÉRCIO E DISTRIBUIÇÃO DE  ALIMENTOS LTDA;PESSOA JURIDICA;ICMS;"=""4012200852545""";"=""20250000000020""";13388061;Efetivada;10/12/2025 15:54:07;;145;4;25/03/2026;25/03/2026;Paga;R$ 14.747,45;R$ 15.062,85;R$ 15.062,85;R$ 0,00
17;17;24;"=""07548858000134""";BRASLUZ INDÚSTRIA COMÉRCIO E DISTRIBUIÇÃO DE  ALIMENTOS LTDA;PESSOA JURIDICA;ICMS;"=""4012200852545""";"=""20250000000020""";13388061;Efetivada;10/12/2025 15:54:07;;145;5;27/04/2026;27/04/2026;Paga;R$ 14.747,45;R$ 15.239,53;R$ 15.239,53;R$ 0,00
17;17;24;"=""07548858000134""";BRASLUZ INDÚSTRIA COMÉRCIO E DISTRIBUIÇÃO DE  ALIMENTOS LTDA;PESSOA JURIDICA;ICMS;"=""4012200852545""";"=""20250000000020""";13388061;Efetivada;10/12/2025 15:54:07;;145;6;25/05/2026;25/05/2026;Paga;R$ 14.747,45;R$ 15.398,68;R$ 15.398,68;R$ 0,00
17;17;25;"=""07548858000134""";BRASLUZ INDÚSTRIA COMÉRCIO E DISTRIBUIÇÃO DE  ALIMENTOS LTDA;PESSOA JURIDICA;ICMS;"=""4012400282300""";"=""20250000000021""";13388096;Efetivada;10/12/2025 15:54:07;;145;1;17/12/2025;11/12/2025;Paga;R$ 26.238,22;R$ 26.238,22;R$ 26.238,22;R$ 0,00
17;17;25;"=""07548858000134""";BRASLUZ INDÚSTRIA COMÉRCIO E DISTRIBUIÇÃO DE  ALIMENTOS LTDA;PESSOA JURIDICA;ICMS;"=""4012400282300""";"=""20250000000021""";13388096;Efetivada;10/12/2025 15:54:07;;145;2;26/01/2026;26/01/2026;Paga;R$ 26.500,59;R$ 26.500,60;R$ 26.500,60;R$ 0,00
17;17;25;"=""07548858000134""";BRASLUZ INDÚSTRIA COMÉRCIO E DISTRIBUIÇÃO DE  ALIMENTOS LTDA;PESSOA JURIDICA;ICMS;"=""4012400282300""";"=""20250000000021""";13388096;Efetivada;10/12/2025 15:54:07;;145;3;25/02/2026;25/02/2026;Paga;R$ 26.500,59;R$ 26.893,41;R$ 26.804,96;R$ 0,00
17;17;25;"=""07548858000134""";BRASLUZ INDÚSTRIA COMÉRCIO E DISTRIBUIÇÃO DE  ALIMENTOS LTDA;PESSOA JURIDICA;ICMS;"=""4012400282300""";"=""20250000000021""";13388096;Efetivada;10/12/2025 15:54:07;;145;4;25/03/2026;25/03/2026;Paga;R$ 26.500,59;R$ 27.067,35;R$ 27.067,35;R$ 0,00
17;17;25;"=""07548858000134""";BRASLUZ INDÚSTRIA COMÉRCIO E DISTRIBUIÇÃO DE  ALIMENTOS LTDA;PESSOA JURIDICA;ICMS;"=""4012400282300""";"=""20250000000021""";13388096;Efetivada;10/12/2025 15:54:07;;145;5;27/04/2026;27/04/2026;Paga;R$ 26.500,59;R$ 27.384,83;R$ 27.384,83;R$ 0,00
17;17;25;"=""07548858000134""";BRASLUZ INDÚSTRIA COMÉRCIO E DISTRIBUIÇÃO DE  ALIMENTOS LTDA;PESSOA JURIDICA;ICMS;"=""4012400282300""";"=""20250000000021""";13388096;Efetivada;10/12/2025 15:54:07;;145;6;25/05/2026;25/05/2026;Paga;R$ 26.500,59;R$ 27.670,83;R$ 27.670,83;R$ 0,00
17;17;26;"=""07548858000134""";BRASLUZ INDÚSTRIA COMÉRCIO E DISTRIBUIÇÃO DE  ALIMENTOS LTDA;PESSOA JURIDICA;ICMS;"=""4012400377271""";"=""20250000000022""";13388070;Efetivada;10/12/2025 15:54:07;;145;1;17/12/2025;11/12/2025;Paga;R$ 4.190,43;R$ 4.190,43;R$ 4.190,43;R$ 0,00
17;17;26;"=""07548858000134""";BRASLUZ INDÚSTRIA COMÉRCIO E DISTRIBUIÇÃO DE  ALIMENTOS LTDA;PESSOA JURIDICA;ICMS;"=""4012400377271""";"=""20250000000022""";13388070;Efetivada;10/12/2025 15:54:07;;145;2;26/01/2026;26/01/2026;Paga;R$ 4.232,32;R$ 4.232,33;R$ 4.232,33;R$ 0,00
17;17;26;"=""07548858000134""";BRASLUZ INDÚSTRIA COMÉRCIO E DISTRIBUIÇÃO DE  ALIMENTOS LTDA;PESSOA JURIDICA;ICMS;"=""4012400377271""";"=""20250000000022""";13388070;Efetivada;10/12/2025 15:54:07;;145;3;25/02/2026;25/02/2026;Paga;R$ 4.232,32;R$ 4.295,06;R$ 4.280,94;R$ 0,00
17;17;26;"=""07548858000134""";BRASLUZ INDÚSTRIA COMÉRCIO E DISTRIBUIÇÃO DE  ALIMENTOS LTDA;PESSOA JURIDICA;ICMS;"=""4012400377271""";"=""20250000000022""";13388070;Efetivada;10/12/2025 15:54:07;;145;4;25/03/2026;25/03/2026;Paga;R$ 4.232,32;R$ 4.322,85;R$ 4.322,85;R$ 0,00
17;17;26;"=""07548858000134""";BRASLUZ INDÚSTRIA COMÉRCIO E DISTRIBUIÇÃO DE  ALIMENTOS LTDA;PESSOA JURIDICA;ICMS;"=""4012400377271""";"=""20250000000022""";13388070;Efetivada;10/12/2025 15:54:07;;145;5;27/04/2026;27/04/2026;Paga;R$ 4.232,32;R$ 4.373,55;R$ 4.373,55;R$ 0,00
17;17;26;"=""07548858000134""";BRASLUZ INDÚSTRIA COMÉRCIO E DISTRIBUIÇÃO DE  ALIMENTOS LTDA;PESSOA JURIDICA;ICMS;"=""4012400377271""";"=""20250000000022""";13388070;Efetivada;10/12/2025 15:54:07;;145;6;25/05/2026;25/05/2026;Paga;R$ 4.232,32;R$ 4.419,23;R$ 4.419,23;R$ 0,00
17;17;27;"=""07548858000134""";BRASLUZ INDÚSTRIA COMÉRCIO E DISTRIBUIÇÃO DE  ALIMENTOS LTDA;PESSOA JURIDICA;ICMS;"=""4012400847332""";"=""20250000000023""";13388088;Efetivada;10/12/2025 15:54:07;;145;1;17/12/2025;11/12/2025;Paga;R$ 14.903,30;R$ 14.903,30;R$ 14.903,30;R$ 0,00
17;17;27;"=""07548858000134""";BRASLUZ INDÚSTRIA COMÉRCIO E DISTRIBUIÇÃO DE  ALIMENTOS LTDA;PESSOA JURIDICA;ICMS;"=""4012400847332""";"=""20250000000023""";13388088;Efetivada;10/12/2025 15:54:07;;145;2;26/01/2026;26/01/2026;Paga;R$ 15.052,32;R$ 15.052,33;R$ 15.052,33;R$ 0,00
17;17;27;"=""07548858000134""";BRASLUZ INDÚSTRIA COMÉRCIO E DISTRIBUIÇÃO DE  ALIMENTOS LTDA;PESSOA JURIDICA;ICMS;"=""4012400847332""";"=""20250000000023""";13388088;Efetivada;10/12/2025 15:54:07;;145;3;25/02/2026;25/02/2026;Paga;R$ 15.052,32;R$ 15.275,46;R$ 15.225,21;R$ 0,00
17;17;27;"=""07548858000134""";BRASLUZ INDÚSTRIA COMÉRCIO E DISTRIBUIÇÃO DE  ALIMENTOS LTDA;PESSOA JURIDICA;ICMS;"=""4012400847332""";"=""20250000000023""";13388088;Efetivada;10/12/2025 15:54:07;;145;4;25/03/2026;25/03/2026;Paga;R$ 15.052,32;R$ 15.374,24;R$ 15.374,24;R$ 0,00
17;17;27;"=""07548858000134""";BRASLUZ INDÚSTRIA COMÉRCIO E DISTRIBUIÇÃO DE  ALIMENTOS LTDA;PESSOA JURIDICA;ICMS;"=""4012400847332""";"=""20250000000023""";13388088;Efetivada;10/12/2025 15:54:07;;145;5;27/04/2026;27/04/2026;Paga;R$ 15.052,32;R$ 15.554,58;R$ 15.554,58;R$ 0,00
17;17;27;"=""07548858000134""";BRASLUZ INDÚSTRIA COMÉRCIO E DISTRIBUIÇÃO DE  ALIMENTOS LTDA;PESSOA JURIDICA;ICMS;"=""4012400847332""";"=""20250000000023""";13388088;Efetivada;10/12/2025 15:54:07;;145;6;25/05/2026;25/05/2026;Paga;R$ 15.052,32;R$ 15.717,02;R$ 15.717,02;R$ 0,00
1064;17;2365;"=""07548858000134""";BRASLUZ INDÚSTRIA COMÉRCIO E DISTRIBUIÇÃO DE  ALIMENTOS LTDA;PESSOA JURIDICA;Pena Pecuniária;"=""4011701771930""";"=""20260000005448""";14005239;Efetivada;16/03/2026 14:57:39;19/03/2026 18:08:12;145;1;23/03/2026;19/03/2026;Paga;R$ 6.496,52;R$ 6.496,52;R$ 6.496,52;R$ 0,00
1064;17;2365;"=""07548858000134""";BRASLUZ INDÚSTRIA COMÉRCIO E DISTRIBUIÇÃO DE  ALIMENTOS LTDA;PESSOA JURIDICA;Pena Pecuniária;"=""4011701771930""";"=""20260000005448""";14005239;Efetivada;16/03/2026 14:57:39;19/03/2026 18:08:12;145;2;27/04/2026;27/04/2026;Paga;R$ 6.561,47;R$ 6.561,49;R$ 6.561,49;R$ 0,00
1064;17;2365;"=""07548858000134""";BRASLUZ INDÚSTRIA COMÉRCIO E DISTRIBUIÇÃO DE  ALIMENTOS LTDA;PESSOA JURIDICA;Pena Pecuniária;"=""4011701771930""";"=""20260000005448""";14005239;Efetivada;16/03/2026 14:57:39;19/03/2026 18:08:12;145;3;25/05/2026;25/05/2026;Paga;R$ 6.561,47;R$ 6.632,29;R$ 6.632,29;R$ 0,00
1166;3449;2683;"=""07728719149""";RUBENS MARTINS BRAZ;PESSOA FISICA;ICMS;"=""4011501260622""";"=""20260000006203""";14068028;Efetivada;31/03/2026 10:34:24;31/03/2026 18:13:31;102;1;31/03/2026;31/03/2026;Paga;R$ 332,66;R$ 332,66;R$ 332,66;R$ 0,00
1166;3449;2683;"=""07728719149""";RUBENS MARTINS BRAZ;PESSOA FISICA;ICMS;"=""4011501260622""";"=""20260000006203""";14068028;Efetivada;31/03/2026 10:34:24;31/03/2026 18:13:31;102;2;27/04/2026;30/04/2026;Paga;R$ 335,96;R$ 339,30;R$ 339,30;R$ 0,00
1166;3449;2684;"=""07728719149""";RUBENS MARTINS BRAZ;PESSOA FISICA;ICMS;"=""4011401841674""";"=""20260000006204""";14068044;Efetivada;31/03/2026 10:34:24;31/03/2026 18:13:52;58;1;31/03/2026;31/03/2026;Paga;R$ 333,36;R$ 333,36;R$ 333,36;R$ 0,00
1166;3449;2684;"=""07728719149""";RUBENS MARTINS BRAZ;PESSOA FISICA;ICMS;"=""4011401841674""";"=""20260000006204""";14068044;Efetivada;31/03/2026 10:34:24;31/03/2026 18:13:52;58;2;27/04/2026;30/04/2026;Paga;R$ 336,67;R$ 340,02;R$ 340,02;R$ 0,00
1166;3449;2684;"=""07728719149""";RUBENS MARTINS BRAZ;PESSOA FISICA;ICMS;"=""4011401841674""";"=""20260000006204""";14068044;Efetivada;31/03/2026 10:34:24;31/03/2026 18:13:52;58;3;25/05/2026;27/05/2026;Paga;R$ 336,67;R$ 342,56;R$ 342,56;R$ 0,00
1166;3449;2686;"=""07728719149""";RUBENS MARTINS BRAZ;PESSOA FISICA;IPVA;"=""2343038822281""";"=""20260000006206""";14068036;Efetivada;31/03/2026 10:34:24;01/04/2026 17:57:27;1;1;31/03/2026;31/03/2026;Paga;R$ 121,47;R$ 121,47;R$ 121,47;R$ 0,00
1166;3449;2685;"=""07728719149""";RUBENS MARTINS BRAZ;PESSOA FISICA;IPVA;"=""2279780322205""";"=""20260000006205""";14068052;Efetivada;31/03/2026 10:34:24;01/04/2026 18:02:33;1;1;31/03/2026;31/03/2026;Paga;R$ 96,43;R$ 96,43;R$ 96,43;R$ 0,00
1043;3270;2299;"=""07743589633""";JANE SWERTES SALGADO;PESSOA FISICA;IPVA;"=""2314894122223""";"=""20260000005316""";13974130;Efetivada;12/03/2026 15:52:41;12/03/2026 18:12:20;4;1;19/03/2026;12/03/2026;Paga;R$ 401,40;R$ 401,40;R$ 401,40;R$ 0,00
1087;2728;2413;"=""07782490000174""";CIDADE LIMPA PRESTACAO DE SERVICOS DE LIMPEZA URBANA LTDA;PESSOA JURIDICA;IPVA;"=""2044241522296""";"=""20260000005544""";14009862;Efetivada;19/03/2026 10:15:01;25/03/2026 18:02:27;2;1;26/03/2026;25/03/2026;Paga;R$ 491,54;R$ 491,54;R$ 491,54;R$ 0,00
1087;2728;2413;"=""07782490000174""";CIDADE LIMPA PRESTACAO DE SERVICOS DE LIMPEZA URBANA LTDA;PESSOA JURIDICA;IPVA;"=""2044241522296""";"=""20260000005544""";14009862;Efetivada;19/03/2026 10:15:01;25/03/2026 18:02:27;2;2;27/04/2026;27/04/2026;Paga;R$ 496,44;R$ 496,47;R$ 496,47;R$ 0,00
1087;2728;2415;"=""07782490000174""";CIDADE LIMPA PRESTACAO DE SERVICOS DE LIMPEZA URBANA LTDA;PESSOA JURIDICA;IPVA;"=""2332104222296""";"=""20260000005546""";14009889;Efetivada;19/03/2026 10:15:01;25/03/2026 18:02:34;2;1;26/03/2026;25/03/2026;Paga;R$ 478,47;R$ 478,47;R$ 478,47;R$ 0,00
1087;2728;2415;"=""07782490000174""";CIDADE LIMPA PRESTACAO DE SERVICOS DE LIMPEZA URBANA LTDA;PESSOA JURIDICA;IPVA;"=""2332104222296""";"=""20260000005546""";14009889;Efetivada;19/03/2026 10:15:01;25/03/2026 18:02:34;2;2;27/04/2026;27/04/2026;Paga;R$ 483,24;R$ 483,27;R$ 483,27;R$ 0,00
1087;2728;2416;"=""07782490000174""";CIDADE LIMPA PRESTACAO DE SERVICOS DE LIMPEZA URBANA LTDA;PESSOA JURIDICA;IPVA;"=""2384404022201""";"=""20260000005547""";14009854;Efetivada;19/03/2026 10:15:01;25/03/2026 18:02:34;3;1;26/03/2026;25/03/2026;Paga;R$ 408,68;R$ 408,68;R$ 408,68;R$ 0,00
1087;2728;2416;"=""07782490000174""";CIDADE LIMPA PRESTACAO DE SERVICOS DE LIMPEZA URBANA LTDA;PESSOA JURIDICA;IPVA;"=""2384404022201""";"=""20260000005547""";14009854;Efetivada;19/03/2026 10:15:01;25/03/2026 18:02:34;3;2;27/04/2026;27/04/2026;Paga;R$ 412,76;R$ 412,78;R$ 412,78;R$ 0,00
1087;2728;2416;"=""07782490000174""";CIDADE LIMPA PRESTACAO DE SERVICOS DE LIMPEZA URBANA LTDA;PESSOA JURIDICA;IPVA;"=""2384404022201""";"=""20260000005547""";14009854;Efetivada;19/03/2026 10:15:01;25/03/2026 18:02:34;3;3;25/05/2026;29/05/2026;Paga;R$ 412,76;R$ 422,75;R$ 422,75;R$ 0,00
1087;2728;2414;"=""07782490000174""";CIDADE LIMPA PRESTACAO DE SERVICOS DE LIMPEZA URBANA LTDA;PESSOA JURIDICA;IPVA;"=""2106252022285""";"=""20260000005545""";14009870;Efetivada;19/03/2026 10:15:01;25/03/2026 18:02:41;2;1;26/03/2026;25/03/2026;Paga;R$ 483,64;R$ 483,64;R$ 483,64;R$ 0,00
1087;2728;2414;"=""07782490000174""";CIDADE LIMPA PRESTACAO DE SERVICOS DE LIMPEZA URBANA LTDA;PESSOA JURIDICA;IPVA;"=""2106252022285""";"=""20260000005545""";14009870;Efetivada;19/03/2026 10:15:01;25/03/2026 18:02:41;2;2;27/04/2026;27/04/2026;Paga;R$ 488,46;R$ 488,49;R$ 488,49;R$ 0,00
151;1192;336;"=""07783008000110""";JR COMERCIO E EMPREENDIMENTOS DE SECOS E MOLHADOS LTDA - ME;PESSOA JURIDICA;ICMS;"=""2005064811184""";"=""20260000000431""";13670778;Efetivada;04/02/2026 15:12:01;05/02/2026 18:04:20;57;2;25/03/2026;19/02/2026;Paga;R$ 338,91;R$ 335,56;R$ 335,56;R$ 0,00
151;1192;336;"=""07783008000110""";JR COMERCIO E EMPREENDIMENTOS DE SECOS E MOLHADOS LTDA - ME;PESSOA JURIDICA;ICMS;"=""2005064811184""";"=""20260000000431""";13670778;Efetivada;04/02/2026 15:12:01;05/02/2026 18:04:20;57;3;27/04/2026;25/03/2026;Paga;R$ 338,91;R$ 338,92;R$ 338,92;R$ 0,00
151;1192;336;"=""07783008000110""";JR COMERCIO E EMPREENDIMENTOS DE SECOS E MOLHADOS LTDA - ME;PESSOA JURIDICA;ICMS;"=""2005064811184""";"=""20260000000431""";13670778;Efetivada;04/02/2026 15:12:01;05/02/2026 18:04:20;57;4;25/05/2026;27/04/2026;Paga;R$ 338,91;R$ 342,97;R$ 342,97;R$ 0,00
151;1192;336;"=""07783008000110""";JR COMERCIO E EMPREENDIMENTOS DE SECOS E MOLHADOS LTDA - ME;PESSOA JURIDICA;ICMS;"=""2005064811184""";"=""20260000000431""";13670778;Efetivada;04/02/2026 15:12:01;05/02/2026 18:04:20;57;5;25/06/2026;25/05/2026;Paga;R$ 338,91;R$ 346,64;R$ 346,64;R$ 0,00
151;1192;337;"=""07783008000110""";JR COMERCIO E EMPREENDIMENTOS DE SECOS E MOLHADOS LTDA - ME;PESSOA JURIDICA;ICMS;"=""2009419511142""";"=""20260000000432""";13670786;Efetivada;04/02/2026 15:12:01;05/02/2026 18:04:26;96;2;25/03/2026;19/02/2026;Paga;R$ 335,14;R$ 331,83;R$ 331,83;R$ 0,00
151;1192;337;"=""07783008000110""";JR COMERCIO E EMPREENDIMENTOS DE SECOS E MOLHADOS LTDA - ME;PESSOA JURIDICA;ICMS;"=""2009419511142""";"=""20260000000432""";13670786;Efetivada;04/02/2026 15:12:01;05/02/2026 18:04:26;96;3;27/04/2026;25/03/2026;Paga;R$ 335,14;R$ 335,15;R$ 335,15;R$ 0,00
151;1192;337;"=""07783008000110""";JR COMERCIO E EMPREENDIMENTOS DE SECOS E MOLHADOS LTDA - ME;PESSOA JURIDICA;ICMS;"=""2009419511142""";"=""20260000000432""";13670786;Efetivada;04/02/2026 15:12:01;05/02/2026 18:04:26;96;4;25/05/2026;27/04/2026;Paga;R$ 335,14;R$ 339,17;R$ 339,17;R$ 0,00
151;1192;337;"=""07783008000110""";JR COMERCIO E EMPREENDIMENTOS DE SECOS E MOLHADOS LTDA - ME;PESSOA JURIDICA;ICMS;"=""2009419511142""";"=""20260000000432""";13670786;Efetivada;04/02/2026 15:12:01;05/02/2026 18:04:26;96;5;25/06/2026;25/05/2026;Paga;R$ 335,14;R$ 342,79;R$ 342,79;R$ 0,00
508;2131;1061;"=""07896383551""";MARIA ELIANE ALVES BEZERRA DESIDERIO;PESSOA FISICA;IPVA;"=""2386981122296""";"=""20260000002134""";13796305;Efetivada;17/02/2026 22:37:33;23/02/2026 06:03:38;1;1;24/02/2026;23/02/2026;Paga;R$ 230,67;R$ 230,67;R$ 230,67;R$ 0,00
40;713;94;"=""08079473854""";ADAIR LAERTE MENEZES BRANDOLEZ;PESSOA FISICA;ICMS;"=""4012201093150""";"=""20260000000051""";13712764;Efetivada;02/02/2026 15:35:32;09/02/2026 12:10:27;48;2;25/03/2026;16/03/2026;Paga;R$ 712,93;R$ 712,94;R$ 712,94;R$ 0,00
40;713;93;"=""08079473854""";ADAIR LAERTE MENEZES BRANDOLEZ;PESSOA FISICA;ICMS;"=""4012201093079""";"=""20260000000050""";13712756;Efetivada;02/02/2026 15:35:32;09/02/2026 12:10:33;48;2;25/03/2026;16/03/2026;Paga;R$ 985,06;R$ 985,08;R$ 985,08;R$ 0,00
371;1866;803;"=""08303560000208""";DONNA BELLA CALÇADOS E ACESSORIOS LTDA;PESSOA JURIDICA;Pena Pecuniária;"=""4012001847029""";"=""20260000001533""";13749480;Efetivada;11/02/2026 11:15:27;11/02/2026 18:06:41;7;1;18/02/2026;11/02/2026;Paga;R$ 349,79;R$ 349,79;R$ 349,79;R$ 0,00
371;1866;803;"=""08303560000208""";DONNA BELLA CALÇADOS E ACESSORIOS LTDA;PESSOA JURIDICA;Pena Pecuniária;"=""4012001847029""";"=""20260000001533""";13749480;Efetivada;11/02/2026 11:15:27;11/02/2026 18:06:41;7;2;25/03/2026;19/03/2026;Paga;R$ 353,27;R$ 353,30;R$ 353,30;R$ 0,00
371;1866;803;"=""08303560000208""";DONNA BELLA CALÇADOS E ACESSORIOS LTDA;PESSOA JURIDICA;Pena Pecuniária;"=""4012001847029""";"=""20260000001533""";13749480;Efetivada;11/02/2026 11:15:27;11/02/2026 18:06:41;7;3;27/04/2026;22/04/2026;Paga;R$ 353,27;R$ 357,53;R$ 357,53;R$ 0,00
371;1866;803;"=""08303560000208""";DONNA BELLA CALÇADOS E ACESSORIOS LTDA;PESSOA JURIDICA;Pena Pecuniária;"=""4012001847029""";"=""20260000001533""";13749480;Efetivada;11/02/2026 11:15:27;11/02/2026 18:06:41;7;4;25/05/2026;25/05/2026;Paga;R$ 353,27;R$ 361,34;R$ 361,34;R$ 0,00
1039;2888;2288;"=""08329320197""";ADEVAL LEANDRO CHAVES;PESSOA FISICA;IPVA;"=""2320058022206""";"=""20260000005288""";13969331;Efetivada;12/03/2026 09:33:20;09/04/2026 12:50:58;1;1;19/03/2026;12/03/2026;Paga;R$ 404,67;R$ 404,67;R$ 404,67;R$ 0,00
1039;2888;2289;"=""08329320197""";ADEVAL LEANDRO CHAVES;PESSOA FISICA;IPVA;"=""2392829522230""";"=""20260000005289""";13969358;Efetivada;12/03/2026 09:33:20;09/04/2026 12:50:58;1;1;19/03/2026;12/03/2026;Paga;R$ 491,87;R$ 491,87;R$ 491,87;R$ 0,00
1039;2888;2290;"=""08329320197""";ADEVAL LEANDRO CHAVES;PESSOA FISICA;IPVA;"=""2393928022269""";"=""20260000005290""";13969340;Efetivada;12/03/2026 09:33:20;09/04/2026 12:50:58;1;1;19/03/2026;12/03/2026;Paga;R$ 65,64;R$ 65,64;R$ 65,64;R$ 0,00
482;1246;1004;"=""08693795000253""";ITAOBI TRANSPORTES LTDA. EM RECUPERAÇÃO JUDICIAL ;PESSOA JURIDICA;ICMS;"=""4012300452808""";"=""20260000002019""";13803492;Efetivada;13/02/2026 16:38:27;19/02/2026 18:06:16;145;1;20/02/2026;19/02/2026;Paga;R$ 903,57;R$ 903,57;R$ 903,57;R$ 0,00
482;1246;1004;"=""08693795000253""";ITAOBI TRANSPORTES LTDA. EM RECUPERAÇÃO JUDICIAL ;PESSOA JURIDICA;ICMS;"=""4012300452808""";"=""20260000002019""";13803492;Efetivada;13/02/2026 16:38:27;19/02/2026 18:06:16;145;2;25/03/2026;24/03/2026;Paga;R$ 912,60;R$ 912,60;R$ 912,60;R$ 0,00
482;1246;1004;"=""08693795000253""";ITAOBI TRANSPORTES LTDA. EM RECUPERAÇÃO JUDICIAL ;PESSOA JURIDICA;ICMS;"=""4012300452808""";"=""20260000002019""";13803492;Efetivada;13/02/2026 16:38:27;19/02/2026 18:06:16;145;3;27/04/2026;24/04/2026;Paga;R$ 912,60;R$ 923,54;R$ 923,54;R$ 0,00
482;1246;1004;"=""08693795000253""";ITAOBI TRANSPORTES LTDA. EM RECUPERAÇÃO JUDICIAL ;PESSOA JURIDICA;ICMS;"=""4012300452808""";"=""20260000002019""";13803492;Efetivada;13/02/2026 16:38:27;19/02/2026 18:06:16;145;4;25/05/2026;25/05/2026;Paga;R$ 912,60;R$ 933,39;R$ 933,39;R$ 0,00
482;1246;1005;"=""08693795000253""";ITAOBI TRANSPORTES LTDA. EM RECUPERAÇÃO JUDICIAL ;PESSOA JURIDICA;ICMS;"=""2000597166685""";"=""20260000002020""";13803476;Efetivada;13/02/2026 16:38:27;19/02/2026 18:06:16;145;1;20/02/2026;19/02/2026;Paga;R$ 2.141,15;R$ 2.141,15;R$ 2.141,15;R$ 0,00
482;1246;1005;"=""08693795000253""";ITAOBI TRANSPORTES LTDA. EM RECUPERAÇÃO JUDICIAL ;PESSOA JURIDICA;ICMS;"=""2000597166685""";"=""20260000002020""";13803476;Efetivada;13/02/2026 16:38:27;19/02/2026 18:06:16;145;2;25/03/2026;24/03/2026;Paga;R$ 2.162,55;R$ 2.162,57;R$ 2.162,57;R$ 0,00
482;1246;1005;"=""08693795000253""";ITAOBI TRANSPORTES LTDA. EM RECUPERAÇÃO JUDICIAL ;PESSOA JURIDICA;ICMS;"=""2000597166685""";"=""20260000002020""";13803476;Efetivada;13/02/2026 16:38:27;19/02/2026 18:06:16;145;3;27/04/2026;24/04/2026;Paga;R$ 2.162,55;R$ 2.188,47;R$ 2.188,47;R$ 0,00
482;1246;1005;"=""08693795000253""";ITAOBI TRANSPORTES LTDA. EM RECUPERAÇÃO JUDICIAL ;PESSOA JURIDICA;ICMS;"=""2000597166685""";"=""20260000002020""";13803476;Efetivada;13/02/2026 16:38:27;19/02/2026 18:06:16;145;4;25/05/2026;25/05/2026;Paga;R$ 2.162,55;R$ 2.211,80;R$ 2.211,80;R$ 0,00
482;1246;1006;"=""08693795000253""";ITAOBI TRANSPORTES LTDA. EM RECUPERAÇÃO JUDICIAL ;PESSOA JURIDICA;ICMS;"=""2000597266639""";"=""20260000002021""";13803506;Efetivada;13/02/2026 16:38:27;19/02/2026 18:06:22;145;1;20/02/2026;19/02/2026;Paga;R$ 1.076,72;R$ 1.076,72;R$ 1.076,72;R$ 0,00
482;1246;1006;"=""08693795000253""";ITAOBI TRANSPORTES LTDA. EM RECUPERAÇÃO JUDICIAL ;PESSOA JURIDICA;ICMS;"=""2000597266639""";"=""20260000002021""";13803506;Efetivada;13/02/2026 16:38:27;19/02/2026 18:06:22;145;2;25/03/2026;24/03/2026;Paga;R$ 1.087,47;R$ 1.087,49;R$ 1.087,49;R$ 0,00
482;1246;1006;"=""08693795000253""";ITAOBI TRANSPORTES LTDA. EM RECUPERAÇÃO JUDICIAL ;PESSOA JURIDICA;ICMS;"=""2000597266639""";"=""20260000002021""";13803506;Efetivada;13/02/2026 16:38:27;19/02/2026 18:06:22;145;3;27/04/2026;24/04/2026;Paga;R$ 1.087,47;R$ 1.100,51;R$ 1.100,51;R$ 0,00
482;1246;1006;"=""08693795000253""";ITAOBI TRANSPORTES LTDA. EM RECUPERAÇÃO JUDICIAL ;PESSOA JURIDICA;ICMS;"=""2000597266639""";"=""20260000002021""";13803506;Efetivada;13/02/2026 16:38:27;19/02/2026 18:06:22;145;4;25/05/2026;25/05/2026;Paga;R$ 1.087,47;R$ 1.112,25;R$ 1.112,25;R$ 0,00
482;1246;1007;"=""08693795000253""";ITAOBI TRANSPORTES LTDA. EM RECUPERAÇÃO JUDICIAL ;PESSOA JURIDICA;ICMS;"=""2000597366692""";"=""20260000002022""";13803484;Efetivada;13/02/2026 16:38:27;19/02/2026 18:06:23;145;1;20/02/2026;19/02/2026;Paga;R$ 603,40;R$ 603,40;R$ 603,40;R$ 0,00
482;1246;1007;"=""08693795000253""";ITAOBI TRANSPORTES LTDA. EM RECUPERAÇÃO JUDICIAL ;PESSOA JURIDICA;ICMS;"=""2000597366692""";"=""20260000002022""";13803484;Efetivada;13/02/2026 16:38:27;19/02/2026 18:06:23;145;2;25/03/2026;24/03/2026;Paga;R$ 609,42;R$ 609,44;R$ 609,44;R$ 0,00
482;1246;1007;"=""08693795000253""";ITAOBI TRANSPORTES LTDA. EM RECUPERAÇÃO JUDICIAL ;PESSOA JURIDICA;ICMS;"=""2000597366692""";"=""20260000002022""";13803484;Efetivada;13/02/2026 16:38:27;19/02/2026 18:06:23;145;3;27/04/2026;24/04/2026;Paga;R$ 609,42;R$ 616,73;R$ 616,73;R$ 0,00
482;1246;1007;"=""08693795000253""";ITAOBI TRANSPORTES LTDA. EM RECUPERAÇÃO JUDICIAL ;PESSOA JURIDICA;ICMS;"=""2000597366692""";"=""20260000002022""";13803484;Efetivada;13/02/2026 16:38:27;19/02/2026 18:06:23;145;4;25/05/2026;25/05/2026;Paga;R$ 609,42;R$ 623,31;R$ 623,31;R$ 0,00
482;1246;1008;"=""08693795000253""";ITAOBI TRANSPORTES LTDA. EM RECUPERAÇÃO JUDICIAL ;PESSOA JURIDICA;ICMS;"=""2000597466646""";"=""20260000002023""";13803514;Efetivada;13/02/2026 16:38:27;19/02/2026 18:06:29;145;1;20/02/2026;19/02/2026;Paga;R$ 821,44;R$ 821,44;R$ 821,44;R$ 0,00
482;1246;1008;"=""08693795000253""";ITAOBI TRANSPORTES LTDA. EM RECUPERAÇÃO JUDICIAL ;PESSOA JURIDICA;ICMS;"=""2000597466646""";"=""20260000002023""";13803514;Efetivada;13/02/2026 16:38:27;19/02/2026 18:06:29;145;2;25/03/2026;24/03/2026;Paga;R$ 829,64;R$ 829,66;R$ 829,66;R$ 0,00
482;1246;1008;"=""08693795000253""";ITAOBI TRANSPORTES LTDA. EM RECUPERAÇÃO JUDICIAL ;PESSOA JURIDICA;ICMS;"=""2000597466646""";"=""20260000002023""";13803514;Efetivada;13/02/2026 16:38:27;19/02/2026 18:06:29;145;3;27/04/2026;24/04/2026;Paga;R$ 829,64;R$ 839,59;R$ 839,59;R$ 0,00
482;1246;1008;"=""08693795000253""";ITAOBI TRANSPORTES LTDA. EM RECUPERAÇÃO JUDICIAL ;PESSOA JURIDICA;ICMS;"=""2000597466646""";"=""20260000002023""";13803514;Efetivada;13/02/2026 16:38:27;19/02/2026 18:06:29;145;4;25/05/2026;25/05/2026;Paga;R$ 829,64;R$ 848,54;R$ 848,54;R$ 0,00
481;340;1000;"=""08693795000920""";ITAOBI TRANSPORTES LTDA. - EM RECUPERAÇÃO JUDICIAL;PESSOA JURIDICA;ICMS;"=""2001783266692""";"=""20260000002010""";13803611;Efetivada;13/02/2026 16:35:49;19/02/2026 18:06:30;145;1;20/02/2026;19/02/2026;Paga;R$ 1.327,45;R$ 1.327,45;R$ 1.327,45;R$ 0,00
481;340;1000;"=""08693795000920""";ITAOBI TRANSPORTES LTDA. - EM RECUPERAÇÃO JUDICIAL;PESSOA JURIDICA;ICMS;"=""2001783266692""";"=""20260000002010""";13803611;Efetivada;13/02/2026 16:35:49;19/02/2026 18:06:30;145;2;25/03/2026;24/03/2026;Paga;R$ 1.340,71;R$ 1.340,73;R$ 1.340,73;R$ 0,00
481;340;1000;"=""08693795000920""";ITAOBI TRANSPORTES LTDA. - EM RECUPERAÇÃO JUDICIAL;PESSOA JURIDICA;ICMS;"=""2001783266692""";"=""20260000002010""";13803611;Efetivada;13/02/2026 16:35:49;19/02/2026 18:06:30;145;3;27/04/2026;24/04/2026;Paga;R$ 1.340,71;R$ 1.356,79;R$ 1.356,79;R$ 0,00
481;340;1000;"=""08693795000920""";ITAOBI TRANSPORTES LTDA. - EM RECUPERAÇÃO JUDICIAL;PESSOA JURIDICA;ICMS;"=""2001783266692""";"=""20260000002010""";13803611;Efetivada;13/02/2026 16:35:49;19/02/2026 18:06:30;145;4;25/05/2026;25/05/2026;Paga;R$ 1.340,71;R$ 1.371,25;R$ 1.371,25;R$ 0,00
481;340;1001;"=""08693795000920""";ITAOBI TRANSPORTES LTDA. - EM RECUPERAÇÃO JUDICIAL;PESSOA JURIDICA;ICMS;"=""2001783366646""";"=""20260000002011""";13803620;Efetivada;13/02/2026 16:35:49;19/02/2026 18:06:36;145;1;20/02/2026;19/02/2026;Paga;R$ 862,77;R$ 862,77;R$ 862,77;R$ 0,00
481;340;1001;"=""08693795000920""";ITAOBI TRANSPORTES LTDA. - EM RECUPERAÇÃO JUDICIAL;PESSOA JURIDICA;ICMS;"=""2001783366646""";"=""20260000002011""";13803620;Efetivada;13/02/2026 16:35:49;19/02/2026 18:06:36;145;2;25/03/2026;24/03/2026;Paga;R$ 871,39;R$ 871,39;R$ 871,39;R$ 0,00
481;340;1001;"=""08693795000920""";ITAOBI TRANSPORTES LTDA. - EM RECUPERAÇÃO JUDICIAL;PESSOA JURIDICA;ICMS;"=""2001783366646""";"=""20260000002011""";13803620;Efetivada;13/02/2026 16:35:49;19/02/2026 18:06:36;145;3;27/04/2026;24/04/2026;Paga;R$ 871,39;R$ 881,83;R$ 881,83;R$ 0,00
481;340;1001;"=""08693795000920""";ITAOBI TRANSPORTES LTDA. - EM RECUPERAÇÃO JUDICIAL;PESSOA JURIDICA;ICMS;"=""2001783366646""";"=""20260000002011""";13803620;Efetivada;13/02/2026 16:35:49;19/02/2026 18:06:36;145;4;25/05/2026;25/05/2026;Paga;R$ 871,39;R$ 891,24;R$ 891,24;R$ 0,00
481;340;1002;"=""08693795000920""";ITAOBI TRANSPORTES LTDA. - EM RECUPERAÇÃO JUDICIAL;PESSOA JURIDICA;ICMS;"=""2001783466608""";"=""20260000002012""";13803654;Efetivada;13/02/2026 16:35:49;19/02/2026 18:06:36;145;1;20/02/2026;19/02/2026;Paga;R$ 1.095,44;R$ 1.095,44;R$ 1.095,44;R$ 0,00
481;340;1002;"=""08693795000920""";ITAOBI TRANSPORTES LTDA. - EM RECUPERAÇÃO JUDICIAL;PESSOA JURIDICA;ICMS;"=""2001783466608""";"=""20260000002012""";13803654;Efetivada;13/02/2026 16:35:49;19/02/2026 18:06:36;145;2;25/03/2026;24/03/2026;Paga;R$ 1.106,38;R$ 1.106,40;R$ 1.106,40;R$ 0,00
481;340;1002;"=""08693795000920""";ITAOBI TRANSPORTES LTDA. - EM RECUPERAÇÃO JUDICIAL;PESSOA JURIDICA;ICMS;"=""2001783466608""";"=""20260000002012""";13803654;Efetivada;13/02/2026 16:35:49;19/02/2026 18:06:36;145;3;27/04/2026;24/04/2026;Paga;R$ 1.106,38;R$ 1.119,65;R$ 1.119,65;R$ 0,00
481;340;1002;"=""08693795000920""";ITAOBI TRANSPORTES LTDA. - EM RECUPERAÇÃO JUDICIAL;PESSOA JURIDICA;ICMS;"=""2001783466608""";"=""20260000002012""";13803654;Efetivada;13/02/2026 16:35:49;19/02/2026 18:06:36;145;4;25/05/2026;25/05/2026;Paga;R$ 1.106,38;R$ 1.131,59;R$ 1.131,59;R$ 0,00
481;340;1003;"=""08693795000920""";ITAOBI TRANSPORTES LTDA. - EM RECUPERAÇÃO JUDICIAL;PESSOA JURIDICA;ICMS;"=""2001783566653""";"=""20260000002013""";13803638;Efetivada;13/02/2026 16:35:49;19/02/2026 18:06:42;2;1;20/02/2026;19/02/2026;Paga;R$ 386,10;R$ 386,10;R$ 386,10;R$ 0,00
481;340;1003;"=""08693795000920""";ITAOBI TRANSPORTES LTDA. - EM RECUPERAÇÃO JUDICIAL;PESSOA JURIDICA;ICMS;"=""2001783566653""";"=""20260000002013""";13803638;Efetivada;13/02/2026 16:35:49;19/02/2026 18:06:42;2;2;25/03/2026;24/03/2026;Paga;R$ 389,96;R$ 389,96;R$ 389,96;R$ 0,00
481;340;999;"=""08693795000920""";ITAOBI TRANSPORTES LTDA. - EM RECUPERAÇÃO JUDICIAL;PESSOA JURIDICA;ICMS;"=""4012300453014""";"=""20260000002009""";13803646;Efetivada;13/02/2026 16:35:49;19/02/2026 18:06:43;145;1;20/02/2026;19/02/2026;Paga;R$ 822,59;R$ 822,59;R$ 822,59;R$ 0,00
481;340;999;"=""08693795000920""";ITAOBI TRANSPORTES LTDA. - EM RECUPERAÇÃO JUDICIAL;PESSOA JURIDICA;ICMS;"=""4012300453014""";"=""20260000002009""";13803646;Efetivada;13/02/2026 16:35:49;19/02/2026 18:06:43;145;2;25/03/2026;24/03/2026;Paga;R$ 830,80;R$ 830,82;R$ 830,82;R$ 0,00
481;340;999;"=""08693795000920""";ITAOBI TRANSPORTES LTDA. - EM RECUPERAÇÃO JUDICIAL;PESSOA JURIDICA;ICMS;"=""4012300453014""";"=""20260000002009""";13803646;Efetivada;13/02/2026 16:35:49;19/02/2026 18:06:43;145;3;27/04/2026;24/04/2026;Paga;R$ 830,80;R$ 840,77;R$ 840,77;R$ 0,00
481;340;999;"=""08693795000920""";ITAOBI TRANSPORTES LTDA. - EM RECUPERAÇÃO JUDICIAL;PESSOA JURIDICA;ICMS;"=""4012300453014""";"=""20260000002009""";13803646;Efetivada;13/02/2026 16:35:49;19/02/2026 18:06:43;145;4;25/05/2026;25/05/2026;Paga;R$ 830,80;R$ 849,74;R$ 849,74;R$ 0,00
15;259;20;"=""08728058000168""";FORTALEZA AGRICOLA LTDA.;PESSOA JURIDICA;ICMS;"=""4011702988968""";"=""20250000000016""";13370545;Efetivada;04/12/2025 10:02:36;;145;2;26/01/2026;20/01/2026;Paga;R$ 5.015,32;R$ 5.015,32;R$ 5.015,32;R$ 0,00
15;259;20;"=""08728058000168""";FORTALEZA AGRICOLA LTDA.;PESSOA JURIDICA;ICMS;"=""4011702988968""";"=""20250000000016""";13370545;Efetivada;04/12/2025 10:02:36;;145;3;25/02/2026;25/02/2026;Paga;R$ 5.015,32;R$ 5.089,67;R$ 5.072,93;R$ 0,00
15;259;20;"=""08728058000168""";FORTALEZA AGRICOLA LTDA.;PESSOA JURIDICA;ICMS;"=""4011702988968""";"=""20250000000016""";13370545;Efetivada;04/12/2025 10:02:36;;145;4;25/03/2026;25/03/2026;Paga;R$ 5.015,32;R$ 5.122,58;R$ 5.122,58;R$ 0,00
15;259;20;"=""08728058000168""";FORTALEZA AGRICOLA LTDA.;PESSOA JURIDICA;ICMS;"=""4011702988968""";"=""20250000000016""";13370545;Efetivada;04/12/2025 10:02:36;;145;5;27/04/2026;20/04/2026;Paga;R$ 5.015,32;R$ 5.182,67;R$ 5.182,67;R$ 0,00
15;259;20;"=""08728058000168""";FORTALEZA AGRICOLA LTDA.;PESSOA JURIDICA;ICMS;"=""4011702988968""";"=""20250000000016""";13370545;Efetivada;04/12/2025 10:02:36;;145;6;25/05/2026;18/05/2026;Paga;R$ 5.015,32;R$ 5.236,80;R$ 5.236,80;R$ 0,00
14;552;19;"=""08728058000400""";FORTALEZA AGRICOLA LTDA EM RECUPERAÇÃO JUDICIAL;PESSOA JURIDICA;ICMS;"=""4011702354608""";"=""20250000000015""";13370537;Efetivada;04/12/2025 10:01:08;;145;2;26/01/2026;20/01/2026;Paga;R$ 2.159,96;R$ 2.159,96;R$ 2.159,96;R$ 0,00
14;552;19;"=""08728058000400""";FORTALEZA AGRICOLA LTDA EM RECUPERAÇÃO JUDICIAL;PESSOA JURIDICA;ICMS;"=""4011702354608""";"=""20250000000015""";13370537;Efetivada;04/12/2025 10:01:08;;145;3;25/02/2026;25/02/2026;Paga;R$ 2.159,96;R$ 2.191,98;R$ 2.184,77;R$ 0,00
14;552;19;"=""08728058000400""";FORTALEZA AGRICOLA LTDA EM RECUPERAÇÃO JUDICIAL;PESSOA JURIDICA;ICMS;"=""4011702354608""";"=""20250000000015""";13370537;Efetivada;04/12/2025 10:01:08;;145;4;25/03/2026;25/03/2026;Paga;R$ 2.159,96;R$ 2.206,16;R$ 2.206,16;R$ 0,00
14;552;19;"=""08728058000400""";FORTALEZA AGRICOLA LTDA EM RECUPERAÇÃO JUDICIAL;PESSOA JURIDICA;ICMS;"=""4011702354608""";"=""20250000000015""";13370537;Efetivada;04/12/2025 10:01:08;;145;5;27/04/2026;20/04/2026;Paga;R$ 2.159,96;R$ 2.232,04;R$ 2.232,04;R$ 0,00
14;552;19;"=""08728058000400""";FORTALEZA AGRICOLA LTDA EM RECUPERAÇÃO JUDICIAL;PESSOA JURIDICA;ICMS;"=""4011702354608""";"=""20250000000015""";13370537;Efetivada;04/12/2025 10:01:08;;145;6;25/05/2026;18/05/2026;Paga;R$ 2.159,96;R$ 2.255,34;R$ 2.255,34;R$ 0,00
362;1595;774;"=""08759932000124""";J. A. BENTO - ISABELLA FASCHION ME;PESSOA JURIDICA;ICMS;"=""3034867028352""";"=""20260000001466""";13745336;Efetivada;11/02/2026 08:30:40;12/02/2026 06:04:49;145;1;18/02/2026;11/02/2026;Paga;R$ 491,01;R$ 491,01;R$ 491,01;R$ 0,00
362;1595;774;"=""08759932000124""";J. A. BENTO - ISABELLA FASCHION ME;PESSOA JURIDICA;ICMS;"=""3034867028352""";"=""20260000001466""";13745336;Efetivada;11/02/2026 08:30:40;12/02/2026 06:04:49;145;2;25/03/2026;30/03/2026;Paga;R$ 495,91;R$ 504,10;R$ 504,10;R$ 0,00
362;1595;774;"=""08759932000124""";J. A. BENTO - ISABELLA FASCHION ME;PESSOA JURIDICA;ICMS;"=""3034867028352""";"=""20260000001466""";13745336;Efetivada;11/02/2026 08:30:40;12/02/2026 06:04:49;145;3;27/04/2026;28/04/2026;Paga;R$ 495,91;R$ 505,17;R$ 503,52;R$ 0,00
362;1595;774;"=""08759932000124""";J. A. BENTO - ISABELLA FASCHION ME;PESSOA JURIDICA;ICMS;"=""3034867028352""";"=""20260000001466""";13745336;Efetivada;11/02/2026 08:30:40;12/02/2026 06:04:49;145;4;25/05/2026;29/05/2026;Paga;R$ 495,91;R$ 513,91;R$ 513,91;R$ 0,00
1165;3447;2681;"=""09081195000116""";POP 2 COMERCIAL FARMACÊUTICA LTDA - ME;PESSOA JURIDICA;ICMS;"=""2005697911146""";"=""20260000006193""";14067234;Efetivada;31/03/2026 09:33:23;31/03/2026 18:13:17;24;1;31/03/2026;31/03/2026;Paga;R$ 893,00;R$ 893,00;R$ 893,00;R$ 0,00
1165;3447;2681;"=""09081195000116""";POP 2 COMERCIAL FARMACÊUTICA LTDA - ME;PESSOA JURIDICA;ICMS;"=""2005697911146""";"=""20260000006193""";14067234;Efetivada;31/03/2026 09:33:23;31/03/2026 18:13:17;24;2;27/04/2026;30/04/2026;Paga;R$ 901,92;R$ 910,86;R$ 910,86;R$ 0,00
1165;3447;2681;"=""09081195000116""";POP 2 COMERCIAL FARMACÊUTICA LTDA - ME;PESSOA JURIDICA;ICMS;"=""2005697911146""";"=""20260000006193""";14067234;Efetivada;31/03/2026 09:33:23;31/03/2026 18:13:17;24;3;25/05/2026;25/05/2026;Paga;R$ 901,92;R$ 911,67;R$ 911,67;R$ 0,00
1165;3447;2682;"=""09081195000116""";POP 2 COMERCIAL FARMACÊUTICA LTDA - ME;PESSOA JURIDICA;ICMS;"=""4011700929883""";"=""20260000006194""";14067242;Efetivada;31/03/2026 09:33:23;31/03/2026 18:13:24;24;1;31/03/2026;31/03/2026;Paga;R$ 1.619,74;R$ 1.619,74;R$ 1.619,74;R$ 0,00
1165;3447;2682;"=""09081195000116""";POP 2 COMERCIAL FARMACÊUTICA LTDA - ME;PESSOA JURIDICA;ICMS;"=""4011700929883""";"=""20260000006194""";14067242;Efetivada;31/03/2026 09:33:23;31/03/2026 18:13:24;24;2;27/04/2026;30/04/2026;Paga;R$ 1.635,93;R$ 1.652,12;R$ 1.652,12;R$ 0,00
1165;3447;2682;"=""09081195000116""";POP 2 COMERCIAL FARMACÊUTICA LTDA - ME;PESSOA JURIDICA;ICMS;"=""4011700929883""";"=""20260000006194""";14067242;Efetivada;31/03/2026 09:33:23;31/03/2026 18:13:24;24;3;25/05/2026;25/05/2026;Paga;R$ 1.635,93;R$ 1.653,60;R$ 1.653,60;R$ 0,00
1192;825;2740;"=""09312388622""";LEONARDO TEIXEIRA SILVA;PESSOA FISICA;IPVA;"=""2175622022236""";"=""20260000006330""";14117819;Efetivada;10/04/2026 08:22:32;14/04/2026 12:03:44;5;1;17/04/2026;14/04/2026;Paga;R$ 372,97;R$ 372,97;R$ 372,97;R$ 0,00
1192;825;2740;"=""09312388622""";LEONARDO TEIXEIRA SILVA;PESSOA FISICA;IPVA;"=""2175622022236""";"=""20260000006330""";14117819;Efetivada;10/04/2026 08:22:32;14/04/2026 12:03:44;5;2;25/05/2026;21/05/2026;Paga;R$ 376,69;R$ 376,72;R$ 376,72;R$ 0,00
1192;825;2742;"=""09312388622""";LEONARDO TEIXEIRA SILVA;PESSOA FISICA;IPVA;"=""2333404322243""";"=""20260000006332""";14117827;Efetivada;10/04/2026 08:22:32;14/04/2026 12:03:51;6;1;17/04/2026;14/04/2026;Paga;R$ 358,41;R$ 358,41;R$ 358,41;R$ 0,00
1192;825;2742;"=""09312388622""";LEONARDO TEIXEIRA SILVA;PESSOA FISICA;IPVA;"=""2333404322243""";"=""20260000006332""";14117827;Efetivada;10/04/2026 08:22:32;14/04/2026 12:03:51;6;2;25/05/2026;21/05/2026;Paga;R$ 361,98;R$ 362,00;R$ 362,00;R$ 0,00
1192;825;2739;"=""09312388622""";LEONARDO TEIXEIRA SILVA;PESSOA FISICA;IPVA;"=""2009587422208""";"=""20260000006329""";14117800;Efetivada;10/04/2026 08:22:32;14/04/2026 12:03:57;5;1;17/04/2026;14/04/2026;Paga;R$ 380,61;R$ 380,61;R$ 380,61;R$ 0,00
1192;825;2739;"=""09312388622""";LEONARDO TEIXEIRA SILVA;PESSOA FISICA;IPVA;"=""2009587422208""";"=""20260000006329""";14117800;Efetivada;10/04/2026 08:22:32;14/04/2026 12:03:57;5;2;25/05/2026;21/05/2026;Paga;R$ 384,41;R$ 384,43;R$ 384,43;R$ 0,00
1192;825;2741;"=""09312388622""";LEONARDO TEIXEIRA SILVA;PESSOA FISICA;IPVA;"=""2322995422207""";"=""20260000006331""";14117835;Efetivada;10/04/2026 08:22:32;14/04/2026 12:04:04;5;1;17/04/2026;14/04/2026;Paga;R$ 352,10;R$ 352,10;R$ 352,10;R$ 0,00
1192;825;2741;"=""09312388622""";LEONARDO TEIXEIRA SILVA;PESSOA FISICA;IPVA;"=""2322995422207""";"=""20260000006331""";14117835;Efetivada;10/04/2026 08:22:32;14/04/2026 12:04:04;5;2;25/05/2026;21/05/2026;Paga;R$ 355,62;R$ 355,63;R$ 355,63;R$ 0,00
1072;2051;2387;"=""09367645000131""";LOURIMAR LEANDRO DE SOUSA;PESSOA JURIDICA;ICMS;"=""4011304867567""";"=""20260000005483""";13994603;Efetivada;17/03/2026 10:04:03;24/03/2026 18:03:18;43;1;24/03/2026;24/03/2026;Paga;R$ 335,96;R$ 335,96;R$ 335,96;R$ 0,00
1072;2051;2387;"=""09367645000131""";LOURIMAR LEANDRO DE SOUSA;PESSOA JURIDICA;ICMS;"=""4011304867567""";"=""20260000005483""";13994603;Efetivada;17/03/2026 10:04:03;24/03/2026 18:03:18;43;2;27/04/2026;27/04/2026;Paga;R$ 339,30;R$ 339,33;R$ 339,33;R$ 0,00
1072;2051;2387;"=""09367645000131""";LOURIMAR LEANDRO DE SOUSA;PESSOA JURIDICA;ICMS;"=""4011304867567""";"=""20260000005483""";13994603;Efetivada;17/03/2026 10:04:03;24/03/2026 18:03:18;43;3;25/05/2026;19/05/2026;Paga;R$ 339,30;R$ 342,99;R$ 342,99;R$ 0,00
1072;2051;2388;"=""09367645000131""";LOURIMAR LEANDRO DE SOUSA;PESSOA JURIDICA;ICMS;"=""2021075711102""";"=""20260000005484""";13994590;Efetivada;17/03/2026 10:04:03;09/04/2026 12:50:59;1;1;24/03/2026;24/03/2026;Paga;R$ 314,68;R$ 314,68;R$ 314,68;R$ 0,00
432;2010;899;"=""09423004000157""";MULLER'S BRINQUEDOS LTDA;PESSOA JURIDICA;ICMS;"=""4011900163655""";"=""20260000001761""";13767640;Efetivada;12/02/2026 15:19:19;18/02/2026 18:03:20;145;1;19/02/2026;18/02/2026;Paga;R$ 801,84;R$ 801,84;R$ 801,84;R$ 0,00
432;2010;899;"=""09423004000157""";MULLER'S BRINQUEDOS LTDA;PESSOA JURIDICA;ICMS;"=""4011900163655""";"=""20260000001761""";13767640;Efetivada;12/02/2026 15:19:19;18/02/2026 18:03:20;145;2;25/03/2026;25/03/2026;Paga;R$ 809,84;R$ 809,86;R$ 809,86;R$ 0,00
432;2010;899;"=""09423004000157""";MULLER'S BRINQUEDOS LTDA;PESSOA JURIDICA;ICMS;"=""4011900163655""";"=""20260000001761""";13767640;Efetivada;12/02/2026 15:19:19;18/02/2026 18:03:20;145;3;27/04/2026;27/04/2026;Paga;R$ 809,84;R$ 819,56;R$ 819,56;R$ 0,00
432;2010;899;"=""09423004000157""";MULLER'S BRINQUEDOS LTDA;PESSOA JURIDICA;ICMS;"=""4011900163655""";"=""20260000001761""";13767640;Efetivada;12/02/2026 15:19:19;18/02/2026 18:03:20;145;4;25/05/2026;25/05/2026;Paga;R$ 809,84;R$ 828,31;R$ 828,31;R$ 0,00
555;2276;1144;"=""09499610197""";ADEVANDRO ALVES MONTEIRO ;PESSOA FISICA;IPVA;"=""2371851822265""";"=""20260000002337""";13849115;Efetivada;19/02/2026 17:32:02;24/02/2026 18:13:09;5;1;26/02/2026;24/02/2026;Paga;R$ 379,39;R$ 379,39;R$ 379,39;R$ 0,00
555;2276;1144;"=""09499610197""";ADEVANDRO ALVES MONTEIRO ;PESSOA FISICA;IPVA;"=""2371851822265""";"=""20260000002337""";13849115;Efetivada;19/02/2026 17:32:02;24/02/2026 18:13:09;5;2;25/03/2026;10/03/2026;Paga;R$ 383,17;R$ 383,18;R$ 383,18;R$ 0,00
555;2276;1144;"=""09499610197""";ADEVANDRO ALVES MONTEIRO ;PESSOA FISICA;IPVA;"=""2371851822265""";"=""20260000002337""";13849115;Efetivada;19/02/2026 17:32:02;24/02/2026 18:13:09;5;4;25/05/2026;11/05/2026;Paga;R$ 383,17;R$ 391,91;R$ 391,91;R$ 0,00
532;1420;1104;"=""09599574000100""";CONFECÇÃO FELICIDADE LTDA;PESSOA JURIDICA;Pena Pecuniária;"=""2135530800020""";"=""20260000002228""";13805070;Efetivada;18/02/2026 20:42:32;23/02/2026 12:05:51;59;1;25/02/2026;23/02/2026;Paga;R$ 333,00;R$ 333,00;R$ 333,00;R$ 0,00
532;1420;1104;"=""09599574000100""";CONFECÇÃO FELICIDADE LTDA;PESSOA JURIDICA;Pena Pecuniária;"=""2135530800020""";"=""20260000002228""";13805070;Efetivada;18/02/2026 20:42:32;23/02/2026 12:05:51;59;2;25/03/2026;24/03/2026;Paga;R$ 336,32;R$ 336,33;R$ 336,33;R$ 0,00
532;1420;1104;"=""09599574000100""";CONFECÇÃO FELICIDADE LTDA;PESSOA JURIDICA;Pena Pecuniária;"=""2135530800020""";"=""20260000002228""";13805070;Efetivada;18/02/2026 20:42:32;23/02/2026 12:05:51;59;3;27/04/2026;20/04/2026;Paga;R$ 336,32;R$ 340,36;R$ 340,36;R$ 0,00
532;1420;1104;"=""09599574000100""";CONFECÇÃO FELICIDADE LTDA;PESSOA JURIDICA;Pena Pecuniária;"=""2135530800020""";"=""20260000002228""";13805070;Efetivada;18/02/2026 20:42:32;23/02/2026 12:05:51;59;4;25/05/2026;20/05/2026;Paga;R$ 336,32;R$ 343,99;R$ 343,99;R$ 0,00
1234;3613;2880;"=""09659963440""";JOCELIO WALTER SANTOS NUNES;PESSOA FISICA;IPVA;"=""2314107722275""";"=""20260000006618""";14176270;Efetivada;24/04/2026 12:49:33;01/05/2026 12:02:09;1;1;30/04/2026;30/04/2026;Paga;R$ 197,84;R$ 197,84;R$ 197,84;R$ 0,00
1234;3613;2881;"=""09659963440""";JOCELIO WALTER SANTOS NUNES;PESSOA FISICA;IPVA;"=""2386806122207""";"=""20260000006619""";14176289;Efetivada;24/04/2026 12:49:33;01/05/2026 12:02:21;1;1;30/04/2026;30/04/2026;Paga;R$ 238,62;R$ 238,62;R$ 238,62;R$ 0,00
589;2260;1227;"=""09945927795""";MARIELI PONTES MONSORES;PESSOA FISICA;IPVA;"=""2342178022204""";"=""20260000002529""";13830457;Efetivada;20/02/2026 18:52:55;25/02/2026 18:03:52;4;1;27/02/2026;25/02/2026;Paga;R$ 407,00;R$ 407,00;R$ 407,00;R$ 0,00
589;2260;1227;"=""09945927795""";MARIELI PONTES MONSORES;PESSOA FISICA;IPVA;"=""2342178022204""";"=""20260000002529""";13830457;Efetivada;20/02/2026 18:52:55;25/02/2026 18:03:52;4;2;25/03/2026;31/03/2026;Paga;R$ 411,07;R$ 419,21;R$ 419,21;R$ 0,00
589;2260;1227;"=""09945927795""";MARIELI PONTES MONSORES;PESSOA FISICA;IPVA;"=""2342178022204""";"=""20260000002529""";13830457;Efetivada;20/02/2026 18:52:55;25/02/2026 18:03:52;4;3;27/04/2026;30/04/2026;Paga;R$ 411,07;R$ 420,11;R$ 420,11;R$ 0,00
589;2260;1227;"=""09945927795""";MARIELI PONTES MONSORES;PESSOA FISICA;IPVA;"=""2342178022204""";"=""20260000002529""";13830457;Efetivada;20/02/2026 18:52:55;25/02/2026 18:03:52;4;4;25/05/2026;29/05/2026;Paga;R$ 411,07;R$ 425,98;R$ 425,98;R$ 0,00
83;985;181;"=""10144552191""";WILER MONTEIRO DE SOUZA;PESSOA FISICA;IPVA;"=""2329489522201""";"=""20260000000138""";13663682;Efetivada;03/02/2026 11:14:01;05/02/2026 18:03:28;4;2;25/03/2026;24/03/2026;Paga;R$ 399,82;R$ 399,84;R$ 399,84;R$ 0,00
83;985;181;"=""10144552191""";WILER MONTEIRO DE SOUZA;PESSOA FISICA;IPVA;"=""2329489522201""";"=""20260000000138""";13663682;Efetivada;03/02/2026 11:14:01;05/02/2026 18:03:28;4;3;27/04/2026;27/04/2026;Paga;R$ 399,82;R$ 404,63;R$ 404,63;R$ 0,00
83;985;181;"=""10144552191""";WILER MONTEIRO DE SOUZA;PESSOA FISICA;IPVA;"=""2329489522201""";"=""20260000000138""";13663682;Efetivada;03/02/2026 11:14:01;05/02/2026 18:03:28;4;4;25/05/2026;27/05/2026;Paga;R$ 399,82;R$ 411,65;R$ 411,65;R$ 0,00
1040;1715;2293;"=""10417945000167""";RODOLFO DE PAULO PEREIRA;PESSOA JURIDICA;ICMS;"=""2009638011153""";"=""20260000005296""";13969684;Efetivada;12/03/2026 09:56:57;13/03/2026 12:10:52;22;1;19/03/2026;13/03/2026;Paga;R$ 340,67;R$ 340,67;R$ 340,67;R$ 0,00
1040;1715;2293;"=""10417945000167""";RODOLFO DE PAULO PEREIRA;PESSOA JURIDICA;ICMS;"=""2009638011153""";"=""20260000005296""";13969684;Efetivada;12/03/2026 09:56:57;13/03/2026 12:10:52;22;2;27/04/2026;27/04/2026;Paga;R$ 344,06;R$ 344,08;R$ 344,08;R$ 0,00
1040;1715;2293;"=""10417945000167""";RODOLFO DE PAULO PEREIRA;PESSOA JURIDICA;ICMS;"=""2009638011153""";"=""20260000005296""";13969684;Efetivada;12/03/2026 09:56:57;13/03/2026 12:10:52;22;3;25/05/2026;25/05/2026;Paga;R$ 344,06;R$ 347,79;R$ 347,79;R$ 0,00
1040;1715;2291;"=""10417945000167""";RODOLFO DE PAULO PEREIRA;PESSOA JURIDICA;ICMS;"=""4011601532837""";"=""20260000005294""";13969692;Efetivada;12/03/2026 09:56:57;13/03/2026 12:10:59;145;1;19/03/2026;13/03/2026;Paga;R$ 929,55;R$ 929,55;R$ 929,55;R$ 0,00
1040;1715;2291;"=""10417945000167""";RODOLFO DE PAULO PEREIRA;PESSOA JURIDICA;ICMS;"=""4011601532837""";"=""20260000005294""";13969692;Efetivada;12/03/2026 09:56:57;13/03/2026 12:10:59;145;2;27/04/2026;27/04/2026;Paga;R$ 938,82;R$ 938,85;R$ 938,85;R$ 0,00
1040;1715;2291;"=""10417945000167""";RODOLFO DE PAULO PEREIRA;PESSOA JURIDICA;ICMS;"=""4011601532837""";"=""20260000005294""";13969692;Efetivada;12/03/2026 09:56:57;13/03/2026 12:10:59;145;3;25/05/2026;25/05/2026;Paga;R$ 938,82;R$ 948,98;R$ 948,98;R$ 0,00
1040;1715;2292;"=""10417945000167""";RODOLFO DE PAULO PEREIRA;PESSOA JURIDICA;ICMS;"=""4011701647687""";"=""20260000005295""";13969714;Efetivada;12/03/2026 09:56:57;13/03/2026 12:11:05;145;1;19/03/2026;13/03/2026;Paga;R$ 586,32;R$ 586,32;R$ 586,32;R$ 0,00
1040;1715;2292;"=""10417945000167""";RODOLFO DE PAULO PEREIRA;PESSOA JURIDICA;ICMS;"=""4011701647687""";"=""20260000005295""";13969714;Efetivada;12/03/2026 09:56:57;13/03/2026 12:11:05;145;2;27/04/2026;27/04/2026;Paga;R$ 592,16;R$ 592,18;R$ 592,18;R$ 0,00
1040;1715;2292;"=""10417945000167""";RODOLFO DE PAULO PEREIRA;PESSOA JURIDICA;ICMS;"=""4011701647687""";"=""20260000005295""";13969714;Efetivada;12/03/2026 09:56:57;13/03/2026 12:11:05;145;3;25/05/2026;25/05/2026;Paga;R$ 592,16;R$ 598,57;R$ 598,57;R$ 0,00
1040;1715;2294;"=""10417945000167""";RODOLFO DE PAULO PEREIRA;PESSOA JURIDICA;ICMS;"=""2009637911100""";"=""20260000005297""";13969706;Efetivada;12/03/2026 09:56:57;18/03/2026 18:05:46;84;1;19/03/2026;18/03/2026;Paga;R$ 333,25;R$ 333,25;R$ 333,25;R$ 0,00
1040;1715;2294;"=""10417945000167""";RODOLFO DE PAULO PEREIRA;PESSOA JURIDICA;ICMS;"=""2009637911100""";"=""20260000005297""";13969706;Efetivada;12/03/2026 09:56:57;18/03/2026 18:05:46;84;2;27/04/2026;27/04/2026;Paga;R$ 336,57;R$ 336,58;R$ 336,58;R$ 0,00
1040;1715;2294;"=""10417945000167""";RODOLFO DE PAULO PEREIRA;PESSOA JURIDICA;ICMS;"=""2009637911100""";"=""20260000005297""";13969706;Efetivada;12/03/2026 09:56:57;18/03/2026 18:05:46;84;3;25/05/2026;25/05/2026;Paga;R$ 336,57;R$ 340,21;R$ 340,21;R$ 0,00
668;2518;1412;"=""10625733665""";VIGMAR VALERIO DA SILVA JUNIOR;PESSOA FISICA;IPVA;"=""2319133222218""";"=""20260000002992""";13849883;Efetivada;24/02/2026 12:01:07;25/02/2026 06:10:27;1;1;27/02/2026;24/02/2026;Paga;R$ 959,19;R$ 959,19;R$ 959,19;R$ 0,00
668;2518;1413;"=""10625733665""";VIGMAR VALERIO DA SILVA JUNIOR;PESSOA FISICA;IPVA;"=""2392596522276""";"=""20260000002993""";13849891;Efetivada;24/02/2026 12:01:07;25/02/2026 06:10:34;1;1;27/02/2026;24/02/2026;Paga;R$ 1.354,28;R$ 1.354,28;R$ 1.354,28;R$ 0,00
1305;665;3039;"=""10742290000100""";LEGITIMA COMERCIO DE PECAS LTDA - ME;PESSOA JURIDICA;ICMS;"=""2005703011172""";"=""20260000007310""";14270374;Efetivada;19/05/2026 11:44:37;22/05/2026 18:01:40;145;1;26/05/2026;22/05/2026;Paga;R$ 370,45;R$ 370,45;R$ 370,45;R$ 0,00
1305;665;3038;"=""10742290000100""";LEGITIMA COMERCIO DE PECAS LTDA - ME;PESSOA JURIDICA;ICMS;"=""2145350100044""";"=""20260000007309""";14270382;Efetivada;19/05/2026 11:44:37;22/05/2026 18:01:47;145;1;26/05/2026;22/05/2026;Paga;R$ 761,48;R$ 761,48;R$ 761,48;R$ 0,00
1305;665;3041;"=""10742290000100""";LEGITIMA COMERCIO DE PECAS LTDA - ME;PESSOA JURIDICA;ICMS;"=""4011901244276""";"=""20260000007312""";14270404;Efetivada;19/05/2026 11:44:37;22/05/2026 18:01:53;145;1;26/05/2026;22/05/2026;Paga;R$ 664,34;R$ 664,34;R$ 664,34;R$ 0,00
1305;665;3040;"=""10742290000100""";LEGITIMA COMERCIO DE PECAS LTDA - ME;PESSOA JURIDICA;ICMS;"=""2005796911128""";"=""20260000007311""";14270390;Efetivada;19/05/2026 11:44:37;22/05/2026 18:02:07;145;1;26/05/2026;22/05/2026;Paga;R$ 337,65;R$ 337,65;R$ 337,65;R$ 0,00
1271;3766;2958;"=""10935696000100"""; NDS SUPERMERCADO LTDA ;PESSOA JURIDICA;ICMS;"=""4021800150036""";"=""20260000006859""";14218470;Efetivada;05/05/2026 16:51:07;12/05/2026 12:00:33;145;1;12/05/2026;11/05/2026;Paga;R$ 1.750,52;R$ 1.750,52;R$ 1.750,52;R$ 0,00
1271;3766;2960;"=""10935696000100"""; NDS SUPERMERCADO LTDA ;PESSOA JURIDICA;ICMS;"=""4021800148210""";"=""20260000006861""";14218488;Efetivada;05/05/2026 16:51:07;12/05/2026 12:00:40;145;1;12/05/2026;11/05/2026;Paga;R$ 767,31;R$ 767,31;R$ 767,31;R$ 0,00
1271;3766;2961;"=""10935696000100"""; NDS SUPERMERCADO LTDA ;PESSOA JURIDICA;ICMS;"=""4021800151008""";"=""20260000006862""";14218496;Efetivada;05/05/2026 16:51:07;12/05/2026 12:00:47;145;1;12/05/2026;11/05/2026;Paga;R$ 2.143,76;R$ 2.143,76;R$ 2.143,76;R$ 0,00
1271;3766;2962;"=""10935696000100"""; NDS SUPERMERCADO LTDA ;PESSOA JURIDICA;ICMS;"=""4021800147590""";"=""20260000006863""";14218500;Efetivada;05/05/2026 16:51:07;12/05/2026 12:00:53;145;1;12/05/2026;11/05/2026;Paga;R$ 446,40;R$ 446,40;R$ 446,40;R$ 0,00
1271;3766;2959;"=""10935696000100"""; NDS SUPERMERCADO LTDA ;PESSOA JURIDICA;ICMS;"=""4011900123432""";"=""20260000006860""";14218518;Efetivada;05/05/2026 16:51:07;12/05/2026 12:01:00;145;1;12/05/2026;11/05/2026;Paga;R$ 343,43;R$ 343,43;R$ 343,43;R$ 0,00
1271;3766;2963;"=""10935696000100"""; NDS SUPERMERCADO LTDA ;PESSOA JURIDICA;ICMS;"=""4012300030210""";"=""20260000006864""";14218526;Efetivada;05/05/2026 16:51:07;12/05/2026 12:01:07;14;1;12/05/2026;11/05/2026;Paga;R$ 348,70;R$ 348,70;R$ 348,70;R$ 0,00
744;2371;1598;"=""11212377000120""";LEONARDO TRINDADE TEIXEIRA LTDA;PESSOA JURIDICA;ICMS;"=""4011901707047""";"=""20260000003617""";13873385;Efetivada;26/02/2026 13:04:26;27/02/2026 12:08:25;145;1;27/02/2026;27/02/2026;Paga;R$ 437,37;R$ 437,37;R$ 437,37;R$ 0,00
744;2371;1598;"=""11212377000120""";LEONARDO TRINDADE TEIXEIRA LTDA;PESSOA JURIDICA;ICMS;"=""4011901707047""";"=""20260000003617""";13873385;Efetivada;26/02/2026 13:04:26;27/02/2026 12:08:25;145;2;25/03/2026;25/03/2026;Paga;R$ 441,73;R$ 441,75;R$ 441,75;R$ 0,00
744;2371;1598;"=""11212377000120""";LEONARDO TRINDADE TEIXEIRA LTDA;PESSOA JURIDICA;ICMS;"=""4011901707047""";"=""20260000003617""";13873385;Efetivada;26/02/2026 13:04:26;27/02/2026 12:08:25;145;3;27/04/2026;27/04/2026;Paga;R$ 441,73;R$ 447,04;R$ 447,04;R$ 0,00
744;2371;1598;"=""11212377000120""";LEONARDO TRINDADE TEIXEIRA LTDA;PESSOA JURIDICA;ICMS;"=""4011901707047""";"=""20260000003617""";13873385;Efetivada;26/02/2026 13:04:26;27/02/2026 12:08:25;145;4;25/05/2026;25/05/2026;Paga;R$ 441,73;R$ 451,80;R$ 451,80;R$ 0,00
744;2371;1596;"=""11212377000120""";LEONARDO TRINDADE TEIXEIRA LTDA;PESSOA JURIDICA;ICMS;"=""2017478211100""";"=""20260000003615""";13873350;Efetivada;26/02/2026 13:04:26;27/02/2026 12:08:27;43;1;27/02/2026;27/02/2026;Paga;R$ 330,29;R$ 330,29;R$ 330,29;R$ 0,00
744;2371;1596;"=""11212377000120""";LEONARDO TRINDADE TEIXEIRA LTDA;PESSOA JURIDICA;ICMS;"=""2017478211100""";"=""20260000003615""";13873350;Efetivada;26/02/2026 13:04:26;27/02/2026 12:08:27;43;2;25/03/2026;25/03/2026;Paga;R$ 333,59;R$ 333,59;R$ 333,59;R$ 0,00
744;2371;1596;"=""11212377000120""";LEONARDO TRINDADE TEIXEIRA LTDA;PESSOA JURIDICA;ICMS;"=""2017478211100""";"=""20260000003615""";13873350;Efetivada;26/02/2026 13:04:26;27/02/2026 12:08:27;43;3;27/04/2026;27/04/2026;Paga;R$ 333,59;R$ 337,59;R$ 337,59;R$ 0,00
744;2371;1596;"=""11212377000120""";LEONARDO TRINDADE TEIXEIRA LTDA;PESSOA JURIDICA;ICMS;"=""2017478211100""";"=""20260000003615""";13873350;Efetivada;26/02/2026 13:04:26;27/02/2026 12:08:27;43;4;25/05/2026;25/05/2026;Paga;R$ 333,59;R$ 341,19;R$ 341,19;R$ 0,00
744;2371;1597;"=""11212377000120""";LEONARDO TRINDADE TEIXEIRA LTDA;PESSOA JURIDICA;ICMS;"=""2017478111148""";"=""20260000003616""";13873377;Efetivada;26/02/2026 13:04:26;27/02/2026 12:08:32;41;1;27/02/2026;27/02/2026;Paga;R$ 337,97;R$ 337,97;R$ 337,97;R$ 0,00
744;2371;1597;"=""11212377000120""";LEONARDO TRINDADE TEIXEIRA LTDA;PESSOA JURIDICA;ICMS;"=""2017478111148""";"=""20260000003616""";13873377;Efetivada;26/02/2026 13:04:26;27/02/2026 12:08:32;41;2;25/03/2026;25/03/2026;Paga;R$ 341,34;R$ 341,35;R$ 341,35;R$ 0,00
744;2371;1597;"=""11212377000120""";LEONARDO TRINDADE TEIXEIRA LTDA;PESSOA JURIDICA;ICMS;"=""2017478111148""";"=""20260000003616""";13873377;Efetivada;26/02/2026 13:04:26;27/02/2026 12:08:32;41;3;27/04/2026;27/04/2026;Paga;R$ 341,34;R$ 345,44;R$ 345,44;R$ 0,00
744;2371;1597;"=""11212377000120""";LEONARDO TRINDADE TEIXEIRA LTDA;PESSOA JURIDICA;ICMS;"=""2017478111148""";"=""20260000003616""";13873377;Efetivada;26/02/2026 13:04:26;27/02/2026 12:08:32;41;4;25/05/2026;25/05/2026;Paga;R$ 341,34;R$ 349,12;R$ 349,12;R$ 0,00
744;2371;1600;"=""11212377000120""";LEONARDO TRINDADE TEIXEIRA LTDA;PESSOA JURIDICA;ICMS;"=""2017478011194""";"=""20260000003619""";13873393;Efetivada;26/02/2026 13:04:26;27/02/2026 12:08:34;42;1;27/02/2026;27/02/2026;Paga;R$ 337,72;R$ 337,72;R$ 337,72;R$ 0,00
744;2371;1600;"=""11212377000120""";LEONARDO TRINDADE TEIXEIRA LTDA;PESSOA JURIDICA;ICMS;"=""2017478011194""";"=""20260000003619""";13873393;Efetivada;26/02/2026 13:04:26;27/02/2026 12:08:34;42;2;25/03/2026;25/03/2026;Paga;R$ 341,09;R$ 341,10;R$ 341,10;R$ 0,00
744;2371;1600;"=""11212377000120""";LEONARDO TRINDADE TEIXEIRA LTDA;PESSOA JURIDICA;ICMS;"=""2017478011194""";"=""20260000003619""";13873393;Efetivada;26/02/2026 13:04:26;27/02/2026 12:08:34;42;3;27/04/2026;27/04/2026;Paga;R$ 341,09;R$ 345,19;R$ 345,19;R$ 0,00
744;2371;1600;"=""11212377000120""";LEONARDO TRINDADE TEIXEIRA LTDA;PESSOA JURIDICA;ICMS;"=""2017478011194""";"=""20260000003619""";13873393;Efetivada;26/02/2026 13:04:26;27/02/2026 12:08:34;42;4;25/05/2026;25/05/2026;Paga;R$ 341,09;R$ 348,86;R$ 348,86;R$ 0,00
744;2371;1599;"=""11212377000120""";LEONARDO TRINDADE TEIXEIRA LTDA;PESSOA JURIDICA;ICMS;"=""4012000479425""";"=""20260000003618""";13873369;Efetivada;26/02/2026 13:04:26;27/02/2026 12:08:40;145;1;27/02/2026;27/02/2026;Paga;R$ 685,35;R$ 685,35;R$ 685,35;R$ 0,00
744;2371;1599;"=""11212377000120""";LEONARDO TRINDADE TEIXEIRA LTDA;PESSOA JURIDICA;ICMS;"=""4012000479425""";"=""20260000003618""";13873369;Efetivada;26/02/2026 13:04:26;27/02/2026 12:08:40;145;2;25/03/2026;25/03/2026;Paga;R$ 692,20;R$ 692,20;R$ 692,20;R$ 0,00
744;2371;1599;"=""11212377000120""";LEONARDO TRINDADE TEIXEIRA LTDA;PESSOA JURIDICA;ICMS;"=""4012000479425""";"=""20260000003618""";13873369;Efetivada;26/02/2026 13:04:26;27/02/2026 12:08:40;145;3;27/04/2026;27/04/2026;Paga;R$ 692,20;R$ 700,50;R$ 700,50;R$ 0,00
744;2371;1599;"=""11212377000120""";LEONARDO TRINDADE TEIXEIRA LTDA;PESSOA JURIDICA;ICMS;"=""4012000479425""";"=""20260000003618""";13873369;Efetivada;26/02/2026 13:04:26;27/02/2026 12:08:40;145;4;25/05/2026;25/05/2026;Paga;R$ 692,20;R$ 707,97;R$ 707,97;R$ 0,00
735;2649;1585;"=""11479769000150""";MULT PECAS COMERCIO DE PECAS E ACESSORIOS LTDA;PESSOA JURIDICA;ICMS;"=""4011601907156""";"=""20260000003451""";13884093;Efetivada;25/02/2026 17:57:34;28/02/2026 06:08:26;145;1;27/02/2026;27/02/2026;Paga;R$ 418,38;R$ 418,38;R$ 418,38;R$ 0,00
735;2649;1585;"=""11479769000150""";MULT PECAS COMERCIO DE PECAS E ACESSORIOS LTDA;PESSOA JURIDICA;ICMS;"=""4011601907156""";"=""20260000003451""";13884093;Efetivada;25/02/2026 17:57:34;28/02/2026 06:08:26;145;2;25/03/2026;16/03/2026;Paga;R$ 422,55;R$ 422,56;R$ 422,56;R$ 0,00
735;2649;1585;"=""11479769000150""";MULT PECAS COMERCIO DE PECAS E ACESSORIOS LTDA;PESSOA JURIDICA;ICMS;"=""4011601907156""";"=""20260000003451""";13884093;Efetivada;25/02/2026 17:57:34;28/02/2026 06:08:26;145;3;27/04/2026;16/04/2026;Paga;R$ 422,55;R$ 427,63;R$ 427,63;R$ 0,00
735;2649;1585;"=""11479769000150""";MULT PECAS COMERCIO DE PECAS E ACESSORIOS LTDA;PESSOA JURIDICA;ICMS;"=""4011601907156""";"=""20260000003451""";13884093;Efetivada;25/02/2026 17:57:34;28/02/2026 06:08:26;145;4;25/05/2026;21/05/2026;Paga;R$ 422,55;R$ 432,18;R$ 432,18;R$ 0,00
612;1992;1274;"=""11525147000111""";ALMEIDA BRASIL AUTO PEÇAS LTDA;PESSOA JURIDICA;Pena Pecuniária;"=""2136157200009""";"=""20260000002663""";13834355;Efetivada;23/02/2026 10:02:39;27/02/2026 18:02:16;64;1;27/02/2026;27/02/2026;Paga;R$ 330,44;R$ 330,44;R$ 330,44;R$ 0,00
295;1633;641;"=""11689440660""";SINDY DE OLIVEIRA LOPES;PESSOA FISICA;IPVA;"=""2291717222222""";"=""20260000001182""";13757334;Efetivada;09/02/2026 12:20:43;12/02/2026 18:07:06;1;1;18/02/2026;12/02/2026;Paga;R$ 208,99;R$ 208,99;R$ 208,99;R$ 0,00
295;1633;642;"=""11689440660""";SINDY DE OLIVEIRA LOPES;PESSOA FISICA;IPVA;"=""2373114422287""";"=""20260000001183""";13757342;Efetivada;09/02/2026 12:20:43;12/02/2026 18:07:06;1;1;18/02/2026;12/02/2026;Paga;R$ 257,60;R$ 257,60;R$ 257,60;R$ 0,00
1204;335;2793;"=""11954210000135""";PEDREIRA CAMPO LIMPO LTDA.;PESSOA JURIDICA;ICMS;"=""4012200982597""";"=""20260000006436""";14130165;Efetivada;13/04/2026 16:29:40;16/04/2026 12:06:05;120;1;20/04/2026;16/04/2026;Paga;R$ 541,72;R$ 541,72;R$ 541,72;R$ 0,00
1204;335;2793;"=""11954210000135""";PEDREIRA CAMPO LIMPO LTDA.;PESSOA JURIDICA;ICMS;"=""4012200982597""";"=""20260000006436""";14130165;Efetivada;13/04/2026 16:29:40;16/04/2026 12:06:05;120;2;25/05/2026;22/05/2026;Paga;R$ 547,13;R$ 547,13;R$ 547,13;R$ 0,00
1204;335;2801;"=""11954210000135""";PEDREIRA CAMPO LIMPO LTDA.;PESSOA JURIDICA;ICMS;"=""4012001105715""";"=""20260000006444""";14130190;Efetivada;13/04/2026 16:29:40;16/04/2026 12:06:12;120;1;20/04/2026;16/04/2026;Paga;R$ 426,29;R$ 426,29;R$ 426,29;R$ 0,00
1204;335;2801;"=""11954210000135""";PEDREIRA CAMPO LIMPO LTDA.;PESSOA JURIDICA;ICMS;"=""4012001105715""";"=""20260000006444""";14130190;Efetivada;13/04/2026 16:29:40;16/04/2026 12:06:12;120;2;25/05/2026;22/05/2026;Paga;R$ 430,54;R$ 430,56;R$ 430,56;R$ 0,00
1204;335;2800;"=""11954210000135""";PEDREIRA CAMPO LIMPO LTDA.;PESSOA JURIDICA;ICMS;"=""2228020300020""";"=""20260000006443""";14130181;Efetivada;13/04/2026 16:29:40;16/04/2026 12:06:19;47;1;20/04/2026;16/04/2026;Paga;R$ 333,31;R$ 333,31;R$ 333,31;R$ 0,00
1204;335;2800;"=""11954210000135""";PEDREIRA CAMPO LIMPO LTDA.;PESSOA JURIDICA;ICMS;"=""2228020300020""";"=""20260000006443""";14130181;Efetivada;13/04/2026 16:29:40;16/04/2026 12:06:19;47;2;25/05/2026;22/05/2026;Paga;R$ 336,64;R$ 336,64;R$ 336,64;R$ 0,00
1204;335;2796;"=""11954210000135""";PEDREIRA CAMPO LIMPO LTDA.;PESSOA JURIDICA;ICMS;"=""2144355300060""";"=""20260000006439""";14130173;Efetivada;13/04/2026 16:29:40;16/04/2026 12:06:26;115;1;20/04/2026;16/04/2026;Paga;R$ 330,53;R$ 330,53;R$ 330,53;R$ 0,00
1204;335;2796;"=""11954210000135""";PEDREIRA CAMPO LIMPO LTDA.;PESSOA JURIDICA;ICMS;"=""2144355300060""";"=""20260000006439""";14130173;Efetivada;13/04/2026 16:29:40;16/04/2026 12:06:26;115;2;25/05/2026;22/05/2026;Paga;R$ 333,83;R$ 333,83;R$ 333,83;R$ 0,00
1204;335;2798;"=""11954210000135""";PEDREIRA CAMPO LIMPO LTDA.;PESSOA JURIDICA;ICMS;"=""4012100151480""";"=""20260000006441""";14130238;Efetivada;13/04/2026 16:29:40;16/04/2026 12:06:33;72;1;20/04/2026;16/04/2026;Paga;R$ 330,73;R$ 330,73;R$ 330,73;R$ 0,00
1204;335;2798;"=""11954210000135""";PEDREIRA CAMPO LIMPO LTDA.;PESSOA JURIDICA;ICMS;"=""4012100151480""";"=""20260000006441""";14130238;Efetivada;13/04/2026 16:29:40;16/04/2026 12:06:33;72;2;25/05/2026;22/05/2026;Paga;R$ 334,03;R$ 334,04;R$ 334,04;R$ 0,00
1204;335;2799;"=""11954210000135""";PEDREIRA CAMPO LIMPO LTDA.;PESSOA JURIDICA;ICMS;"=""4012000609574""";"=""20260000006442""";14130246;Efetivada;13/04/2026 16:29:40;16/04/2026 12:06:40;75;1;20/04/2026;16/04/2026;Paga;R$ 333,43;R$ 333,43;R$ 333,43;R$ 0,00
1204;335;2799;"=""11954210000135""";PEDREIRA CAMPO LIMPO LTDA.;PESSOA JURIDICA;ICMS;"=""4012000609574""";"=""20260000006442""";14130246;Efetivada;13/04/2026 16:29:40;16/04/2026 12:06:40;75;2;25/05/2026;22/05/2026;Paga;R$ 336,76;R$ 336,76;R$ 336,76;R$ 0,00
1204;335;2795;"=""11954210000135""";PEDREIRA CAMPO LIMPO LTDA.;PESSOA JURIDICA;ICMS;"=""2227794200082""";"=""20260000006438""";14130211;Efetivada;13/04/2026 16:29:40;16/04/2026 12:06:47;7;1;20/04/2026;16/04/2026;Paga;R$ 361,25;R$ 361,25;R$ 361,25;R$ 0,00
1204;335;2795;"=""11954210000135""";PEDREIRA CAMPO LIMPO LTDA.;PESSOA JURIDICA;ICMS;"=""2227794200082""";"=""20260000006438""";14130211;Efetivada;13/04/2026 16:29:40;16/04/2026 12:06:47;7;2;25/05/2026;22/05/2026;Paga;R$ 364,85;R$ 364,86;R$ 364,86;R$ 0,00
1204;335;2794;"=""11954210000135""";PEDREIRA CAMPO LIMPO LTDA.;PESSOA JURIDICA;ICMS;"=""2141385400076""";"=""20260000006437""";14130203;Efetivada;13/04/2026 16:29:40;16/04/2026 12:06:54;112;1;20/04/2026;16/04/2026;Paga;R$ 332,76;R$ 332,76;R$ 332,76;R$ 0,00
1204;335;2794;"=""11954210000135""";PEDREIRA CAMPO LIMPO LTDA.;PESSOA JURIDICA;ICMS;"=""2141385400076""";"=""20260000006437""";14130203;Efetivada;13/04/2026 16:29:40;16/04/2026 12:06:54;112;2;25/05/2026;22/05/2026;Paga;R$ 336,08;R$ 336,09;R$ 336,09;R$ 0,00
1204;335;2797;"=""11954210000135""";PEDREIRA CAMPO LIMPO LTDA.;PESSOA JURIDICA;ICMS;"=""2156102500013""";"=""20260000006440""";14130220;Efetivada;13/04/2026 16:29:40;16/04/2026 12:07:00;29;1;20/04/2026;16/04/2026;Paga;R$ 331,99;R$ 331,99;R$ 331,99;R$ 0,00
1204;335;2797;"=""11954210000135""";PEDREIRA CAMPO LIMPO LTDA.;PESSOA JURIDICA;ICMS;"=""2156102500013""";"=""20260000006440""";14130220;Efetivada;13/04/2026 16:29:40;16/04/2026 12:07:00;29;2;25/05/2026;22/05/2026;Paga;R$ 335,30;R$ 335,31;R$ 335,31;R$ 0,00
409;1612;872;"=""12150537000117""";TICO MOTOS E AUTOS LTDA;PESSOA JURIDICA;Pena Pecuniária;"=""4011901512548""";"=""20260000001697""";13762524;Efetivada;12/02/2026 10:40:14;12/02/2026 18:08:33;1;1;19/02/2026;12/02/2026;Paga;R$ 461,34;R$ 461,34;R$ 461,34;R$ 0,00
409;1612;870;"=""12150537000117""";TICO MOTOS E AUTOS LTDA;PESSOA JURIDICA;Pena Pecuniária;"=""4011901512629""";"=""20260000001695""";13762508;Efetivada;12/02/2026 10:40:14;12/02/2026 18:08:39;1;1;19/02/2026;12/02/2026;Paga;R$ 412,31;R$ 412,31;R$ 412,31;R$ 0,00
409;1612;874;"=""12150537000117""";TICO MOTOS E AUTOS LTDA;PESSOA JURIDICA;Pena Pecuniária;"=""4011901512386""";"=""20260000001699""";13762540;Efetivada;12/02/2026 10:40:14;12/02/2026 18:08:39;35;1;19/02/2026;12/02/2026;Paga;R$ 334,91;R$ 334,91;R$ 334,91;R$ 0,00
409;1612;874;"=""12150537000117""";TICO MOTOS E AUTOS LTDA;PESSOA JURIDICA;Pena Pecuniária;"=""4011901512386""";"=""20260000001699""";13762540;Efetivada;12/02/2026 10:40:14;12/02/2026 18:08:39;35;2;25/03/2026;19/03/2026;Paga;R$ 338,25;R$ 338,25;R$ 338,25;R$ 0,00
409;1612;874;"=""12150537000117""";TICO MOTOS E AUTOS LTDA;PESSOA JURIDICA;Pena Pecuniária;"=""4011901512386""";"=""20260000001699""";13762540;Efetivada;12/02/2026 10:40:14;12/02/2026 18:08:39;35;3;27/04/2026;24/04/2026;Paga;R$ 338,25;R$ 342,31;R$ 342,31;R$ 0,00
409;1612;874;"=""12150537000117""";TICO MOTOS E AUTOS LTDA;PESSOA JURIDICA;Pena Pecuniária;"=""4011901512386""";"=""20260000001699""";13762540;Efetivada;12/02/2026 10:40:14;12/02/2026 18:08:39;35;4;25/05/2026;25/05/2026;Paga;R$ 338,25;R$ 345,96;R$ 345,96;R$ 0,00
409;1612;871;"=""12150537000117""";TICO MOTOS E AUTOS LTDA;PESSOA JURIDICA;Pena Pecuniária;"=""4011901512467""";"=""20260000001696""";13762516;Efetivada;12/02/2026 10:40:14;12/02/2026 18:08:46;3;1;19/02/2026;12/02/2026;Paga;R$ 412,45;R$ 412,45;R$ 412,45;R$ 0,00
409;1612;871;"=""12150537000117""";TICO MOTOS E AUTOS LTDA;PESSOA JURIDICA;Pena Pecuniária;"=""4011901512467""";"=""20260000001696""";13762516;Efetivada;12/02/2026 10:40:14;12/02/2026 18:08:46;3;2;25/03/2026;19/03/2026;Paga;R$ 416,56;R$ 416,59;R$ 416,59;R$ 0,00
409;1612;871;"=""12150537000117""";TICO MOTOS E AUTOS LTDA;PESSOA JURIDICA;Pena Pecuniária;"=""4011901512467""";"=""20260000001696""";13762516;Efetivada;12/02/2026 10:40:14;12/02/2026 18:08:46;3;3;27/04/2026;24/04/2026;Paga;R$ 416,56;R$ 421,58;R$ 421,58;R$ 0,00
409;1612;873;"=""12150537000117""";TICO MOTOS E AUTOS LTDA;PESSOA JURIDICA;Pena Pecuniária;"=""4011901510928""";"=""20260000001698""";13762532;Efetivada;12/02/2026 10:40:14;12/02/2026 18:08:46;1;1;19/02/2026;12/02/2026;Paga;R$ 329,86;R$ 329,86;R$ 329,86;R$ 0,00
251;1324;556;"=""12210057000285""";ARAGUAIA TRANSPORTE E LOGISTICA LTDA;PESSOA JURIDICA;ICMS;"=""4011201619005""";"=""20260000000962""";13712691;Efetivada;06/02/2026 14:59:21;09/02/2026 12:10:13;120;4;25/05/2026;13/05/2026;Paga;R$ 385,52;R$ 394,31;R$ 394,31;R$ 0,00
251;1324;557;"=""12210057000285""";ARAGUAIA TRANSPORTE E LOGISTICA LTDA;PESSOA JURIDICA;ICMS;"=""4011104286374""";"=""20260000000963""";13712705;Efetivada;06/02/2026 14:59:21;09/02/2026 12:10:20;120;4;25/05/2026;13/05/2026;Paga;R$ 799,42;R$ 817,64;R$ 817,64;R$ 0,00
251;1324;558;"=""12210057000285""";ARAGUAIA TRANSPORTE E LOGISTICA LTDA;PESSOA JURIDICA;ICMS;"=""4011202912784""";"=""20260000000964""";13712721;Efetivada;06/02/2026 14:59:21;09/02/2026 12:10:20;120;4;25/05/2026;13/05/2026;Paga;R$ 562,71;R$ 575,53;R$ 575,53;R$ 0,00
1010;3045;2194;"=""12326934000105""";"LATICINIO SAO FRANCISCO LTDA ""FALÊNCIA""";PESSOA JURIDICA;IPVA;"=""2037460122223""";"=""20260000005094""";13956671;Efetivada;10/03/2026 15:46:39;09/04/2026 12:50:57;1;1;17/03/2026;10/03/2026;Paga;R$ 425,23;R$ 425,23;R$ 425,23;R$ 0,00
1010;3045;2195;"=""12326934000105""";"LATICINIO SAO FRANCISCO LTDA ""FALÊNCIA""";PESSOA JURIDICA;IPVA;"=""2300043022278""";"=""20260000005095""";13956680;Efetivada;10/03/2026 15:46:39;09/04/2026 12:50:57;1;1;17/03/2026;10/03/2026;Paga;R$ 441,80;R$ 441,80;R$ 441,80;R$ 0,00
1010;3045;2196;"=""12326934000105""";"LATICINIO SAO FRANCISCO LTDA ""FALÊNCIA""";PESSOA JURIDICA;IPVA;"=""2371293822238""";"=""20260000005096""";13956698;Efetivada;10/03/2026 15:46:39;09/04/2026 12:50:57;1;1;17/03/2026;10/03/2026;Paga;R$ 566,05;R$ 566,05;R$ 566,05;R$ 0,00
750;2707;1611;"=""12487600187""";JEOVA ALVES DE SOUSA;PESSOA FISICA;IPVA;"=""2346112422207""";"=""20260000003651""";13873717;Efetivada;26/02/2026 15:11:58;27/02/2026 18:07:15;1;1;27/02/2026;27/02/2026;Paga;R$ 1.626,90;R$ 1.626,90;R$ 1.626,90;R$ 0,00
226;835;499;"=""12777820163""";MARLI HELENA GONÇALVES RIBEIRO ;PESSOA FISICA;IPVA;"=""2393586422200""";"=""20260000000808""";13697285;Efetivada;06/02/2026 10:39:29;10/02/2026 12:05:11;6;1;13/02/2026;10/02/2026;Paga;R$ 336,24;R$ 336,24;R$ 336,24;R$ 0,00
226;835;499;"=""12777820163""";MARLI HELENA GONÇALVES RIBEIRO ;PESSOA FISICA;IPVA;"=""2393586422200""";"=""20260000000808""";13697285;Efetivada;06/02/2026 10:39:29;10/02/2026 12:05:11;6;2;25/03/2026;24/03/2026;Paga;R$ 339,59;R$ 339,62;R$ 339,62;R$ 0,00
226;835;499;"=""12777820163""";MARLI HELENA GONÇALVES RIBEIRO ;PESSOA FISICA;IPVA;"=""2393586422200""";"=""20260000000808""";13697285;Efetivada;06/02/2026 10:39:29;10/02/2026 12:05:11;6;3;27/04/2026;13/05/2026;Paga;R$ 339,59;R$ 365,69;R$ 365,69;R$ 0,00
226;835;499;"=""12777820163""";MARLI HELENA GONÇALVES RIBEIRO ;PESSOA FISICA;IPVA;"=""2393586422200""";"=""20260000000808""";13697285;Efetivada;06/02/2026 10:39:29;10/02/2026 12:05:11;6;4;25/05/2026;29/05/2026;Paga;R$ 339,59;R$ 351,94;R$ 351,94;R$ 0,00
226;835;498;"=""12777820163""";MARLI HELENA GONÇALVES RIBEIRO ;PESSOA FISICA;IPVA;"=""2321166222200""";"=""20260000000807""";13697293;Efetivada;06/02/2026 10:39:29;11/02/2026 12:03:47;5;1;13/02/2026;11/02/2026;Paga;R$ 335,06;R$ 335,06;R$ 335,06;R$ 0,00
226;835;498;"=""12777820163""";MARLI HELENA GONÇALVES RIBEIRO ;PESSOA FISICA;IPVA;"=""2321166222200""";"=""20260000000807""";13697293;Efetivada;06/02/2026 10:39:29;11/02/2026 12:03:47;5;4;25/05/2026;25/05/2026;Paga;R$ 338,40;R$ 346,12;R$ 346,12;R$ 0,00
773;1914;1649;"=""12965090100""";PEDRO SILVA ARAUJO;PESSOA FISICA;IPVA;"=""2310700122211""";"=""20260000003768""";13883526;Efetivada;27/02/2026 13:48:48;28/02/2026 06:08:13;1;1;27/02/2026;27/02/2026;Paga;R$ 808,10;R$ 808,10;R$ 808,10;R$ 0,00
659;2502;1391;"=""12985104149""";JOSE FERREIRA LIMA;PESSOA FISICA;IPVA;"=""2185140322228""";"=""20260000002941""";13849581;Efetivada;24/02/2026 10:14:12;25/02/2026 18:07:48;8;1;27/02/2026;25/02/2026;Paga;R$ 339,02;R$ 339,02;R$ 339,02;R$ 0,00
659;2502;1391;"=""12985104149""";JOSE FERREIRA LIMA;PESSOA FISICA;IPVA;"=""2185140322228""";"=""20260000002941""";13849581;Efetivada;24/02/2026 10:14:12;25/02/2026 18:07:48;8;2;25/03/2026;16/03/2026;Paga;R$ 342,40;R$ 342,41;R$ 342,41;R$ 0,00
659;2502;1391;"=""12985104149""";JOSE FERREIRA LIMA;PESSOA FISICA;IPVA;"=""2185140322228""";"=""20260000002941""";13849581;Efetivada;24/02/2026 10:14:12;25/02/2026 18:07:48;8;3;27/04/2026;17/04/2026;Paga;R$ 342,40;R$ 346,51;R$ 346,51;R$ 0,00
659;2502;1391;"=""12985104149""";JOSE FERREIRA LIMA;PESSOA FISICA;IPVA;"=""2185140322228""";"=""20260000002941""";13849581;Efetivada;24/02/2026 10:14:12;25/02/2026 18:07:48;8;4;25/05/2026;18/05/2026;Paga;R$ 342,40;R$ 350,21;R$ 350,21;R$ 0,00
659;2502;1392;"=""12985104149""";JOSE FERREIRA LIMA;PESSOA FISICA;IPVA;"=""2322841422215""";"=""20260000002942""";13849573;Efetivada;24/02/2026 10:14:12;25/02/2026 18:07:53;8;1;27/02/2026;25/02/2026;Paga;R$ 338,29;R$ 338,29;R$ 338,29;R$ 0,00
659;2502;1392;"=""12985104149""";JOSE FERREIRA LIMA;PESSOA FISICA;IPVA;"=""2322841422215""";"=""20260000002942""";13849573;Efetivada;24/02/2026 10:14:12;25/02/2026 18:07:53;8;2;25/03/2026;16/03/2026;Paga;R$ 341,66;R$ 341,68;R$ 341,68;R$ 0,00
659;2502;1392;"=""12985104149""";JOSE FERREIRA LIMA;PESSOA FISICA;IPVA;"=""2322841422215""";"=""20260000002942""";13849573;Efetivada;24/02/2026 10:14:12;25/02/2026 18:07:53;8;3;27/04/2026;17/04/2026;Paga;R$ 341,66;R$ 345,77;R$ 345,77;R$ 0,00
659;2502;1392;"=""12985104149""";JOSE FERREIRA LIMA;PESSOA FISICA;IPVA;"=""2322841422215""";"=""20260000002942""";13849573;Efetivada;24/02/2026 10:14:12;25/02/2026 18:07:53;8;4;25/05/2026;18/05/2026;Paga;R$ 341,66;R$ 349,45;R$ 349,45;R$ 0,00
1150;3426;2619;"=""13003356100""";ANA AMELIA FLEURY DE ALMEIDA BADAN;PESSOA FISICA;IPVA;"=""2363541122213""";"=""20260000006068""";14053365;Efetivada;27/03/2026 14:00:56;01/04/2026 18:08:03;1;1;27/03/2026;27/03/2026;Paga;R$ 591,00;R$ 591,00;R$ 591,00;R$ 0,00
1024;3228;2261;"=""13129493000106""";OLINDINA DE SOUSA SANTOS ME ;PESSOA JURIDICA;ICMS;"=""2014228611122""";"=""20260000005202""";13964526;Efetivada;11/03/2026 10:53:58;19/03/2026 06:04:19;3;1;18/03/2026;18/03/2026;Paga;R$ 404,48;R$ 404,48;R$ 404,48;R$ 0,00
1024;3228;2261;"=""13129493000106""";OLINDINA DE SOUSA SANTOS ME ;PESSOA JURIDICA;ICMS;"=""2014228611122""";"=""20260000005202""";13964526;Efetivada;11/03/2026 10:53:58;19/03/2026 06:04:19;3;2;27/04/2026;30/04/2026;Paga;R$ 408,51;R$ 412,59;R$ 412,59;R$ 0,00
1024;3228;2261;"=""13129493000106""";OLINDINA DE SOUSA SANTOS ME ;PESSOA JURIDICA;ICMS;"=""2014228611122""";"=""20260000005202""";13964526;Efetivada;11/03/2026 10:53:58;19/03/2026 06:04:19;3;3;25/05/2026;29/05/2026;Paga;R$ 408,51;R$ 418,41;R$ 418,41;R$ 0,00
1024;3228;2258;"=""13129493000106""";OLINDINA DE SOUSA SANTOS ME ;PESSOA JURIDICA;ICMS;"=""2014229311106""";"=""20260000005199""";13964518;Efetivada;11/03/2026 10:53:58;19/03/2026 06:04:25;7;1;18/03/2026;18/03/2026;Paga;R$ 365,81;R$ 365,81;R$ 365,81;R$ 0,00
1024;3228;2258;"=""13129493000106""";OLINDINA DE SOUSA SANTOS ME ;PESSOA JURIDICA;ICMS;"=""2014229311106""";"=""20260000005199""";13964518;Efetivada;11/03/2026 10:53:58;19/03/2026 06:04:25;7;2;27/04/2026;29/05/2026;Paga;R$ 369,46;R$ 412,88;R$ 412,88;R$ 0,00
1024;3228;2258;"=""13129493000106""";OLINDINA DE SOUSA SANTOS ME ;PESSOA JURIDICA;ICMS;"=""2014229311106""";"=""20260000005199""";13964518;Efetivada;11/03/2026 10:53:58;19/03/2026 06:04:25;7;3;25/05/2026;29/05/2026;Paga;R$ 369,46;R$ 378,38;R$ 378,38;R$ 0,00
1024;3228;2254;"=""13129493000106""";OLINDINA DE SOUSA SANTOS ME ;PESSOA JURIDICA;ICMS;"=""2014228711186""";"=""20260000005195""";13964500;Efetivada;11/03/2026 10:53:58;19/03/2026 06:04:26;6;1;18/03/2026;18/03/2026;Paga;R$ 382,88;R$ 382,88;R$ 382,88;R$ 0,00
1024;3228;2254;"=""13129493000106""";OLINDINA DE SOUSA SANTOS ME ;PESSOA JURIDICA;ICMS;"=""2014228711186""";"=""20260000005195""";13964500;Efetivada;11/03/2026 10:53:58;19/03/2026 06:04:26;6;2;27/04/2026;30/04/2026;Paga;R$ 386,70;R$ 390,55;R$ 390,55;R$ 0,00
1024;3228;2255;"=""13129493000106""";OLINDINA DE SOUSA SANTOS ME ;PESSOA JURIDICA;ICMS;"=""2014228911193""";"=""20260000005196""";13964534;Efetivada;11/03/2026 10:53:58;19/03/2026 06:04:32;3;1;18/03/2026;18/03/2026;Paga;R$ 432,91;R$ 432,91;R$ 432,91;R$ 0,00
1024;3228;2255;"=""13129493000106""";OLINDINA DE SOUSA SANTOS ME ;PESSOA JURIDICA;ICMS;"=""2014228911193""";"=""20260000005196""";13964534;Efetivada;11/03/2026 10:53:58;19/03/2026 06:04:32;3;2;27/04/2026;29/05/2026;Paga;R$ 437,23;R$ 488,64;R$ 488,64;R$ 0,00
1024;3228;2255;"=""13129493000106""";OLINDINA DE SOUSA SANTOS ME ;PESSOA JURIDICA;ICMS;"=""2014228911193""";"=""20260000005196""";13964534;Efetivada;11/03/2026 10:53:58;19/03/2026 06:04:32;3;3;25/05/2026;29/05/2026;Paga;R$ 437,23;R$ 447,80;R$ 447,80;R$ 0,00
1024;3228;2257;"=""13129493000106""";OLINDINA DE SOUSA SANTOS ME ;PESSOA JURIDICA;ICMS;"=""2014229211152""";"=""20260000005198""";13964577;Efetivada;11/03/2026 10:53:58;19/03/2026 06:04:33;7;1;18/03/2026;18/03/2026;Paga;R$ 359,11;R$ 359,11;R$ 359,11;R$ 0,00
1024;3228;2257;"=""13129493000106""";OLINDINA DE SOUSA SANTOS ME ;PESSOA JURIDICA;ICMS;"=""2014229211152""";"=""20260000005198""";13964577;Efetivada;11/03/2026 10:53:58;19/03/2026 06:04:33;7;2;27/04/2026;30/04/2026;Paga;R$ 362,69;R$ 366,31;R$ 366,31;R$ 0,00
1024;3228;2260;"=""13129493000106""";OLINDINA DE SOUSA SANTOS ME ;PESSOA JURIDICA;ICMS;"=""2017593711144""";"=""20260000005201""";13964542;Efetivada;11/03/2026 10:53:58;19/03/2026 06:04:39;4;1;18/03/2026;18/03/2026;Paga;R$ 411,87;R$ 411,87;R$ 411,87;R$ 0,00
1024;3228;2260;"=""13129493000106""";OLINDINA DE SOUSA SANTOS ME ;PESSOA JURIDICA;ICMS;"=""2017593711144""";"=""20260000005201""";13964542;Efetivada;11/03/2026 10:53:58;19/03/2026 06:04:39;4;2;27/04/2026;30/04/2026;Paga;R$ 415,98;R$ 420,09;R$ 420,09;R$ 0,00
1024;3228;2260;"=""13129493000106""";OLINDINA DE SOUSA SANTOS ME ;PESSOA JURIDICA;ICMS;"=""2017593711144""";"=""20260000005201""";13964542;Efetivada;11/03/2026 10:53:58;19/03/2026 06:04:39;4;3;25/05/2026;29/05/2026;Paga;R$ 415,98;R$ 426,03;R$ 426,03;R$ 0,00
1024;3228;2262;"=""13129493000106""";OLINDINA DE SOUSA SANTOS ME ;PESSOA JURIDICA;ICMS;"=""2014228811130""";"=""20260000005203""";13964550;Efetivada;11/03/2026 10:53:58;19/03/2026 06:04:45;5;1;18/03/2026;18/03/2026;Paga;R$ 373,70;R$ 373,70;R$ 373,70;R$ 0,00
1024;3228;2262;"=""13129493000106""";OLINDINA DE SOUSA SANTOS ME ;PESSOA JURIDICA;ICMS;"=""2014228811130""";"=""20260000005203""";13964550;Efetivada;11/03/2026 10:53:58;19/03/2026 06:04:45;5;2;27/04/2026;30/04/2026;Paga;R$ 377,42;R$ 381,18;R$ 381,18;R$ 0,00
1024;3228;2256;"=""13129493000106""";OLINDINA DE SOUSA SANTOS ME ;PESSOA JURIDICA;ICMS;"=""2014229011145""";"=""20260000005197""";13964585;Efetivada;11/03/2026 10:53:58;19/03/2026 06:04:52;4;1;18/03/2026;18/03/2026;Paga;R$ 365,35;R$ 365,35;R$ 365,35;R$ 0,00
1024;3228;2256;"=""13129493000106""";OLINDINA DE SOUSA SANTOS ME ;PESSOA JURIDICA;ICMS;"=""2014229011145""";"=""20260000005197""";13964585;Efetivada;11/03/2026 10:53:58;19/03/2026 06:04:52;4;2;27/04/2026;30/04/2026;Paga;R$ 369,00;R$ 372,66;R$ 372,66;R$ 0,00
1024;3228;2256;"=""13129493000106""";OLINDINA DE SOUSA SANTOS ME ;PESSOA JURIDICA;ICMS;"=""2014229011145""";"=""20260000005197""";13964585;Efetivada;11/03/2026 10:53:58;19/03/2026 06:04:52;4;3;25/05/2026;29/05/2026;Paga;R$ 369,00;R$ 377,92;R$ 377,92;R$ 0,00
1027;3228;2268;"=""13129493000106""";OLINDINA DE SOUSA SANTOS ME ;PESSOA JURIDICA;ICMS;"=""2014229111107""";"=""20260000005225""";13964640;Efetivada;11/03/2026 11:11:29;19/03/2026 06:04:53;34;1;18/03/2026;18/03/2026;Paga;R$ 336,49;R$ 336,49;R$ 336,49;R$ 0,00
1027;3228;2268;"=""13129493000106""";OLINDINA DE SOUSA SANTOS ME ;PESSOA JURIDICA;ICMS;"=""2014229111107""";"=""20260000005225""";13964640;Efetivada;11/03/2026 11:11:29;19/03/2026 06:04:53;34;2;27/04/2026;30/04/2026;Paga;R$ 339,84;R$ 343,23;R$ 343,23;R$ 0,00
1024;3228;2259;"=""13129493000106""";OLINDINA DE SOUSA SANTOS ME ;PESSOA JURIDICA;ICMS;"=""2017593511137""";"=""20260000005200""";13964593;Efetivada;11/03/2026 10:53:58;09/04/2026 12:50:58;1;1;18/03/2026;18/03/2026;Paga;R$ 640,89;R$ 640,89;R$ 640,89;R$ 0,00
1024;3228;2263;"=""13129493000106""";OLINDINA DE SOUSA SANTOS ME ;PESSOA JURIDICA;ICMS;"=""2017593611190""";"=""20260000005204""";13964569;Efetivada;11/03/2026 10:53:58;09/04/2026 12:50:58;1;1;18/03/2026;18/03/2026;Paga;R$ 607,37;R$ 607,37;R$ 607,37;R$ 0,00
605;1465;1249;"=""13226436104""";SILVONETE FERREIRA DE ANDRADE;PESSOA FISICA;IPVA;"=""2325946722299""";"=""20260000002581""";13833120;Efetivada;23/02/2026 09:17:20;23/02/2026 18:09:21;1;1;27/02/2026;23/02/2026;Paga;R$ 2.002,15;R$ 2.002,15;R$ 2.002,15;R$ 0,00
176;1313;386;"=""13247123172""";ALMIRO RIBEIRO DE SOUSA;PESSOA FISICA;ICMS;"=""4011800172458""";"=""20260000000548""";13678760;Efetivada;05/02/2026 09:35:26;06/02/2026 18:04:04;58;2;25/03/2026;18/03/2026;Paga;R$ 337,82;R$ 337,82;R$ 337,82;R$ 0,00
176;1313;387;"=""13247123172""";ALMIRO RIBEIRO DE SOUSA;PESSOA FISICA;ICMS;"=""4011800028179""";"=""20260000000549""";13678779;Efetivada;05/02/2026 09:35:26;06/02/2026 18:04:04;58;2;25/03/2026;18/03/2026;Paga;R$ 337,69;R$ 337,70;R$ 337,70;R$ 0,00
176;1313;385;"=""13247123172""";ALMIRO RIBEIRO DE SOUSA;PESSOA FISICA;ICMS;"=""4011703002110""";"=""20260000000547""";13678787;Efetivada;05/02/2026 09:35:26;06/02/2026 18:04:11;65;2;25/03/2026;18/03/2026;Paga;R$ 335,71;R$ 335,73;R$ 335,73;R$ 0,00
667;1120;1409;"=""13263275000160""";VALDOMIRO BARBOSA VIEIRA - ME;PESSOA JURIDICA;ICMS;"=""4011401659795""";"=""20260000002984""";13848186;Efetivada;24/02/2026 11:40:22;25/02/2026 18:07:02;1;1;27/02/2026;25/02/2026;Paga;R$ 23.499,17;R$ 23.499,17;R$ 23.499,17;R$ 0,00
667;1120;1410;"=""13263275000160""";VALDOMIRO BARBOSA VIEIRA - ME;PESSOA JURIDICA;Pena Pecuniária;"=""2137028100073""";"=""20260000002985""";13848194;Efetivada;24/02/2026 11:40:22;25/02/2026 18:07:07;1;1;27/02/2026;25/02/2026;Paga;R$ 21.480,67;R$ 21.480,67;R$ 21.480,67;R$ 0,00
667;1120;1411;"=""13263275000160""";VALDOMIRO BARBOSA VIEIRA - ME;PESSOA JURIDICA;Pena Pecuniária;"=""2137028200027""";"=""20260000002986""";13848208;Efetivada;24/02/2026 11:40:22;25/02/2026 18:07:09;1;1;27/02/2026;25/02/2026;Paga;R$ 22.467,35;R$ 22.467,35;R$ 22.467,35;R$ 0,00
1299;3376;3025;"=""13448516000650""";CGG TRADING S.A;PESSOA JURIDICA;ICMS;"=""4011403280882""";"=""20260000007011""";14256924;Efetivada;15/05/2026 07:11:56;18/05/2026 12:02:35;60;1;22/05/2026;18/05/2026;Paga;R$ 8.625,21;R$ 8.625,21;R$ 8.625,21;R$ 0,00
210;1115;465;"=""13519358000177""";METAL VALLE INDUSTRIA E COMERCIO LTDA;PESSOA JURIDICA;ICMS;"=""2014264311125""";"=""20260000000727""";13711644;Efetivada;05/02/2026 17:09:51;09/02/2026 12:08:05;60;2;25/03/2026;25/03/2026;Paga;R$ 400,62;R$ 400,63;R$ 400,63;R$ 0,00
210;1115;465;"=""13519358000177""";METAL VALLE INDUSTRIA E COMERCIO LTDA;PESSOA JURIDICA;ICMS;"=""2014264311125""";"=""20260000000727""";13711644;Efetivada;05/02/2026 17:09:51;09/02/2026 12:08:05;60;3;27/04/2026;27/04/2026;Paga;R$ 400,62;R$ 405,43;R$ 405,43;R$ 0,00
210;1115;465;"=""13519358000177""";METAL VALLE INDUSTRIA E COMERCIO LTDA;PESSOA JURIDICA;ICMS;"=""2014264311125""";"=""20260000000727""";13711644;Efetivada;05/02/2026 17:09:51;09/02/2026 12:08:05;60;4;25/05/2026;25/05/2026;Paga;R$ 400,62;R$ 409,75;R$ 409,75;R$ 0,00
210;1115;459;"=""13519358000177""";METAL VALLE INDUSTRIA E COMERCIO LTDA;PESSOA JURIDICA;ICMS;"=""2014264411189""";"=""20260000000721""";13711660;Efetivada;05/02/2026 17:09:51;09/02/2026 12:08:11;25;2;25/03/2026;25/03/2026;Paga;R$ 335,31;R$ 335,32;R$ 335,32;R$ 0,00
210;1115;459;"=""13519358000177""";METAL VALLE INDUSTRIA E COMERCIO LTDA;PESSOA JURIDICA;ICMS;"=""2014264411189""";"=""20260000000721""";13711660;Efetivada;05/02/2026 17:09:51;09/02/2026 12:08:11;25;3;27/04/2026;27/04/2026;Paga;R$ 335,31;R$ 339,34;R$ 339,34;R$ 0,00
210;1115;459;"=""13519358000177""";METAL VALLE INDUSTRIA E COMERCIO LTDA;PESSOA JURIDICA;ICMS;"=""2014264411189""";"=""20260000000721""";13711660;Efetivada;05/02/2026 17:09:51;09/02/2026 12:08:11;25;4;25/05/2026;25/05/2026;Paga;R$ 335,31;R$ 342,96;R$ 342,96;R$ 0,00
210;1115;461;"=""13519358000177""";METAL VALLE INDUSTRIA E COMERCIO LTDA;PESSOA JURIDICA;ICMS;"=""2014264611196""";"=""20260000000723""";13711679;Efetivada;05/02/2026 17:09:51;09/02/2026 12:08:11;52;2;25/03/2026;25/03/2026;Paga;R$ 335,55;R$ 335,55;R$ 335,55;R$ 0,00
210;1115;461;"=""13519358000177""";METAL VALLE INDUSTRIA E COMERCIO LTDA;PESSOA JURIDICA;ICMS;"=""2014264611196""";"=""20260000000723""";13711679;Efetivada;05/02/2026 17:09:51;09/02/2026 12:08:11;52;3;27/04/2026;27/04/2026;Paga;R$ 335,55;R$ 339,57;R$ 339,57;R$ 0,00
210;1115;461;"=""13519358000177""";METAL VALLE INDUSTRIA E COMERCIO LTDA;PESSOA JURIDICA;ICMS;"=""2014264611196""";"=""20260000000723""";13711679;Efetivada;05/02/2026 17:09:51;09/02/2026 12:08:11;52;4;25/05/2026;25/05/2026;Paga;R$ 335,55;R$ 343,20;R$ 343,20;R$ 0,00
210;1115;464;"=""13519358000177""";METAL VALLE INDUSTRIA E COMERCIO LTDA;PESSOA JURIDICA;ICMS;"=""2014265011109""";"=""20260000000726""";13711652;Efetivada;05/02/2026 17:09:51;09/02/2026 12:08:18;52;2;25/03/2026;25/03/2026;Paga;R$ 335,78;R$ 335,78;R$ 335,78;R$ 0,00
210;1115;464;"=""13519358000177""";METAL VALLE INDUSTRIA E COMERCIO LTDA;PESSOA JURIDICA;ICMS;"=""2014265011109""";"=""20260000000726""";13711652;Efetivada;05/02/2026 17:09:51;09/02/2026 12:08:18;52;3;27/04/2026;27/04/2026;Paga;R$ 335,78;R$ 339,81;R$ 339,81;R$ 0,00
210;1115;464;"=""13519358000177""";METAL VALLE INDUSTRIA E COMERCIO LTDA;PESSOA JURIDICA;ICMS;"=""2014265011109""";"=""20260000000726""";13711652;Efetivada;05/02/2026 17:09:51;09/02/2026 12:08:18;52;4;25/05/2026;25/05/2026;Paga;R$ 335,78;R$ 343,43;R$ 343,43;R$ 0,00
210;1115;466;"=""13519358000177""";METAL VALLE INDUSTRIA E COMERCIO LTDA;PESSOA JURIDICA;ICMS;"=""2014264711140""";"=""20260000000728""";13711687;Efetivada;05/02/2026 17:09:51;09/02/2026 12:08:18;60;2;25/03/2026;25/03/2026;Paga;R$ 1.304,78;R$ 1.304,78;R$ 1.304,78;R$ 0,00
210;1115;466;"=""13519358000177""";METAL VALLE INDUSTRIA E COMERCIO LTDA;PESSOA JURIDICA;ICMS;"=""2014264711140""";"=""20260000000728""";13711687;Efetivada;05/02/2026 17:09:51;09/02/2026 12:08:18;60;3;27/04/2026;27/04/2026;Paga;R$ 1.304,78;R$ 1.320,42;R$ 1.320,42;R$ 0,00
210;1115;466;"=""13519358000177""";METAL VALLE INDUSTRIA E COMERCIO LTDA;PESSOA JURIDICA;ICMS;"=""2014264711140""";"=""20260000000728""";13711687;Efetivada;05/02/2026 17:09:51;09/02/2026 12:08:18;60;4;25/05/2026;25/05/2026;Paga;R$ 1.304,78;R$ 1.334,51;R$ 1.334,51;R$ 0,00
210;1115;462;"=""13519358000177""";METAL VALLE INDUSTRIA E COMERCIO LTDA;PESSOA JURIDICA;ICMS;"=""2014264811101""";"=""20260000000724""";13711709;Efetivada;05/02/2026 17:09:51;09/02/2026 12:08:24;60;2;25/03/2026;25/03/2026;Paga;R$ 370,82;R$ 370,84;R$ 370,84;R$ 0,00
210;1115;462;"=""13519358000177""";METAL VALLE INDUSTRIA E COMERCIO LTDA;PESSOA JURIDICA;ICMS;"=""2014264811101""";"=""20260000000724""";13711709;Efetivada;05/02/2026 17:09:51;09/02/2026 12:08:24;60;3;27/04/2026;27/04/2026;Paga;R$ 370,82;R$ 375,29;R$ 375,29;R$ 0,00
210;1115;462;"=""13519358000177""";METAL VALLE INDUSTRIA E COMERCIO LTDA;PESSOA JURIDICA;ICMS;"=""2014264811101""";"=""20260000000724""";13711709;Efetivada;05/02/2026 17:09:51;09/02/2026 12:08:24;60;4;25/05/2026;25/05/2026;Paga;R$ 370,82;R$ 379,29;R$ 379,29;R$ 0,00
210;1115;463;"=""13519358000177""";METAL VALLE INDUSTRIA E COMERCIO LTDA;PESSOA JURIDICA;ICMS;"=""2014264911157""";"=""20260000000725""";13711717;Efetivada;05/02/2026 17:09:51;09/02/2026 12:08:25;24;2;25/03/2026;25/03/2026;Paga;R$ 338,09;R$ 338,09;R$ 338,09;R$ 0,00
210;1115;463;"=""13519358000177""";METAL VALLE INDUSTRIA E COMERCIO LTDA;PESSOA JURIDICA;ICMS;"=""2014264911157""";"=""20260000000725""";13711717;Efetivada;05/02/2026 17:09:51;09/02/2026 12:08:25;24;3;27/04/2026;27/04/2026;Paga;R$ 338,09;R$ 342,15;R$ 342,15;R$ 0,00
210;1115;463;"=""13519358000177""";METAL VALLE INDUSTRIA E COMERCIO LTDA;PESSOA JURIDICA;ICMS;"=""2014264911157""";"=""20260000000725""";13711717;Efetivada;05/02/2026 17:09:51;09/02/2026 12:08:25;24;4;25/05/2026;25/05/2026;Paga;R$ 338,09;R$ 345,79;R$ 345,79;R$ 0,00
210;1115;460;"=""13519358000177""";METAL VALLE INDUSTRIA E COMERCIO LTDA;PESSOA JURIDICA;ICMS;"=""2014264511132""";"=""20260000000722""";13711695;Efetivada;05/02/2026 17:09:51;09/02/2026 12:08:31;15;2;25/03/2026;25/03/2026;Paga;R$ 336,95;R$ 336,96;R$ 336,96;R$ 0,00
210;1115;460;"=""13519358000177""";METAL VALLE INDUSTRIA E COMERCIO LTDA;PESSOA JURIDICA;ICMS;"=""2014264511132""";"=""20260000000722""";13711695;Efetivada;05/02/2026 17:09:51;09/02/2026 12:08:31;15;3;27/04/2026;27/04/2026;Paga;R$ 336,95;R$ 341,00;R$ 341,00;R$ 0,00
210;1115;460;"=""13519358000177""";METAL VALLE INDUSTRIA E COMERCIO LTDA;PESSOA JURIDICA;ICMS;"=""2014264511132""";"=""20260000000722""";13711695;Efetivada;05/02/2026 17:09:51;09/02/2026 12:08:31;15;4;25/05/2026;25/05/2026;Paga;R$ 336,95;R$ 344,64;R$ 344,64;R$ 0,00
211;1115;468;"=""13519358000177""";METAL VALLE INDUSTRIA E COMERCIO LTDA;PESSOA JURIDICA;ICMS;"=""2014264111118""";"=""20260000000738""";13711741;Efetivada;05/02/2026 17:17:25;09/02/2026 12:08:31;2;2;25/03/2026;25/03/2026;Paga;R$ 352,68;R$ 352,71;R$ 352,71;R$ 0,00
211;1115;467;"=""13519358000177""";METAL VALLE INDUSTRIA E COMERCIO LTDA;PESSOA JURIDICA;ICMS;"=""4022000001700""";"=""20260000000737""";13711733;Efetivada;05/02/2026 17:17:25;09/02/2026 12:08:38;5;2;25/03/2026;25/03/2026;Paga;R$ 347,44;R$ 347,45;R$ 347,45;R$ 0,00
211;1115;467;"=""13519358000177""";METAL VALLE INDUSTRIA E COMERCIO LTDA;PESSOA JURIDICA;ICMS;"=""4022000001700""";"=""20260000000737""";13711733;Efetivada;05/02/2026 17:17:25;09/02/2026 12:08:38;5;3;27/04/2026;27/04/2026;Paga;R$ 347,44;R$ 351,61;R$ 351,61;R$ 0,00
211;1115;467;"=""13519358000177""";METAL VALLE INDUSTRIA E COMERCIO LTDA;PESSOA JURIDICA;ICMS;"=""4022000001700""";"=""20260000000737""";13711733;Efetivada;05/02/2026 17:17:25;09/02/2026 12:08:38;5;4;25/05/2026;25/05/2026;Paga;R$ 347,44;R$ 355,36;R$ 355,36;R$ 0,00
211;1115;470;"=""13519358000177""";METAL VALLE INDUSTRIA E COMERCIO LTDA;PESSOA JURIDICA;ICMS;"=""2017615011190""";"=""20260000000740""";13711768;Efetivada;05/02/2026 17:17:25;09/02/2026 12:08:38;4;2;25/03/2026;25/03/2026;Paga;R$ 416,40;R$ 416,41;R$ 416,41;R$ 0,00
211;1115;470;"=""13519358000177""";METAL VALLE INDUSTRIA E COMERCIO LTDA;PESSOA JURIDICA;ICMS;"=""2017615011190""";"=""20260000000740""";13711768;Efetivada;05/02/2026 17:17:25;09/02/2026 12:08:38;4;3;27/04/2026;27/04/2026;Paga;R$ 416,40;R$ 421,40;R$ 421,40;R$ 0,00
211;1115;470;"=""13519358000177""";METAL VALLE INDUSTRIA E COMERCIO LTDA;PESSOA JURIDICA;ICMS;"=""2017615011190""";"=""20260000000740""";13711768;Efetivada;05/02/2026 17:17:25;09/02/2026 12:08:38;4;4;25/05/2026;25/05/2026;Paga;R$ 416,40;R$ 425,90;R$ 425,90;R$ 0,00
211;1115;469;"=""13519358000177""";METAL VALLE INDUSTRIA E COMERCIO LTDA;PESSOA JURIDICA;ICMS;"=""2014264211171""";"=""20260000000739""";13711750;Efetivada;05/02/2026 17:17:25;09/02/2026 12:08:45;2;2;25/03/2026;25/03/2026;Paga;R$ 352,68;R$ 352,71;R$ 352,71;R$ 0,00
211;1115;471;"=""13519358000177""";METAL VALLE INDUSTRIA E COMERCIO LTDA;PESSOA JURIDICA;ICMS;"=""2014264011164""";"=""20260000000741""";13711725;Efetivada;05/02/2026 17:17:25;09/02/2026 12:08:45;6;2;25/03/2026;25/03/2026;Paga;R$ 335,73;R$ 335,74;R$ 335,74;R$ 0,00
211;1115;471;"=""13519358000177""";METAL VALLE INDUSTRIA E COMERCIO LTDA;PESSOA JURIDICA;ICMS;"=""2014264011164""";"=""20260000000741""";13711725;Efetivada;05/02/2026 17:17:25;09/02/2026 12:08:45;6;3;27/04/2026;27/04/2026;Paga;R$ 335,73;R$ 339,77;R$ 339,77;R$ 0,00
211;1115;471;"=""13519358000177""";METAL VALLE INDUSTRIA E COMERCIO LTDA;PESSOA JURIDICA;ICMS;"=""2014264011164""";"=""20260000000741""";13711725;Efetivada;05/02/2026 17:17:25;09/02/2026 12:08:45;6;4;25/05/2026;25/05/2026;Paga;R$ 335,73;R$ 343,39;R$ 343,39;R$ 0,00
285;1603;631;"=""13551299153""";ANTONIO MARTINS DE SOUZA;PESSOA FISICA;IPVA;"=""2343518822242""";"=""20260000001160""";13757229;Efetivada;09/02/2026 10:48:30;12/02/2026 18:06:53;10;1;18/02/2026;12/02/2026;Paga;R$ 381,76;R$ 381,76;R$ 381,76;R$ 0,00
285;1603;631;"=""13551299153""";ANTONIO MARTINS DE SOUZA;PESSOA FISICA;IPVA;"=""2343518822242""";"=""20260000001160""";13757229;Efetivada;09/02/2026 10:48:30;12/02/2026 18:06:53;10;2;25/03/2026;12/03/2026;Paga;R$ 385,57;R$ 385,58;R$ 385,58;R$ 0,00
285;1603;631;"=""13551299153""";ANTONIO MARTINS DE SOUZA;PESSOA FISICA;IPVA;"=""2343518822242""";"=""20260000001160""";13757229;Efetivada;09/02/2026 10:48:30;12/02/2026 18:06:53;10;3;27/04/2026;20/04/2026;Paga;R$ 385,57;R$ 390,20;R$ 390,20;R$ 0,00
285;1603;631;"=""13551299153""";ANTONIO MARTINS DE SOUZA;PESSOA FISICA;IPVA;"=""2343518822242""";"=""20260000001160""";13757229;Efetivada;09/02/2026 10:48:30;12/02/2026 18:06:53;10;4;25/05/2026;25/05/2026;Paga;R$ 385,57;R$ 394,36;R$ 394,36;R$ 0,00
998;3072;2163;"=""13596764149""";EDIVAM RIBEIRO DE CASTRO;PESSOA FISICA;ITCD;"=""4012000251165""";"=""20260000004996""";13950924;Efetivada;09/03/2026 22:32:23;09/04/2026 12:50:56;1;1;16/03/2026;10/03/2026;Paga;R$ 533,95;R$ 533,95;R$ 533,95;R$ 0,00
703;1464;1498;"=""13727118000168""";AVANT SERVIÇOS LTDA;PESSOA JURIDICA;ICMS;"=""4011802488169""";"=""20260000003184""";13858432;Efetivada;25/02/2026 10:19:25;25/02/2026 18:10:23;6;1;27/02/2026;25/02/2026;Paga;R$ 382,56;R$ 382,56;R$ 382,56;R$ 0,00
703;1464;1498;"=""13727118000168""";AVANT SERVIÇOS LTDA;PESSOA JURIDICA;ICMS;"=""4011802488169""";"=""20260000003184""";13858432;Efetivada;25/02/2026 10:19:25;25/02/2026 18:10:23;6;2;25/03/2026;24/03/2026;Paga;R$ 386,35;R$ 386,42;R$ 386,42;R$ 0,00
703;1464;1498;"=""13727118000168""";AVANT SERVIÇOS LTDA;PESSOA JURIDICA;ICMS;"=""4011802488169""";"=""20260000003184""";13858432;Efetivada;25/02/2026 10:19:25;25/02/2026 18:10:23;6;3;27/04/2026;29/04/2026;Paga;R$ 386,35;R$ 394,92;R$ 393,63;R$ 0,00
369;1389;790;"=""14040324000168""";VIAÇAO KUATY LTDA;PESSOA JURIDICA;Pena Pecuniária;"=""2118132700042""";"=""20260000001515""";13777874;Efetivada;11/02/2026 10:53:00;14/02/2026 06:10:56;4;1;18/02/2026;13/02/2026;Paga;R$ 353,76;R$ 353,76;R$ 353,76;R$ 0,00
369;1389;790;"=""14040324000168""";VIAÇAO KUATY LTDA;PESSOA JURIDICA;Pena Pecuniária;"=""2118132700042""";"=""20260000001515""";13777874;Efetivada;11/02/2026 10:53:00;14/02/2026 06:10:56;4;2;25/03/2026;17/04/2026;Paga;R$ 357,29;R$ 389,03;R$ 389,03;R$ 0,00
369;1389;790;"=""14040324000168""";VIAÇAO KUATY LTDA;PESSOA JURIDICA;Pena Pecuniária;"=""2118132700042""";"=""20260000001515""";13777874;Efetivada;11/02/2026 10:53:00;14/02/2026 06:10:56;4;4;25/05/2026;22/05/2026;Paga;R$ 357,29;R$ 365,44;R$ 365,44;R$ 0,00
369;1389;792;"=""14040324000168""";VIAÇAO KUATY LTDA;PESSOA JURIDICA;Pena Pecuniária;"=""2117258400031""";"=""20260000001517""";13777890;Efetivada;11/02/2026 10:53:00;14/02/2026 06:11:02;6;1;18/02/2026;13/02/2026;Paga;R$ 353,76;R$ 353,76;R$ 353,76;R$ 0,00
369;1389;792;"=""14040324000168""";VIAÇAO KUATY LTDA;PESSOA JURIDICA;Pena Pecuniária;"=""2117258400031""";"=""20260000001517""";13777890;Efetivada;11/02/2026 10:53:00;14/02/2026 06:11:02;6;2;25/03/2026;17/04/2026;Paga;R$ 357,29;R$ 389,02;R$ 389,02;R$ 0,00
369;1389;792;"=""14040324000168""";VIAÇAO KUATY LTDA;PESSOA JURIDICA;Pena Pecuniária;"=""2117258400031""";"=""20260000001517""";13777890;Efetivada;11/02/2026 10:53:00;14/02/2026 06:11:02;6;4;25/05/2026;22/05/2026;Paga;R$ 357,29;R$ 365,43;R$ 365,43;R$ 0,00
369;1389;791;"=""14040324000168""";VIAÇAO KUATY LTDA;PESSOA JURIDICA;Pena Pecuniária;"=""2136865200031""";"=""20260000001516""";13777882;Efetivada;11/02/2026 10:53:00;14/02/2026 06:11:03;12;1;18/02/2026;13/02/2026;Paga;R$ 342,89;R$ 342,89;R$ 342,89;R$ 0,00
369;1389;791;"=""14040324000168""";VIAÇAO KUATY LTDA;PESSOA JURIDICA;Pena Pecuniária;"=""2136865200031""";"=""20260000001516""";13777882;Efetivada;11/02/2026 10:53:00;14/02/2026 06:11:03;12;2;25/03/2026;17/04/2026;Paga;R$ 346,31;R$ 377,07;R$ 377,07;R$ 0,00
369;1389;791;"=""14040324000168""";VIAÇAO KUATY LTDA;PESSOA JURIDICA;Pena Pecuniária;"=""2136865200031""";"=""20260000001516""";13777882;Efetivada;11/02/2026 10:53:00;14/02/2026 06:11:03;12;4;25/05/2026;22/05/2026;Paga;R$ 346,31;R$ 354,21;R$ 354,21;R$ 0,00
920;1740;1984;"=""14179156000196""";CONFIANÇA TRANSPORTE RODOVIÁRO DE CARGAS EIRELI;PESSOA JURIDICA;ICMS;"=""4011400038800""";"=""20260000004643""";13926462;Efetivada;05/03/2026 12:01:46;05/03/2026 18:12:39;60;3;25/05/2026;25/05/2026;Paga;R$ 752,40;R$ 760,55;R$ 760,55;R$ 0,00
502;1579;1043;"=""14270121000168""";DOCES DEL CAMPO INDUSTRIA  E COMERCIO LTDA;PESSOA JURIDICA;Pena Pecuniária;"=""2136895500009""";"=""20260000002098""";13794078;Efetivada;16/02/2026 22:50:02;18/02/2026 12:08:38;12;1;23/02/2026;18/02/2026;Paga;R$ 1.850,79;R$ 1.850,79;R$ 1.850,79;R$ 0,00
502;1579;1043;"=""14270121000168""";DOCES DEL CAMPO INDUSTRIA  E COMERCIO LTDA;PESSOA JURIDICA;Pena Pecuniária;"=""2136895500009""";"=""20260000002098""";13794078;Efetivada;16/02/2026 22:50:02;18/02/2026 12:08:38;12;2;25/03/2026;31/03/2026;Paga;R$ 1.869,29;R$ 1.906,31;R$ 1.906,31;R$ 0,00
502;1579;1043;"=""14270121000168""";DOCES DEL CAMPO INDUSTRIA  E COMERCIO LTDA;PESSOA JURIDICA;Pena Pecuniária;"=""2136895500009""";"=""20260000002098""";13794078;Efetivada;16/02/2026 22:50:02;18/02/2026 12:08:38;12;3;27/04/2026;27/04/2026;Paga;R$ 1.869,29;R$ 1.891,69;R$ 1.891,69;R$ 0,00
502;1579;1043;"=""14270121000168""";DOCES DEL CAMPO INDUSTRIA  E COMERCIO LTDA;PESSOA JURIDICA;Pena Pecuniária;"=""2136895500009""";"=""20260000002098""";13794078;Efetivada;16/02/2026 22:50:02;18/02/2026 12:08:38;12;4;25/05/2026;25/05/2026;Paga;R$ 1.869,29;R$ 1.911,86;R$ 1.911,86;R$ 0,00
1126;2284;2556;"=""14449833000149""";FERNANDO DE ASSIS OLIVEIRA;PESSOA JURIDICA;Pena Pecuniária;"=""2136964100060""";"=""20260000005906""";14025990;Efetivada;23/03/2026 16:07:14;30/03/2026 12:08:14;64;1;30/03/2026;30/03/2026;Paga;R$ 335,00;R$ 335,00;R$ 335,00;R$ 0,00
1126;2284;2556;"=""14449833000149""";FERNANDO DE ASSIS OLIVEIRA;PESSOA JURIDICA;Pena Pecuniária;"=""2136964100060""";"=""20260000005906""";14025990;Efetivada;23/03/2026 16:07:14;30/03/2026 12:08:14;64;3;25/05/2026;25/05/2026;Paga;R$ 338,34;R$ 342,01;R$ 342,01;R$ 0,00
1310;3946;3058;"=""14485168115""";MAURO AUGUSTO KAISER CABRAL;PESSOA FISICA;IPVA;"=""2371382622277""";"=""20260000007348""";14279487;Efetivada;21/05/2026 08:14:08;21/05/2026 12:04:56;1;1;28/05/2026;21/05/2026;Paga;R$ 137,51;R$ 137,51;R$ 137,51;R$ 0,00
1310;3946;3057;"=""14485168115""";MAURO AUGUSTO KAISER CABRAL;PESSOA FISICA;IPVA;"=""2289038522280""";"=""20260000007347""";14279479;Efetivada;21/05/2026 08:14:08;21/05/2026 12:05:02;1;1;28/05/2026;21/05/2026;Paga;R$ 110,02;R$ 110,02;R$ 110,02;R$ 0,00
618;2422;1287;"=""14490072104""";CARLOS ANTONIO DE SOUZA;PESSOA FISICA;IPVA;"=""2296896022283""";"=""20260000002704""";13835130;Efetivada;23/02/2026 10:23:13;23/02/2026 12:15:46;1;1;27/02/2026;23/02/2026;Paga;R$ 1.279,88;R$ 1.279,88;R$ 1.279,88;R$ 0,00
618;2422;1288;"=""14490072104""";CARLOS ANTONIO DE SOUZA;PESSOA FISICA;IPVA;"=""2356895922270""";"=""20260000002705""";13835149;Efetivada;23/02/2026 10:23:13;23/02/2026 12:15:46;1;1;27/02/2026;23/02/2026;Paga;R$ 1.639,81;R$ 1.639,81;R$ 1.639,81;R$ 0,00
1030;1867;2275;"=""14524584000109""";LUCIANA LUCIA DA SILVA LIMA;PESSOA JURIDICA;Pena Pecuniária;"=""4011401553709""";"=""20260000005250""";13964267;Efetivada;11/03/2026 14:25:24;17/03/2026 18:06:54;145;1;18/03/2026;17/03/2026;Paga;R$ 367,49;R$ 367,49;R$ 367,49;R$ 0,00
1030;1867;2275;"=""14524584000109""";LUCIANA LUCIA DA SILVA LIMA;PESSOA JURIDICA;Pena Pecuniária;"=""4011401553709""";"=""20260000005250""";13964267;Efetivada;11/03/2026 14:25:24;17/03/2026 18:06:54;145;2;27/04/2026;27/04/2026;Paga;R$ 371,16;R$ 371,16;R$ 371,16;R$ 0,00
1022;3229;2251;"=""14674430000101""";RAILDA CHAGAS DE SOUZA MARCELINO;PESSOA JURIDICA;Pena Pecuniária;"=""4011603576521""";"=""20260000005189""";13961780;Efetivada;11/03/2026 10:17:43;17/03/2026 18:06:33;17;1;18/03/2026;17/03/2026;Paga;R$ 337,85;R$ 337,85;R$ 337,85;R$ 0,00
1094;3294;2433;"=""14719398120""";INACIA PEREIRA DE GODOI;PESSOA FISICA;IPVA;"=""2343426322294""";"=""20260000005585""";14011883;Efetivada;19/03/2026 15:34:36;20/03/2026 18:09:48;2;1;26/03/2026;20/03/2026;Paga;R$ 349,65;R$ 349,65;R$ 349,65;R$ 0,00
405;1935;860;"=""14732653120""";JOAO BATISTA VAZ;PESSOA FISICA;ICMS;"=""4012101438040""";"=""20260000001662""";13774670;Efetivada;12/02/2026 09:06:37;23/04/2026 18:10:36;1;1;23/02/2026;23/02/2026;Paga;R$ 7.916,30;R$ 7.916,30;R$ 7.916,30;R$ 0,00
662;2487;1403;"=""15121210000105""";REOBOTE COMERCIO E SERVIÇOS LTDA;PESSOA JURIDICA;ICMS;"=""4011902901572""";"=""20260000002960""";13847007;Efetivada;24/02/2026 10:24:11;27/02/2026 12:03:56;1;1;27/02/2026;26/02/2026;Paga;R$ 8.163,61;R$ 8.163,61;R$ 8.163,61;R$ 0,00
615;2419;1279;"=""15221549000183""";PLAN COMERCIAL E SERVIÇOS LTDA.;PESSOA JURIDICA;ICMS;"=""4011600705401""";"=""20260000002672""";13834576;Efetivada;23/02/2026 10:07:57;23/02/2026 18:11:09;84;1;27/02/2026;23/02/2026;Paga;R$ 1.436,94;R$ 1.436,94;R$ 1.436,94;R$ 0,00
615;2419;1279;"=""15221549000183""";PLAN COMERCIAL E SERVIÇOS LTDA.;PESSOA JURIDICA;ICMS;"=""4011600705401""";"=""20260000002672""";13834576;Efetivada;23/02/2026 10:07:57;23/02/2026 18:11:09;84;2;25/03/2026;18/03/2026;Paga;R$ 1.451,29;R$ 1.451,31;R$ 1.451,31;R$ 0,00
615;2419;1279;"=""15221549000183""";PLAN COMERCIAL E SERVIÇOS LTDA.;PESSOA JURIDICA;ICMS;"=""4011600705401""";"=""20260000002672""";13834576;Efetivada;23/02/2026 10:07:57;23/02/2026 18:11:09;84;3;27/04/2026;27/04/2026;Paga;R$ 1.451,29;R$ 1.468,70;R$ 1.468,70;R$ 0,00
615;2419;1279;"=""15221549000183""";PLAN COMERCIAL E SERVIÇOS LTDA.;PESSOA JURIDICA;ICMS;"=""4011600705401""";"=""20260000002672""";13834576;Efetivada;23/02/2026 10:07:57;23/02/2026 18:11:09;84;4;25/05/2026;26/05/2026;Paga;R$ 1.451,29;R$ 1.489,26;R$ 1.489,26;R$ 0,00
615;2419;1281;"=""15221549000183""";PLAN COMERCIAL E SERVIÇOS LTDA.;PESSOA JURIDICA;ICMS;"=""4011901294290""";"=""20260000002674""";13834550;Efetivada;23/02/2026 10:07:57;23/02/2026 18:11:15;61;1;27/02/2026;23/02/2026;Paga;R$ 332,79;R$ 332,79;R$ 332,79;R$ 0,00
615;2419;1281;"=""15221549000183""";PLAN COMERCIAL E SERVIÇOS LTDA.;PESSOA JURIDICA;ICMS;"=""4011901294290""";"=""20260000002674""";13834550;Efetivada;23/02/2026 10:07:57;23/02/2026 18:11:15;61;2;25/03/2026;18/03/2026;Paga;R$ 336,10;R$ 336,12;R$ 336,12;R$ 0,00
615;2419;1281;"=""15221549000183""";PLAN COMERCIAL E SERVIÇOS LTDA.;PESSOA JURIDICA;ICMS;"=""4011901294290""";"=""20260000002674""";13834550;Efetivada;23/02/2026 10:07:57;23/02/2026 18:11:15;61;3;27/04/2026;27/04/2026;Paga;R$ 336,10;R$ 340,15;R$ 340,15;R$ 0,00
615;2419;1281;"=""15221549000183""";PLAN COMERCIAL E SERVIÇOS LTDA.;PESSOA JURIDICA;ICMS;"=""4011901294290""";"=""20260000002674""";13834550;Efetivada;23/02/2026 10:07:57;23/02/2026 18:11:15;61;4;25/05/2026;26/05/2026;Paga;R$ 336,10;R$ 344,90;R$ 344,90;R$ 0,00
615;2419;1282;"=""15221549000183""";PLAN COMERCIAL E SERVIÇOS LTDA.;PESSOA JURIDICA;ICMS;"=""2019518911120""";"=""20260000002675""";13834568;Efetivada;23/02/2026 10:07:57;23/02/2026 18:11:15;84;1;27/02/2026;23/02/2026;Paga;R$ 529,71;R$ 529,71;R$ 529,71;R$ 0,00
615;2419;1282;"=""15221549000183""";PLAN COMERCIAL E SERVIÇOS LTDA.;PESSOA JURIDICA;ICMS;"=""2019518911120""";"=""20260000002675""";13834568;Efetivada;23/02/2026 10:07:57;23/02/2026 18:11:15;84;2;25/03/2026;18/03/2026;Paga;R$ 535,00;R$ 535,01;R$ 535,01;R$ 0,00
615;2419;1282;"=""15221549000183""";PLAN COMERCIAL E SERVIÇOS LTDA.;PESSOA JURIDICA;ICMS;"=""2019518911120""";"=""20260000002675""";13834568;Efetivada;23/02/2026 10:07:57;23/02/2026 18:11:15;84;3;27/04/2026;27/04/2026;Paga;R$ 535,00;R$ 541,41;R$ 541,41;R$ 0,00
615;2419;1282;"=""15221549000183""";PLAN COMERCIAL E SERVIÇOS LTDA.;PESSOA JURIDICA;ICMS;"=""2019518911120""";"=""20260000002675""";13834568;Efetivada;23/02/2026 10:07:57;23/02/2026 18:11:15;84;4;25/05/2026;26/05/2026;Paga;R$ 535,00;R$ 548,99;R$ 548,99;R$ 0,00
615;2419;1278;"=""15221549000183""";PLAN COMERCIAL E SERVIÇOS LTDA.;PESSOA JURIDICA;ICMS;"=""2008973711112""";"=""20260000002671""";13834584;Efetivada;23/02/2026 10:07:57;23/02/2026 18:11:22;84;1;27/02/2026;23/02/2026;Paga;R$ 438,35;R$ 438,35;R$ 438,35;R$ 0,00
615;2419;1278;"=""15221549000183""";PLAN COMERCIAL E SERVIÇOS LTDA.;PESSOA JURIDICA;ICMS;"=""2008973711112""";"=""20260000002671""";13834584;Efetivada;23/02/2026 10:07:57;23/02/2026 18:11:22;84;2;25/03/2026;18/03/2026;Paga;R$ 442,72;R$ 442,74;R$ 442,74;R$ 0,00
615;2419;1278;"=""15221549000183""";PLAN COMERCIAL E SERVIÇOS LTDA.;PESSOA JURIDICA;ICMS;"=""2008973711112""";"=""20260000002671""";13834584;Efetivada;23/02/2026 10:07:57;23/02/2026 18:11:22;84;3;27/04/2026;27/04/2026;Paga;R$ 442,72;R$ 448,04;R$ 448,04;R$ 0,00
615;2419;1278;"=""15221549000183""";PLAN COMERCIAL E SERVIÇOS LTDA.;PESSOA JURIDICA;ICMS;"=""2008973711112""";"=""20260000002671""";13834584;Efetivada;23/02/2026 10:07:57;23/02/2026 18:11:22;84;4;25/05/2026;26/05/2026;Paga;R$ 442,72;R$ 454,32;R$ 454,32;R$ 0,00
615;2419;1280;"=""15221549000183""";PLAN COMERCIAL E SERVIÇOS LTDA.;PESSOA JURIDICA;ICMS;"=""4021900093832""";"=""20260000002673""";13834592;Efetivada;23/02/2026 10:07:57;23/02/2026 18:11:22;84;1;27/02/2026;23/02/2026;Paga;R$ 844,48;R$ 844,48;R$ 844,48;R$ 0,00
615;2419;1280;"=""15221549000183""";PLAN COMERCIAL E SERVIÇOS LTDA.;PESSOA JURIDICA;ICMS;"=""4021900093832""";"=""20260000002673""";13834592;Efetivada;23/02/2026 10:07:57;23/02/2026 18:11:22;84;2;25/03/2026;18/03/2026;Paga;R$ 852,91;R$ 852,93;R$ 852,93;R$ 0,00
615;2419;1280;"=""15221549000183""";PLAN COMERCIAL E SERVIÇOS LTDA.;PESSOA JURIDICA;ICMS;"=""4021900093832""";"=""20260000002673""";13834592;Efetivada;23/02/2026 10:07:57;23/02/2026 18:11:22;84;3;27/04/2026;27/04/2026;Paga;R$ 852,91;R$ 863,15;R$ 863,15;R$ 0,00
615;2419;1280;"=""15221549000183""";PLAN COMERCIAL E SERVIÇOS LTDA.;PESSOA JURIDICA;ICMS;"=""4021900093832""";"=""20260000002673""";13834592;Efetivada;23/02/2026 10:07:57;23/02/2026 18:11:22;84;4;25/05/2026;26/05/2026;Paga;R$ 852,91;R$ 875,22;R$ 875,22;R$ 0,00
5;319;9;"=""15333341000156""";ITIQUIRA INDUSTRIA LTDA.;PESSOA JURIDICA;ICMS;"=""4022100014804""";"=""20250000000005""";13325507;Efetivada;18/11/2025 20:04:22;;145;1;25/11/2025;24/11/2025;Paga;R$ 11.753,13;R$ 11.753,13;R$ 11.753,13;R$ 0,00
5;319;9;"=""15333341000156""";ITIQUIRA INDUSTRIA LTDA.;PESSOA JURIDICA;ICMS;"=""4022100014804""";"=""20250000000005""";13325507;Efetivada;18/11/2025 20:04:22;;145;2;29/12/2025;24/12/2025;Paga;R$ 11.870,64;R$ 11.870,66;R$ 11.870,66;R$ 0,00
5;319;9;"=""15333341000156""";ITIQUIRA INDUSTRIA LTDA.;PESSOA JURIDICA;ICMS;"=""4022100014804""";"=""20250000000005""";13325507;Efetivada;18/11/2025 20:04:22;;145;3;26/01/2026;26/02/2026;Paga;R$ 11.870,64;R$ 13.393,37;R$ 13.393,37;R$ 0,00
5;319;9;"=""15333341000156""";ITIQUIRA INDUSTRIA LTDA.;PESSOA JURIDICA;ICMS;"=""4022100014804""";"=""20250000000005""";13325507;Efetivada;18/11/2025 20:04:22;;145;4;25/02/2026;18/05/2026;Paga;R$ 11.870,64;R$ 15.045,89;R$ 15.045,89;R$ 0,00
5;319;9;"=""15333341000156""";ITIQUIRA INDUSTRIA LTDA.;PESSOA JURIDICA;ICMS;"=""4022100014804""";"=""20250000000005""";13325507;Efetivada;18/11/2025 20:04:22;;145;5;25/03/2026;18/05/2026;Paga;R$ 11.870,64;R$ 14.855,31;R$ 14.772,56;R$ 0,00
5;319;9;"=""15333341000156""";ITIQUIRA INDUSTRIA LTDA.;PESSOA JURIDICA;ICMS;"=""4022100014804""";"=""20250000000005""";13325507;Efetivada;18/11/2025 20:04:22;;145;6;27/04/2026;19/05/2026;Paga;R$ 11.870,64;R$ 13.489,89;R$ 13.448,51;R$ 0,00
5;319;9;"=""15333341000156""";ITIQUIRA INDUSTRIA LTDA.;PESSOA JURIDICA;ICMS;"=""4022100014804""";"=""20250000000005""";13325507;Efetivada;18/11/2025 20:04:22;;145;7;25/05/2026;19/05/2026;Paga;R$ 11.870,64;R$ 12.538,24;R$ 12.538,24;R$ 0,00
5;319;10;"=""15333341000156""";ITIQUIRA INDUSTRIA LTDA.;PESSOA JURIDICA;ICMS;"=""4022100015959""";"=""20250000000006""";13325515;Efetivada;18/11/2025 20:04:22;;145;1;25/11/2025;24/11/2025;Paga;R$ 5.274,73;R$ 5.274,73;R$ 5.274,73;R$ 0,00
5;319;10;"=""15333341000156""";ITIQUIRA INDUSTRIA LTDA.;PESSOA JURIDICA;ICMS;"=""4022100015959""";"=""20250000000006""";13325515;Efetivada;18/11/2025 20:04:22;;145;2;29/12/2025;26/02/2026;Paga;R$ 5.327,46;R$ 6.514,72;R$ 6.514,72;R$ 0,00
5;319;10;"=""15333341000156""";ITIQUIRA INDUSTRIA LTDA.;PESSOA JURIDICA;ICMS;"=""4022100015959""";"=""20250000000006""";13325515;Efetivada;18/11/2025 20:04:22;;145;3;26/01/2026;25/03/2026;Paga;R$ 5.327,46;R$ 6.559,56;R$ 6.559,56;R$ 0,00
5;319;10;"=""15333341000156""";ITIQUIRA INDUSTRIA LTDA.;PESSOA JURIDICA;ICMS;"=""4022100015959""";"=""20250000000006""";13325515;Efetivada;18/11/2025 20:04:22;;145;4;25/02/2026;25/03/2026;Paga;R$ 5.327,46;R$ 6.014,49;R$ 6.014,49;R$ 0,00
5;319;10;"=""15333341000156""";ITIQUIRA INDUSTRIA LTDA.;PESSOA JURIDICA;ICMS;"=""4022100015959""";"=""20250000000006""";13325515;Efetivada;18/11/2025 20:04:22;;145;5;25/03/2026;19/05/2026;Paga;R$ 5.327,46;R$ 6.666,96;R$ 6.648,40;R$ 0,00
5;319;10;"=""15333341000156""";ITIQUIRA INDUSTRIA LTDA.;PESSOA JURIDICA;ICMS;"=""4022100015959""";"=""20250000000006""";13325515;Efetivada;18/11/2025 20:04:22;;145;6;27/04/2026;19/05/2026;Paga;R$ 5.327,46;R$ 6.054,18;R$ 6.035,61;R$ 0,00
5;319;10;"=""15333341000156""";ITIQUIRA INDUSTRIA LTDA.;PESSOA JURIDICA;ICMS;"=""4022100015959""";"=""20250000000006""";13325515;Efetivada;18/11/2025 20:04:22;;145;7;25/05/2026;19/05/2026;Paga;R$ 5.327,46;R$ 5.627,08;R$ 5.627,08;R$ 0,00
648;2482;1338;"=""15478602191""";HELENO ELIAS DE FRANCA;PESSOA FISICA;IPVA;"=""2288172622210""";"=""20260000002839""";13845454;Efetivada;24/02/2026 08:29:20;25/02/2026 12:06:27;1;1;27/02/2026;25/02/2026;Paga;R$ 648,87;R$ 648,87;R$ 648,87;R$ 0,00
197;1113;427;"=""15779467234""";ILDEBRANDO ROCHA LIMA;PESSOA FISICA;IPVA;"=""2360106322242""";"=""20260000000657""";13692305;Efetivada;05/02/2026 13:46:45;13/02/2026 06:02:21;3;1;12/02/2026;12/02/2026;Paga;R$ 342,90;R$ 342,90;R$ 342,90;R$ 0,00
197;1113;427;"=""15779467234""";ILDEBRANDO ROCHA LIMA;PESSOA FISICA;IPVA;"=""2360106322242""";"=""20260000000657""";13692305;Efetivada;05/02/2026 13:46:45;13/02/2026 06:02:21;3;2;25/03/2026;27/04/2026;Paga;R$ 346,32;R$ 388,66;R$ 388,66;R$ 0,00
197;1113;427;"=""15779467234""";ILDEBRANDO ROCHA LIMA;PESSOA FISICA;IPVA;"=""2360106322242""";"=""20260000000657""";13692305;Efetivada;05/02/2026 13:46:45;13/02/2026 06:02:21;3;3;27/04/2026;27/04/2026;Paga;R$ 346,32;R$ 350,49;R$ 350,49;R$ 0,00
910;2606;1968;"=""15929765000188""";ATELIE DAS MENINAS COMERCIO DE ROUPAS LTDA;PESSOA JURIDICA;ICMS;"=""4012000717202""";"=""20260000004606""";13921568;Efetivada;05/03/2026 09:25:29;06/03/2026 12:07:57;145;2;27/04/2026;16/04/2026;Paga;R$ 640,39;R$ 640,40;R$ 640,40;R$ 0,00
910;2606;1968;"=""15929765000188""";ATELIE DAS MENINAS COMERCIO DE ROUPAS LTDA;PESSOA JURIDICA;ICMS;"=""4012000717202""";"=""20260000004606""";13921568;Efetivada;05/03/2026 09:25:29;06/03/2026 12:07:57;145;3;25/05/2026;25/05/2026;Paga;R$ 640,39;R$ 647,31;R$ 647,31;R$ 0,00
910;2606;1969;"=""15929765000188""";ATELIE DAS MENINAS COMERCIO DE ROUPAS LTDA;PESSOA JURIDICA;ICMS;"=""4011902482154""";"=""20260000004607""";13921576;Efetivada;05/03/2026 09:25:29;06/03/2026 12:08:04;145;2;27/04/2026;16/04/2026;Paga;R$ 554,58;R$ 554,59;R$ 554,59;R$ 0,00
910;2606;1969;"=""15929765000188""";ATELIE DAS MENINAS COMERCIO DE ROUPAS LTDA;PESSOA JURIDICA;ICMS;"=""4011902482154""";"=""20260000004607""";13921576;Efetivada;05/03/2026 09:25:29;06/03/2026 12:08:04;145;3;25/05/2026;25/05/2026;Paga;R$ 554,58;R$ 560,57;R$ 560,57;R$ 0,00
741;2678;1593;"=""15994916000181""";ENECOL ENGENHARIA E ELETRICIDADE LTDA;PESSOA JURIDICA;ICMS;"=""4011603118221""";"=""20260000003582""";13870610;Efetivada;26/02/2026 11:12:43;26/02/2026 18:11:34;4;1;27/02/2026;26/02/2026;Paga;R$ 914,69;R$ 914,69;R$ 914,69;R$ 0,00
741;2678;1593;"=""15994916000181""";ENECOL ENGENHARIA E ELETRICIDADE LTDA;PESSOA JURIDICA;ICMS;"=""4011603118221""";"=""20260000003582""";13870610;Efetivada;26/02/2026 11:12:43;26/02/2026 18:11:34;4;2;25/03/2026;23/03/2026;Paga;R$ 923,83;R$ 923,84;R$ 923,84;R$ 0,00
741;2678;1593;"=""15994916000181""";ENECOL ENGENHARIA E ELETRICIDADE LTDA;PESSOA JURIDICA;ICMS;"=""4011603118221""";"=""20260000003582""";13870610;Efetivada;26/02/2026 11:12:43;26/02/2026 18:11:34;4;3;27/04/2026;23/04/2026;Paga;R$ 923,83;R$ 934,91;R$ 934,91;R$ 0,00
741;2678;1593;"=""15994916000181""";ENECOL ENGENHARIA E ELETRICIDADE LTDA;PESSOA JURIDICA;ICMS;"=""4011603118221""";"=""20260000003582""";13870610;Efetivada;26/02/2026 11:12:43;26/02/2026 18:11:34;4;4;25/05/2026;25/05/2026;Paga;R$ 923,83;R$ 944,87;R$ 944,87;R$ 0,00
304;1670;661;"=""16133021187""";IRACY ROSA DE SOUZA;PESSOA FISICA;ICMS;"=""4011802671281""";"=""20260000001224""";13757440;Efetivada;09/02/2026 16:36:15;12/02/2026 18:07:26;15;1;18/02/2026;12/02/2026;Paga;R$ 339,86;R$ 339,86;R$ 339,86;R$ 0,00
304;1670;661;"=""16133021187""";IRACY ROSA DE SOUZA;PESSOA FISICA;ICMS;"=""4011802671281""";"=""20260000001224""";13757440;Efetivada;09/02/2026 16:36:15;12/02/2026 18:07:26;15;2;25/03/2026;25/03/2026;Paga;R$ 343,23;R$ 343,26;R$ 343,26;R$ 0,00
304;1670;661;"=""16133021187""";IRACY ROSA DE SOUZA;PESSOA FISICA;ICMS;"=""4011802671281""";"=""20260000001224""";13757440;Efetivada;09/02/2026 16:36:15;12/02/2026 18:07:26;15;3;27/04/2026;27/04/2026;Paga;R$ 343,23;R$ 347,37;R$ 347,37;R$ 0,00
304;1670;661;"=""16133021187""";IRACY ROSA DE SOUZA;PESSOA FISICA;ICMS;"=""4011802671281""";"=""20260000001224""";13757440;Efetivada;09/02/2026 16:36:15;12/02/2026 18:07:26;15;4;25/05/2026;25/05/2026;Paga;R$ 343,23;R$ 351,08;R$ 351,08;R$ 0,00
700;2019;1495;"=""16558385000147""";PINHEIRO E HERMINIO EMPREENDIMENTOS LTDA;PESSOA JURIDICA;Pena Pecuniária;"=""2137271900020""";"=""20260000003177""";13859048;Efetivada;25/02/2026 09:48:25;25/02/2026 18:10:40;25;1;27/02/2026;25/02/2026;Paga;R$ 334,28;R$ 334,28;R$ 334,28;R$ 0,00
524;1829;1090;"=""16610830134""";VERA LUCIA PEREIRA CARVALHO;PESSOA FISICA;IPVA;"=""2337372222209""";"=""20260000002199""";13849042;Efetivada;18/02/2026 15:04:37;24/02/2026 18:12:56;1;1;25/02/2026;24/02/2026;Paga;R$ 1.507,94;R$ 1.507,94;R$ 1.507,94;R$ 0,00
524;1829;1089;"=""16610830134""";VERA LUCIA PEREIRA CARVALHO;PESSOA FISICA;IPVA;"=""2329154522285""";"=""20260000002198""";13849034;Efetivada;18/02/2026 15:04:37;24/02/2026 18:13:02;1;1;25/02/2026;24/02/2026;Paga;R$ 1.245,63;R$ 1.245,63;R$ 1.245,63;R$ 0,00
1099;3356;2460;"=""16802608120""";VALERIA MARIA VAZ TRONCHA;PESSOA FISICA;IPVA;"=""2374990222210""";"=""20260000005641""";14013118;Efetivada;19/03/2026 17:33:19;09/04/2026 12:51:00;1;1;26/03/2026;20/03/2026;Paga;R$ 1.370,37;R$ 1.370,37;R$ 1.370,37;R$ 0,00
230;1456;506;"=""17244498187""";WAGNER MARTINS DE MORAES;PESSOA FISICA;IPVA;"=""2383544522233""";"=""20260000000836""";13698028;Efetivada;06/02/2026 11:01:02;14/02/2026 06:02:59;1;1;13/02/2026;13/02/2026;Paga;R$ 214,37;R$ 214,37;R$ 214,37;R$ 0,00
565;1456;1162;"=""17244498187""";WAGNER MARTINS DE MORAES;PESSOA FISICA;IPVA;"=""2311027122234""";"=""20260000002374""";13818830;Efetivada;20/02/2026 09:53:51;28/02/2026 12:01:04;1;1;27/02/2026;27/02/2026;Paga;R$ 167,18;R$ 167,18;R$ 167,18;R$ 0,00
6;76;11;"=""17258672000102""";G J DE CARVALHO ROCHA TRANSPORTE EIRELI;PESSOA JURIDICA;Pena Pecuniária;"=""4011500693282""";"=""20250000000007""";13335588;Efetivada;24/11/2025 10:46:00;;145;1;28/11/2025;25/11/2025;Paga;R$ 3.024,64;R$ 3.024,64;R$ 3.024,64;R$ 0,00
6;76;11;"=""17258672000102""";G J DE CARVALHO ROCHA TRANSPORTE EIRELI;PESSOA JURIDICA;Pena Pecuniária;"=""4011500693282""";"=""20250000000007""";13335588;Efetivada;24/11/2025 10:46:00;;145;2;29/12/2025;15/12/2025;Paga;R$ 3.054,87;R$ 3.054,89;R$ 3.054,89;R$ 0,00
6;76;11;"=""17258672000102""";G J DE CARVALHO ROCHA TRANSPORTE EIRELI;PESSOA JURIDICA;Pena Pecuniária;"=""4011500693282""";"=""20250000000007""";13335588;Efetivada;24/11/2025 10:46:00;;145;3;26/01/2026;20/01/2026;Paga;R$ 3.054,87;R$ 3.091,78;R$ 3.091,78;R$ 0,00
6;76;11;"=""17258672000102""";G J DE CARVALHO ROCHA TRANSPORTE EIRELI;PESSOA JURIDICA;Pena Pecuniária;"=""4011500693282""";"=""20250000000007""";13335588;Efetivada;24/11/2025 10:46:00;;145;4;25/02/2026;10/03/2026;Paga;R$ 3.054,87;R$ 3.292,56;R$ 3.292,56;R$ 0,00
6;76;11;"=""17258672000102""";G J DE CARVALHO ROCHA TRANSPORTE EIRELI;PESSOA JURIDICA;Pena Pecuniária;"=""4011500693282""";"=""20250000000007""";13335588;Efetivada;24/11/2025 10:46:00;;145;5;25/03/2026;26/03/2026;Paga;R$ 3.054,87;R$ 3.177,95;R$ 3.167,54;R$ 0,00
6;76;11;"=""17258672000102""";G J DE CARVALHO ROCHA TRANSPORTE EIRELI;PESSOA JURIDICA;Pena Pecuniária;"=""4011500693282""";"=""20250000000007""";13335588;Efetivada;24/11/2025 10:46:00;;145;6;27/04/2026;23/04/2026;Paga;R$ 3.054,87;R$ 3.193,72;R$ 3.193,72;R$ 0,00
1145;1321;2592;"=""17393547000105""";EMSA EMPRESA SUL AMERICANA DE MONTAGENS SA;PESSOA JURIDICA;IPVA;"=""2277848522216""";"=""20260000006004""";14062879;Efetivada;26/03/2026 17:40:43;30/03/2026 18:13:29;3;1;30/03/2026;30/03/2026;Paga;R$ 431,77;R$ 431,77;R$ 431,77;R$ 0,00
1145;1321;2592;"=""17393547000105""";EMSA EMPRESA SUL AMERICANA DE MONTAGENS SA;PESSOA JURIDICA;IPVA;"=""2277848522216""";"=""20260000006004""";14062879;Efetivada;26/03/2026 17:40:43;30/03/2026 18:13:29;3;2;27/04/2026;22/04/2026;Paga;R$ 436,08;R$ 436,09;R$ 436,09;R$ 0,00
1145;1321;2592;"=""17393547000105""";EMSA EMPRESA SUL AMERICANA DE MONTAGENS SA;PESSOA JURIDICA;IPVA;"=""2277848522216""";"=""20260000006004""";14062879;Efetivada;26/03/2026 17:40:43;30/03/2026 18:13:29;3;3;25/05/2026;22/05/2026;Paga;R$ 436,08;R$ 440,79;R$ 440,79;R$ 0,00
1145;1321;2593;"=""17393547000105""";EMSA EMPRESA SUL AMERICANA DE MONTAGENS SA;PESSOA JURIDICA;IPVA;"=""2280842122283""";"=""20260000006005""";14062852;Efetivada;26/03/2026 17:40:43;30/03/2026 18:13:45;4;1;30/03/2026;30/03/2026;Paga;R$ 350,23;R$ 350,23;R$ 350,23;R$ 0,00
1145;1321;2593;"=""17393547000105""";EMSA EMPRESA SUL AMERICANA DE MONTAGENS SA;PESSOA JURIDICA;IPVA;"=""2280842122283""";"=""20260000006005""";14062852;Efetivada;26/03/2026 17:40:43;30/03/2026 18:13:45;4;2;27/04/2026;22/04/2026;Paga;R$ 353,72;R$ 353,73;R$ 353,73;R$ 0,00
1145;1321;2593;"=""17393547000105""";EMSA EMPRESA SUL AMERICANA DE MONTAGENS SA;PESSOA JURIDICA;IPVA;"=""2280842122283""";"=""20260000006005""";14062852;Efetivada;26/03/2026 17:40:43;30/03/2026 18:13:45;4;3;25/05/2026;22/05/2026;Paga;R$ 353,72;R$ 357,55;R$ 357,55;R$ 0,00
1145;1321;2585;"=""17393547000105""";EMSA EMPRESA SUL AMERICANA DE MONTAGENS SA;PESSOA JURIDICA;IPVA;"=""2262881122258""";"=""20260000005997""";14062887;Efetivada;26/03/2026 17:40:43;30/03/2026 18:13:53;4;1;30/03/2026;30/03/2026;Paga;R$ 334,73;R$ 334,73;R$ 334,73;R$ 0,00
1145;1321;2585;"=""17393547000105""";EMSA EMPRESA SUL AMERICANA DE MONTAGENS SA;PESSOA JURIDICA;IPVA;"=""2262881122258""";"=""20260000005997""";14062887;Efetivada;26/03/2026 17:40:43;30/03/2026 18:13:53;4;2;27/04/2026;22/04/2026;Paga;R$ 338,07;R$ 338,08;R$ 338,08;R$ 0,00
1145;1321;2585;"=""17393547000105""";EMSA EMPRESA SUL AMERICANA DE MONTAGENS SA;PESSOA JURIDICA;IPVA;"=""2262881122258""";"=""20260000005997""";14062887;Efetivada;26/03/2026 17:40:43;30/03/2026 18:13:53;4;3;25/05/2026;22/05/2026;Paga;R$ 338,07;R$ 341,74;R$ 341,74;R$ 0,00
1145;1321;2586;"=""17393547000105""";EMSA EMPRESA SUL AMERICANA DE MONTAGENS SA;PESSOA JURIDICA;IPVA;"=""2270482922278""";"=""20260000005998""";14062909;Efetivada;26/03/2026 17:40:43;30/03/2026 18:14:01;2;1;30/03/2026;30/03/2026;Paga;R$ 400,72;R$ 400,72;R$ 400,72;R$ 0,00
1145;1321;2586;"=""17393547000105""";EMSA EMPRESA SUL AMERICANA DE MONTAGENS SA;PESSOA JURIDICA;IPVA;"=""2270482922278""";"=""20260000005998""";14062909;Efetivada;26/03/2026 17:40:43;30/03/2026 18:14:01;2;2;27/04/2026;22/04/2026;Paga;R$ 404,72;R$ 404,73;R$ 404,73;R$ 0,00
1145;1321;2590;"=""17393547000105""";EMSA EMPRESA SUL AMERICANA DE MONTAGENS SA;PESSOA JURIDICA;IPVA;"=""2274863922225""";"=""20260000006002""";14062895;Efetivada;26/03/2026 17:40:43;30/03/2026 18:14:10;3;1;30/03/2026;30/03/2026;Paga;R$ 431,77;R$ 431,77;R$ 431,77;R$ 0,00
1145;1321;2590;"=""17393547000105""";EMSA EMPRESA SUL AMERICANA DE MONTAGENS SA;PESSOA JURIDICA;IPVA;"=""2274863922225""";"=""20260000006002""";14062895;Efetivada;26/03/2026 17:40:43;30/03/2026 18:14:10;3;2;27/04/2026;22/04/2026;Paga;R$ 436,08;R$ 436,09;R$ 436,09;R$ 0,00
1145;1321;2590;"=""17393547000105""";EMSA EMPRESA SUL AMERICANA DE MONTAGENS SA;PESSOA JURIDICA;IPVA;"=""2274863922225""";"=""20260000006002""";14062895;Efetivada;26/03/2026 17:40:43;30/03/2026 18:14:10;3;3;25/05/2026;22/05/2026;Paga;R$ 436,08;R$ 440,79;R$ 440,79;R$ 0,00
1145;1321;2587;"=""17393547000105""";EMSA EMPRESA SUL AMERICANA DE MONTAGENS SA;PESSOA JURIDICA;IPVA;"=""2271858322237""";"=""20260000005999""";14062917;Efetivada;26/03/2026 17:40:43;30/03/2026 18:14:18;3;1;30/03/2026;30/03/2026;Paga;R$ 431,77;R$ 431,77;R$ 431,77;R$ 0,00
1145;1321;2587;"=""17393547000105""";EMSA EMPRESA SUL AMERICANA DE MONTAGENS SA;PESSOA JURIDICA;IPVA;"=""2271858322237""";"=""20260000005999""";14062917;Efetivada;26/03/2026 17:40:43;30/03/2026 18:14:18;3;2;27/04/2026;22/04/2026;Paga;R$ 436,08;R$ 436,09;R$ 436,09;R$ 0,00
1145;1321;2587;"=""17393547000105""";EMSA EMPRESA SUL AMERICANA DE MONTAGENS SA;PESSOA JURIDICA;IPVA;"=""2271858322237""";"=""20260000005999""";14062917;Efetivada;26/03/2026 17:40:43;30/03/2026 18:14:18;3;3;25/05/2026;22/05/2026;Paga;R$ 436,08;R$ 440,79;R$ 440,79;R$ 0,00
1145;1321;2589;"=""17393547000105""";EMSA EMPRESA SUL AMERICANA DE MONTAGENS SA;PESSOA JURIDICA;IPVA;"=""2274725022253""";"=""20260000006001""";14062925;Efetivada;26/03/2026 17:40:43;30/03/2026 18:14:25;2;1;30/03/2026;30/03/2026;Paga;R$ 396,06;R$ 396,06;R$ 396,06;R$ 0,00
1145;1321;2589;"=""17393547000105""";EMSA EMPRESA SUL AMERICANA DE MONTAGENS SA;PESSOA JURIDICA;IPVA;"=""2274725022253""";"=""20260000006001""";14062925;Efetivada;26/03/2026 17:40:43;30/03/2026 18:14:25;2;2;27/04/2026;22/04/2026;Paga;R$ 400,02;R$ 400,03;R$ 400,03;R$ 0,00
1145;1321;2594;"=""17393547000105""";EMSA EMPRESA SUL AMERICANA DE MONTAGENS SA;PESSOA JURIDICA;IPVA;"=""2283841622260""";"=""20260000006006""";14062941;Efetivada;26/03/2026 17:40:43;30/03/2026 18:14:33;3;1;30/03/2026;30/03/2026;Paga;R$ 385,37;R$ 385,37;R$ 385,37;R$ 0,00
1145;1321;2594;"=""17393547000105""";EMSA EMPRESA SUL AMERICANA DE MONTAGENS SA;PESSOA JURIDICA;IPVA;"=""2283841622260""";"=""20260000006006""";14062941;Efetivada;26/03/2026 17:40:43;30/03/2026 18:14:33;3;2;27/04/2026;22/04/2026;Paga;R$ 389,22;R$ 389,22;R$ 389,22;R$ 0,00
1145;1321;2594;"=""17393547000105""";EMSA EMPRESA SUL AMERICANA DE MONTAGENS SA;PESSOA JURIDICA;IPVA;"=""2283841622260""";"=""20260000006006""";14062941;Efetivada;26/03/2026 17:40:43;30/03/2026 18:14:33;3;3;25/05/2026;22/05/2026;Paga;R$ 389,22;R$ 393,42;R$ 393,42;R$ 0,00
1145;1321;2588;"=""17393547000105""";EMSA EMPRESA SUL AMERICANA DE MONTAGENS SA;PESSOA JURIDICA;IPVA;"=""2273160422204""";"=""20260000006000""";14062860;Efetivada;26/03/2026 17:40:43;01/04/2026 18:11:11;1;1;30/03/2026;30/03/2026;Paga;R$ 535,66;R$ 535,66;R$ 535,66;R$ 0,00
1145;1321;2591;"=""17393547000105""";EMSA EMPRESA SUL AMERICANA DE MONTAGENS SA;PESSOA JURIDICA;IPVA;"=""2274979122225""";"=""20260000006003""";14062933;Efetivada;26/03/2026 17:40:43;01/04/2026 18:11:19;1;1;30/03/2026;30/03/2026;Paga;R$ 562,84;R$ 562,84;R$ 562,84;R$ 0,00
1146;1321;2595;"=""17393547000105""";EMSA EMPRESA SUL AMERICANA DE MONTAGENS SA;PESSOA JURIDICA;IPVA;"=""2285340122245""";"=""20260000006017""";14054949;Efetivada;26/03/2026 17:46:53;09/04/2026 12:51:02;4;1;31/03/2026;30/03/2026;Paga;R$ 334,73;R$ 334,73;R$ 334,73;R$ 0,00
1146;1321;2595;"=""17393547000105""";EMSA EMPRESA SUL AMERICANA DE MONTAGENS SA;PESSOA JURIDICA;IPVA;"=""2285340122245""";"=""20260000006017""";14054949;Efetivada;26/03/2026 17:46:53;09/04/2026 12:51:02;4;2;27/04/2026;22/04/2026;Paga;R$ 338,07;R$ 338,08;R$ 338,08;R$ 0,00
1146;1321;2595;"=""17393547000105""";EMSA EMPRESA SUL AMERICANA DE MONTAGENS SA;PESSOA JURIDICA;IPVA;"=""2285340122245""";"=""20260000006017""";14054949;Efetivada;26/03/2026 17:46:53;09/04/2026 12:51:02;4;3;25/05/2026;22/05/2026;Paga;R$ 338,07;R$ 341,74;R$ 341,74;R$ 0,00
1146;1321;2596;"=""17393547000105""";EMSA EMPRESA SUL AMERICANA DE MONTAGENS SA;PESSOA JURIDICA;IPVA;"=""2291426022227""";"=""20260000006018""";14055007;Efetivada;26/03/2026 17:46:53;09/04/2026 12:51:02;2;1;31/03/2026;30/03/2026;Paga;R$ 400,72;R$ 400,72;R$ 400,72;R$ 0,00
1146;1321;2596;"=""17393547000105""";EMSA EMPRESA SUL AMERICANA DE MONTAGENS SA;PESSOA JURIDICA;IPVA;"=""2291426022227""";"=""20260000006018""";14055007;Efetivada;26/03/2026 17:46:53;09/04/2026 12:51:02;2;2;27/04/2026;22/04/2026;Paga;R$ 404,72;R$ 404,73;R$ 404,73;R$ 0,00
1146;1321;2597;"=""17393547000105""";EMSA EMPRESA SUL AMERICANA DE MONTAGENS SA;PESSOA JURIDICA;IPVA;"=""2301929422250""";"=""20260000006019""";14055015;Efetivada;26/03/2026 17:46:53;09/04/2026 12:51:02;1;1;31/03/2026;30/03/2026;Paga;R$ 562,84;R$ 562,84;R$ 562,84;R$ 0,00
1146;1321;2598;"=""17393547000105""";EMSA EMPRESA SUL AMERICANA DE MONTAGENS SA;PESSOA JURIDICA;IPVA;"=""2303176822237""";"=""20260000006020""";14055023;Efetivada;26/03/2026 17:46:53;09/04/2026 12:51:02;3;1;31/03/2026;30/03/2026;Paga;R$ 345,06;R$ 345,06;R$ 345,06;R$ 0,00
1146;1321;2598;"=""17393547000105""";EMSA EMPRESA SUL AMERICANA DE MONTAGENS SA;PESSOA JURIDICA;IPVA;"=""2303176822237""";"=""20260000006020""";14055023;Efetivada;26/03/2026 17:46:53;09/04/2026 12:51:02;3;2;27/04/2026;22/04/2026;Paga;R$ 348,50;R$ 348,52;R$ 348,52;R$ 0,00
1146;1321;2598;"=""17393547000105""";EMSA EMPRESA SUL AMERICANA DE MONTAGENS SA;PESSOA JURIDICA;IPVA;"=""2303176822237""";"=""20260000006020""";14055023;Efetivada;26/03/2026 17:46:53;09/04/2026 12:51:02;3;3;25/05/2026;22/05/2026;Paga;R$ 348,50;R$ 352,29;R$ 352,29;R$ 0,00
1146;1321;2599;"=""17393547000105""";EMSA EMPRESA SUL AMERICANA DE MONTAGENS SA;PESSOA JURIDICA;IPVA;"=""2304803622247""";"=""20260000006021""";14054957;Efetivada;26/03/2026 17:46:53;09/04/2026 12:51:02;4;1;31/03/2026;30/03/2026;Paga;R$ 334,73;R$ 334,73;R$ 334,73;R$ 0,00
1146;1321;2599;"=""17393547000105""";EMSA EMPRESA SUL AMERICANA DE MONTAGENS SA;PESSOA JURIDICA;IPVA;"=""2304803622247""";"=""20260000006021""";14054957;Efetivada;26/03/2026 17:46:53;09/04/2026 12:51:02;4;2;27/04/2026;22/04/2026;Paga;R$ 338,07;R$ 338,08;R$ 338,08;R$ 0,00
1146;1321;2599;"=""17393547000105""";EMSA EMPRESA SUL AMERICANA DE MONTAGENS SA;PESSOA JURIDICA;IPVA;"=""2304803622247""";"=""20260000006021""";14054957;Efetivada;26/03/2026 17:46:53;09/04/2026 12:51:02;4;3;25/05/2026;22/05/2026;Paga;R$ 338,07;R$ 341,74;R$ 341,74;R$ 0,00
1146;1321;2600;"=""17393547000105""";EMSA EMPRESA SUL AMERICANA DE MONTAGENS SA;PESSOA JURIDICA;IPVA;"=""2305857422210""";"=""20260000006022""";14054965;Efetivada;26/03/2026 17:46:53;09/04/2026 12:51:02;5;1;31/03/2026;30/03/2026;Paga;R$ 372,06;R$ 372,06;R$ 372,06;R$ 0,00
1146;1321;2600;"=""17393547000105""";EMSA EMPRESA SUL AMERICANA DE MONTAGENS SA;PESSOA JURIDICA;IPVA;"=""2305857422210""";"=""20260000006022""";14054965;Efetivada;26/03/2026 17:46:53;09/04/2026 12:51:02;5;2;27/04/2026;22/04/2026;Paga;R$ 375,77;R$ 375,78;R$ 375,78;R$ 0,00
1146;1321;2600;"=""17393547000105""";EMSA EMPRESA SUL AMERICANA DE MONTAGENS SA;PESSOA JURIDICA;IPVA;"=""2305857422210""";"=""20260000006022""";14054965;Efetivada;26/03/2026 17:46:53;09/04/2026 12:51:02;5;3;25/05/2026;22/05/2026;Paga;R$ 375,77;R$ 379,84;R$ 379,84;R$ 0,00
1146;1321;2601;"=""17393547000105""";EMSA EMPRESA SUL AMERICANA DE MONTAGENS SA;PESSOA JURIDICA;IPVA;"=""2309966922283""";"=""20260000006023""";14054973;Efetivada;26/03/2026 17:46:53;09/04/2026 12:51:02;1;1;31/03/2026;30/03/2026;Paga;R$ 81,02;R$ 81,02;R$ 81,02;R$ 0,00
1146;1321;2602;"=""17393547000105""";EMSA EMPRESA SUL AMERICANA DE MONTAGENS SA;PESSOA JURIDICA;IPVA;"=""2346475822259""";"=""20260000006024""";14055031;Efetivada;26/03/2026 17:46:53;09/04/2026 12:51:02;4;1;31/03/2026;30/03/2026;Paga;R$ 407,77;R$ 407,77;R$ 407,77;R$ 0,00
1146;1321;2602;"=""17393547000105""";EMSA EMPRESA SUL AMERICANA DE MONTAGENS SA;PESSOA JURIDICA;IPVA;"=""2346475822259""";"=""20260000006024""";14055031;Efetivada;26/03/2026 17:46:53;09/04/2026 12:51:02;4;2;27/04/2026;22/04/2026;Paga;R$ 411,84;R$ 411,86;R$ 411,86;R$ 0,00
1146;1321;2602;"=""17393547000105""";EMSA EMPRESA SUL AMERICANA DE MONTAGENS SA;PESSOA JURIDICA;IPVA;"=""2346475822259""";"=""20260000006024""";14055031;Efetivada;26/03/2026 17:46:53;09/04/2026 12:51:02;4;3;25/05/2026;22/05/2026;Paga;R$ 411,84;R$ 416,30;R$ 416,30;R$ 0,00
1146;1321;2603;"=""17393547000105""";EMSA EMPRESA SUL AMERICANA DE MONTAGENS SA;PESSOA JURIDICA;IPVA;"=""2348973422216""";"=""20260000006025""";14054981;Efetivada;26/03/2026 17:46:53;09/04/2026 12:51:02;4;1;31/03/2026;30/03/2026;Paga;R$ 407,77;R$ 407,77;R$ 407,77;R$ 0,00
1146;1321;2603;"=""17393547000105""";EMSA EMPRESA SUL AMERICANA DE MONTAGENS SA;PESSOA JURIDICA;IPVA;"=""2348973422216""";"=""20260000006025""";14054981;Efetivada;26/03/2026 17:46:53;09/04/2026 12:51:02;4;2;27/04/2026;22/04/2026;Paga;R$ 411,84;R$ 411,86;R$ 411,86;R$ 0,00
1146;1321;2603;"=""17393547000105""";EMSA EMPRESA SUL AMERICANA DE MONTAGENS SA;PESSOA JURIDICA;IPVA;"=""2348973422216""";"=""20260000006025""";14054981;Efetivada;26/03/2026 17:46:53;09/04/2026 12:51:02;4;3;25/05/2026;22/05/2026;Paga;R$ 411,84;R$ 416,30;R$ 416,30;R$ 0,00
1146;1321;2604;"=""17393547000105""";EMSA EMPRESA SUL AMERICANA DE MONTAGENS SA;PESSOA JURIDICA;IPVA;"=""2351111522204""";"=""20260000006026""";14054990;Efetivada;26/03/2026 17:46:53;09/04/2026 12:51:02;4;1;31/03/2026;30/03/2026;Paga;R$ 407,77;R$ 407,77;R$ 407,77;R$ 0,00
1146;1321;2604;"=""17393547000105""";EMSA EMPRESA SUL AMERICANA DE MONTAGENS SA;PESSOA JURIDICA;IPVA;"=""2351111522204""";"=""20260000006026""";14054990;Efetivada;26/03/2026 17:46:53;09/04/2026 12:51:02;4;2;27/04/2026;22/04/2026;Paga;R$ 411,84;R$ 411,86;R$ 411,86;R$ 0,00
1146;1321;2604;"=""17393547000105""";EMSA EMPRESA SUL AMERICANA DE MONTAGENS SA;PESSOA JURIDICA;IPVA;"=""2351111522204""";"=""20260000006026""";14054990;Efetivada;26/03/2026 17:46:53;09/04/2026 12:51:02;4;3;25/05/2026;22/05/2026;Paga;R$ 411,84;R$ 416,30;R$ 416,30;R$ 0,00
1147;1321;2605;"=""17393547000105""";EMSA EMPRESA SUL AMERICANA DE MONTAGENS SA;PESSOA JURIDICA;IPVA;"=""2354855222203""";"=""20260000006037""";14054752;Efetivada;26/03/2026 17:52:43;09/04/2026 12:51:02;6;1;31/03/2026;30/03/2026;Paga;R$ 362,99;R$ 362,99;R$ 362,99;R$ 0,00
1147;1321;2605;"=""17393547000105""";EMSA EMPRESA SUL AMERICANA DE MONTAGENS SA;PESSOA JURIDICA;IPVA;"=""2354855222203""";"=""20260000006037""";14054752;Efetivada;26/03/2026 17:52:43;09/04/2026 12:51:02;6;2;27/04/2026;22/04/2026;Paga;R$ 366,61;R$ 366,62;R$ 366,62;R$ 0,00
1147;1321;2605;"=""17393547000105""";EMSA EMPRESA SUL AMERICANA DE MONTAGENS SA;PESSOA JURIDICA;IPVA;"=""2354855222203""";"=""20260000006037""";14054752;Efetivada;26/03/2026 17:52:43;09/04/2026 12:51:02;6;3;25/05/2026;22/05/2026;Paga;R$ 366,61;R$ 370,58;R$ 370,58;R$ 0,00
1147;1321;2606;"=""17393547000105""";EMSA EMPRESA SUL AMERICANA DE MONTAGENS SA;PESSOA JURIDICA;IPVA;"=""2355878922218""";"=""20260000006038""";14054760;Efetivada;26/03/2026 17:52:43;09/04/2026 12:51:02;3;1;31/03/2026;30/03/2026;Paga;R$ 341,95;R$ 341,95;R$ 341,95;R$ 0,00
1147;1321;2606;"=""17393547000105""";EMSA EMPRESA SUL AMERICANA DE MONTAGENS SA;PESSOA JURIDICA;IPVA;"=""2355878922218""";"=""20260000006038""";14054760;Efetivada;26/03/2026 17:52:43;09/04/2026 12:51:02;3;2;27/04/2026;22/04/2026;Paga;R$ 345,36;R$ 345,39;R$ 345,39;R$ 0,00
1147;1321;2606;"=""17393547000105""";EMSA EMPRESA SUL AMERICANA DE MONTAGENS SA;PESSOA JURIDICA;IPVA;"=""2355878922218""";"=""20260000006038""";14054760;Efetivada;26/03/2026 17:52:43;09/04/2026 12:51:02;3;3;25/05/2026;22/05/2026;Paga;R$ 345,36;R$ 349,12;R$ 349,12;R$ 0,00
1147;1321;2607;"=""17393547000105""";EMSA EMPRESA SUL AMERICANA DE MONTAGENS SA;PESSOA JURIDICA;IPVA;"=""2356729222298""";"=""20260000006039""";14054779;Efetivada;26/03/2026 17:52:43;09/04/2026 12:51:02;4;1;31/03/2026;30/03/2026;Paga;R$ 383,15;R$ 383,15;R$ 383,15;R$ 0,00
1147;1321;2607;"=""17393547000105""";EMSA EMPRESA SUL AMERICANA DE MONTAGENS SA;PESSOA JURIDICA;IPVA;"=""2356729222298""";"=""20260000006039""";14054779;Efetivada;26/03/2026 17:52:43;09/04/2026 12:51:02;4;2;27/04/2026;22/04/2026;Paga;R$ 386,97;R$ 386,99;R$ 386,99;R$ 0,00
1147;1321;2607;"=""17393547000105""";EMSA EMPRESA SUL AMERICANA DE MONTAGENS SA;PESSOA JURIDICA;IPVA;"=""2356729222298""";"=""20260000006039""";14054779;Efetivada;26/03/2026 17:52:43;09/04/2026 12:51:02;4;3;25/05/2026;22/05/2026;Paga;R$ 386,97;R$ 391,17;R$ 391,17;R$ 0,00
1147;1321;2608;"=""17393547000105""";EMSA EMPRESA SUL AMERICANA DE MONTAGENS SA;PESSOA JURIDICA;IPVA;"=""2357221522275""";"=""20260000006040""";14054825;Efetivada;26/03/2026 17:52:43;09/04/2026 12:51:02;1;1;31/03/2026;30/03/2026;Paga;R$ 649,77;R$ 649,77;R$ 649,77;R$ 0,00
1147;1321;2609;"=""17393547000105""";EMSA EMPRESA SUL AMERICANA DE MONTAGENS SA;PESSOA JURIDICA;IPVA;"=""2358132722250""";"=""20260000006041""";14054795;Efetivada;26/03/2026 17:52:43;09/04/2026 12:51:02;3;1;31/03/2026;30/03/2026;Paga;R$ 354,89;R$ 354,89;R$ 354,89;R$ 0,00
1147;1321;2609;"=""17393547000105""";EMSA EMPRESA SUL AMERICANA DE MONTAGENS SA;PESSOA JURIDICA;IPVA;"=""2358132722250""";"=""20260000006041""";14054795;Efetivada;26/03/2026 17:52:43;09/04/2026 12:51:02;3;2;27/04/2026;22/04/2026;Paga;R$ 358,43;R$ 358,45;R$ 358,45;R$ 0,00
1147;1321;2609;"=""17393547000105""";EMSA EMPRESA SUL AMERICANA DE MONTAGENS SA;PESSOA JURIDICA;IPVA;"=""2358132722250""";"=""20260000006041""";14054795;Efetivada;26/03/2026 17:52:43;09/04/2026 12:51:02;3;3;25/05/2026;22/05/2026;Paga;R$ 358,43;R$ 362,31;R$ 362,31;R$ 0,00
1147;1321;2610;"=""17393547000105""";EMSA EMPRESA SUL AMERICANA DE MONTAGENS SA;PESSOA JURIDICA;IPVA;"=""2360209522210""";"=""20260000006042""";14054817;Efetivada;26/03/2026 17:52:43;09/04/2026 12:51:02;5;1;31/03/2026;30/03/2026;Paga;R$ 380,56;R$ 380,56;R$ 380,56;R$ 0,00
1147;1321;2610;"=""17393547000105""";EMSA EMPRESA SUL AMERICANA DE MONTAGENS SA;PESSOA JURIDICA;IPVA;"=""2360209522210""";"=""20260000006042""";14054817;Efetivada;26/03/2026 17:52:43;09/04/2026 12:51:02;5;2;27/04/2026;22/04/2026;Paga;R$ 384,35;R$ 384,38;R$ 384,38;R$ 0,00
1147;1321;2610;"=""17393547000105""";EMSA EMPRESA SUL AMERICANA DE MONTAGENS SA;PESSOA JURIDICA;IPVA;"=""2360209522210""";"=""20260000006042""";14054817;Efetivada;26/03/2026 17:52:43;09/04/2026 12:51:02;5;3;25/05/2026;22/05/2026;Paga;R$ 384,35;R$ 388,52;R$ 388,52;R$ 0,00
1147;1321;2611;"=""17393547000105""";EMSA EMPRESA SUL AMERICANA DE MONTAGENS SA;PESSOA JURIDICA;IPVA;"=""2364052822261""";"=""20260000006043""";14054809;Efetivada;26/03/2026 17:52:43;09/04/2026 12:51:02;3;1;31/03/2026;30/03/2026;Paga;R$ 422,01;R$ 422,01;R$ 422,01;R$ 0,00
1147;1321;2611;"=""17393547000105""";EMSA EMPRESA SUL AMERICANA DE MONTAGENS SA;PESSOA JURIDICA;IPVA;"=""2364052822261""";"=""20260000006043""";14054809;Efetivada;26/03/2026 17:52:43;09/04/2026 12:51:02;3;2;27/04/2026;22/04/2026;Paga;R$ 426,22;R$ 426,24;R$ 426,24;R$ 0,00
1147;1321;2611;"=""17393547000105""";EMSA EMPRESA SUL AMERICANA DE MONTAGENS SA;PESSOA JURIDICA;IPVA;"=""2364052822261""";"=""20260000006043""";14054809;Efetivada;26/03/2026 17:52:43;09/04/2026 12:51:02;3;3;25/05/2026;22/05/2026;Paga;R$ 426,22;R$ 430,84;R$ 430,84;R$ 0,00
1147;1321;2612;"=""17393547000105""";EMSA EMPRESA SUL AMERICANA DE MONTAGENS SA;PESSOA JURIDICA;IPVA;"=""2366589222239""";"=""20260000006044""";14054787;Efetivada;26/03/2026 17:52:43;09/04/2026 12:51:02;4;1;31/03/2026;30/03/2026;Paga;R$ 354,33;R$ 354,33;R$ 354,33;R$ 0,00
1147;1321;2612;"=""17393547000105""";EMSA EMPRESA SUL AMERICANA DE MONTAGENS SA;PESSOA JURIDICA;IPVA;"=""2366589222239""";"=""20260000006044""";14054787;Efetivada;26/03/2026 17:52:43;09/04/2026 12:51:02;4;2;27/04/2026;22/04/2026;Paga;R$ 357,87;R$ 357,87;R$ 357,87;R$ 0,00
1147;1321;2612;"=""17393547000105""";EMSA EMPRESA SUL AMERICANA DE MONTAGENS SA;PESSOA JURIDICA;IPVA;"=""2366589222239""";"=""20260000006044""";14054787;Efetivada;26/03/2026 17:52:43;09/04/2026 12:51:02;4;3;25/05/2026;22/05/2026;Paga;R$ 357,87;R$ 361,73;R$ 361,73;R$ 0,00
1129;2852;2561;"=""17810645000192""";LR MOVEIS EIRELI ME;PESSOA JURIDICA;ICMS;"=""2005817411137""";"=""20260000005921""";14029235;Efetivada;24/03/2026 09:33:44;30/03/2026 18:07:54;55;1;31/03/2026;30/03/2026;Paga;R$ 302,42;R$ 302,42;R$ 302,42;R$ 0,00
1129;2852;2561;"=""17810645000192""";LR MOVEIS EIRELI ME;PESSOA JURIDICA;ICMS;"=""2005817411137""";"=""20260000005921""";14029235;Efetivada;24/03/2026 09:33:44;30/03/2026 18:07:54;55;2;27/04/2026;14/04/2026;Paga;R$ 305,44;R$ 305,44;R$ 305,44;R$ 0,00
1129;2852;2561;"=""17810645000192""";LR MOVEIS EIRELI ME;PESSOA JURIDICA;ICMS;"=""2005817411137""";"=""20260000005921""";14029235;Efetivada;24/03/2026 09:33:44;30/03/2026 18:07:54;55;3;25/05/2026;21/05/2026;Paga;R$ 305,44;R$ 308,74;R$ 308,74;R$ 0,00
1212;132;2820;"=""17902979000196""";VIA 40 SOLUCOES EIRELI;PESSOA JURIDICA;ICMS;"=""2007993411108""";"=""20260000006497""";14154170;Efetivada;15/04/2026 17:54:12;23/04/2026 18:46:04;1;1;23/04/2026;23/04/2026;Paga;R$ 358,36;R$ 358,36;R$ 358,36;R$ 0,00
1212;132;2823;"=""17902979000196""";VIA 40 SOLUCOES EIRELI;PESSOA JURIDICA;ICMS;"=""2017838811197""";"=""20260000006500""";14154188;Efetivada;15/04/2026 17:54:12;23/04/2026 18:46:11;67;1;23/04/2026;23/04/2026;Paga;R$ 334,59;R$ 334,59;R$ 334,59;R$ 0,00
1212;132;2822;"=""17902979000196""";VIA 40 SOLUCOES EIRELI;PESSOA JURIDICA;ICMS;"=""2017838711133""";"=""20260000006499""";14154196;Efetivada;15/04/2026 17:54:12;23/04/2026 18:46:17;15;1;23/04/2026;23/04/2026;Paga;R$ 330,39;R$ 330,39;R$ 330,39;R$ 0,00
1212;132;2821;"=""17902979000196""";VIA 40 SOLUCOES EIRELI;PESSOA JURIDICA;ICMS;"=""2014638411166""";"=""20260000006498""";14154200;Efetivada;15/04/2026 17:54:12;23/04/2026 18:46:24;145;1;23/04/2026;23/04/2026;Paga;R$ 417,72;R$ 417,72;R$ 417,72;R$ 0,00
1212;132;2825;"=""17902979000196""";VIA 40 SOLUCOES EIRELI;PESSOA JURIDICA;ICMS;"=""2007993311154""";"=""20260000006502""";14154226;Efetivada;15/04/2026 17:54:12;23/04/2026 18:46:30;2;1;23/04/2026;23/04/2026;Paga;R$ 356,56;R$ 356,56;R$ 356,56;R$ 0,00
1212;132;2824;"=""17902979000196""";VIA 40 SOLUCOES EIRELI;PESSOA JURIDICA;ICMS;"=""2017838911140""";"=""20260000006501""";14154218;Efetivada;15/04/2026 17:54:12;23/04/2026 18:46:37;15;1;23/04/2026;23/04/2026;Paga;R$ 348,29;R$ 348,29;R$ 348,29;R$ 0,00
567;543;1166;"=""18040768000154"""; REFRINOX INDÚSTRIA E COMÉRCIO DE ARTEFATOS INOXIDÁVEIS LTDA.;PESSOA JURIDICA;ICMS;"=""4011802920923""";"=""20260000002381""";13819275;Efetivada;20/02/2026 10:10:49;24/02/2026 18:05:26;14;1;27/02/2026;24/02/2026;Paga;R$ 338,24;R$ 338,24;R$ 338,24;R$ 0,00
567;543;1166;"=""18040768000154"""; REFRINOX INDÚSTRIA E COMÉRCIO DE ARTEFATOS INOXIDÁVEIS LTDA.;PESSOA JURIDICA;ICMS;"=""4011802920923""";"=""20260000002381""";13819275;Efetivada;20/02/2026 10:10:49;24/02/2026 18:05:26;14;2;25/03/2026;10/04/2026;Paga;R$ 341,60;R$ 363,97;R$ 363,97;R$ 0,00
567;543;1166;"=""18040768000154"""; REFRINOX INDÚSTRIA E COMÉRCIO DE ARTEFATOS INOXIDÁVEIS LTDA.;PESSOA JURIDICA;ICMS;"=""4011802920923""";"=""20260000002381""";13819275;Efetivada;20/02/2026 10:10:49;24/02/2026 18:05:26;14;3;27/04/2026;27/04/2026;Paga;R$ 341,60;R$ 345,72;R$ 345,72;R$ 0,00
567;543;1164;"=""18040768000154"""; REFRINOX INDÚSTRIA E COMÉRCIO DE ARTEFATOS INOXIDÁVEIS LTDA.;PESSOA JURIDICA;ICMS;"=""2007999211178""";"=""20260000002379""";13819259;Efetivada;20/02/2026 10:10:49;24/02/2026 18:05:30;21;1;27/02/2026;24/02/2026;Paga;R$ 336,32;R$ 336,32;R$ 336,32;R$ 0,00
567;543;1164;"=""18040768000154"""; REFRINOX INDÚSTRIA E COMÉRCIO DE ARTEFATOS INOXIDÁVEIS LTDA.;PESSOA JURIDICA;ICMS;"=""2007999211178""";"=""20260000002379""";13819259;Efetivada;20/02/2026 10:10:49;24/02/2026 18:05:30;21;2;25/03/2026;10/04/2026;Paga;R$ 339,67;R$ 361,91;R$ 361,91;R$ 0,00
567;543;1164;"=""18040768000154"""; REFRINOX INDÚSTRIA E COMÉRCIO DE ARTEFATOS INOXIDÁVEIS LTDA.;PESSOA JURIDICA;ICMS;"=""2007999211178""";"=""20260000002379""";13819259;Efetivada;20/02/2026 10:10:49;24/02/2026 18:05:30;21;3;27/04/2026;27/04/2026;Paga;R$ 339,67;R$ 343,76;R$ 343,76;R$ 0,00
567;543;1165;"=""18040768000154"""; REFRINOX INDÚSTRIA E COMÉRCIO DE ARTEFATOS INOXIDÁVEIS LTDA.;PESSOA JURIDICA;ICMS;"=""4012100287706""";"=""20260000002380""";13819267;Efetivada;20/02/2026 10:10:49;24/02/2026 18:05:37;145;1;27/02/2026;24/02/2026;Paga;R$ 775,13;R$ 775,13;R$ 775,13;R$ 0,00
567;543;1165;"=""18040768000154"""; REFRINOX INDÚSTRIA E COMÉRCIO DE ARTEFATOS INOXIDÁVEIS LTDA.;PESSOA JURIDICA;ICMS;"=""4012100287706""";"=""20260000002380""";13819267;Efetivada;20/02/2026 10:10:49;24/02/2026 18:05:37;145;2;25/03/2026;10/04/2026;Paga;R$ 782,87;R$ 834,09;R$ 834,09;R$ 0,00
567;543;1165;"=""18040768000154"""; REFRINOX INDÚSTRIA E COMÉRCIO DE ARTEFATOS INOXIDÁVEIS LTDA.;PESSOA JURIDICA;ICMS;"=""4012100287706""";"=""20260000002380""";13819267;Efetivada;20/02/2026 10:10:49;24/02/2026 18:05:37;145;3;27/04/2026;27/04/2026;Paga;R$ 782,87;R$ 792,26;R$ 792,26;R$ 0,00
1109;2023;2474;"=""18362060000110""";MARCIO TEOFILO DE SOUZA SILVA ;PESSOA JURIDICA;IPVA;"=""2331211122246""";"=""20260000005672""";14022079;Efetivada;23/03/2026 11:26:00;31/03/2026 06:01:30;2;1;30/03/2026;30/03/2026;Paga;R$ 389,94;R$ 389,94;R$ 389,94;R$ 0,00
1109;2023;2474;"=""18362060000110""";MARCIO TEOFILO DE SOUZA SILVA ;PESSOA JURIDICA;IPVA;"=""2331211122246""";"=""20260000005672""";14022079;Efetivada;23/03/2026 11:26:00;31/03/2026 06:01:30;2;2;27/04/2026;22/04/2026;Paga;R$ 393,83;R$ 393,85;R$ 393,85;R$ 0,00
1109;2023;2473;"=""18362060000110""";MARCIO TEOFILO DE SOUZA SILVA ;PESSOA JURIDICA;IPVA;"=""2084264022256""";"=""20260000005671""";14022060;Efetivada;23/03/2026 11:26:00;31/03/2026 06:01:37;2;1;30/03/2026;30/03/2026;Paga;R$ 399,30;R$ 399,30;R$ 399,30;R$ 0,00
1109;2023;2473;"=""18362060000110""";MARCIO TEOFILO DE SOUZA SILVA ;PESSOA JURIDICA;IPVA;"=""2084264022256""";"=""20260000005671""";14022060;Efetivada;23/03/2026 11:26:00;31/03/2026 06:01:37;2;2;27/04/2026;22/04/2026;Paga;R$ 403,29;R$ 403,30;R$ 403,30;R$ 0,00
1109;2023;2477;"=""18362060000110""";MARCIO TEOFILO DE SOUZA SILVA ;PESSOA JURIDICA;IPVA;"=""2377615222224""";"=""20260000005675""";14022109;Efetivada;23/03/2026 11:26:00;31/03/2026 12:00:57;3;1;30/03/2026;30/03/2026;Paga;R$ 362,03;R$ 362,03;R$ 362,03;R$ 0,00
1109;2023;2477;"=""18362060000110""";MARCIO TEOFILO DE SOUZA SILVA ;PESSOA JURIDICA;IPVA;"=""2377615222224""";"=""20260000005675""";14022109;Efetivada;23/03/2026 11:26:00;31/03/2026 12:00:57;3;2;27/04/2026;22/04/2026;Paga;R$ 365,64;R$ 365,65;R$ 365,65;R$ 0,00
1109;2023;2472;"=""18362060000110""";MARCIO TEOFILO DE SOUZA SILVA ;PESSOA JURIDICA;IPVA;"=""2039249422200""";"=""20260000005670""";14022052;Efetivada;23/03/2026 11:26:00;31/03/2026 12:01:18;2;1;30/03/2026;30/03/2026;Paga;R$ 407,04;R$ 407,04;R$ 407,04;R$ 0,00
1109;2023;2472;"=""18362060000110""";MARCIO TEOFILO DE SOUZA SILVA ;PESSOA JURIDICA;IPVA;"=""2039249422200""";"=""20260000005670""";14022052;Efetivada;23/03/2026 11:26:00;31/03/2026 12:01:18;2;2;27/04/2026;22/04/2026;Paga;R$ 411,11;R$ 411,12;R$ 411,12;R$ 0,00
1109;2023;2475;"=""18362060000110""";MARCIO TEOFILO DE SOUZA SILVA ;PESSOA JURIDICA;IPVA;"=""2181344722205""";"=""20260000005673""";14022087;Efetivada;23/03/2026 11:26:00;01/04/2026 18:00:26;1;1;30/03/2026;30/03/2026;Paga;R$ 227,87;R$ 227,87;R$ 227,87;R$ 0,00
1109;2023;2476;"=""18362060000110""";MARCIO TEOFILO DE SOUZA SILVA ;PESSOA JURIDICA;IPVA;"=""2317473122256""";"=""20260000005674""";14022095;Efetivada;23/03/2026 11:26:00;01/04/2026 18:00:33;1;1;30/03/2026;30/03/2026;Paga;R$ 222,53;R$ 222,53;R$ 222,53;R$ 0,00
1109;2023;2478;"=""18362060000110""";MARCIO TEOFILO DE SOUZA SILVA ;PESSOA JURIDICA;IPVA;"=""2390745122243""";"=""20260000005676""";14022117;Efetivada;23/03/2026 11:26:00;01/04/2026 18:00:40;1;1;30/03/2026;30/03/2026;Paga;R$ 309,89;R$ 309,89;R$ 309,89;R$ 0,00
892;2972;1897;"=""18825908000108""";W.S. COMERCIO DE MEDICAMENTOS LTDA;PESSOA JURIDICA;ICMS;"=""4011701314521""";"=""20260000004463""";13918001;Efetivada;04/03/2026 15:14:34;11/03/2026 12:04:28;31;1;11/03/2026;11/03/2026;Paga;R$ 332,02;R$ 332,02;R$ 332,02;R$ 0,00
666;2510;1408;"=""19007728000173""";TECNOPREST SERVICOS EIRELI ;PESSOA JURIDICA;IPVA;"=""2281727022270""";"=""20260000002974""";13848143;Efetivada;24/02/2026 11:35:48;27/02/2026 18:03:46;1;1;27/02/2026;27/02/2026;Paga;R$ 916,94;R$ 916,94;R$ 916,94;R$ 0,00
666;2510;1407;"=""19007728000173""";TECNOPREST SERVICOS EIRELI ;PESSOA JURIDICA;IPVA;"=""2078678622202""";"=""20260000002973""";13848151;Efetivada;24/02/2026 11:35:48;27/02/2026 18:03:48;1;1;27/02/2026;27/02/2026;Paga;R$ 1.031,92;R$ 1.031,92;R$ 1.031,92;R$ 0,00
701;2601;1496;"=""19221150100""";ROSA MARIA DE S CAMARGO ;PESSOA FISICA;IPVA;"=""2349608822240""";"=""20260000003180""";13857959;Efetivada;25/02/2026 09:50:40;28/02/2026 06:03:59;3;1;27/02/2026;27/02/2026;Paga;R$ 409,56;R$ 409,56;R$ 409,56;R$ 0,00
701;2601;1496;"=""19221150100""";ROSA MARIA DE S CAMARGO ;PESSOA FISICA;IPVA;"=""2349608822240""";"=""20260000003180""";13857959;Efetivada;25/02/2026 09:50:40;28/02/2026 06:03:59;3;2;25/03/2026;25/03/2026;Paga;R$ 413,65;R$ 413,65;R$ 413,65;R$ 0,00
701;2601;1496;"=""19221150100""";ROSA MARIA DE S CAMARGO ;PESSOA FISICA;IPVA;"=""2349608822240""";"=""20260000003180""";13857959;Efetivada;25/02/2026 09:50:40;28/02/2026 06:03:59;3;3;27/04/2026;24/04/2026;Paga;R$ 413,65;R$ 418,61;R$ 418,61;R$ 0,00
403;1625;856;"=""19226481000186""";CHAER CORRETAGEM E REPRESENTAÇÕES LTDA ME;PESSOA JURIDICA;IPVA;"=""2375690722224""";"=""20260000001653""";13759566;Efetivada;12/02/2026 08:06:54;19/02/2026 18:01:06;20;1;19/02/2026;19/02/2026;Paga;R$ 412,03;R$ 412,03;R$ 412,03;R$ 0,00
1015;3128;2215;"=""19332354000161""";LIQUIDA COLCHOES E MOVEIS LTDA;PESSOA JURIDICA;ICMS;"=""4011900670670""";"=""20260000005124""";13961292;Efetivada;11/03/2026 09:37:20;12/03/2026 18:09:16;50;1;18/03/2026;12/03/2026;Paga;R$ 684,78;R$ 684,78;R$ 684,78;R$ 0,00
1015;3128;2215;"=""19332354000161""";LIQUIDA COLCHOES E MOVEIS LTDA;PESSOA JURIDICA;ICMS;"=""4011900670670""";"=""20260000005124""";13961292;Efetivada;11/03/2026 09:37:20;12/03/2026 18:09:16;50;2;27/04/2026;24/04/2026;Paga;R$ 691,61;R$ 691,63;R$ 691,63;R$ 0,00
1015;3128;2215;"=""19332354000161""";LIQUIDA COLCHOES E MOVEIS LTDA;PESSOA JURIDICA;ICMS;"=""4011900670670""";"=""20260000005124""";13961292;Efetivada;11/03/2026 09:37:20;12/03/2026 18:09:16;50;3;25/05/2026;25/05/2026;Paga;R$ 691,61;R$ 699,09;R$ 699,09;R$ 0,00
1015;3128;2220;"=""19332354000161""";LIQUIDA COLCHOES E MOVEIS LTDA;PESSOA JURIDICA;ICMS;"=""4011702252368""";"=""20260000005129""";13961322;Efetivada;11/03/2026 09:37:20;12/03/2026 18:09:16;36;1;18/03/2026;12/03/2026;Paga;R$ 473,11;R$ 473,11;R$ 473,11;R$ 0,00
1015;3128;2220;"=""19332354000161""";LIQUIDA COLCHOES E MOVEIS LTDA;PESSOA JURIDICA;ICMS;"=""4011702252368""";"=""20260000005129""";13961322;Efetivada;11/03/2026 09:37:20;12/03/2026 18:09:16;36;2;27/04/2026;24/04/2026;Paga;R$ 477,82;R$ 477,84;R$ 477,84;R$ 0,00
1015;3128;2220;"=""19332354000161""";LIQUIDA COLCHOES E MOVEIS LTDA;PESSOA JURIDICA;ICMS;"=""4011702252368""";"=""20260000005129""";13961322;Efetivada;11/03/2026 09:37:20;12/03/2026 18:09:16;36;3;25/05/2026;22/05/2026;Paga;R$ 477,82;R$ 483,00;R$ 483,00;R$ 0,00
1015;3128;2218;"=""19332354000161""";LIQUIDA COLCHOES E MOVEIS LTDA;PESSOA JURIDICA;ICMS;"=""2014792711107""";"=""20260000005127""";13961330;Efetivada;11/03/2026 09:37:20;23/04/2026 18:33:39;1;1;18/03/2026;12/03/2026;Paga;R$ 284,37;R$ 284,37;R$ 284,37;R$ 0,00
1015;3128;2216;"=""19332354000161""";LIQUIDA COLCHOES E MOVEIS LTDA;PESSOA JURIDICA;ICMS;"=""2014792511191""";"=""20260000005125""";13961306;Efetivada;11/03/2026 09:37:20;23/04/2026 18:33:45;1;1;18/03/2026;12/03/2026;Paga;R$ 189,54;R$ 189,54;R$ 189,54;R$ 0,00
1015;3128;2217;"=""19332354000161""";LIQUIDA COLCHOES E MOVEIS LTDA;PESSOA JURIDICA;ICMS;"=""2014792611145""";"=""20260000005126""";13961314;Efetivada;11/03/2026 09:37:20;23/04/2026 18:33:52;1;1;18/03/2026;12/03/2026;Paga;R$ 190,06;R$ 190,06;R$ 190,06;R$ 0,00
1015;3128;2219;"=""19332354000161""";LIQUIDA COLCHOES E MOVEIS LTDA;PESSOA JURIDICA;ICMS;"=""2014792811152""";"=""20260000005128""";13961349;Efetivada;11/03/2026 09:37:20;23/04/2026 18:33:59;1;1;18/03/2026;12/03/2026;Paga;R$ 201,20;R$ 201,20;R$ 201,20;R$ 0,00
599;2089;1240;"=""19391315100""";SONIA MARIA TAVARES DE LIRA;PESSOA FISICA;IPVA;"=""2298260122224""";"=""20260000002564""";13830562;Efetivada;21/02/2026 21:44:49;23/02/2026 06:09:41;1;1;27/02/2026;23/02/2026;Paga;R$ 347,39;R$ 347,39;R$ 347,39;R$ 0,00
599;2089;1241;"=""19391315100""";SONIA MARIA TAVARES DE LIRA;PESSOA FISICA;IPVA;"=""2376450222276""";"=""20260000002565""";13830570;Efetivada;21/02/2026 21:44:49;23/02/2026 06:09:42;1;1;27/02/2026;23/02/2026;Paga;R$ 447,78;R$ 447,78;R$ 447,78;R$ 0,00
201;733;444;"=""19761295168""";VANDERLY BORBA DA SILVA;PESSOA FISICA;IPVA;"=""4012100113392""";"=""20260000000691""";13691465;Efetivada;05/02/2026 14:29:31;23/04/2026 18:04:43;1;1;12/02/2026;25/02/2026;Paga;R$ 2.126,16;R$ 2.126,16;R$ 2.126,16;R$ 0,00
474;2102;991;"=""19762313100""";IRAI ALVES MOREIRA;PESSOA FISICA;ITCD;"=""4012201120491""";"=""20260000001993""";13784714;Efetivada;13/02/2026 14:07:07;20/02/2026 12:02:50;1;1;20/02/2026;20/02/2026;Paga;R$ 4.968,65;R$ 4.968,65;R$ 4.968,65;R$ 0,00
966;2388;2108;"=""19790945191""";DIVA LUIZA DE ANDRADE;PESSOA FISICA;IPVA;"=""2374593422256""";"=""20260000004866""";13942360;Efetivada;09/03/2026 09:05:48;10/03/2026 18:06:08;2;1;16/03/2026;10/03/2026;Paga;R$ 414,70;R$ 414,70;R$ 414,70;R$ 0,00
966;2388;2108;"=""19790945191""";DIVA LUIZA DE ANDRADE;PESSOA FISICA;IPVA;"=""2374593422256""";"=""20260000004866""";13942360;Efetivada;09/03/2026 09:05:48;10/03/2026 18:06:08;2;2;27/04/2026;15/04/2026;Paga;R$ 418,84;R$ 418,86;R$ 418,86;R$ 0,00
21;507;42;"=""19844310130""";ODESVALDO DE SOUZA MATOS;PESSOA FISICA;ICMS;"=""4012400431900""";"=""20250000000038""";13434829;Efetivada;23/12/2025 09:51:57;29/12/2025 18:00:00;145;1;31/12/2025;29/12/2025;Paga;R$ 2.926,99;R$ 2.926,99;R$ 2.926,99;R$ 0,00
21;507;42;"=""19844310130""";ODESVALDO DE SOUZA MATOS;PESSOA FISICA;ICMS;"=""4012400431900""";"=""20250000000038""";13434829;Efetivada;23/12/2025 09:51:57;29/12/2025 18:00:00;145;2;26/01/2026;19/01/2026;Paga;R$ 2.956,25;R$ 2.956,26;R$ 2.956,26;R$ 0,00
21;507;42;"=""19844310130""";ODESVALDO DE SOUZA MATOS;PESSOA FISICA;ICMS;"=""4012400431900""";"=""20250000000038""";13434829;Efetivada;23/12/2025 09:51:57;29/12/2025 18:00:00;145;3;25/02/2026;23/02/2026;Paga;R$ 2.956,25;R$ 3.000,09;R$ 2.990,22;R$ 0,00
21;507;42;"=""19844310130""";ODESVALDO DE SOUZA MATOS;PESSOA FISICA;ICMS;"=""4012400431900""";"=""20250000000038""";13434829;Efetivada;23/12/2025 09:51:57;29/12/2025 18:00:00;145;4;25/03/2026;25/03/2026;Paga;R$ 2.956,25;R$ 3.019,48;R$ 3.019,48;R$ 0,00
21;507;42;"=""19844310130""";ODESVALDO DE SOUZA MATOS;PESSOA FISICA;ICMS;"=""4012400431900""";"=""20250000000038""";13434829;Efetivada;23/12/2025 09:51:57;29/12/2025 18:00:00;145;5;27/04/2026;23/04/2026;Paga;R$ 2.956,25;R$ 3.054,90;R$ 3.054,90;R$ 0,00
21;507;42;"=""19844310130""";ODESVALDO DE SOUZA MATOS;PESSOA FISICA;ICMS;"=""4012400431900""";"=""20250000000038""";13434829;Efetivada;23/12/2025 09:51:57;29/12/2025 18:00:00;145;6;25/05/2026;11/05/2026;Paga;R$ 2.956,25;R$ 3.086,81;R$ 3.086,81;R$ 0,00
227;1451;500;"=""20269091000172""";RAUL MARCELO COELHO DOS SANTOS - ME;PESSOA JURIDICA;Pena Pecuniária;"=""4011902164616""";"=""20260000000811""";13697315;Efetivada;06/02/2026 10:40:36;13/02/2026 18:03:00;4;1;13/02/2026;13/02/2026;Paga;R$ 331,54;R$ 331,54;R$ 331,54;R$ 0,00
227;1451;500;"=""20269091000172""";RAUL MARCELO COELHO DOS SANTOS - ME;PESSOA JURIDICA;Pena Pecuniária;"=""4011902164616""";"=""20260000000811""";13697315;Efetivada;06/02/2026 10:40:36;13/02/2026 18:03:00;4;2;25/03/2026;18/03/2026;Paga;R$ 334,85;R$ 334,85;R$ 334,85;R$ 0,00
1023;3231;2252;"=""20399149000100""";NILSON MARTINS ARRUDA - RENT A CAR ARRUDA;PESSOA JURIDICA;ICMS;"=""4011802081565""";"=""20260000005191""";13961853;Efetivada;11/03/2026 10:20:54;09/04/2026 12:50:58;1;1;18/03/2026;11/03/2026;Paga;R$ 16.422,38;R$ 16.422,38;R$ 16.422,38;R$ 0,00
1023;3231;2253;"=""20399149000100""";NILSON MARTINS ARRUDA - RENT A CAR ARRUDA;PESSOA JURIDICA;ICMS;"=""4011802071500""";"=""20260000005192""";13961861;Efetivada;11/03/2026 10:20:54;09/04/2026 12:50:58;1;1;18/03/2026;11/03/2026;Paga;R$ 1.917,04;R$ 1.917,04;R$ 1.917,04;R$ 0,00
561;2067;1151;"=""20663956000180""";KIPÃO DO CERRADO ALIMENTOS LTDA;PESSOA JURIDICA;ICMS;"=""2144379600080""";"=""20260000002352""";13819720;Efetivada;20/02/2026 07:59:06;25/02/2026 18:03:00;30;1;27/02/2026;25/02/2026;Paga;R$ 334,92;R$ 334,92;R$ 334,92;R$ 0,00
561;2067;1151;"=""20663956000180""";KIPÃO DO CERRADO ALIMENTOS LTDA;PESSOA JURIDICA;ICMS;"=""2144379600080""";"=""20260000002352""";13819720;Efetivada;20/02/2026 07:59:06;25/02/2026 18:03:00;30;2;25/03/2026;25/03/2026;Paga;R$ 338,26;R$ 338,26;R$ 338,26;R$ 0,00
561;2067;1151;"=""20663956000180""";KIPÃO DO CERRADO ALIMENTOS LTDA;PESSOA JURIDICA;ICMS;"=""2144379600080""";"=""20260000002352""";13819720;Efetivada;20/02/2026 07:59:06;25/02/2026 18:03:00;30;3;27/04/2026;27/04/2026;Paga;R$ 338,26;R$ 342,32;R$ 342,32;R$ 0,00
561;2067;1151;"=""20663956000180""";KIPÃO DO CERRADO ALIMENTOS LTDA;PESSOA JURIDICA;ICMS;"=""2144379600080""";"=""20260000002352""";13819720;Efetivada;20/02/2026 07:59:06;25/02/2026 18:03:00;30;4;25/05/2026;30/04/2026;Paga;R$ 338,26;R$ 342,32;R$ 342,32;R$ 0,00
561;2067;1153;"=""20663956000180""";KIPÃO DO CERRADO ALIMENTOS LTDA;PESSOA JURIDICA;ICMS;"=""4022100007182""";"=""20260000002354""";13819739;Efetivada;20/02/2026 07:59:06;25/02/2026 18:03:06;145;1;27/02/2026;25/02/2026;Paga;R$ 473,94;R$ 473,94;R$ 473,94;R$ 0,00
561;2067;1153;"=""20663956000180""";KIPÃO DO CERRADO ALIMENTOS LTDA;PESSOA JURIDICA;ICMS;"=""4022100007182""";"=""20260000002354""";13819739;Efetivada;20/02/2026 07:59:06;25/02/2026 18:03:06;145;2;25/03/2026;25/03/2026;Paga;R$ 478,67;R$ 478,68;R$ 478,68;R$ 0,00
561;2067;1153;"=""20663956000180""";KIPÃO DO CERRADO ALIMENTOS LTDA;PESSOA JURIDICA;ICMS;"=""4022100007182""";"=""20260000002354""";13819739;Efetivada;20/02/2026 07:59:06;25/02/2026 18:03:06;145;3;27/04/2026;27/04/2026;Paga;R$ 478,67;R$ 484,41;R$ 484,41;R$ 0,00
561;2067;1153;"=""20663956000180""";KIPÃO DO CERRADO ALIMENTOS LTDA;PESSOA JURIDICA;ICMS;"=""4022100007182""";"=""20260000002354""";13819739;Efetivada;20/02/2026 07:59:06;25/02/2026 18:03:06;145;4;25/05/2026;30/04/2026;Paga;R$ 478,67;R$ 484,41;R$ 484,41;R$ 0,00
561;2067;1155;"=""20663956000180""";KIPÃO DO CERRADO ALIMENTOS LTDA;PESSOA JURIDICA;ICMS;"=""4022100034660""";"=""20260000002356""";13819763;Efetivada;20/02/2026 07:59:06;25/02/2026 18:03:06;145;1;27/02/2026;25/02/2026;Paga;R$ 1.205,34;R$ 1.205,34;R$ 1.205,34;R$ 0,00
561;2067;1155;"=""20663956000180""";KIPÃO DO CERRADO ALIMENTOS LTDA;PESSOA JURIDICA;ICMS;"=""4022100034660""";"=""20260000002356""";13819763;Efetivada;20/02/2026 07:59:06;25/02/2026 18:03:06;145;2;25/03/2026;25/03/2026;Paga;R$ 1.217,38;R$ 1.217,40;R$ 1.217,40;R$ 0,00
561;2067;1155;"=""20663956000180""";KIPÃO DO CERRADO ALIMENTOS LTDA;PESSOA JURIDICA;ICMS;"=""4022100034660""";"=""20260000002356""";13819763;Efetivada;20/02/2026 07:59:06;25/02/2026 18:03:06;145;3;27/04/2026;27/04/2026;Paga;R$ 1.217,38;R$ 1.231,98;R$ 1.231,98;R$ 0,00
561;2067;1155;"=""20663956000180""";KIPÃO DO CERRADO ALIMENTOS LTDA;PESSOA JURIDICA;ICMS;"=""4022100034660""";"=""20260000002356""";13819763;Efetivada;20/02/2026 07:59:06;25/02/2026 18:03:06;145;4;25/05/2026;30/04/2026;Paga;R$ 1.217,38;R$ 1.231,98;R$ 1.231,98;R$ 0,00
561;2067;1154;"=""20663956000180""";KIPÃO DO CERRADO ALIMENTOS LTDA;PESSOA JURIDICA;ICMS;"=""4022100007263""";"=""20260000002355""";13819747;Efetivada;20/02/2026 07:59:06;25/02/2026 18:03:13;145;1;27/02/2026;25/02/2026;Paga;R$ 737,79;R$ 737,79;R$ 737,79;R$ 0,00
561;2067;1154;"=""20663956000180""";KIPÃO DO CERRADO ALIMENTOS LTDA;PESSOA JURIDICA;ICMS;"=""4022100007263""";"=""20260000002355""";13819747;Efetivada;20/02/2026 07:59:06;25/02/2026 18:03:13;145;2;25/03/2026;25/03/2026;Paga;R$ 745,16;R$ 745,17;R$ 745,17;R$ 0,00
561;2067;1154;"=""20663956000180""";KIPÃO DO CERRADO ALIMENTOS LTDA;PESSOA JURIDICA;ICMS;"=""4022100007263""";"=""20260000002355""";13819747;Efetivada;20/02/2026 07:59:06;25/02/2026 18:03:13;145;3;27/04/2026;27/04/2026;Paga;R$ 745,16;R$ 754,09;R$ 754,09;R$ 0,00
561;2067;1154;"=""20663956000180""";KIPÃO DO CERRADO ALIMENTOS LTDA;PESSOA JURIDICA;ICMS;"=""4022100007263""";"=""20260000002355""";13819747;Efetivada;20/02/2026 07:59:06;25/02/2026 18:03:13;145;4;25/05/2026;30/04/2026;Paga;R$ 745,16;R$ 754,09;R$ 754,09;R$ 0,00
561;2067;1152;"=""20663956000180""";KIPÃO DO CERRADO ALIMENTOS LTDA;PESSOA JURIDICA;ICMS;"=""4022200004940""";"=""20260000002353""";13819771;Efetivada;20/02/2026 07:59:06;25/02/2026 18:03:19;145;1;27/02/2026;25/02/2026;Paga;R$ 578,45;R$ 578,45;R$ 578,45;R$ 0,00
561;2067;1152;"=""20663956000180""";KIPÃO DO CERRADO ALIMENTOS LTDA;PESSOA JURIDICA;ICMS;"=""4022200004940""";"=""20260000002353""";13819771;Efetivada;20/02/2026 07:59:06;25/02/2026 18:03:19;145;2;25/03/2026;25/03/2026;Paga;R$ 584,22;R$ 584,24;R$ 584,24;R$ 0,00
561;2067;1152;"=""20663956000180""";KIPÃO DO CERRADO ALIMENTOS LTDA;PESSOA JURIDICA;ICMS;"=""4022200004940""";"=""20260000002353""";13819771;Efetivada;20/02/2026 07:59:06;25/02/2026 18:03:19;145;3;27/04/2026;30/04/2026;Paga;R$ 584,22;R$ 597,08;R$ 597,08;R$ 0,00
561;2067;1152;"=""20663956000180""";KIPÃO DO CERRADO ALIMENTOS LTDA;PESSOA JURIDICA;ICMS;"=""4022200004940""";"=""20260000002353""";13819771;Efetivada;20/02/2026 07:59:06;25/02/2026 18:03:19;145;4;25/05/2026;25/05/2026;Paga;R$ 584,22;R$ 597,54;R$ 597,54;R$ 0,00
561;2067;1156;"=""20663956000180""";KIPÃO DO CERRADO ALIMENTOS LTDA;PESSOA JURIDICA;IPVA;"=""2319144522269""";"=""20260000002357""";13819755;Efetivada;20/02/2026 07:59:06;25/02/2026 18:03:12;3;1;27/02/2026;25/02/2026;Paga;R$ 345,61;R$ 345,61;R$ 345,61;R$ 0,00
561;2067;1156;"=""20663956000180""";KIPÃO DO CERRADO ALIMENTOS LTDA;PESSOA JURIDICA;IPVA;"=""2319144522269""";"=""20260000002357""";13819755;Efetivada;20/02/2026 07:59:06;25/02/2026 18:03:12;3;2;25/03/2026;25/03/2026;Paga;R$ 349,06;R$ 349,06;R$ 349,06;R$ 0,00
561;2067;1156;"=""20663956000180""";KIPÃO DO CERRADO ALIMENTOS LTDA;PESSOA JURIDICA;IPVA;"=""2319144522269""";"=""20260000002357""";13819755;Efetivada;20/02/2026 07:59:06;25/02/2026 18:03:12;3;3;27/04/2026;27/04/2026;Paga;R$ 349,06;R$ 353,24;R$ 353,24;R$ 0,00
326;1748;713;"=""20797079300""";FRANCISCO PATRICIO DUARTE FRANCO;PESSOA FISICA;IPVA;"=""2264022122206""";"=""20260000001337""";13757830;Efetivada;10/02/2026 11:14:07;12/02/2026 18:08:19;7;1;18/02/2026;12/02/2026;Paga;R$ 361,76;R$ 361,76;R$ 361,76;R$ 0,00
326;1748;714;"=""20797079300""";FRANCISCO PATRICIO DUARTE FRANCO;PESSOA FISICA;IPVA;"=""2377905022260""";"=""20260000001338""";13757849;Efetivada;10/02/2026 11:14:07;18/02/2026 12:03:06;7;1;18/02/2026;18/02/2026;Paga;R$ 503,83;R$ 503,83;R$ 503,83;R$ 0,00
621;582;1292;"=""21216713000167""";OK STORE ELETRONICOS LTDA - ME;PESSOA JURIDICA;ICMS;"=""4011700825409""";"=""20260000002714""";13843893;Efetivada;23/02/2026 10:35:38;24/02/2026 18:11:03;145;1;27/02/2026;24/02/2026;Paga;R$ 474,62;R$ 474,62;R$ 474,62;R$ 0,00
165;841;362;"=""21264376120""";JOSE ANTONIO PEREIRA;PESSOA FISICA;IPVA;"=""2071165022230""";"=""20260000000489""";13692542;Efetivada;04/02/2026 16:16:22;11/02/2026 18:02:52;1;1;11/02/2026;11/02/2026;Paga;R$ 2.014,16;R$ 2.014,16;R$ 2.014,16;R$ 0,00
165;841;363;"=""21264376120""";JOSE ANTONIO PEREIRA;PESSOA FISICA;IPVA;"=""2272732622248""";"=""20260000000490""";13692550;Efetivada;04/02/2026 16:16:22;11/02/2026 18:02:59;1;1;11/02/2026;11/02/2026;Paga;R$ 1.989,99;R$ 1.989,99;R$ 1.989,99;R$ 0,00
688;841;1463;"=""21264376120""";JOSE ANTONIO PEREIRA;PESSOA FISICA;IPVA;"=""2345376522291""";"=""20260000003109""";13853996;Efetivada;24/02/2026 16:40:16;27/02/2026 12:04:56;1;1;27/02/2026;27/02/2026;Paga;R$ 2.514,03;R$ 2.514,03;R$ 2.514,03;R$ 0,00
933;1678;2005;"=""21286981115""";JOAQUIM MACHADO DE AMORIM;PESSOA FISICA;ICMS;"=""4011901144131""";"=""20260000004683""";13930583;Efetivada;06/03/2026 09:29:05;10/03/2026 06:05:58;10;2;27/04/2026;27/04/2026;Paga;R$ 341,63;R$ 341,65;R$ 341,65;R$ 0,00
933;1678;2005;"=""21286981115""";JOAQUIM MACHADO DE AMORIM;PESSOA FISICA;ICMS;"=""4011901144131""";"=""20260000004683""";13930583;Efetivada;06/03/2026 09:29:05;10/03/2026 06:05:58;10;3;25/05/2026;29/05/2026;Paga;R$ 341,63;R$ 349,88;R$ 349,88;R$ 0,00
933;1678;2006;"=""21286981115""";JOAQUIM MACHADO DE AMORIM;PESSOA FISICA;ICMS;"=""4011702823373""";"=""20260000004684""";13930591;Efetivada;06/03/2026 09:29:05;10/03/2026 06:05:59;96;2;27/04/2026;27/04/2026;Paga;R$ 477,62;R$ 477,64;R$ 477,64;R$ 0,00
933;1678;2006;"=""21286981115""";JOAQUIM MACHADO DE AMORIM;PESSOA FISICA;ICMS;"=""4011702823373""";"=""20260000004684""";13930591;Efetivada;06/03/2026 09:29:05;10/03/2026 06:05:59;96;3;25/05/2026;29/05/2026;Paga;R$ 477,62;R$ 489,17;R$ 489,17;R$ 0,00
454;147;949;"=""21391810000196""";PC DISTRIBUIÇÃO LTDA ;PESSOA JURIDICA;ICMS;"=""4011601689817""";"=""20260000001890""";13807269;Efetivada;13/02/2026 10:33:05;23/04/2026 18:14:30;100;1;20/02/2026;25/02/2026;Paga;R$ 770,00;R$ 770,00;R$ 770,00;R$ 0,00
454;147;949;"=""21391810000196""";PC DISTRIBUIÇÃO LTDA ;PESSOA JURIDICA;ICMS;"=""4011601689817""";"=""20260000001890""";13807269;Efetivada;13/02/2026 10:33:05;23/04/2026 18:14:30;100;2;25/03/2026;24/03/2026;Paga;R$ 777,68;R$ 777,70;R$ 777,70;R$ 0,00
454;147;949;"=""21391810000196""";PC DISTRIBUIÇÃO LTDA ;PESSOA JURIDICA;ICMS;"=""4011601689817""";"=""20260000001890""";13807269;Efetivada;13/02/2026 10:33:05;23/04/2026 18:14:30;100;3;27/04/2026;27/04/2026;Paga;R$ 777,68;R$ 787,02;R$ 787,02;R$ 0,00
454;147;949;"=""21391810000196""";PC DISTRIBUIÇÃO LTDA ;PESSOA JURIDICA;ICMS;"=""4011601689817""";"=""20260000001890""";13807269;Efetivada;13/02/2026 10:33:05;23/04/2026 18:14:30;100;4;25/05/2026;25/05/2026;Paga;R$ 777,68;R$ 795,41;R$ 795,41;R$ 0,00
454;147;950;"=""21391810000196""";PC DISTRIBUIÇÃO LTDA ;PESSOA JURIDICA;ICMS;"=""4011503092999""";"=""20260000001891""";13807277;Efetivada;13/02/2026 10:33:05;23/04/2026 18:14:37;110;1;20/02/2026;25/02/2026;Paga;R$ 579,93;R$ 579,93;R$ 579,93;R$ 0,00
454;147;950;"=""21391810000196""";PC DISTRIBUIÇÃO LTDA ;PESSOA JURIDICA;ICMS;"=""4011503092999""";"=""20260000001891""";13807277;Efetivada;13/02/2026 10:33:05;23/04/2026 18:14:37;110;2;25/03/2026;24/03/2026;Paga;R$ 585,70;R$ 585,73;R$ 585,73;R$ 0,00
454;147;950;"=""21391810000196""";PC DISTRIBUIÇÃO LTDA ;PESSOA JURIDICA;ICMS;"=""4011503092999""";"=""20260000001891""";13807277;Efetivada;13/02/2026 10:33:05;23/04/2026 18:14:37;110;3;27/04/2026;27/04/2026;Paga;R$ 585,70;R$ 592,75;R$ 592,75;R$ 0,00
454;147;950;"=""21391810000196""";PC DISTRIBUIÇÃO LTDA ;PESSOA JURIDICA;ICMS;"=""4011503092999""";"=""20260000001891""";13807277;Efetivada;13/02/2026 10:33:05;23/04/2026 18:14:37;110;4;25/05/2026;25/05/2026;Paga;R$ 585,70;R$ 599,07;R$ 599,07;R$ 0,00
454;147;952;"=""21391810000196""";PC DISTRIBUIÇÃO LTDA ;PESSOA JURIDICA;ICMS;"=""4012200126488""";"=""20260000001893""";13807250;Efetivada;13/02/2026 10:33:05;23/04/2026 18:14:44;100;1;20/02/2026;25/02/2026;Paga;R$ 1.465,88;R$ 1.465,88;R$ 1.465,88;R$ 0,00
454;147;952;"=""21391810000196""";PC DISTRIBUIÇÃO LTDA ;PESSOA JURIDICA;ICMS;"=""4012200126488""";"=""20260000001893""";13807250;Efetivada;13/02/2026 10:33:05;23/04/2026 18:14:44;100;2;25/03/2026;24/03/2026;Paga;R$ 1.480,53;R$ 1.480,54;R$ 1.480,54;R$ 0,00
454;147;952;"=""21391810000196""";PC DISTRIBUIÇÃO LTDA ;PESSOA JURIDICA;ICMS;"=""4012200126488""";"=""20260000001893""";13807250;Efetivada;13/02/2026 10:33:05;23/04/2026 18:14:44;100;3;27/04/2026;27/04/2026;Paga;R$ 1.480,53;R$ 1.498,28;R$ 1.498,28;R$ 0,00
454;147;952;"=""21391810000196""";PC DISTRIBUIÇÃO LTDA ;PESSOA JURIDICA;ICMS;"=""4012200126488""";"=""20260000001893""";13807250;Efetivada;13/02/2026 10:33:05;23/04/2026 18:14:44;100;4;25/05/2026;25/05/2026;Paga;R$ 1.480,53;R$ 1.514,26;R$ 1.514,26;R$ 0,00
454;147;951;"=""21391810000196""";PC DISTRIBUIÇÃO LTDA ;PESSOA JURIDICA;ICMS;"=""4012201231307""";"=""20260000001892""";13807285;Efetivada;13/02/2026 10:33:05;23/04/2026 18:14:51;100;1;20/02/2026;25/02/2026;Paga;R$ 2.615,71;R$ 2.615,71;R$ 2.615,71;R$ 0,00
454;147;951;"=""21391810000196""";PC DISTRIBUIÇÃO LTDA ;PESSOA JURIDICA;ICMS;"=""4012201231307""";"=""20260000001892""";13807285;Efetivada;13/02/2026 10:33:05;23/04/2026 18:14:51;100;2;25/03/2026;24/03/2026;Paga;R$ 2.641,85;R$ 2.641,87;R$ 2.641,87;R$ 0,00
454;147;951;"=""21391810000196""";PC DISTRIBUIÇÃO LTDA ;PESSOA JURIDICA;ICMS;"=""4012201231307""";"=""20260000001892""";13807285;Efetivada;13/02/2026 10:33:05;23/04/2026 18:14:51;100;3;27/04/2026;27/04/2026;Paga;R$ 2.641,85;R$ 2.673,52;R$ 2.673,52;R$ 0,00
454;147;951;"=""21391810000196""";PC DISTRIBUIÇÃO LTDA ;PESSOA JURIDICA;ICMS;"=""4012201231307""";"=""20260000001892""";13807285;Efetivada;13/02/2026 10:33:05;23/04/2026 18:14:51;100;4;25/05/2026;25/05/2026;Paga;R$ 2.641,85;R$ 2.702,03;R$ 2.702,03;R$ 0,00
464;147;968;"=""21391810000196""";PC DISTRIBUIÇÃO LTDA ;PESSOA JURIDICA;ICMS;"=""4012201216413""";"=""20260000001943""";13807412;Efetivada;13/02/2026 11:37:58;23/04/2026 18:14:58;1;1;20/02/2026;25/02/2026;Paga;R$ 3.755,63;R$ 3.755,63;R$ 3.755,63;R$ 0,00
328;660;717;"=""21438348000135""";TRINDADE ÔNIX PRODUTOS ALIMENTÍCIOS LTDA.;PESSOA JURIDICA;ICMS;"=""4021900102416""";"=""20260000001345""";13778331;Efetivada;10/02/2026 11:42:17;23/04/2026 18:12:04;22;1;25/02/2026;25/02/2026;Paga;R$ 332,04;R$ 332,04;R$ 332,04;R$ 0,00
328;660;718;"=""21438348000135""";TRINDADE ÔNIX PRODUTOS ALIMENTÍCIOS LTDA.;PESSOA JURIDICA;ICMS;"=""2228112500017""";"=""20260000001346""";13778340;Efetivada;10/02/2026 11:42:17;23/04/2026 18:12:11;15;1;25/02/2026;25/02/2026;Paga;R$ 336,58;R$ 336,58;R$ 336,58;R$ 0,00
799;1830;1722;"=""21964963168""";TEREZINHA MOREIRA DE ALMEIDA;PESSOA FISICA;IPVA;"=""2356813922297""";"=""20260000003959""";13891022;Efetivada;01/03/2026 16:20:30;04/03/2026 18:03:51;4;2;27/04/2026;17/04/2026;Paga;R$ 371,97;R$ 371,98;R$ 371,98;R$ 0,00
799;1830;1722;"=""21964963168""";TEREZINHA MOREIRA DE ALMEIDA;PESSOA FISICA;IPVA;"=""2356813922297""";"=""20260000003959""";13891022;Efetivada;01/03/2026 16:20:30;04/03/2026 18:03:51;4;3;25/05/2026;20/05/2026;Paga;R$ 371,97;R$ 376,00;R$ 376,00;R$ 0,00
677;292;1433;"=""22193394000184""";A.L.G. SOARES;PESSOA JURIDICA;ICMS;"=""2145386200081""";"=""20260000003031""";13873768;Efetivada;24/02/2026 14:27:06;27/02/2026 12:08:47;3;1;27/02/2026;27/02/2026;Paga;R$ 341,16;R$ 341,16;R$ 341,16;R$ 0,00
677;292;1433;"=""22193394000184""";A.L.G. SOARES;PESSOA JURIDICA;ICMS;"=""2145386200081""";"=""20260000003031""";13873768;Efetivada;24/02/2026 14:27:06;27/02/2026 12:08:47;3;2;25/03/2026;19/03/2026;Paga;R$ 344,57;R$ 344,58;R$ 344,58;R$ 0,00
677;292;1434;"=""22193394000184""";A.L.G. SOARES;PESSOA JURIDICA;Pena Pecuniária;"=""2145749600001""";"=""20260000003032""";13873750;Efetivada;24/02/2026 14:27:06;27/02/2026 12:08:45;10;1;27/02/2026;27/02/2026;Paga;R$ 410,12;R$ 410,12;R$ 410,12;R$ 0,00
677;292;1434;"=""22193394000184""";A.L.G. SOARES;PESSOA JURIDICA;Pena Pecuniária;"=""2145749600001""";"=""20260000003032""";13873750;Efetivada;24/02/2026 14:27:06;27/02/2026 12:08:45;10;2;25/03/2026;19/03/2026;Paga;R$ 414,21;R$ 414,22;R$ 414,22;R$ 0,00
4;108;7;"=""22332686000150""";VLM PRODUTOS DESCARTÁVEIS LTDA;PESSOA JURIDICA;ICMS;"=""4012300806030""";"=""20250000000003""";13316605;Efetivada;14/11/2025 17:27:21;;145;1;21/11/2025;17/11/2025;Paga;R$ 29.011,85;R$ 29.011,85;R$ 29.011,85;R$ 0,00
4;108;7;"=""22332686000150""";VLM PRODUTOS DESCARTÁVEIS LTDA;PESSOA JURIDICA;ICMS;"=""4012300806030""";"=""20250000000003""";13316605;Efetivada;14/11/2025 17:27:21;;145;2;29/12/2025;18/03/2026;Paga;R$ 29.301,96;R$ 36.339,08;R$ 36.339,08;R$ 0,00
4;108;7;"=""22332686000150""";VLM PRODUTOS DESCARTÁVEIS LTDA;PESSOA JURIDICA;ICMS;"=""4012300806030""";"=""20250000000003""";13316605;Efetivada;14/11/2025 17:27:21;;145;3;26/01/2026;25/03/2026;Paga;R$ 29.301,96;R$ 36.078,66;R$ 36.078,66;R$ 0,00
4;108;7;"=""22332686000150""";VLM PRODUTOS DESCARTÁVEIS LTDA;PESSOA JURIDICA;ICMS;"=""4012300806030""";"=""20250000000003""";13316605;Efetivada;14/11/2025 17:27:21;;145;4;25/02/2026;27/04/2026;Paga;R$ 29.301,96;R$ 36.760,33;R$ 36.760,33;R$ 0,00
4;108;7;"=""22332686000150""";VLM PRODUTOS DESCARTÁVEIS LTDA;PESSOA JURIDICA;ICMS;"=""4012300806030""";"=""20250000000003""";13316605;Efetivada;14/11/2025 17:27:21;;145;5;25/03/2026;25/05/2026;Paga;R$ 29.301,96;R$ 37.139,80;R$ 37.139,80;R$ 0,00
4;108;8;"=""22332686000150""";VLM PRODUTOS DESCARTÁVEIS LTDA;PESSOA JURIDICA;ICMS;"=""4012301526554""";"=""20250000000004""";13316613;Efetivada;14/11/2025 17:27:21;;145;1;21/11/2025;17/11/2025;Paga;R$ 1.681,09;R$ 1.681,09;R$ 1.681,09;R$ 0,00
4;108;8;"=""22332686000150""";VLM PRODUTOS DESCARTÁVEIS LTDA;PESSOA JURIDICA;ICMS;"=""4012301526554""";"=""20250000000004""";13316613;Efetivada;14/11/2025 17:27:21;;145;2;29/12/2025;18/03/2026;Paga;R$ 1.697,88;R$ 2.105,66;R$ 2.105,66;R$ 0,00
4;108;8;"=""22332686000150""";VLM PRODUTOS DESCARTÁVEIS LTDA;PESSOA JURIDICA;ICMS;"=""4012301526554""";"=""20250000000004""";13316613;Efetivada;14/11/2025 17:27:21;;145;3;26/01/2026;25/03/2026;Paga;R$ 1.697,88;R$ 2.090,57;R$ 2.090,57;R$ 0,00
4;108;8;"=""22332686000150""";VLM PRODUTOS DESCARTÁVEIS LTDA;PESSOA JURIDICA;ICMS;"=""4012301526554""";"=""20250000000004""";13316613;Efetivada;14/11/2025 17:27:21;;145;4;25/02/2026;27/04/2026;Paga;R$ 1.697,88;R$ 2.130,07;R$ 2.130,07;R$ 0,00
4;108;8;"=""22332686000150""";VLM PRODUTOS DESCARTÁVEIS LTDA;PESSOA JURIDICA;ICMS;"=""4012301526554""";"=""20250000000004""";13316613;Efetivada;14/11/2025 17:27:21;;145;5;25/03/2026;25/05/2026;Paga;R$ 1.697,88;R$ 2.152,07;R$ 2.152,07;R$ 0,00
1028;2904;2270;"=""22538149000161""";INDUSTRIA E COMERCIO DE ARTEFATOS DE COURO REI DO GADO LTDA;PESSOA JURIDICA;ICMS;"=""2008188011184""";"=""20260000005236""";13964747;Efetivada;11/03/2026 11:55:18;18/03/2026 18:04:59;2;1;18/03/2026;18/03/2026;Paga;R$ 479,82;R$ 479,82;R$ 479,82;R$ 0,00
1028;2904;2270;"=""22538149000161""";INDUSTRIA E COMERCIO DE ARTEFATOS DE COURO REI DO GADO LTDA;PESSOA JURIDICA;ICMS;"=""2008188011184""";"=""20260000005236""";13964747;Efetivada;11/03/2026 11:55:18;18/03/2026 18:04:59;2;2;27/04/2026;17/04/2026;Paga;R$ 484,61;R$ 484,62;R$ 484,62;R$ 0,00
1028;2904;2271;"=""22538149000161""";INDUSTRIA E COMERCIO DE ARTEFATOS DE COURO REI DO GADO LTDA;PESSOA JURIDICA;ICMS;"=""4011900239732""";"=""20260000005237""";13964739;Efetivada;11/03/2026 11:55:18;18/03/2026 18:04:59;63;1;18/03/2026;18/03/2026;Paga;R$ 331,14;R$ 331,14;R$ 331,14;R$ 0,00
1028;2904;2271;"=""22538149000161""";INDUSTRIA E COMERCIO DE ARTEFATOS DE COURO REI DO GADO LTDA;PESSOA JURIDICA;ICMS;"=""4011900239732""";"=""20260000005237""";13964739;Efetivada;11/03/2026 11:55:18;18/03/2026 18:04:59;63;2;27/04/2026;17/04/2026;Paga;R$ 334,45;R$ 334,45;R$ 334,45;R$ 0,00
1028;2904;2271;"=""22538149000161""";INDUSTRIA E COMERCIO DE ARTEFATOS DE COURO REI DO GADO LTDA;PESSOA JURIDICA;ICMS;"=""4011900239732""";"=""20260000005237""";13964739;Efetivada;11/03/2026 11:55:18;18/03/2026 18:04:59;63;3;25/05/2026;25/05/2026;Paga;R$ 334,45;R$ 338,06;R$ 338,06;R$ 0,00
1028;2904;2269;"=""22538149000161""";INDUSTRIA E COMERCIO DE ARTEFATOS DE COURO REI DO GADO LTDA;PESSOA JURIDICA;ICMS;"=""2008187911122""";"=""20260000005235""";13964755;Efetivada;11/03/2026 11:55:18;19/03/2026 06:04:59;3;1;18/03/2026;18/03/2026;Paga;R$ 330,59;R$ 330,59;R$ 330,59;R$ 0,00
1028;2904;2269;"=""22538149000161""";INDUSTRIA E COMERCIO DE ARTEFATOS DE COURO REI DO GADO LTDA;PESSOA JURIDICA;ICMS;"=""2008187911122""";"=""20260000005235""";13964755;Efetivada;11/03/2026 11:55:18;19/03/2026 06:04:59;3;2;27/04/2026;17/04/2026;Paga;R$ 333,89;R$ 333,90;R$ 333,90;R$ 0,00
1028;2904;2269;"=""22538149000161""";INDUSTRIA E COMERCIO DE ARTEFATOS DE COURO REI DO GADO LTDA;PESSOA JURIDICA;ICMS;"=""2008187911122""";"=""20260000005235""";13964755;Efetivada;11/03/2026 11:55:18;19/03/2026 06:04:59;3;3;25/05/2026;25/05/2026;Paga;R$ 333,89;R$ 337,50;R$ 337,50;R$ 0,00
1028;2904;2272;"=""22538149000161""";INDUSTRIA E COMERCIO DE ARTEFATOS DE COURO REI DO GADO LTDA;PESSOA JURIDICA;ICMS;"=""2015172611120""";"=""20260000005238""";13964720;Efetivada;11/03/2026 11:55:18;19/03/2026 06:04:59;2;1;18/03/2026;18/03/2026;Paga;R$ 432,45;R$ 432,45;R$ 432,45;R$ 0,00
1028;2904;2272;"=""22538149000161""";INDUSTRIA E COMERCIO DE ARTEFATOS DE COURO REI DO GADO LTDA;PESSOA JURIDICA;ICMS;"=""2015172611120""";"=""20260000005238""";13964720;Efetivada;11/03/2026 11:55:18;19/03/2026 06:04:59;2;2;27/04/2026;17/04/2026;Paga;R$ 436,77;R$ 436,78;R$ 436,78;R$ 0,00
1239;3579;2887;"=""22819649149""";PEDRO FERREIRA NARCISO NETO (ESPÓLIO);PESSOA FISICA;IPVA;"=""2286696122201""";"=""20260000006632""";14177544;Efetivada;24/04/2026 15:35:22;28/04/2026 12:03:49;1;1;30/04/2026;28/04/2026;Paga;R$ 1.081,12;R$ 1.081,12;R$ 1.081,12;R$ 0,00
1239;3579;2888;"=""22819649149""";PEDRO FERREIRA NARCISO NETO (ESPÓLIO);PESSOA FISICA;IPVA;"=""2341040322243""";"=""20260000006633""";14177536;Efetivada;24/04/2026 15:35:22;28/04/2026 12:03:57;1;1;30/04/2026;28/04/2026;Paga;R$ 1.489,46;R$ 1.489,46;R$ 1.489,46;R$ 0,00
627;1716;1303;"=""23134860104""";VALDINEY ALVES GOUVEIA;PESSOA FISICA;ICMS;"=""4012000121628""";"=""20260000002743""";13843940;Efetivada;23/02/2026 11:30:24;25/02/2026 18:06:14;1;1;27/02/2026;25/02/2026;Paga;R$ 3.409,53;R$ 3.409,53;R$ 3.409,53;R$ 0,00
725;2060;1569;"=""23378824115""";VICENTE BERNARDO DABADIA MELO;PESSOA FISICA;IPVA;"=""2278829522204""";"=""20260000003417""";13864130;Efetivada;25/02/2026 14:58:34;28/02/2026 06:04:38;2;1;27/02/2026;27/02/2026;Paga;R$ 386,82;R$ 386,82;R$ 386,82;R$ 0,00
1062;454;2361;"=""23540814000114""";VISUAL EVENTOS E FORMATURAS LTDA.;PESSOA JURIDICA;ICMS;"=""2015287611115""";"=""20260000005434""";13997572;Efetivada;16/03/2026 13:07:05;23/03/2026 06:03:29;18;1;23/03/2026;20/03/2026;Paga;R$ 781,99;R$ 781,99;R$ 781,99;R$ 0,00
1062;454;2358;"=""23540814000114""";VISUAL EVENTOS E FORMATURAS LTDA.;PESSOA JURIDICA;ICMS;"=""2018196911102""";"=""20260000005431""";13997548;Efetivada;16/03/2026 13:07:05;23/03/2026 06:03:35;18;1;23/03/2026;20/03/2026;Paga;R$ 706,26;R$ 706,26;R$ 706,26;R$ 0,00
1062;454;2359;"=""23540814000114""";VISUAL EVENTOS E FORMATURAS LTDA.;PESSOA JURIDICA;ICMS;"=""2018197111100""";"=""20260000005432""";13997556;Efetivada;16/03/2026 13:07:05;23/03/2026 06:03:36;18;1;23/03/2026;20/03/2026;Paga;R$ 501,64;R$ 501,64;R$ 501,64;R$ 0,00
1062;454;2360;"=""23540814000114""";VISUAL EVENTOS E FORMATURAS LTDA.;PESSOA JURIDICA;ICMS;"=""4012200219575""";"=""20260000005433""";13997564;Efetivada;16/03/2026 13:07:05;23/03/2026 06:03:42;18;1;23/03/2026;20/03/2026;Paga;R$ 2.865,35;R$ 2.865,35;R$ 2.865,35;R$ 0,00
1062;454;2363;"=""23540814000114""";VISUAL EVENTOS E FORMATURAS LTDA.;PESSOA JURIDICA;ICMS;"=""2015287511161""";"=""20260000005436""";13997610;Efetivada;16/03/2026 13:07:05;23/03/2026 06:03:42;18;1;23/03/2026;20/03/2026;Paga;R$ 816,68;R$ 816,68;R$ 816,68;R$ 0,00
1062;454;2357;"=""23540814000114""";VISUAL EVENTOS E FORMATURAS LTDA.;PESSOA JURIDICA;ICMS;"=""2015287711179""";"=""20260000005430""";13997602;Efetivada;16/03/2026 13:07:05;23/03/2026 06:03:48;18;1;23/03/2026;20/03/2026;Paga;R$ 781,22;R$ 781,22;R$ 781,22;R$ 0,00
1062;454;2356;"=""23540814000114""";VISUAL EVENTOS E FORMATURAS LTDA.;PESSOA JURIDICA;ICMS;"=""2018197011156""";"=""20260000005429""";13997599;Efetivada;16/03/2026 13:07:05;23/03/2026 06:03:49;18;1;23/03/2026;20/03/2026;Paga;R$ 1.164,51;R$ 1.164,51;R$ 1.164,51;R$ 0,00
1062;454;2362;"=""23540814000114""";VISUAL EVENTOS E FORMATURAS LTDA.;PESSOA JURIDICA;ICMS;"=""2018197211163""";"=""20260000005435""";13997580;Efetivada;16/03/2026 13:07:05;23/03/2026 06:03:55;18;1;23/03/2026;20/03/2026;Paga;R$ 1.910,96;R$ 1.910,96;R$ 1.910,96;R$ 0,00
404;1588;857;"=""23592692000100""";WOLPP E TAVARES LTDA ;PESSOA JURIDICA;ICMS;"=""2005835611126""";"=""20260000001655""";13774336;Efetivada;12/02/2026 08:09:22;19/02/2026 18:02:10;39;1;19/02/2026;19/02/2026;Paga;R$ 334,12;R$ 334,12;R$ 334,12;R$ 0,00
404;1588;858;"=""23592692000100""";WOLPP E TAVARES LTDA ;PESSOA JURIDICA;ICMS;"=""2006956911153""";"=""20260000001656""";13774344;Efetivada;12/02/2026 08:09:22;19/02/2026 18:02:16;28;1;19/02/2026;19/02/2026;Paga;R$ 330,92;R$ 330,92;R$ 330,92;R$ 0,00
404;1588;859;"=""23592692000100""";WOLPP E TAVARES LTDA ;PESSOA JURIDICA;ICMS;"=""2015293711126""";"=""20260000001657""";13774352;Efetivada;12/02/2026 08:09:22;19/02/2026 18:02:17;44;1;19/02/2026;19/02/2026;Paga;R$ 332,07;R$ 332,07;R$ 332,07;R$ 0,00
1012;3134;2201;"=""23637307120""";SIRLENE GUIMARAES RIBEIRO RUAS;PESSOA FISICA;IPVA;"=""2038216522208""";"=""20260000005106""";13960610;Efetivada;11/03/2026 09:11:14;09/04/2026 12:50:57;1;1;18/03/2026;11/03/2026;Paga;R$ 646,32;R$ 646,32;R$ 646,32;R$ 0,00
253;1490;560;"=""23828153968""";SINEZIO MESSIAS BERTOLINI;PESSOA FISICA;IPVA;"=""2310795322280""";"=""20260000000990""";13703439;Efetivada;06/02/2026 15:19:36;13/02/2026 18:03:06;1;1;13/02/2026;13/02/2026;Paga;R$ 707,89;R$ 707,89;R$ 707,89;R$ 0,00
194;1363;421;"=""24253553168""";MARIA ABADIA CAMPOS;PESSOA FISICA;ICMS;"=""4011902015459""";"=""20260000000644""";13692372;Efetivada;05/02/2026 12:33:13;10/02/2026 12:04:00;18;1;12/02/2026;10/02/2026;Paga;R$ 343,86;R$ 343,86;R$ 343,86;R$ 0,00
194;1363;421;"=""24253553168""";MARIA ABADIA CAMPOS;PESSOA FISICA;ICMS;"=""4011902015459""";"=""20260000000644""";13692372;Efetivada;05/02/2026 12:33:13;10/02/2026 12:04:00;18;2;25/03/2026;10/03/2026;Paga;R$ 347,29;R$ 347,30;R$ 347,30;R$ 0,00
194;1363;421;"=""24253553168""";MARIA ABADIA CAMPOS;PESSOA FISICA;ICMS;"=""4011902015459""";"=""20260000000644""";13692372;Efetivada;05/02/2026 12:33:13;10/02/2026 12:04:00;18;3;27/04/2026;10/04/2026;Paga;R$ 347,29;R$ 351,46;R$ 351,46;R$ 0,00
194;1363;421;"=""24253553168""";MARIA ABADIA CAMPOS;PESSOA FISICA;ICMS;"=""4011902015459""";"=""20260000000644""";13692372;Efetivada;05/02/2026 12:33:13;10/02/2026 12:04:00;18;4;25/05/2026;14/05/2026;Paga;R$ 347,29;R$ 355,21;R$ 355,21;R$ 0,00
1182;3486;2714;"=""24556851000183""";SABRINA VARGAS RAMALHO LTDA;PESSOA JURIDICA;ICMS;"=""2019731611170""";"=""20260000006261""";14102951;Efetivada;07/04/2026 11:47:25;23/04/2026 09:39:04;28;1;14/04/2026;14/04/2026;Paga;R$ 339,42;R$ 339,42;R$ 339,42;R$ 0,00
1182;3486;2714;"=""24556851000183""";SABRINA VARGAS RAMALHO LTDA;PESSOA JURIDICA;ICMS;"=""2019731611170""";"=""20260000006261""";14102951;Efetivada;07/04/2026 11:47:25;23/04/2026 09:39:04;28;2;25/05/2026;25/05/2026;Paga;R$ 342,80;R$ 342,82;R$ 342,82;R$ 0,00
1182;3486;2715;"=""24556851000183""";SABRINA VARGAS RAMALHO LTDA;PESSOA JURIDICA;ICMS;"=""2019731411163""";"=""20260000006262""";14102960;Efetivada;07/04/2026 11:47:25;23/04/2026 09:39:04;29;1;14/04/2026;14/04/2026;Paga;R$ 340,26;R$ 340,26;R$ 340,26;R$ 0,00
1182;3486;2715;"=""24556851000183""";SABRINA VARGAS RAMALHO LTDA;PESSOA JURIDICA;ICMS;"=""2019731411163""";"=""20260000006262""";14102960;Efetivada;07/04/2026 11:47:25;23/04/2026 09:39:04;29;2;25/05/2026;25/05/2026;Paga;R$ 343,65;R$ 343,66;R$ 343,66;R$ 0,00
1182;3486;2716;"=""24556851000183""";SABRINA VARGAS RAMALHO LTDA;PESSOA JURIDICA;ICMS;"=""2019731511117""";"=""20260000006263""";14102978;Efetivada;07/04/2026 11:47:25;23/04/2026 09:39:04;9;1;14/04/2026;14/04/2026;Paga;R$ 358,09;R$ 358,09;R$ 358,09;R$ 0,00
1182;3486;2716;"=""24556851000183""";SABRINA VARGAS RAMALHO LTDA;PESSOA JURIDICA;ICMS;"=""2019731511117""";"=""20260000006263""";14102978;Efetivada;07/04/2026 11:47:25;23/04/2026 09:39:04;9;2;25/05/2026;25/05/2026;Paga;R$ 361,66;R$ 361,68;R$ 361,68;R$ 0,00
1182;3486;2717;"=""24556851000183""";SABRINA VARGAS RAMALHO LTDA;PESSOA JURIDICA;ICMS;"=""4012201006524""";"=""20260000006264""";14102986;Efetivada;07/04/2026 11:47:25;23/04/2026 09:39:04;43;1;14/04/2026;14/04/2026;Paga;R$ 334,79;R$ 334,79;R$ 334,79;R$ 0,00
1182;3486;2717;"=""24556851000183""";SABRINA VARGAS RAMALHO LTDA;PESSOA JURIDICA;ICMS;"=""4012201006524""";"=""20260000006264""";14102986;Efetivada;07/04/2026 11:47:25;23/04/2026 09:39:04;43;2;25/05/2026;25/05/2026;Paga;R$ 338,13;R$ 338,13;R$ 338,13;R$ 0,00
1182;3486;2718;"=""24556851000183""";SABRINA VARGAS RAMALHO LTDA;PESSOA JURIDICA;ICMS;"=""4011902887219""";"=""20260000006265""";14102994;Efetivada;07/04/2026 11:47:25;23/04/2026 09:39:04;60;1;14/04/2026;14/04/2026;Paga;R$ 333,86;R$ 333,86;R$ 333,86;R$ 0,00
1182;3486;2718;"=""24556851000183""";SABRINA VARGAS RAMALHO LTDA;PESSOA JURIDICA;ICMS;"=""4011902887219""";"=""20260000006265""";14102994;Efetivada;07/04/2026 11:47:25;23/04/2026 09:39:04;60;2;25/05/2026;25/05/2026;Paga;R$ 337,18;R$ 337,20;R$ 337,20;R$ 0,00
1182;3486;2719;"=""24556851000183""";SABRINA VARGAS RAMALHO LTDA;PESSOA JURIDICA;ICMS;"=""2019731711124""";"=""20260000006266""";14103001;Efetivada;07/04/2026 11:47:25;23/04/2026 09:39:04;5;1;14/04/2026;14/04/2026;Paga;R$ 369,22;R$ 369,22;R$ 369,22;R$ 0,00
1182;3486;2719;"=""24556851000183""";SABRINA VARGAS RAMALHO LTDA;PESSOA JURIDICA;ICMS;"=""2019731711124""";"=""20260000006266""";14103001;Efetivada;07/04/2026 11:47:25;23/04/2026 09:39:04;5;2;25/05/2026;25/05/2026;Paga;R$ 372,90;R$ 372,93;R$ 372,93;R$ 0,00
607;2409;1254;"=""24710993000153""";NEVES VEICULOS LTDA.;PESSOA JURIDICA;ICMS;"=""4012000692706""";"=""20260000002607""";13833677;Efetivada;23/02/2026 09:38:04;24/02/2026 18:08:30;42;1;27/02/2026;24/02/2026;Paga;R$ 332,49;R$ 332,49;R$ 332,49;R$ 0,00
607;2409;1252;"=""24710993000153""";NEVES VEICULOS LTDA.;PESSOA JURIDICA;ICMS;"=""4011901094444""";"=""20260000002605""";13833650;Efetivada;23/02/2026 09:38:04;24/02/2026 18:08:34;58;1;27/02/2026;24/02/2026;Paga;R$ 330,48;R$ 330,48;R$ 330,48;R$ 0,00
607;2409;1255;"=""24710993000153""";NEVES VEICULOS LTDA.;PESSOA JURIDICA;ICMS;"=""4012001219729""";"=""20260000002608""";13833685;Efetivada;23/02/2026 09:38:04;24/02/2026 18:08:37;13;1;27/02/2026;24/02/2026;Paga;R$ 350,10;R$ 350,10;R$ 350,10;R$ 0,00
607;2409;1251;"=""24710993000153""";NEVES VEICULOS LTDA.;PESSOA JURIDICA;ICMS;"=""4011900579835""";"=""20260000002604""";13833669;Efetivada;23/02/2026 09:38:04;24/02/2026 18:08:42;25;1;27/02/2026;24/02/2026;Paga;R$ 334,95;R$ 334,95;R$ 334,95;R$ 0,00
607;2409;1262;"=""24710993000153""";NEVES VEICULOS LTDA.;PESSOA JURIDICA;ICMS;"=""4012001374376""";"=""20260000002615""";13833707;Efetivada;23/02/2026 09:38:04;24/02/2026 18:08:44;8;1;27/02/2026;24/02/2026;Paga;R$ 333,96;R$ 333,96;R$ 333,96;R$ 0,00
607;2409;1261;"=""24710993000153""";NEVES VEICULOS LTDA.;PESSOA JURIDICA;ICMS;"=""4012001361800""";"=""20260000002614""";13833693;Efetivada;23/02/2026 09:38:04;24/02/2026 18:08:49;1;1;27/02/2026;24/02/2026;Paga;R$ 413,55;R$ 413,55;R$ 413,55;R$ 0,00
607;2409;1264;"=""24710993000153""";NEVES VEICULOS LTDA.;PESSOA JURIDICA;ICMS;"=""4012001215570""";"=""20260000002617""";13833715;Efetivada;23/02/2026 09:38:04;24/02/2026 18:08:51;13;1;27/02/2026;24/02/2026;Paga;R$ 350,10;R$ 350,10;R$ 350,10;R$ 0,00
607;2409;1266;"=""24710993000153""";NEVES VEICULOS LTDA.;PESSOA JURIDICA;ICMS;"=""4011901045230""";"=""20260000002619""";13833723;Efetivada;23/02/2026 09:38:04;24/02/2026 18:08:56;19;1;27/02/2026;24/02/2026;Paga;R$ 337,73;R$ 337,73;R$ 337,73;R$ 0,00
607;2409;1256;"=""24710993000153""";NEVES VEICULOS LTDA.;PESSOA JURIDICA;ICMS;"=""4012001320284""";"=""20260000002609""";13833740;Efetivada;23/02/2026 09:38:04;24/02/2026 18:08:58;2;1;27/02/2026;24/02/2026;Paga;R$ 352,34;R$ 352,34;R$ 352,34;R$ 0,00
607;2409;1258;"=""24710993000153""";NEVES VEICULOS LTDA.;PESSOA JURIDICA;ICMS;"=""4012001361207""";"=""20260000002611""";13833782;Efetivada;23/02/2026 09:38:04;24/02/2026 18:09:03;3;1;27/02/2026;24/02/2026;Paga;R$ 405,60;R$ 405,60;R$ 405,60;R$ 0,00
607;2409;1260;"=""24710993000153""";NEVES VEICULOS LTDA.;PESSOA JURIDICA;ICMS;"=""4011901099322""";"=""20260000002613""";13833758;Efetivada;23/02/2026 09:38:04;24/02/2026 18:09:06;20;1;27/02/2026;24/02/2026;Paga;R$ 331,06;R$ 331,06;R$ 331,06;R$ 0,00
607;2409;1253;"=""24710993000153""";NEVES VEICULOS LTDA.;PESSOA JURIDICA;ICMS;"=""4011901109654""";"=""20260000002606""";13833766;Efetivada;23/02/2026 09:38:04;24/02/2026 18:09:10;23;1;27/02/2026;24/02/2026;Paga;R$ 330,82;R$ 330,82;R$ 330,82;R$ 0,00
607;2409;1257;"=""24710993000153""";NEVES VEICULOS LTDA.;PESSOA JURIDICA;ICMS;"=""4012001340552""";"=""20260000002610""";13833774;Efetivada;23/02/2026 09:38:04;24/02/2026 18:09:13;9;1;27/02/2026;24/02/2026;Paga;R$ 333,65;R$ 333,65;R$ 333,65;R$ 0,00
607;2409;1259;"=""24710993000153""";NEVES VEICULOS LTDA.;PESSOA JURIDICA;ICMS;"=""4012001422109""";"=""20260000002612""";13833731;Efetivada;23/02/2026 09:38:04;24/02/2026 18:09:17;21;1;27/02/2026;24/02/2026;Paga;R$ 337,54;R$ 337,54;R$ 337,54;R$ 0,00
607;2409;1263;"=""24710993000153""";NEVES VEICULOS LTDA.;PESSOA JURIDICA;ICMS;"=""4012001406162""";"=""20260000002616""";13833812;Efetivada;23/02/2026 09:38:04;24/02/2026 18:09:24;11;1;27/02/2026;24/02/2026;Paga;R$ 342,27;R$ 342,27;R$ 342,27;R$ 0,00
607;2409;1269;"=""24710993000153""";NEVES VEICULOS LTDA.;PESSOA JURIDICA;ICMS;"=""4012001070407""";"=""20260000002622""";13833804;Efetivada;23/02/2026 09:38:04;24/02/2026 18:09:26;5;1;27/02/2026;24/02/2026;Paga;R$ 333,82;R$ 333,82;R$ 333,82;R$ 0,00
607;2409;1267;"=""24710993000153""";NEVES VEICULOS LTDA.;PESSOA JURIDICA;ICMS;"=""4012000700300""";"=""20260000002620""";13833790;Efetivada;23/02/2026 09:38:04;24/02/2026 18:09:38;39;1;27/02/2026;24/02/2026;Paga;R$ 335,83;R$ 335,83;R$ 335,83;R$ 0,00
607;2409;1265;"=""24710993000153""";NEVES VEICULOS LTDA.;PESSOA JURIDICA;ICMS;"=""4012001324352""";"=""20260000002618""";13833820;Efetivada;23/02/2026 09:38:04;25/02/2026 06:06:51;23;1;27/02/2026;24/02/2026;Paga;R$ 330,95;R$ 330,95;R$ 330,95;R$ 0,00
607;2409;1268;"=""24710993000153""";NEVES VEICULOS LTDA.;PESSOA JURIDICA;ICMS;"=""4012000703759""";"=""20260000002621""";13833839;Efetivada;23/02/2026 09:38:04;25/02/2026 06:06:58;40;1;27/02/2026;24/02/2026;Paga;R$ 331,68;R$ 331,68;R$ 331,68;R$ 0,00
997;3187;2162;"=""24813931391""";VICENTE FERREIRA COSTA;PESSOA FISICA;IPVA;"=""2351646322260""";"=""20260000004993""";13950886;Efetivada;09/03/2026 20:42:30;16/03/2026 12:05:01;4;1;16/03/2026;16/03/2026;Paga;R$ 366,20;R$ 366,20;R$ 366,20;R$ 0,00
997;3187;2162;"=""24813931391""";VICENTE FERREIRA COSTA;PESSOA FISICA;IPVA;"=""2351646322260""";"=""20260000004993""";13950886;Efetivada;09/03/2026 20:42:30;16/03/2026 12:05:01;4;2;27/04/2026;27/04/2026;Paga;R$ 369,85;R$ 369,86;R$ 369,86;R$ 0,00
997;3187;2161;"=""24813931391""";VICENTE FERREIRA COSTA;PESSOA FISICA;IPVA;"=""2274329022226""";"=""20260000004992""";13950878;Efetivada;09/03/2026 20:42:30;16/03/2026 12:05:08;3;1;16/03/2026;16/03/2026;Paga;R$ 406,56;R$ 406,56;R$ 406,56;R$ 0,00
997;3187;2161;"=""24813931391""";VICENTE FERREIRA COSTA;PESSOA FISICA;IPVA;"=""2274329022226""";"=""20260000004992""";13950878;Efetivada;09/03/2026 20:42:30;16/03/2026 12:05:08;3;2;27/04/2026;27/04/2026;Paga;R$ 410,61;R$ 410,63;R$ 410,63;R$ 0,00
298;58;647;"=""24828782000110""";ECONOMIA COMERCIO LTDA;PESSOA JURIDICA;ICMS;"=""4011902786960""";"=""20260000001195""";13784390;Efetivada;09/02/2026 13:32:44;18/02/2026 12:07:22;1;1;18/02/2026;18/02/2026;Paga;R$ 40.322,19;R$ 40.322,19;R$ 40.322,19;R$ 0,00
298;58;646;"=""24828782000110""";ECONOMIA COMERCIO LTDA;PESSOA JURIDICA;ICMS;"=""4012300049744""";"=""20260000001194""";13784382;Efetivada;09/02/2026 13:32:44;18/02/2026 12:07:23;1;1;18/02/2026;18/02/2026;Paga;R$ 141.475,53;R$ 141.475,53;R$ 141.475,53;R$ 0,00
1058;1957;2333;"=""24839737000160""";GLOBATEC ADAPTAÇÕES DE VEÍCULOS LTDA.;PESSOA JURIDICA;ICMS;"=""4011902976238""";"=""20260000005375""";13988522;Efetivada;16/03/2026 12:16:04;16/03/2026 18:10:55;23;1;23/03/2026;16/03/2026;Paga;R$ 332,30;R$ 332,30;R$ 332,30;R$ 0,00
1058;1957;2333;"=""24839737000160""";GLOBATEC ADAPTAÇÕES DE VEÍCULOS LTDA.;PESSOA JURIDICA;ICMS;"=""4011902976238""";"=""20260000005375""";13988522;Efetivada;16/03/2026 12:16:04;16/03/2026 18:10:55;23;2;27/04/2026;27/04/2026;Paga;R$ 335,62;R$ 335,62;R$ 335,62;R$ 0,00
1058;1957;2333;"=""24839737000160""";GLOBATEC ADAPTAÇÕES DE VEÍCULOS LTDA.;PESSOA JURIDICA;ICMS;"=""4011902976238""";"=""20260000005375""";13988522;Efetivada;16/03/2026 12:16:04;16/03/2026 18:10:55;23;3;25/05/2026;25/05/2026;Paga;R$ 335,62;R$ 339,24;R$ 339,24;R$ 0,00
1058;1957;2327;"=""24839737000160""";GLOBATEC ADAPTAÇÕES DE VEÍCULOS LTDA.;PESSOA JURIDICA;ICMS;"=""4011902982637""";"=""20260000005369""";13988514;Efetivada;16/03/2026 12:16:04;16/03/2026 18:10:57;23;1;23/03/2026;16/03/2026;Paga;R$ 332,30;R$ 332,30;R$ 332,30;R$ 0,00
1058;1957;2327;"=""24839737000160""";GLOBATEC ADAPTAÇÕES DE VEÍCULOS LTDA.;PESSOA JURIDICA;ICMS;"=""4011902982637""";"=""20260000005369""";13988514;Efetivada;16/03/2026 12:16:04;16/03/2026 18:10:57;23;2;27/04/2026;27/04/2026;Paga;R$ 335,62;R$ 335,62;R$ 335,62;R$ 0,00
1058;1957;2327;"=""24839737000160""";GLOBATEC ADAPTAÇÕES DE VEÍCULOS LTDA.;PESSOA JURIDICA;ICMS;"=""4011902982637""";"=""20260000005369""";13988514;Efetivada;16/03/2026 12:16:04;16/03/2026 18:10:57;23;3;25/05/2026;25/05/2026;Paga;R$ 335,62;R$ 339,24;R$ 339,24;R$ 0,00
1058;1957;2326;"=""24839737000160""";GLOBATEC ADAPTAÇÕES DE VEÍCULOS LTDA.;PESSOA JURIDICA;ICMS;"=""4011902993400""";"=""20260000005368""";13988506;Efetivada;16/03/2026 12:16:04;16/03/2026 18:11:03;23;1;23/03/2026;16/03/2026;Paga;R$ 332,30;R$ 332,30;R$ 332,30;R$ 0,00
1058;1957;2326;"=""24839737000160""";GLOBATEC ADAPTAÇÕES DE VEÍCULOS LTDA.;PESSOA JURIDICA;ICMS;"=""4011902993400""";"=""20260000005368""";13988506;Efetivada;16/03/2026 12:16:04;16/03/2026 18:11:03;23;2;27/04/2026;27/04/2026;Paga;R$ 335,62;R$ 335,62;R$ 335,62;R$ 0,00
1058;1957;2326;"=""24839737000160""";GLOBATEC ADAPTAÇÕES DE VEÍCULOS LTDA.;PESSOA JURIDICA;ICMS;"=""4011902993400""";"=""20260000005368""";13988506;Efetivada;16/03/2026 12:16:04;16/03/2026 18:11:03;23;3;25/05/2026;25/05/2026;Paga;R$ 335,62;R$ 339,24;R$ 339,24;R$ 0,00
1058;1957;2328;"=""24839737000160""";GLOBATEC ADAPTAÇÕES DE VEÍCULOS LTDA.;PESSOA JURIDICA;ICMS;"=""4011902972321""";"=""20260000005370""";13988565;Efetivada;16/03/2026 12:16:04;16/03/2026 18:11:04;23;1;23/03/2026;16/03/2026;Paga;R$ 332,30;R$ 332,30;R$ 332,30;R$ 0,00
1058;1957;2328;"=""24839737000160""";GLOBATEC ADAPTAÇÕES DE VEÍCULOS LTDA.;PESSOA JURIDICA;ICMS;"=""4011902972321""";"=""20260000005370""";13988565;Efetivada;16/03/2026 12:16:04;16/03/2026 18:11:04;23;2;27/04/2026;27/04/2026;Paga;R$ 335,62;R$ 335,62;R$ 335,62;R$ 0,00
1058;1957;2328;"=""24839737000160""";GLOBATEC ADAPTAÇÕES DE VEÍCULOS LTDA.;PESSOA JURIDICA;ICMS;"=""4011902972321""";"=""20260000005370""";13988565;Efetivada;16/03/2026 12:16:04;16/03/2026 18:11:04;23;3;25/05/2026;25/05/2026;Paga;R$ 335,62;R$ 339,24;R$ 339,24;R$ 0,00
1058;1957;2334;"=""24839737000160""";GLOBATEC ADAPTAÇÕES DE VEÍCULOS LTDA.;PESSOA JURIDICA;ICMS;"=""4011902994139""";"=""20260000005376""";13988549;Efetivada;16/03/2026 12:16:04;16/03/2026 18:11:17;23;1;23/03/2026;16/03/2026;Paga;R$ 332,30;R$ 332,30;R$ 332,30;R$ 0,00
1058;1957;2334;"=""24839737000160""";GLOBATEC ADAPTAÇÕES DE VEÍCULOS LTDA.;PESSOA JURIDICA;ICMS;"=""4011902994139""";"=""20260000005376""";13988549;Efetivada;16/03/2026 12:16:04;16/03/2026 18:11:17;23;2;27/04/2026;27/04/2026;Paga;R$ 335,62;R$ 335,62;R$ 335,62;R$ 0,00
1058;1957;2334;"=""24839737000160""";GLOBATEC ADAPTAÇÕES DE VEÍCULOS LTDA.;PESSOA JURIDICA;ICMS;"=""4011902994139""";"=""20260000005376""";13988549;Efetivada;16/03/2026 12:16:04;16/03/2026 18:11:17;23;3;25/05/2026;25/05/2026;Paga;R$ 335,62;R$ 339,24;R$ 339,24;R$ 0,00
1058;1957;2332;"=""24839737000160""";GLOBATEC ADAPTAÇÕES DE VEÍCULOS LTDA.;PESSOA JURIDICA;ICMS;"=""4012200538832""";"=""20260000005374""";13988530;Efetivada;16/03/2026 12:16:04;16/03/2026 18:11:19;48;1;23/03/2026;16/03/2026;Paga;R$ 2.640,00;R$ 2.640,00;R$ 2.640,00;R$ 0,00
1058;1957;2332;"=""24839737000160""";GLOBATEC ADAPTAÇÕES DE VEÍCULOS LTDA.;PESSOA JURIDICA;ICMS;"=""4012200538832""";"=""20260000005374""";13988530;Efetivada;16/03/2026 12:16:04;16/03/2026 18:11:19;48;2;27/04/2026;27/04/2026;Paga;R$ 2.666,40;R$ 2.666,40;R$ 2.666,40;R$ 0,00
1058;1957;2332;"=""24839737000160""";GLOBATEC ADAPTAÇÕES DE VEÍCULOS LTDA.;PESSOA JURIDICA;ICMS;"=""4012200538832""";"=""20260000005374""";13988530;Efetivada;16/03/2026 12:16:04;16/03/2026 18:11:19;48;3;25/05/2026;25/05/2026;Paga;R$ 2.666,40;R$ 2.695,18;R$ 2.695,18;R$ 0,00
1059;1957;2339;"=""24839737000160""";GLOBATEC ADAPTAÇÕES DE VEÍCULOS LTDA.;PESSOA JURIDICA;ICMS;"=""4011902618072""";"=""20260000005390""";13988638;Efetivada;16/03/2026 12:21:26;16/03/2026 18:11:26;19;1;23/03/2026;16/03/2026;Paga;R$ 340,49;R$ 340,49;R$ 340,49;R$ 0,00
1059;1957;2339;"=""24839737000160""";GLOBATEC ADAPTAÇÕES DE VEÍCULOS LTDA.;PESSOA JURIDICA;ICMS;"=""4011902618072""";"=""20260000005390""";13988638;Efetivada;16/03/2026 12:21:26;16/03/2026 18:11:26;19;2;27/04/2026;27/04/2026;Paga;R$ 343,88;R$ 343,91;R$ 343,91;R$ 0,00
1059;1957;2339;"=""24839737000160""";GLOBATEC ADAPTAÇÕES DE VEÍCULOS LTDA.;PESSOA JURIDICA;ICMS;"=""4011902618072""";"=""20260000005390""";13988638;Efetivada;16/03/2026 12:21:26;16/03/2026 18:11:26;19;3;25/05/2026;25/05/2026;Paga;R$ 343,88;R$ 347,62;R$ 347,62;R$ 0,00
1059;1957;2337;"=""24839737000160""";GLOBATEC ADAPTAÇÕES DE VEÍCULOS LTDA.;PESSOA JURIDICA;ICMS;"=""4011902598292""";"=""20260000005388""";13988611;Efetivada;16/03/2026 12:21:26;16/03/2026 18:11:32;23;1;23/03/2026;16/03/2026;Paga;R$ 343,94;R$ 343,94;R$ 343,94;R$ 0,00
1059;1957;2337;"=""24839737000160""";GLOBATEC ADAPTAÇÕES DE VEÍCULOS LTDA.;PESSOA JURIDICA;ICMS;"=""4011902598292""";"=""20260000005388""";13988611;Efetivada;16/03/2026 12:21:26;16/03/2026 18:11:32;23;2;27/04/2026;27/04/2026;Paga;R$ 347,37;R$ 347,38;R$ 347,38;R$ 0,00
1059;1957;2337;"=""24839737000160""";GLOBATEC ADAPTAÇÕES DE VEÍCULOS LTDA.;PESSOA JURIDICA;ICMS;"=""4011902598292""";"=""20260000005388""";13988611;Efetivada;16/03/2026 12:21:26;16/03/2026 18:11:32;23;3;25/05/2026;25/05/2026;Paga;R$ 347,37;R$ 351,13;R$ 351,13;R$ 0,00
1059;1957;2338;"=""24839737000160""";GLOBATEC ADAPTAÇÕES DE VEÍCULOS LTDA.;PESSOA JURIDICA;ICMS;"=""4011902627306""";"=""20260000005389""";13988620;Efetivada;16/03/2026 12:21:26;16/03/2026 18:11:33;19;1;23/03/2026;16/03/2026;Paga;R$ 340,49;R$ 340,49;R$ 340,49;R$ 0,00
1059;1957;2338;"=""24839737000160""";GLOBATEC ADAPTAÇÕES DE VEÍCULOS LTDA.;PESSOA JURIDICA;ICMS;"=""4011902627306""";"=""20260000005389""";13988620;Efetivada;16/03/2026 12:21:26;16/03/2026 18:11:33;19;2;27/04/2026;27/04/2026;Paga;R$ 343,88;R$ 343,91;R$ 343,91;R$ 0,00
1059;1957;2338;"=""24839737000160""";GLOBATEC ADAPTAÇÕES DE VEÍCULOS LTDA.;PESSOA JURIDICA;ICMS;"=""4011902627306""";"=""20260000005389""";13988620;Efetivada;16/03/2026 12:21:26;16/03/2026 18:11:33;19;3;25/05/2026;25/05/2026;Paga;R$ 343,88;R$ 347,62;R$ 347,62;R$ 0,00
1059;1957;2336;"=""24839737000160""";GLOBATEC ADAPTAÇÕES DE VEÍCULOS LTDA.;PESSOA JURIDICA;ICMS;"=""4011902518361""";"=""20260000005387""";13988670;Efetivada;16/03/2026 12:21:26;16/03/2026 18:11:40;14;1;23/03/2026;16/03/2026;Paga;R$ 351,96;R$ 351,96;R$ 351,96;R$ 0,00
1059;1957;2336;"=""24839737000160""";GLOBATEC ADAPTAÇÕES DE VEÍCULOS LTDA.;PESSOA JURIDICA;ICMS;"=""4011902518361""";"=""20260000005387""";13988670;Efetivada;16/03/2026 12:21:26;16/03/2026 18:11:40;14;2;27/04/2026;27/04/2026;Paga;R$ 355,46;R$ 355,48;R$ 355,48;R$ 0,00
1059;1957;2336;"=""24839737000160""";GLOBATEC ADAPTAÇÕES DE VEÍCULOS LTDA.;PESSOA JURIDICA;ICMS;"=""4011902518361""";"=""20260000005387""";13988670;Efetivada;16/03/2026 12:21:26;16/03/2026 18:11:40;14;3;25/05/2026;25/05/2026;Paga;R$ 355,46;R$ 359,32;R$ 359,32;R$ 0,00
1059;1957;2341;"=""24839737000160""";GLOBATEC ADAPTAÇÕES DE VEÍCULOS LTDA.;PESSOA JURIDICA;ICMS;"=""4011902656594""";"=""20260000005392""";13988646;Efetivada;16/03/2026 12:21:26;16/03/2026 18:11:40;27;1;23/03/2026;16/03/2026;Paga;R$ 338,25;R$ 338,25;R$ 338,25;R$ 0,00
1059;1957;2341;"=""24839737000160""";GLOBATEC ADAPTAÇÕES DE VEÍCULOS LTDA.;PESSOA JURIDICA;ICMS;"=""4011902656594""";"=""20260000005392""";13988646;Efetivada;16/03/2026 12:21:26;16/03/2026 18:11:40;27;2;27/04/2026;27/04/2026;Paga;R$ 341,62;R$ 341,64;R$ 341,64;R$ 0,00
1059;1957;2341;"=""24839737000160""";GLOBATEC ADAPTAÇÕES DE VEÍCULOS LTDA.;PESSOA JURIDICA;ICMS;"=""4011902656594""";"=""20260000005392""";13988646;Efetivada;16/03/2026 12:21:26;16/03/2026 18:11:40;27;3;25/05/2026;25/05/2026;Paga;R$ 341,62;R$ 345,32;R$ 345,32;R$ 0,00
1059;1957;2335;"=""24839737000160""";GLOBATEC ADAPTAÇÕES DE VEÍCULOS LTDA.;PESSOA JURIDICA;ICMS;"=""4011902607119""";"=""20260000005386""";13988662;Efetivada;16/03/2026 12:21:26;16/03/2026 18:11:47;19;1;23/03/2026;16/03/2026;Paga;R$ 340,49;R$ 340,49;R$ 340,49;R$ 0,00
1059;1957;2335;"=""24839737000160""";GLOBATEC ADAPTAÇÕES DE VEÍCULOS LTDA.;PESSOA JURIDICA;ICMS;"=""4011902607119""";"=""20260000005386""";13988662;Efetivada;16/03/2026 12:21:26;16/03/2026 18:11:47;19;2;27/04/2026;27/04/2026;Paga;R$ 343,88;R$ 343,91;R$ 343,91;R$ 0,00
1059;1957;2335;"=""24839737000160""";GLOBATEC ADAPTAÇÕES DE VEÍCULOS LTDA.;PESSOA JURIDICA;ICMS;"=""4011902607119""";"=""20260000005386""";13988662;Efetivada;16/03/2026 12:21:26;16/03/2026 18:11:47;19;3;25/05/2026;25/05/2026;Paga;R$ 343,88;R$ 347,62;R$ 347,62;R$ 0,00
1059;1957;2344;"=""24839737000160""";GLOBATEC ADAPTAÇÕES DE VEÍCULOS LTDA.;PESSOA JURIDICA;ICMS;"=""4011902979504""";"=""20260000005395""";13988654;Efetivada;16/03/2026 12:21:26;16/03/2026 18:11:48;23;1;23/03/2026;16/03/2026;Paga;R$ 332,30;R$ 332,30;R$ 332,30;R$ 0,00
1059;1957;2344;"=""24839737000160""";GLOBATEC ADAPTAÇÕES DE VEÍCULOS LTDA.;PESSOA JURIDICA;ICMS;"=""4011902979504""";"=""20260000005395""";13988654;Efetivada;16/03/2026 12:21:26;16/03/2026 18:11:48;23;2;27/04/2026;27/04/2026;Paga;R$ 335,62;R$ 335,62;R$ 335,62;R$ 0,00
1059;1957;2344;"=""24839737000160""";GLOBATEC ADAPTAÇÕES DE VEÍCULOS LTDA.;PESSOA JURIDICA;ICMS;"=""4011902979504""";"=""20260000005395""";13988654;Efetivada;16/03/2026 12:21:26;16/03/2026 18:11:48;23;3;25/05/2026;25/05/2026;Paga;R$ 335,62;R$ 339,24;R$ 339,24;R$ 0,00
1059;1957;2340;"=""24839737000160""";GLOBATEC ADAPTAÇÕES DE VEÍCULOS LTDA.;PESSOA JURIDICA;ICMS;"=""4011902615057""";"=""20260000005391""";13988689;Efetivada;16/03/2026 12:21:26;16/03/2026 18:11:54;19;1;23/03/2026;16/03/2026;Paga;R$ 340,49;R$ 340,49;R$ 340,49;R$ 0,00
1059;1957;2340;"=""24839737000160""";GLOBATEC ADAPTAÇÕES DE VEÍCULOS LTDA.;PESSOA JURIDICA;ICMS;"=""4011902615057""";"=""20260000005391""";13988689;Efetivada;16/03/2026 12:21:26;16/03/2026 18:11:54;19;2;27/04/2026;27/04/2026;Paga;R$ 343,88;R$ 343,91;R$ 343,91;R$ 0,00
1059;1957;2340;"=""24839737000160""";GLOBATEC ADAPTAÇÕES DE VEÍCULOS LTDA.;PESSOA JURIDICA;ICMS;"=""4011902615057""";"=""20260000005391""";13988689;Efetivada;16/03/2026 12:21:26;16/03/2026 18:11:54;19;3;25/05/2026;25/05/2026;Paga;R$ 343,88;R$ 347,62;R$ 347,62;R$ 0,00
1059;1957;2343;"=""24839737000160""";GLOBATEC ADAPTAÇÕES DE VEÍCULOS LTDA.;PESSOA JURIDICA;ICMS;"=""4011902931480""";"=""20260000005394""";13988700;Efetivada;16/03/2026 12:21:26;16/03/2026 18:12:01;23;1;23/03/2026;16/03/2026;Paga;R$ 334,54;R$ 334,54;R$ 334,54;R$ 0,00
1059;1957;2343;"=""24839737000160""";GLOBATEC ADAPTAÇÕES DE VEÍCULOS LTDA.;PESSOA JURIDICA;ICMS;"=""4011902931480""";"=""20260000005394""";13988700;Efetivada;16/03/2026 12:21:26;16/03/2026 18:12:01;23;2;27/04/2026;27/04/2026;Paga;R$ 337,88;R$ 337,88;R$ 337,88;R$ 0,00
1059;1957;2343;"=""24839737000160""";GLOBATEC ADAPTAÇÕES DE VEÍCULOS LTDA.;PESSOA JURIDICA;ICMS;"=""4011902931480""";"=""20260000005394""";13988700;Efetivada;16/03/2026 12:21:26;16/03/2026 18:12:01;23;3;25/05/2026;25/05/2026;Paga;R$ 337,88;R$ 341,54;R$ 341,54;R$ 0,00
1058;1957;2329;"=""24839737000160""";GLOBATEC ADAPTAÇÕES DE VEÍCULOS LTDA.;PESSOA JURIDICA;IPVA;"=""2105620722256""";"=""20260000005371""";13988573;Efetivada;16/03/2026 12:16:04;16/03/2026 18:11:10;3;1;23/03/2026;16/03/2026;Paga;R$ 359,24;R$ 359,24;R$ 359,24;R$ 0,00
1058;1957;2329;"=""24839737000160""";GLOBATEC ADAPTAÇÕES DE VEÍCULOS LTDA.;PESSOA JURIDICA;IPVA;"=""2105620722256""";"=""20260000005371""";13988573;Efetivada;16/03/2026 12:16:04;16/03/2026 18:11:10;3;2;27/04/2026;27/04/2026;Paga;R$ 362,82;R$ 362,85;R$ 362,85;R$ 0,00
1058;1957;2329;"=""24839737000160""";GLOBATEC ADAPTAÇÕES DE VEÍCULOS LTDA.;PESSOA JURIDICA;IPVA;"=""2105620722256""";"=""20260000005371""";13988573;Efetivada;16/03/2026 12:16:04;16/03/2026 18:11:10;3;3;25/05/2026;25/05/2026;Paga;R$ 362,82;R$ 366,76;R$ 366,76;R$ 0,00
1058;1957;2330;"=""24839737000160""";GLOBATEC ADAPTAÇÕES DE VEÍCULOS LTDA.;PESSOA JURIDICA;IPVA;"=""2316516722200""";"=""20260000005372""";13988581;Efetivada;16/03/2026 12:16:04;16/03/2026 18:11:25;3;1;23/03/2026;16/03/2026;Paga;R$ 358,56;R$ 358,56;R$ 358,56;R$ 0,00
1058;1957;2330;"=""24839737000160""";GLOBATEC ADAPTAÇÕES DE VEÍCULOS LTDA.;PESSOA JURIDICA;IPVA;"=""2316516722200""";"=""20260000005372""";13988581;Efetivada;16/03/2026 12:16:04;16/03/2026 18:11:25;3;2;27/04/2026;27/04/2026;Paga;R$ 362,13;R$ 362,16;R$ 362,16;R$ 0,00
1058;1957;2330;"=""24839737000160""";GLOBATEC ADAPTAÇÕES DE VEÍCULOS LTDA.;PESSOA JURIDICA;IPVA;"=""2316516722200""";"=""20260000005372""";13988581;Efetivada;16/03/2026 12:16:04;16/03/2026 18:11:25;3;3;25/05/2026;25/05/2026;Paga;R$ 362,13;R$ 366,06;R$ 366,06;R$ 0,00
1058;1957;2331;"=""24839737000160""";GLOBATEC ADAPTAÇÕES DE VEÍCULOS LTDA.;PESSOA JURIDICA;Pena Pecuniária;"=""4012200533954""";"=""20260000005373""";13988557;Efetivada;16/03/2026 12:16:04;16/03/2026 18:11:11;6;1;23/03/2026;16/03/2026;Paga;R$ 381,45;R$ 381,45;R$ 381,45;R$ 0,00
1058;1957;2331;"=""24839737000160""";GLOBATEC ADAPTAÇÕES DE VEÍCULOS LTDA.;PESSOA JURIDICA;Pena Pecuniária;"=""4012200533954""";"=""20260000005373""";13988557;Efetivada;16/03/2026 12:16:04;16/03/2026 18:11:11;6;2;27/04/2026;27/04/2026;Paga;R$ 385,25;R$ 385,28;R$ 385,28;R$ 0,00
1058;1957;2331;"=""24839737000160""";GLOBATEC ADAPTAÇÕES DE VEÍCULOS LTDA.;PESSOA JURIDICA;Pena Pecuniária;"=""4012200533954""";"=""20260000005373""";13988557;Efetivada;16/03/2026 12:16:04;16/03/2026 18:11:11;6;3;25/05/2026;25/05/2026;Paga;R$ 385,25;R$ 389,43;R$ 389,43;R$ 0,00
1059;1957;2342;"=""24839737000160""";GLOBATEC ADAPTAÇÕES DE VEÍCULOS LTDA.;PESSOA JURIDICA;Pena Pecuniária;"=""4012200538085""";"=""20260000005393""";13988697;Efetivada;16/03/2026 12:21:26;16/03/2026 18:11:55;48;1;23/03/2026;16/03/2026;Paga;R$ 2.709,72;R$ 2.709,72;R$ 2.709,72;R$ 0,00
1059;1957;2342;"=""24839737000160""";GLOBATEC ADAPTAÇÕES DE VEÍCULOS LTDA.;PESSOA JURIDICA;Pena Pecuniária;"=""4012200538085""";"=""20260000005393""";13988697;Efetivada;16/03/2026 12:21:26;16/03/2026 18:11:55;48;2;27/04/2026;27/04/2026;Paga;R$ 2.736,81;R$ 2.736,81;R$ 2.736,81;R$ 0,00
1059;1957;2342;"=""24839737000160""";GLOBATEC ADAPTAÇÕES DE VEÍCULOS LTDA.;PESSOA JURIDICA;Pena Pecuniária;"=""4012200538085""";"=""20260000005393""";13988697;Efetivada;16/03/2026 12:21:26;16/03/2026 18:11:55;48;3;25/05/2026;25/05/2026;Paga;R$ 2.736,81;R$ 2.766,35;R$ 2.766,35;R$ 0,00
472;1901;987;"=""24876435000162""";LOURDES LEITE PEREIRA DE ASSIS ;PESSOA JURIDICA;Pena Pecuniária;"=""2111030100073""";"=""20260000001985""";13784633;Efetivada;13/02/2026 13:32:30;20/02/2026 18:02:30;1;1;20/02/2026;20/02/2026;Paga;R$ 1.415,07;R$ 1.415,07;R$ 1.415,07;R$ 0,00
472;1901;988;"=""24876435000162""";LOURDES LEITE PEREIRA DE ASSIS ;PESSOA JURIDICA;Pena Pecuniária;"=""2134285500076""";"=""20260000001986""";13784641;Efetivada;13/02/2026 13:32:30;20/02/2026 18:02:30;1;1;20/02/2026;20/02/2026;Paga;R$ 7.072,96;R$ 7.072,96;R$ 7.072,96;R$ 0,00
478;884;995;"=""24894095000100""";BRUNO BRANDAO SOLUTIONS;PESSOA JURIDICA;ICMS;"=""4012200051704""";"=""20260000002000""";13784862;Efetivada;13/02/2026 15:49:20;25/03/2026 15:26:44;12;1;25/02/2026;25/02/2026;Paga;R$ 1.432,45;R$ 1.432,45;R$ 1.432,45;R$ 0,00
478;884;995;"=""24894095000100""";BRUNO BRANDAO SOLUTIONS;PESSOA JURIDICA;ICMS;"=""4012200051704""";"=""20260000002000""";13784862;Efetivada;13/02/2026 15:49:20;25/03/2026 15:26:44;12;2;25/03/2026;24/03/2026;Paga;R$ 1.446,77;R$ 1.446,77;R$ 1.446,77;R$ 0,00
478;884;995;"=""24894095000100""";BRUNO BRANDAO SOLUTIONS;PESSOA JURIDICA;ICMS;"=""4012200051704""";"=""20260000002000""";13784862;Efetivada;13/02/2026 15:49:20;25/03/2026 15:26:44;12;3;27/04/2026;24/04/2026;Paga;R$ 1.446,77;R$ 1.464,11;R$ 1.464,11;R$ 0,00
478;884;995;"=""24894095000100""";BRUNO BRANDAO SOLUTIONS;PESSOA JURIDICA;ICMS;"=""4012200051704""";"=""20260000002000""";13784862;Efetivada;13/02/2026 15:49:20;25/03/2026 15:26:44;12;4;25/05/2026;28/05/2026;Paga;R$ 1.446,77;R$ 1.499,26;R$ 1.494,37;R$ 0,00
588;204;1217;"=""24906368000181""";J MACHADO INDUSTRIA E COMERCIO DE CARNES LTDA - ME;PESSOA JURIDICA;ICMS;"=""4012001367590""";"=""20260000002509""";13830350;Efetivada;20/02/2026 18:28:35;24/02/2026 18:07:07;58;1;27/02/2026;24/02/2026;Paga;R$ 334,93;R$ 334,93;R$ 334,93;R$ 0,00
588;204;1217;"=""24906368000181""";J MACHADO INDUSTRIA E COMERCIO DE CARNES LTDA - ME;PESSOA JURIDICA;ICMS;"=""4012001367590""";"=""20260000002509""";13830350;Efetivada;20/02/2026 18:28:35;24/02/2026 18:07:07;58;2;25/03/2026;31/03/2026;Paga;R$ 338,27;R$ 344,97;R$ 344,97;R$ 0,00
588;204;1217;"=""24906368000181""";J MACHADO INDUSTRIA E COMERCIO DE CARNES LTDA - ME;PESSOA JURIDICA;ICMS;"=""4012001367590""";"=""20260000002509""";13830350;Efetivada;20/02/2026 18:28:35;24/02/2026 18:07:07;58;3;27/04/2026;27/04/2026;Paga;R$ 338,27;R$ 342,33;R$ 342,33;R$ 0,00
588;204;1217;"=""24906368000181""";J MACHADO INDUSTRIA E COMERCIO DE CARNES LTDA - ME;PESSOA JURIDICA;ICMS;"=""4012001367590""";"=""20260000002509""";13830350;Efetivada;20/02/2026 18:28:35;24/02/2026 18:07:07;58;4;25/05/2026;29/05/2026;Paga;R$ 338,27;R$ 350,55;R$ 350,55;R$ 0,00
588;204;1223;"=""24906368000181""";J MACHADO INDUSTRIA E COMERCIO DE CARNES LTDA - ME;PESSOA JURIDICA;ICMS;"=""2156131700092""";"=""20260000002515""";13830376;Efetivada;20/02/2026 18:28:35;24/02/2026 18:07:15;2;1;27/02/2026;24/02/2026;Paga;R$ 473,09;R$ 473,09;R$ 473,09;R$ 0,00
588;204;1223;"=""24906368000181""";J MACHADO INDUSTRIA E COMERCIO DE CARNES LTDA - ME;PESSOA JURIDICA;ICMS;"=""2156131700092""";"=""20260000002515""";13830376;Efetivada;20/02/2026 18:28:35;24/02/2026 18:07:15;2;2;25/03/2026;31/03/2026;Paga;R$ 477,82;R$ 487,29;R$ 487,29;R$ 0,00
588;204;1222;"=""24906368000181""";J MACHADO INDUSTRIA E COMERCIO DE CARNES LTDA - ME;PESSOA JURIDICA;ICMS;"=""2144394300067""";"=""20260000002514""";13830368;Efetivada;20/02/2026 18:28:35;24/02/2026 18:07:19;15;1;27/02/2026;24/02/2026;Paga;R$ 335,42;R$ 335,42;R$ 335,42;R$ 0,00
588;204;1222;"=""24906368000181""";J MACHADO INDUSTRIA E COMERCIO DE CARNES LTDA - ME;PESSOA JURIDICA;ICMS;"=""2144394300067""";"=""20260000002514""";13830368;Efetivada;20/02/2026 18:28:35;24/02/2026 18:07:19;15;2;25/03/2026;31/03/2026;Paga;R$ 338,76;R$ 345,48;R$ 345,48;R$ 0,00
588;204;1222;"=""24906368000181""";J MACHADO INDUSTRIA E COMERCIO DE CARNES LTDA - ME;PESSOA JURIDICA;ICMS;"=""2144394300067""";"=""20260000002514""";13830368;Efetivada;20/02/2026 18:28:35;24/02/2026 18:07:19;15;3;27/04/2026;27/04/2026;Paga;R$ 338,76;R$ 342,83;R$ 342,83;R$ 0,00
588;204;1222;"=""24906368000181""";J MACHADO INDUSTRIA E COMERCIO DE CARNES LTDA - ME;PESSOA JURIDICA;ICMS;"=""2144394300067""";"=""20260000002514""";13830368;Efetivada;20/02/2026 18:28:35;24/02/2026 18:07:19;15;4;25/05/2026;29/05/2026;Paga;R$ 338,76;R$ 351,07;R$ 351,07;R$ 0,00
588;204;1221;"=""24906368000181""";J MACHADO INDUSTRIA E COMERCIO DE CARNES LTDA - ME;PESSOA JURIDICA;ICMS;"=""2144170200000""";"=""20260000002513""";13830392;Efetivada;20/02/2026 18:28:35;24/02/2026 18:07:22;43;1;27/02/2026;24/02/2026;Paga;R$ 331,29;R$ 331,29;R$ 331,29;R$ 0,00
588;204;1221;"=""24906368000181""";J MACHADO INDUSTRIA E COMERCIO DE CARNES LTDA - ME;PESSOA JURIDICA;ICMS;"=""2144170200000""";"=""20260000002513""";13830392;Efetivada;20/02/2026 18:28:35;24/02/2026 18:07:22;43;2;25/03/2026;31/03/2026;Paga;R$ 334,60;R$ 341,22;R$ 341,22;R$ 0,00
588;204;1221;"=""24906368000181""";J MACHADO INDUSTRIA E COMERCIO DE CARNES LTDA - ME;PESSOA JURIDICA;ICMS;"=""2144170200000""";"=""20260000002513""";13830392;Efetivada;20/02/2026 18:28:35;24/02/2026 18:07:22;43;3;27/04/2026;27/04/2026;Paga;R$ 334,60;R$ 338,62;R$ 338,62;R$ 0,00
588;204;1221;"=""24906368000181""";J MACHADO INDUSTRIA E COMERCIO DE CARNES LTDA - ME;PESSOA JURIDICA;ICMS;"=""2144170200000""";"=""20260000002513""";13830392;Efetivada;20/02/2026 18:28:35;24/02/2026 18:07:22;43;4;25/05/2026;29/05/2026;Paga;R$ 334,60;R$ 346,74;R$ 346,74;R$ 0,00
588;204;1224;"=""24906368000181""";J MACHADO INDUSTRIA E COMERCIO DE CARNES LTDA - ME;PESSOA JURIDICA;ICMS;"=""4012100094665""";"=""20260000002516""";13830384;Efetivada;20/02/2026 18:28:35;24/02/2026 18:07:26;6;1;27/02/2026;24/02/2026;Paga;R$ 367,95;R$ 367,95;R$ 367,95;R$ 0,00
588;204;1224;"=""24906368000181""";J MACHADO INDUSTRIA E COMERCIO DE CARNES LTDA - ME;PESSOA JURIDICA;ICMS;"=""4012100094665""";"=""20260000002516""";13830384;Efetivada;20/02/2026 18:28:35;24/02/2026 18:07:26;6;2;25/03/2026;31/03/2026;Paga;R$ 371,62;R$ 378,99;R$ 378,99;R$ 0,00
588;204;1224;"=""24906368000181""";J MACHADO INDUSTRIA E COMERCIO DE CARNES LTDA - ME;PESSOA JURIDICA;ICMS;"=""4012100094665""";"=""20260000002516""";13830384;Efetivada;20/02/2026 18:28:35;24/02/2026 18:07:26;6;3;27/04/2026;27/04/2026;Paga;R$ 371,62;R$ 376,08;R$ 376,08;R$ 0,00
588;204;1224;"=""24906368000181""";J MACHADO INDUSTRIA E COMERCIO DE CARNES LTDA - ME;PESSOA JURIDICA;ICMS;"=""4012100094665""";"=""20260000002516""";13830384;Efetivada;20/02/2026 18:28:35;24/02/2026 18:07:26;6;4;25/05/2026;29/05/2026;Paga;R$ 371,62;R$ 385,11;R$ 385,11;R$ 0,00
588;204;1226;"=""24906368000181""";J MACHADO INDUSTRIA E COMERCIO DE CARNES LTDA - ME;PESSOA JURIDICA;ICMS;"=""2143700800019""";"=""20260000002518""";13830414;Efetivada;20/02/2026 18:28:35;24/02/2026 18:07:29;48;1;27/02/2026;24/02/2026;Paga;R$ 331,40;R$ 331,40;R$ 331,40;R$ 0,00
588;204;1226;"=""24906368000181""";J MACHADO INDUSTRIA E COMERCIO DE CARNES LTDA - ME;PESSOA JURIDICA;ICMS;"=""2143700800019""";"=""20260000002518""";13830414;Efetivada;20/02/2026 18:28:35;24/02/2026 18:07:29;48;2;25/03/2026;31/03/2026;Paga;R$ 334,71;R$ 341,33;R$ 341,33;R$ 0,00
588;204;1226;"=""24906368000181""";J MACHADO INDUSTRIA E COMERCIO DE CARNES LTDA - ME;PESSOA JURIDICA;ICMS;"=""2143700800019""";"=""20260000002518""";13830414;Efetivada;20/02/2026 18:28:35;24/02/2026 18:07:29;48;3;27/04/2026;27/04/2026;Paga;R$ 334,71;R$ 338,73;R$ 338,73;R$ 0,00
588;204;1226;"=""24906368000181""";J MACHADO INDUSTRIA E COMERCIO DE CARNES LTDA - ME;PESSOA JURIDICA;ICMS;"=""2143700800019""";"=""20260000002518""";13830414;Efetivada;20/02/2026 18:28:35;24/02/2026 18:07:29;48;4;25/05/2026;29/05/2026;Paga;R$ 334,71;R$ 346,85;R$ 346,85;R$ 0,00
588;204;1225;"=""24906368000181""";J MACHADO INDUSTRIA E COMERCIO DE CARNES LTDA - ME;PESSOA JURIDICA;ICMS;"=""4012000690916""";"=""20260000002517""";13830406;Efetivada;20/02/2026 18:28:35;24/02/2026 18:07:33;145;1;27/02/2026;24/02/2026;Paga;R$ 342,87;R$ 342,87;R$ 342,87;R$ 0,00
588;204;1225;"=""24906368000181""";J MACHADO INDUSTRIA E COMERCIO DE CARNES LTDA - ME;PESSOA JURIDICA;ICMS;"=""4012000690916""";"=""20260000002517""";13830406;Efetivada;20/02/2026 18:28:35;24/02/2026 18:07:33;145;2;25/03/2026;31/03/2026;Paga;R$ 346,29;R$ 353,15;R$ 353,15;R$ 0,00
588;204;1225;"=""24906368000181""";J MACHADO INDUSTRIA E COMERCIO DE CARNES LTDA - ME;PESSOA JURIDICA;ICMS;"=""4012000690916""";"=""20260000002517""";13830406;Efetivada;20/02/2026 18:28:35;24/02/2026 18:07:33;145;3;27/04/2026;27/04/2026;Paga;R$ 346,29;R$ 350,45;R$ 350,45;R$ 0,00
588;204;1225;"=""24906368000181""";J MACHADO INDUSTRIA E COMERCIO DE CARNES LTDA - ME;PESSOA JURIDICA;ICMS;"=""4012000690916""";"=""20260000002517""";13830406;Efetivada;20/02/2026 18:28:35;24/02/2026 18:07:33;145;4;25/05/2026;29/05/2026;Paga;R$ 346,29;R$ 358,87;R$ 358,87;R$ 0,00
588;204;1220;"=""24906368000181""";J MACHADO INDUSTRIA E COMERCIO DE CARNES LTDA - ME;PESSOA JURIDICA;ICMS;"=""4012100616467""";"=""20260000002512""";13830449;Efetivada;20/02/2026 18:28:35;24/02/2026 18:07:36;64;1;27/02/2026;24/02/2026;Paga;R$ 332,11;R$ 332,11;R$ 332,11;R$ 0,00
588;204;1220;"=""24906368000181""";J MACHADO INDUSTRIA E COMERCIO DE CARNES LTDA - ME;PESSOA JURIDICA;ICMS;"=""4012100616467""";"=""20260000002512""";13830449;Efetivada;20/02/2026 18:28:35;24/02/2026 18:07:36;64;2;25/03/2026;31/03/2026;Paga;R$ 335,42;R$ 342,07;R$ 342,07;R$ 0,00
588;204;1220;"=""24906368000181""";J MACHADO INDUSTRIA E COMERCIO DE CARNES LTDA - ME;PESSOA JURIDICA;ICMS;"=""4012100616467""";"=""20260000002512""";13830449;Efetivada;20/02/2026 18:28:35;24/02/2026 18:07:36;64;3;27/04/2026;27/04/2026;Paga;R$ 335,42;R$ 339,45;R$ 339,45;R$ 0,00
588;204;1220;"=""24906368000181""";J MACHADO INDUSTRIA E COMERCIO DE CARNES LTDA - ME;PESSOA JURIDICA;ICMS;"=""4012100616467""";"=""20260000002512""";13830449;Efetivada;20/02/2026 18:28:35;24/02/2026 18:07:36;64;4;25/05/2026;29/05/2026;Paga;R$ 335,42;R$ 347,60;R$ 347,60;R$ 0,00
588;204;1219;"=""24906368000181""";J MACHADO INDUSTRIA E COMERCIO DE CARNES LTDA - ME;PESSOA JURIDICA;ICMS;"=""2141784300083""";"=""20260000002511""";13830430;Efetivada;20/02/2026 18:28:35;24/02/2026 18:07:47;8;1;27/02/2026;24/02/2026;Paga;R$ 370,99;R$ 370,99;R$ 370,99;R$ 0,00
588;204;1219;"=""24906368000181""";J MACHADO INDUSTRIA E COMERCIO DE CARNES LTDA - ME;PESSOA JURIDICA;ICMS;"=""2141784300083""";"=""20260000002511""";13830430;Efetivada;20/02/2026 18:28:35;24/02/2026 18:07:47;8;2;25/03/2026;31/03/2026;Paga;R$ 374,69;R$ 382,11;R$ 382,11;R$ 0,00
588;204;1219;"=""24906368000181""";J MACHADO INDUSTRIA E COMERCIO DE CARNES LTDA - ME;PESSOA JURIDICA;ICMS;"=""2141784300083""";"=""20260000002511""";13830430;Efetivada;20/02/2026 18:28:35;24/02/2026 18:07:47;8;3;27/04/2026;27/04/2026;Paga;R$ 374,69;R$ 379,19;R$ 379,19;R$ 0,00
588;204;1219;"=""24906368000181""";J MACHADO INDUSTRIA E COMERCIO DE CARNES LTDA - ME;PESSOA JURIDICA;ICMS;"=""2141784300083""";"=""20260000002511""";13830430;Efetivada;20/02/2026 18:28:35;24/02/2026 18:07:47;8;4;25/05/2026;29/05/2026;Paga;R$ 374,69;R$ 388,29;R$ 388,29;R$ 0,00
637;2445;1322;"=""25003216300""";JOAO DE DEUS NASCIMENTO NETO;PESSOA FISICA;IPVA;"=""2375919122207""";"=""20260000002799""";13843966;Efetivada;23/02/2026 15:16:36;24/02/2026 12:11:24;1;1;27/02/2026;24/02/2026;Paga;R$ 1.378,95;R$ 1.378,95;R$ 1.378,95;R$ 0,00
637;2445;1321;"=""25003216300""";JOAO DE DEUS NASCIMENTO NETO;PESSOA FISICA;IPVA;"=""2297330922269""";"=""20260000002798""";13843974;Efetivada;23/02/2026 15:16:36;24/02/2026 12:11:26;1;1;27/02/2026;24/02/2026;Paga;R$ 1.142,91;R$ 1.142,91;R$ 1.142,91;R$ 0,00
834;1544;1784;"=""25242148187""";NORMIA DAS GRACAS PIRES DA SILVA;PESSOA FISICA;IPVA;"=""2334927822282""";"=""20260000004111""";13900358;Efetivada;03/03/2026 08:20:02;03/03/2026 12:08:05;3;2;27/04/2026;23/03/2026;Paga;R$ 372,93;R$ 369,26;R$ 369,26;R$ 0,00
834;1544;1784;"=""25242148187""";NORMIA DAS GRACAS PIRES DA SILVA;PESSOA FISICA;IPVA;"=""2334927822282""";"=""20260000004111""";13900358;Efetivada;03/03/2026 08:20:02;03/03/2026 12:08:05;3;3;25/05/2026;23/03/2026;Paga;R$ 372,93;R$ 369,26;R$ 369,26;R$ 0,00
834;1544;1785;"=""25242148187""";NORMIA DAS GRACAS PIRES DA SILVA;PESSOA FISICA;IPVA;"=""2327787922279""";"=""20260000004112""";13900366;Efetivada;03/03/2026 08:20:02;03/03/2026 12:08:06;2;2;27/04/2026;23/03/2026;Paga;R$ 461,92;R$ 457,36;R$ 457,36;R$ 0,00
626;1242;1302;"=""25617010182""";LUZDEI ALVES FERNANDES;PESSOA FISICA;ICMS;"=""4012000122195""";"=""20260000002740""";13843923;Efetivada;23/02/2026 11:24:00;25/02/2026 18:06:08;1;1;27/02/2026;25/02/2026;Paga;R$ 1.820,48;R$ 1.820,48;R$ 1.820,48;R$ 0,00
626;1242;1301;"=""25617010182""";LUZDEI ALVES FERNANDES;PESSOA FISICA;ICMS;"=""4012100739380""";"=""20260000002739""";13843931;Efetivada;23/02/2026 11:24:00;27/02/2026 12:03:23;1;1;27/02/2026;27/02/2026;Paga;R$ 5.003,92;R$ 5.003,92;R$ 5.003,92;R$ 0,00
636;75;1320;"=""26199502000187""";CHURRASCARIA NATIVAS GRIL LTDA;PESSOA JURIDICA;ICMS;"=""4011902186180""";"=""20260000002793""";13840070;Efetivada;23/02/2026 15:01:44;27/02/2026 18:02:48;77;1;27/02/2026;27/02/2026;Paga;R$ 544,95;R$ 544,95;R$ 544,95;R$ 0,00
636;75;1320;"=""26199502000187""";CHURRASCARIA NATIVAS GRIL LTDA;PESSOA JURIDICA;ICMS;"=""4011902186180""";"=""20260000002793""";13840070;Efetivada;23/02/2026 15:01:44;27/02/2026 18:02:48;77;2;25/03/2026;22/05/2026;Paga;R$ 550,39;R$ 670,67;R$ 670,67;R$ 0,00
636;75;1317;"=""26199502000187""";CHURRASCARIA NATIVAS GRIL LTDA;PESSOA JURIDICA;ICMS;"=""4011802451672""";"=""20260000002790""";13840088;Efetivada;23/02/2026 15:01:44;27/02/2026 18:02:55;77;1;27/02/2026;27/02/2026;Paga;R$ 1.352,03;R$ 1.352,03;R$ 1.352,03;R$ 0,00
636;75;1317;"=""26199502000187""";CHURRASCARIA NATIVAS GRIL LTDA;PESSOA JURIDICA;ICMS;"=""4011802451672""";"=""20260000002790""";13840088;Efetivada;23/02/2026 15:01:44;27/02/2026 18:02:55;77;2;25/03/2026;22/05/2026;Paga;R$ 1.365,54;R$ 1.663,97;R$ 1.663,97;R$ 0,00
636;75;1318;"=""26199502000187""";CHURRASCARIA NATIVAS GRIL LTDA;PESSOA JURIDICA;ICMS;"=""4011900261312""";"=""20260000002791""";13840096;Efetivada;23/02/2026 15:01:44;27/02/2026 18:02:55;77;1;27/02/2026;27/02/2026;Paga;R$ 807,11;R$ 807,11;R$ 807,11;R$ 0,00
636;75;1318;"=""26199502000187""";CHURRASCARIA NATIVAS GRIL LTDA;PESSOA JURIDICA;ICMS;"=""4011900261312""";"=""20260000002791""";13840096;Efetivada;23/02/2026 15:01:44;27/02/2026 18:02:55;77;2;25/03/2026;22/05/2026;Paga;R$ 815,17;R$ 993,32;R$ 993,32;R$ 0,00
636;75;1319;"=""26199502000187""";CHURRASCARIA NATIVAS GRIL LTDA;PESSOA JURIDICA;ICMS;"=""4011801044666""";"=""20260000002792""";13840100;Efetivada;23/02/2026 15:01:44;27/02/2026 18:03:02;77;1;27/02/2026;27/02/2026;Paga;R$ 330,61;R$ 330,61;R$ 330,61;R$ 0,00
636;75;1319;"=""26199502000187""";CHURRASCARIA NATIVAS GRIL LTDA;PESSOA JURIDICA;ICMS;"=""4011801044666""";"=""20260000002792""";13840100;Efetivada;23/02/2026 15:01:44;27/02/2026 18:03:02;77;2;25/03/2026;22/05/2026;Paga;R$ 333,91;R$ 406,89;R$ 406,89;R$ 0,00
414;1812;879;"=""26210673104""";WASHINGTON RODRIGUES PEIXOTO;PESSOA FISICA;IPVA;"=""2302923122237""";"=""20260000001715""";13809229;Efetivada;12/02/2026 11:39:30;19/02/2026 18:08:41;3;1;19/02/2026;19/02/2026;Paga;R$ 331,61;R$ 331,61;R$ 331,61;R$ 0,00
414;1812;879;"=""26210673104""";WASHINGTON RODRIGUES PEIXOTO;PESSOA FISICA;IPVA;"=""2302923122237""";"=""20260000001715""";13809229;Efetivada;12/02/2026 11:39:30;19/02/2026 18:08:41;3;2;25/03/2026;24/03/2026;Paga;R$ 334,92;R$ 334,94;R$ 334,94;R$ 0,00
414;1812;879;"=""26210673104""";WASHINGTON RODRIGUES PEIXOTO;PESSOA FISICA;IPVA;"=""2302923122237""";"=""20260000001715""";13809229;Efetivada;12/02/2026 11:39:30;19/02/2026 18:08:41;3;3;27/04/2026;27/04/2026;Paga;R$ 334,92;R$ 338,96;R$ 338,96;R$ 0,00
414;1812;880;"=""26210673104""";WASHINGTON RODRIGUES PEIXOTO;PESSOA FISICA;IPVA;"=""2366588522255""";"=""20260000001716""";13809237;Efetivada;12/02/2026 11:39:30;19/02/2026 18:08:41;3;1;19/02/2026;19/02/2026;Paga;R$ 401,81;R$ 401,81;R$ 401,81;R$ 0,00
414;1812;880;"=""26210673104""";WASHINGTON RODRIGUES PEIXOTO;PESSOA FISICA;IPVA;"=""2366588522255""";"=""20260000001716""";13809237;Efetivada;12/02/2026 11:39:30;19/02/2026 18:08:41;3;2;25/03/2026;24/03/2026;Paga;R$ 405,82;R$ 405,84;R$ 405,84;R$ 0,00
414;1812;880;"=""26210673104""";WASHINGTON RODRIGUES PEIXOTO;PESSOA FISICA;IPVA;"=""2366588522255""";"=""20260000001716""";13809237;Efetivada;12/02/2026 11:39:30;19/02/2026 18:08:41;3;3;27/04/2026;27/04/2026;Paga;R$ 405,82;R$ 410,70;R$ 410,70;R$ 0,00
1235;1620;2882;"=""26678109880""";JOSE JUCIANO RIBEIRO DE MELO ;PESSOA FISICA;ITCD;"=""4012100131293""";"=""20260000006622""";14195100;Efetivada;24/04/2026 14:04:08;30/04/2026 12:03:10;1;1;30/04/2026;30/04/2026;Paga;R$ 176.000,00;R$ 176.000,00;R$ 176.000,00;R$ 0,00
766;2440;1638;"=""26942259187""";EDNA DE ARAUJO ANDRADE;PESSOA FISICA;IPVA;"=""2361581522240""";"=""20260000003715""";13880420;Efetivada;27/02/2026 11:53:25;27/02/2026 18:08:39;8;1;27/02/2026;27/02/2026;Paga;R$ 413,92;R$ 413,92;R$ 413,92;R$ 0,00
766;2440;1638;"=""26942259187""";EDNA DE ARAUJO ANDRADE;PESSOA FISICA;IPVA;"=""2361581522240""";"=""20260000003715""";13880420;Efetivada;27/02/2026 11:53:25;27/02/2026 18:08:39;8;2;25/03/2026;31/03/2026;Paga;R$ 418,05;R$ 426,35;R$ 426,35;R$ 0,00
766;2440;1638;"=""26942259187""";EDNA DE ARAUJO ANDRADE;PESSOA FISICA;IPVA;"=""2361581522240""";"=""20260000003715""";13880420;Efetivada;27/02/2026 11:53:25;27/02/2026 18:08:39;8;3;27/04/2026;24/04/2026;Paga;R$ 418,05;R$ 423,08;R$ 423,08;R$ 0,00
766;2440;1638;"=""26942259187""";EDNA DE ARAUJO ANDRADE;PESSOA FISICA;IPVA;"=""2361581522240""";"=""20260000003715""";13880420;Efetivada;27/02/2026 11:53:25;27/02/2026 18:08:39;8;4;25/05/2026;29/05/2026;Paga;R$ 418,05;R$ 433,23;R$ 433,23;R$ 0,00
1086;3305;2412;"=""27058823000124""";DOMA PRODUTOS VETERINÁRIOS;PESSOA JURIDICA;Pena Pecuniária;"=""4012000101279""";"=""20260000005542""";14007967;Efetivada;19/03/2026 09:23:33;09/04/2026 12:51:00;1;1;26/03/2026;19/03/2026;Paga;R$ 9.351,56;R$ 9.351,56;R$ 9.351,56;R$ 0,00
376;1873;812;"=""27138372191""";JOSE ALVES DE SOUZA;PESSOA FISICA;IPVA;"=""2351647822282""";"=""20260000001560""";13750364;Efetivada;11/02/2026 12:01:27;11/02/2026 18:07:06;1;1;18/02/2026;11/02/2026;Paga;R$ 1.464,11;R$ 1.464,11;R$ 1.464,11;R$ 0,00
376;1873;811;"=""27138372191""";JOSE ALVES DE SOUZA;PESSOA FISICA;IPVA;"=""2297238422220""";"=""20260000001559""";13750356;Efetivada;11/02/2026 12:01:27;11/02/2026 18:07:07;1;1;18/02/2026;11/02/2026;Paga;R$ 1.211,10;R$ 1.211,10;R$ 1.211,10;R$ 0,00
378;1585;815;"=""27257334000100""";GGP CUNHA REFEICOES;PESSOA JURIDICA;ICMS;"=""2007407211118""";"=""20260000001567""";13750712;Efetivada;11/02/2026 12:25:41;12/02/2026 12:06:09;1;1;18/02/2026;12/02/2026;Paga;R$ 116,09;R$ 116,09;R$ 116,09;R$ 0,00
378;1585;814;"=""27257334000100""";GGP CUNHA REFEICOES;PESSOA JURIDICA;ICMS;"=""2007407311171""";"=""20260000001566""";13750704;Efetivada;11/02/2026 12:25:41;12/02/2026 12:06:15;1;1;18/02/2026;12/02/2026;Paga;R$ 2.166,96;R$ 2.166,96;R$ 2.166,96;R$ 0,00
378;1585;817;"=""27257334000100""";GGP CUNHA REFEICOES;PESSOA JURIDICA;IPVA;"=""2353356422209""";"=""20260000001569""";13750690;Efetivada;11/02/2026 12:25:41;12/02/2026 12:06:02;1;1;18/02/2026;12/02/2026;Paga;R$ 1.449,36;R$ 1.449,36;R$ 1.449,36;R$ 0,00
378;1585;816;"=""27257334000100""";GGP CUNHA REFEICOES;PESSOA JURIDICA;IPVA;"=""2301670222230""";"=""20260000001568""";13750720;Efetivada;11/02/2026 12:25:41;12/02/2026 12:06:08;1;1;18/02/2026;12/02/2026;Paga;R$ 1.036,83;R$ 1.036,83;R$ 1.036,83;R$ 0,00
1209;1762;2817;"=""27549828172""";GERALDO LUIZ GONCALVES GUIMARAES;PESSOA FISICA;IPVA;"=""2324590222209""";"=""20260000006489""";14139049;Efetivada;15/04/2026 09:01:56;16/04/2026 12:08:07;4;1;23/04/2026;16/04/2026;Paga;R$ 412,47;R$ 412,47;R$ 412,47;R$ 0,00
1209;1762;2817;"=""27549828172""";GERALDO LUIZ GONCALVES GUIMARAES;PESSOA FISICA;IPVA;"=""2324590222209""";"=""20260000006489""";14139049;Efetivada;15/04/2026 09:01:56;16/04/2026 12:08:07;4;2;25/05/2026;25/05/2026;Paga;R$ 416,58;R$ 416,61;R$ 416,61;R$ 0,00
1209;1762;2816;"=""27549828172""";GERALDO LUIZ GONCALVES GUIMARAES;PESSOA FISICA;IPVA;"=""2335545222241""";"=""20260000006488""";14139030;Efetivada;15/04/2026 09:01:56;16/04/2026 12:08:14;5;1;23/04/2026;16/04/2026;Paga;R$ 376,26;R$ 376,26;R$ 376,26;R$ 0,00
1209;1762;2816;"=""27549828172""";GERALDO LUIZ GONCALVES GUIMARAES;PESSOA FISICA;IPVA;"=""2335545222241""";"=""20260000006488""";14139030;Efetivada;15/04/2026 09:01:56;16/04/2026 12:08:14;5;2;25/05/2026;25/05/2026;Paga;R$ 380,02;R$ 380,03;R$ 380,03;R$ 0,00
593;137;1231;"=""27677291000103""";AGROPECUARIA WATERLOO LTDA;PESSOA JURIDICA;ICMS;"=""4011900839250""";"=""20260000002546""";13830490;Efetivada;20/02/2026 21:52:46;27/02/2026 18:01:31;145;1;27/02/2026;27/02/2026;Paga;R$ 1.117,59;R$ 1.117,59;R$ 1.117,59;R$ 0,00
593;137;1231;"=""27677291000103""";AGROPECUARIA WATERLOO LTDA;PESSOA JURIDICA;ICMS;"=""4011900839250""";"=""20260000002546""";13830490;Efetivada;20/02/2026 21:52:46;27/02/2026 18:01:31;145;2;25/03/2026;24/03/2026;Paga;R$ 1.128,74;R$ 1.128,77;R$ 1.128,77;R$ 0,00
593;137;1231;"=""27677291000103""";AGROPECUARIA WATERLOO LTDA;PESSOA JURIDICA;ICMS;"=""4011900839250""";"=""20260000002546""";13830490;Efetivada;20/02/2026 21:52:46;27/02/2026 18:01:31;145;3;27/04/2026;27/04/2026;Paga;R$ 1.128,74;R$ 1.142,29;R$ 1.142,29;R$ 0,00
593;137;1231;"=""27677291000103""";AGROPECUARIA WATERLOO LTDA;PESSOA JURIDICA;ICMS;"=""4011900839250""";"=""20260000002546""";13830490;Efetivada;20/02/2026 21:52:46;27/02/2026 18:01:31;145;4;25/05/2026;27/05/2026;Paga;R$ 1.128,74;R$ 1.162,09;R$ 1.162,09;R$ 0,00
918;1015;1981;"=""27794342000187""";POLY MODAS FEMININA;PESSOA JURIDICA;IPVA;"=""2331108122204""";"=""20260000004637""";13923480;Efetivada;05/03/2026 11:36:49;11/03/2026 12:05:00;5;1;12/03/2026;11/03/2026;Paga;R$ 373,94;R$ 373,94;R$ 373,94;R$ 0,00
918;1015;1981;"=""27794342000187""";POLY MODAS FEMININA;PESSOA JURIDICA;IPVA;"=""2331108122204""";"=""20260000004637""";13923480;Efetivada;05/03/2026 11:36:49;11/03/2026 12:05:00;5;2;27/04/2026;10/04/2026;Paga;R$ 377,66;R$ 377,68;R$ 377,68;R$ 0,00
918;1015;1982;"=""27794342000187""";POLY MODAS FEMININA;PESSOA JURIDICA;IPVA;"=""2364319922274""";"=""20260000004638""";13923498;Efetivada;05/03/2026 11:36:49;11/03/2026 12:05:01;7;1;12/03/2026;11/03/2026;Paga;R$ 371,96;R$ 371,96;R$ 371,96;R$ 0,00
918;1015;1982;"=""27794342000187""";POLY MODAS FEMININA;PESSOA JURIDICA;IPVA;"=""2364319922274""";"=""20260000004638""";13923498;Efetivada;05/03/2026 11:36:49;11/03/2026 12:05:01;7;2;27/04/2026;10/04/2026;Paga;R$ 375,67;R$ 375,69;R$ 375,69;R$ 0,00
514;1496;1069;"=""27947655000128""";COMERCIO DE ALIMENTOS OLIVEIRA LTDA;PESSOA JURIDICA;ICMS;"=""2018544511119""";"=""20260000002154""";13802895;Efetivada;18/02/2026 12:59:13;18/02/2026 18:10:17;1;1;25/02/2026;18/02/2026;Paga;R$ 297,39;R$ 297,39;R$ 297,39;R$ 0,00
514;1496;1070;"=""27947655000128""";COMERCIO DE ALIMENTOS OLIVEIRA LTDA;PESSOA JURIDICA;ICMS;"=""2018544711126""";"=""20260000002155""";13802909;Efetivada;18/02/2026 12:59:13;18/02/2026 18:10:18;4;1;25/02/2026;18/02/2026;Paga;R$ 401,85;R$ 401,85;R$ 401,85;R$ 0,00
514;1496;1070;"=""27947655000128""";COMERCIO DE ALIMENTOS OLIVEIRA LTDA;PESSOA JURIDICA;ICMS;"=""2018544711126""";"=""20260000002155""";13802909;Efetivada;18/02/2026 12:59:13;18/02/2026 18:10:18;4;2;25/03/2026;14/04/2026;Paga;R$ 405,86;R$ 437,83;R$ 437,83;R$ 0,00
514;1496;1070;"=""27947655000128""";COMERCIO DE ALIMENTOS OLIVEIRA LTDA;PESSOA JURIDICA;ICMS;"=""2018544711126""";"=""20260000002155""";13802909;Efetivada;18/02/2026 12:59:13;18/02/2026 18:10:18;4;3;27/04/2026;27/04/2026;Paga;R$ 405,86;R$ 410,73;R$ 410,73;R$ 0,00
514;1496;1071;"=""27947655000128""";COMERCIO DE ALIMENTOS OLIVEIRA LTDA;PESSOA JURIDICA;ICMS;"=""4011901798840""";"=""20260000002156""";13802917;Efetivada;18/02/2026 12:59:13;18/02/2026 18:10:24;145;1;25/02/2026;18/02/2026;Paga;R$ 354,10;R$ 354,10;R$ 354,10;R$ 0,00
514;1496;1071;"=""27947655000128""";COMERCIO DE ALIMENTOS OLIVEIRA LTDA;PESSOA JURIDICA;ICMS;"=""4011901798840""";"=""20260000002156""";13802917;Efetivada;18/02/2026 12:59:13;18/02/2026 18:10:24;145;2;25/03/2026;14/04/2026;Paga;R$ 357,63;R$ 385,81;R$ 385,81;R$ 0,00
514;1496;1071;"=""27947655000128""";COMERCIO DE ALIMENTOS OLIVEIRA LTDA;PESSOA JURIDICA;ICMS;"=""4011901798840""";"=""20260000002156""";13802917;Efetivada;18/02/2026 12:59:13;18/02/2026 18:10:24;145;3;27/04/2026;27/04/2026;Paga;R$ 357,63;R$ 361,92;R$ 361,92;R$ 0,00
514;1496;1072;"=""27947655000128""";COMERCIO DE ALIMENTOS OLIVEIRA LTDA;PESSOA JURIDICA;ICMS;"=""2018544311101""";"=""20260000002157""";13802925;Efetivada;18/02/2026 12:59:13;18/02/2026 18:10:25;1;1;25/02/2026;18/02/2026;Paga;R$ 564,49;R$ 564,49;R$ 564,49;R$ 0,00
514;1496;1073;"=""27947655000128""";COMERCIO DE ALIMENTOS OLIVEIRA LTDA;PESSOA JURIDICA;ICMS;"=""2018544611172""";"=""20260000002158""";13802933;Efetivada;18/02/2026 12:59:13;18/02/2026 18:10:31;37;1;25/02/2026;18/02/2026;Paga;R$ 333,46;R$ 333,46;R$ 333,46;R$ 0,00
514;1496;1073;"=""27947655000128""";COMERCIO DE ALIMENTOS OLIVEIRA LTDA;PESSOA JURIDICA;ICMS;"=""2018544611172""";"=""20260000002158""";13802933;Efetivada;18/02/2026 12:59:13;18/02/2026 18:10:31;37;2;25/03/2026;14/04/2026;Paga;R$ 336,79;R$ 363,32;R$ 363,32;R$ 0,00
514;1496;1073;"=""27947655000128""";COMERCIO DE ALIMENTOS OLIVEIRA LTDA;PESSOA JURIDICA;ICMS;"=""2018544611172""";"=""20260000002158""";13802933;Efetivada;18/02/2026 12:59:13;18/02/2026 18:10:31;37;3;27/04/2026;27/04/2026;Paga;R$ 336,79;R$ 340,83;R$ 340,83;R$ 0,00
514;1496;1074;"=""27947655000128""";COMERCIO DE ALIMENTOS OLIVEIRA LTDA;PESSOA JURIDICA;ICMS;"=""2018544411165""";"=""20260000002159""";13802941;Efetivada;18/02/2026 12:59:13;18/02/2026 18:10:32;1;1;25/02/2026;18/02/2026;Paga;R$ 125,14;R$ 125,14;R$ 125,14;R$ 0,00
664;2504;1405;"=""27986705191""";SAMUEL ATAIDE CAVALCANTE;PESSOA FISICA;IPVA;"=""2346698022287""";"=""20260000002964""";13849832;Efetivada;24/02/2026 10:35:31;24/02/2026 18:13:41;10;1;27/02/2026;24/02/2026;Paga;R$ 369,95;R$ 369,95;R$ 369,95;R$ 0,00
664;2504;1405;"=""27986705191""";SAMUEL ATAIDE CAVALCANTE;PESSOA FISICA;IPVA;"=""2346698022287""";"=""20260000002964""";13849832;Efetivada;24/02/2026 10:35:31;24/02/2026 18:13:41;10;2;25/03/2026;25/03/2026;Paga;R$ 373,64;R$ 373,65;R$ 373,65;R$ 0,00
664;2504;1405;"=""27986705191""";SAMUEL ATAIDE CAVALCANTE;PESSOA FISICA;IPVA;"=""2346698022287""";"=""20260000002964""";13849832;Efetivada;24/02/2026 10:35:31;24/02/2026 18:13:41;10;3;27/04/2026;27/04/2026;Paga;R$ 373,64;R$ 378,12;R$ 378,12;R$ 0,00
664;2504;1405;"=""27986705191""";SAMUEL ATAIDE CAVALCANTE;PESSOA FISICA;IPVA;"=""2346698022287""";"=""20260000002964""";13849832;Efetivada;24/02/2026 10:35:31;24/02/2026 18:13:41;10;4;25/05/2026;25/05/2026;Paga;R$ 373,64;R$ 382,16;R$ 382,16;R$ 0,00
476;1111;993;"=""28737763000643""";PEROLAS MAKE COMERCIO DE PRODUTOS COSMETICOS LTDA;PESSOA JURIDICA;ICMS;"=""4012301231678""";"=""20260000001997""";13810340;Efetivada;13/02/2026 15:02:48;25/03/2026 15:30:35;145;1;20/02/2026;19/02/2026;Paga;R$ 3.256,51;R$ 3.256,51;R$ 3.256,51;R$ 0,00
476;1111;993;"=""28737763000643""";PEROLAS MAKE COMERCIO DE PRODUTOS COSMETICOS LTDA;PESSOA JURIDICA;ICMS;"=""4012301231678""";"=""20260000001997""";13810340;Efetivada;13/02/2026 15:02:48;25/03/2026 15:30:35;145;2;25/03/2026;25/03/2026;Paga;R$ 3.289,07;R$ 3.289,07;R$ 3.289,07;R$ 0,00
476;1111;993;"=""28737763000643""";PEROLAS MAKE COMERCIO DE PRODUTOS COSMETICOS LTDA;PESSOA JURIDICA;ICMS;"=""4012301231678""";"=""20260000001997""";13810340;Efetivada;13/02/2026 15:02:48;25/03/2026 15:30:35;145;3;27/04/2026;27/04/2026;Paga;R$ 3.289,07;R$ 3.328,48;R$ 3.328,48;R$ 0,00
476;1111;993;"=""28737763000643""";PEROLAS MAKE COMERCIO DE PRODUTOS COSMETICOS LTDA;PESSOA JURIDICA;ICMS;"=""4012301231678""";"=""20260000001997""";13810340;Efetivada;13/02/2026 15:02:48;25/03/2026 15:30:35;145;4;25/05/2026;25/05/2026;Paga;R$ 3.289,07;R$ 3.363,98;R$ 3.363,98;R$ 0,00
665;2508;1406;"=""28802695000144""";PRANA CAFE LTDA - ME;PESSOA JURIDICA;ICMS;"=""2018619011193""";"=""20260000002967""";13847716;Efetivada;24/02/2026 11:08:06;28/02/2026 06:02:40;19;1;27/02/2026;27/02/2026;Paga;R$ 343,81;R$ 343,81;R$ 343,81;R$ 0,00
665;2508;1406;"=""28802695000144""";PRANA CAFE LTDA - ME;PESSOA JURIDICA;ICMS;"=""2018619011193""";"=""20260000002967""";13847716;Efetivada;24/02/2026 11:08:06;28/02/2026 06:02:40;19;2;25/03/2026;22/05/2026;Paga;R$ 347,24;R$ 423,13;R$ 423,13;R$ 0,00
665;2508;1406;"=""28802695000144""";PRANA CAFE LTDA - ME;PESSOA JURIDICA;ICMS;"=""2018619011193""";"=""20260000002967""";13847716;Efetivada;24/02/2026 11:08:06;28/02/2026 06:02:40;19;3;27/04/2026;22/05/2026;Paga;R$ 347,24;R$ 384,45;R$ 384,45;R$ 0,00
665;2508;1406;"=""28802695000144""";PRANA CAFE LTDA - ME;PESSOA JURIDICA;ICMS;"=""2018619011193""";"=""20260000002967""";13847716;Efetivada;24/02/2026 11:08:06;28/02/2026 06:02:40;19;4;25/05/2026;22/05/2026;Paga;R$ 347,24;R$ 355,15;R$ 355,15;R$ 0,00
584;72;1202;"=""28878612000109""";JP RESTAURANTE STECK HALLS LTDA;PESSOA JURIDICA;ICMS;"=""2146298400001""";"=""20260000002469""";13826069;Efetivada;20/02/2026 17:07:09;27/02/2026 18:01:18;145;1;27/02/2026;27/02/2026;Paga;R$ 760,74;R$ 760,74;R$ 760,74;R$ 0,00
584;72;1202;"=""28878612000109""";JP RESTAURANTE STECK HALLS LTDA;PESSOA JURIDICA;ICMS;"=""2146298400001""";"=""20260000002469""";13826069;Efetivada;20/02/2026 17:07:09;27/02/2026 18:01:18;145;2;25/03/2026;25/03/2026;Paga;R$ 768,34;R$ 768,35;R$ 768,35;R$ 0,00
584;72;1202;"=""28878612000109""";JP RESTAURANTE STECK HALLS LTDA;PESSOA JURIDICA;ICMS;"=""2146298400001""";"=""20260000002469""";13826069;Efetivada;20/02/2026 17:07:09;27/02/2026 18:01:18;145;3;27/04/2026;27/04/2026;Paga;R$ 768,34;R$ 777,55;R$ 777,55;R$ 0,00
584;72;1202;"=""28878612000109""";JP RESTAURANTE STECK HALLS LTDA;PESSOA JURIDICA;ICMS;"=""2146298400001""";"=""20260000002469""";13826069;Efetivada;20/02/2026 17:07:09;27/02/2026 18:01:18;145;4;25/05/2026;25/05/2026;Paga;R$ 768,34;R$ 785,84;R$ 785,84;R$ 0,00
837;2887;1792;"=""28948682865""";MARIZETH ROSA;PESSOA FISICA;ICMS;"=""4011802208573""";"=""20260000004139""";13905805;Efetivada;03/03/2026 10:04:56;05/03/2026 06:05:45;96;2;27/04/2026;16/04/2026;Paga;R$ 335,28;R$ 335,30;R$ 335,30;R$ 0,00
837;2887;1792;"=""28948682865""";MARIZETH ROSA;PESSOA FISICA;ICMS;"=""4011802208573""";"=""20260000004139""";13905805;Efetivada;03/03/2026 10:04:56;05/03/2026 06:05:45;96;3;25/05/2026;22/05/2026;Paga;R$ 335,28;R$ 338,92;R$ 338,92;R$ 0,00
429;1732;896;"=""29037301800""";SOASIVO VOIERIA DA SILVA FILHO;PESSOA FISICA;ITCD;"=""4012001102961""";"=""20260000001755""";13767429;Efetivada;12/02/2026 15:07:40;19/02/2026 18:01:19;1;1;19/02/2026;19/02/2026;Paga;R$ 20.648,52;R$ 20.648,52;R$ 20.648,52;R$ 0,00
289;1601;635;"=""29071860191""";PAULO ROBERTO NUNES DOS SANTOS;PESSOA FISICA;IPVA;"=""2007442722220""";"=""20260000001168""";13757261;Efetivada;09/02/2026 11:02:43;13/02/2026 12:06:14;1;1;18/02/2026;13/02/2026;Paga;R$ 113,20;R$ 113,20;R$ 113,20;R$ 0,00
710;1601;1507;"=""29071860191""";PAULO ROBERTO NUNES DOS SANTOS;PESSOA FISICA;IPVA;"=""2342169622237""";"=""20260000003208""";13860585;Efetivada;25/02/2026 12:04:17;26/02/2026 18:07:49;3;1;27/02/2026;26/02/2026;Paga;R$ 359,38;R$ 359,38;R$ 359,38;R$ 0,00
710;1601;1507;"=""29071860191""";PAULO ROBERTO NUNES DOS SANTOS;PESSOA FISICA;IPVA;"=""2342169622237""";"=""20260000003208""";13860585;Efetivada;25/02/2026 12:04:17;26/02/2026 18:07:49;3;2;25/03/2026;16/03/2026;Paga;R$ 362,96;R$ 362,98;R$ 362,98;R$ 0,00
710;1601;1507;"=""29071860191""";PAULO ROBERTO NUNES DOS SANTOS;PESSOA FISICA;IPVA;"=""2342169622237""";"=""20260000003208""";13860585;Efetivada;25/02/2026 12:04:17;26/02/2026 18:07:49;3;3;27/04/2026;14/04/2026;Paga;R$ 362,96;R$ 367,32;R$ 367,32;R$ 0,00
710;1601;1506;"=""29071860191""";PAULO ROBERTO NUNES DOS SANTOS;PESSOA FISICA;IPVA;"=""2276260622200""";"=""20260000003207""";13860593;Efetivada;25/02/2026 12:04:17;26/02/2026 18:07:50;2;1;27/02/2026;26/02/2026;Paga;R$ 441,06;R$ 441,06;R$ 441,06;R$ 0,00
710;1601;1506;"=""29071860191""";PAULO ROBERTO NUNES DOS SANTOS;PESSOA FISICA;IPVA;"=""2276260622200""";"=""20260000003207""";13860593;Efetivada;25/02/2026 12:04:17;26/02/2026 18:07:50;2;2;25/03/2026;16/03/2026;Paga;R$ 445,46;R$ 445,48;R$ 445,48;R$ 0,00
1186;3471;2725;"=""29117838000141""";COMERCIAL DE ALIMENTOS MAIS VOCE LTDA;PESSOA JURIDICA;ICMS;"=""4012200933111""";"=""20260000006287""";14108909;Efetivada;08/04/2026 10:43:02;23/04/2026 09:39:05;36;1;15/04/2026;15/04/2026;Paga;R$ 330,52;R$ 330,52;R$ 330,52;R$ 0,00
1186;3471;2726;"=""29117838000141""";COMERCIAL DE ALIMENTOS MAIS VOCE LTDA;PESSOA JURIDICA;ICMS;"=""4012201057862""";"=""20260000006288""";14108925;Efetivada;08/04/2026 10:43:02;23/04/2026 09:39:05;32;1;15/04/2026;15/04/2026;Paga;R$ 332,42;R$ 332,42;R$ 332,42;R$ 0,00
1186;3471;2727;"=""29117838000141""";COMERCIAL DE ALIMENTOS MAIS VOCE LTDA;PESSOA JURIDICA;ICMS;"=""4021800100608""";"=""20260000006289""";14108917;Efetivada;08/04/2026 10:43:02;23/04/2026 09:39:05;14;1;15/04/2026;15/04/2026;Paga;R$ 338,05;R$ 338,05;R$ 338,05;R$ 0,00
1138;3403;2574;"=""29500605104""";MARIA EMILIA DE MORAIS ROCHA;PESSOA FISICA;IPVA;"=""2336033522260""";"=""20260000005966""";14037700;Efetivada;25/03/2026 10:52:28;01/04/2026 12:07:43;15;1;31/03/2026;31/03/2026;Paga;R$ 345,65;R$ 345,65;R$ 345,65;R$ 0,00
1138;3403;2574;"=""29500605104""";MARIA EMILIA DE MORAIS ROCHA;PESSOA FISICA;IPVA;"=""2336033522260""";"=""20260000005966""";14037700;Efetivada;25/03/2026 10:52:28;01/04/2026 12:07:43;15;2;27/04/2026;27/04/2026;Paga;R$ 349,10;R$ 349,10;R$ 349,10;R$ 0,00
1138;3403;2574;"=""29500605104""";MARIA EMILIA DE MORAIS ROCHA;PESSOA FISICA;IPVA;"=""2336033522260""";"=""20260000005966""";14037700;Efetivada;25/03/2026 10:52:28;01/04/2026 12:07:43;15;3;25/05/2026;27/05/2026;Paga;R$ 349,10;R$ 355,21;R$ 355,21;R$ 0,00
1034;2120;2281;"=""29541913091""";NILSON LUIS MARTINS SUTTON;PESSOA FISICA;IPVA;"=""2389142122221""";"=""20260000005261""";13965883;Efetivada;11/03/2026 16:21:43;12/03/2026 18:10:49;2;1;18/03/2026;12/03/2026;Paga;R$ 485,47;R$ 485,47;R$ 485,47;R$ 0,00
1034;2120;2281;"=""29541913091""";NILSON LUIS MARTINS SUTTON;PESSOA FISICA;IPVA;"=""2389142122221""";"=""20260000005261""";13965883;Efetivada;11/03/2026 16:21:43;12/03/2026 18:10:49;2;2;27/04/2026;20/04/2026;Paga;R$ 490,32;R$ 490,33;R$ 490,33;R$ 0,00
1034;2120;2280;"=""29541913091""";NILSON LUIS MARTINS SUTTON;PESSOA FISICA;IPVA;"=""2315953622256""";"=""20260000005260""";13965875;Efetivada;11/03/2026 16:21:43;12/03/2026 18:10:55;2;1;18/03/2026;12/03/2026;Paga;R$ 385,52;R$ 385,52;R$ 385,52;R$ 0,00
1034;2120;2280;"=""29541913091""";NILSON LUIS MARTINS SUTTON;PESSOA FISICA;IPVA;"=""2315953622256""";"=""20260000005260""";13965875;Efetivada;11/03/2026 16:21:43;12/03/2026 18:10:55;2;2;27/04/2026;20/04/2026;Paga;R$ 389,37;R$ 389,38;R$ 389,38;R$ 0,00
526;1939;1093;"=""30162190182""";CILENE LOPES DA SILVA;PESSOA FISICA;IPVA;"=""2392379122261""";"=""20260000002205""";13802844;Efetivada;18/02/2026 16:34:44;20/02/2026 18:04:14;1;1;25/02/2026;20/02/2026;Paga;R$ 257,60;R$ 257,60;R$ 257,60;R$ 0,00
526;1939;1092;"=""30162190182""";CILENE LOPES DA SILVA;PESSOA FISICA;IPVA;"=""2319406822256""";"=""20260000002204""";13802836;Efetivada;18/02/2026 16:34:44;20/02/2026 18:04:15;1;1;25/02/2026;20/02/2026;Paga;R$ 208,99;R$ 208,99;R$ 208,99;R$ 0,00
306;1677;664;"=""30494010100""";CLAYTON ANTONY DE SANTANA;PESSOA FISICA;ITCD;"=""4011600456851""";"=""20260000001230""";13763679;Efetivada;09/02/2026 17:01:12;18/02/2026 12:03:19;60;1;18/02/2026;18/02/2026;Paga;R$ 429,72;R$ 429,72;R$ 429,72;R$ 0,00
306;1677;664;"=""30494010100""";CLAYTON ANTONY DE SANTANA;PESSOA FISICA;ITCD;"=""4011600456851""";"=""20260000001230""";13763679;Efetivada;09/02/2026 17:01:12;18/02/2026 12:03:19;60;2;25/03/2026;25/03/2026;Paga;R$ 434,01;R$ 434,02;R$ 434,02;R$ 0,00
306;1677;664;"=""30494010100""";CLAYTON ANTONY DE SANTANA;PESSOA FISICA;ITCD;"=""4011600456851""";"=""20260000001230""";13763679;Efetivada;09/02/2026 17:01:12;18/02/2026 12:03:19;60;3;27/04/2026;27/04/2026;Paga;R$ 434,01;R$ 439,21;R$ 439,21;R$ 0,00
306;1677;664;"=""30494010100""";CLAYTON ANTONY DE SANTANA;PESSOA FISICA;ITCD;"=""4011600456851""";"=""20260000001230""";13763679;Efetivada;09/02/2026 17:01:12;18/02/2026 12:03:19;60;4;25/05/2026;25/05/2026;Paga;R$ 434,01;R$ 443,90;R$ 443,90;R$ 0,00
681;1934;1441;"=""30853932000148""";CAFUNDO PRESTADORA DE SERVIÇOS LTDA;PESSOA JURIDICA;Pena Pecuniária;"=""4012200236232""";"=""20260000003062""";13854518;Efetivada;24/02/2026 15:03:12;25/02/2026 18:08:55;1;1;27/02/2026;25/02/2026;Paga;R$ 7.896,88;R$ 7.896,88;R$ 7.896,88;R$ 0,00
681;1934;1440;"=""30853932000148""";CAFUNDO PRESTADORA DE SERVIÇOS LTDA;PESSOA JURIDICA;Pena Pecuniária;"=""4012200235422""";"=""20260000003061""";13854500;Efetivada;24/02/2026 15:03:12;25/02/2026 18:08:59;1;1;27/02/2026;25/02/2026;Paga;R$ 7.042,84;R$ 7.042,84;R$ 7.042,84;R$ 0,00
681;1934;1442;"=""30853932000148""";CAFUNDO PRESTADORA DE SERVIÇOS LTDA;PESSOA JURIDICA;Pena Pecuniária;"=""4012200236151""";"=""20260000003063""";13854496;Efetivada;24/02/2026 15:03:12;25/02/2026 18:09:02;1;1;27/02/2026;25/02/2026;Paga;R$ 9.034,81;R$ 9.034,81;R$ 9.034,81;R$ 0,00
681;1934;1443;"=""30853932000148""";CAFUNDO PRESTADORA DE SERVIÇOS LTDA;PESSOA JURIDICA;Pena Pecuniária;"=""4012200235503""";"=""20260000003064""";13854526;Efetivada;24/02/2026 15:03:12;25/02/2026 18:09:06;1;1;27/02/2026;25/02/2026;Paga;R$ 8.855,45;R$ 8.855,45;R$ 8.855,45;R$ 0,00
681;1934;1444;"=""30853932000148""";CAFUNDO PRESTADORA DE SERVIÇOS LTDA;PESSOA JURIDICA;Pena Pecuniária;"=""4012200236402""";"=""20260000003065""";13854534;Efetivada;24/02/2026 15:03:12;25/02/2026 18:09:09;1;1;27/02/2026;25/02/2026;Paga;R$ 4.225,86;R$ 4.225,86;R$ 4.225,86;R$ 0,00
917;3038;1980;"=""31594166153""";LUIZ ANTONIO DOS SANTOS;PESSOA FISICA;IPVA;"=""2333728022210""";"=""20260000004635""";13923188;Efetivada;05/03/2026 11:14:21;13/03/2026 06:03:21;2;1;12/03/2026;12/03/2026;Paga;R$ 416,50;R$ 416,50;R$ 416,50;R$ 0,00
451;1795;943;"=""31929583168""";CARLOS ROSA DA SILVA;PESSOA FISICA;IPVA;"=""2008504322202""";"=""20260000001873""";13775685;Efetivada;13/02/2026 09:21:28;13/02/2026 18:11:16;1;1;20/02/2026;13/02/2026;Paga;R$ 1.337,09;R$ 1.337,09;R$ 1.337,09;R$ 0,00
451;1795;944;"=""31929583168""";CARLOS ROSA DA SILVA;PESSOA FISICA;IPVA;"=""2181638722237""";"=""20260000001874""";13775693;Efetivada;13/02/2026 09:21:28;13/02/2026 18:11:17;1;1;20/02/2026;13/02/2026;Paga;R$ 1.306,73;R$ 1.306,73;R$ 1.306,73;R$ 0,00
746;2488;1603;"=""31940073000197""";TUDO DELAS MAKE UP COSMETICOS LTDA;PESSOA JURIDICA;ICMS;"=""4012201107630""";"=""20260000003631""";13872745;Efetivada;26/02/2026 14:33:27;27/02/2026 06:09:04;82;1;27/02/2026;26/02/2026;Paga;R$ 331,41;R$ 331,41;R$ 331,41;R$ 0,00
746;2488;1604;"=""31940073000197""";TUDO DELAS MAKE UP COSMETICOS LTDA;PESSOA JURIDICA;ICMS;"=""4012200859981""";"=""20260000003632""";13872753;Efetivada;26/02/2026 14:33:27;27/02/2026 06:09:04;120;1;27/02/2026;26/02/2026;Paga;R$ 1.271,88;R$ 1.271,88;R$ 1.271,88;R$ 0,00
746;2488;1604;"=""31940073000197""";TUDO DELAS MAKE UP COSMETICOS LTDA;PESSOA JURIDICA;ICMS;"=""4012200859981""";"=""20260000003632""";13872753;Efetivada;26/02/2026 14:33:27;27/02/2026 06:09:04;120;2;25/03/2026;25/05/2026;Paga;R$ 1.284,59;R$ 1.576,63;R$ 1.576,63;R$ 0,00
1307;2702;3044;"=""31940073000278""";TUDO  DELAS MAKE UP;PESSOA JURIDICA;ICMS;"=""4012201135251""";"=""20260000007323""";14274523;Efetivada;20/05/2026 09:30:52;21/05/2026 12:03:08;27;1;27/05/2026;21/05/2026;Paga;R$ 341,27;R$ 341,27;R$ 341,27;R$ 0,00
1033;2390;2279;"=""31958290106""";GERCINETE MARIA NUNES SILVERIO;PESSOA FISICA;IPVA;"=""2354217322246""";"=""20260000005258""";13970470;Efetivada;11/03/2026 15:32:49;23/04/2026 18:34:58;1;1;18/03/2026;16/03/2026;Paga;R$ 143,95;R$ 143,95;R$ 143,95;R$ 0,00
583;2365;1201;"=""31983316172""";LUIZ CESAR COSTA MONTEIRO;PESSOA FISICA;IPVA;"=""2317099422250""";"=""20260000002466""";13826450;Efetivada;20/02/2026 17:04:40;23/02/2026 12:10:45;1;1;27/02/2026;23/02/2026;Paga;R$ 285,25;R$ 285,25;R$ 285,25;R$ 0,00
583;2365;1200;"=""31983316172""";LUIZ CESAR COSTA MONTEIRO;PESSOA FISICA;IPVA;"=""2273232522277""";"=""20260000002465""";13826441;Efetivada;20/02/2026 17:04:40;23/02/2026 12:10:47;1;1;27/02/2026;23/02/2026;Paga;R$ 696,26;R$ 696,26;R$ 696,26;R$ 0,00
1026;3233;2266;"=""32090110104""";LUSMAR BARBA DE SOUZA;PESSOA FISICA;IPVA;"=""2297352122290""";"=""20260000005221""";13962523;Efetivada;11/03/2026 11:09:59;09/04/2026 12:50:58;1;1;18/03/2026;11/03/2026;Paga;R$ 450,12;R$ 450,12;R$ 450,12;R$ 0,00
1026;3233;2267;"=""32090110104""";LUSMAR BARBA DE SOUZA;PESSOA FISICA;IPVA;"=""2382972822202""";"=""20260000005222""";13962531;Efetivada;11/03/2026 11:09:59;09/04/2026 12:50:58;1;1;18/03/2026;11/03/2026;Paga;R$ 569,91;R$ 569,91;R$ 569,91;R$ 0,00
579;2350;1187;"=""32693796172""";EDMILSON DIVINO DOS SANTOS;PESSOA FISICA;IPVA;"=""2337191922250""";"=""20260000002439""";13826409;Efetivada;20/02/2026 16:22:34;23/02/2026 18:07:20;1;1;27/02/2026;23/02/2026;Paga;R$ 4.488,00;R$ 4.488,00;R$ 4.488,00;R$ 0,00
137;1199;311;"=""33173265149""";FRANCISCO CARLOS CORRALES FERREIRA;PESSOA FISICA;IPVA;"=""2327852822202""";"=""20260000000368""";13666061;Efetivada;04/02/2026 12:00:40;10/02/2026 18:01:24;1;1;11/02/2026;10/02/2026;Paga;R$ 1.150,80;R$ 1.150,80;R$ 1.150,80;R$ 0,00
137;1199;312;"=""33173265149""";FRANCISCO CARLOS CORRALES FERREIRA;PESSOA FISICA;IPVA;"=""2335798922209""";"=""20260000000369""";13666053;Efetivada;04/02/2026 12:00:40;10/02/2026 18:01:24;1;1;11/02/2026;10/02/2026;Paga;R$ 1.430,55;R$ 1.430,55;R$ 1.430,55;R$ 0,00
865;2584;1836;"=""33208107153""";MARLEY PEREIRA;PESSOA FISICA;IPVA;"=""2335497922277""";"=""20260000004345""";13921150;Efetivada;03/03/2026 21:05:10;09/04/2026 12:50:53;1;1;10/03/2026;10/03/2026;Paga;R$ 1.003,53;R$ 1.003,53;R$ 1.003,53;R$ 0,00
202;1387;445;"=""33627860497""";JOAO MARIA INACIO LOPES;PESSOA FISICA;IPVA;"=""2379872522266""";"=""20260000000693""";13691414;Efetivada;05/02/2026 14:56:58;06/02/2026 06:07:16;10;2;25/03/2026;25/03/2026;Paga;R$ 345,63;R$ 345,63;R$ 345,63;R$ 0,00
202;1387;445;"=""33627860497""";JOAO MARIA INACIO LOPES;PESSOA FISICA;IPVA;"=""2379872522266""";"=""20260000000693""";13691414;Efetivada;05/02/2026 14:56:58;06/02/2026 06:07:16;10;3;27/04/2026;27/04/2026;Paga;R$ 345,63;R$ 349,78;R$ 349,78;R$ 0,00
202;1387;445;"=""33627860497""";JOAO MARIA INACIO LOPES;PESSOA FISICA;IPVA;"=""2379872522266""";"=""20260000000693""";13691414;Efetivada;05/02/2026 14:56:58;06/02/2026 06:07:16;10;4;25/05/2026;25/05/2026;Paga;R$ 345,63;R$ 353,51;R$ 353,51;R$ 0,00
383;1107;828;"=""33680370130""";EDVALDO ALVES VARANDA;PESSOA FISICA;IPVA;"=""2343354922207""";"=""20260000001593""";13751670;Efetivada;11/02/2026 13:38:56;11/02/2026 18:07:53;1;1;18/02/2026;11/02/2026;Paga;R$ 362,51;R$ 362,51;R$ 362,51;R$ 0,00
383;1107;827;"=""33680370130""";EDVALDO ALVES VARANDA;PESSOA FISICA;IPVA;"=""2292022422272""";"=""20260000001592""";13751662;Efetivada;11/02/2026 13:38:56;11/02/2026 18:07:58;1;1;18/02/2026;11/02/2026;Paga;R$ 298,78;R$ 298,78;R$ 298,78;R$ 0,00
1076;3308;2393;"=""34148973187""";GERALDO MAGELO COSTA;PESSOA FISICA;IPVA;"=""2323225022264""";"=""20260000005496""";13997637;Efetivada;17/03/2026 14:19:02;18/03/2026 12:09:05;2;1;24/03/2026;18/03/2026;Paga;R$ 472,80;R$ 472,80;R$ 472,80;R$ 0,00
1076;3308;2393;"=""34148973187""";GERALDO MAGELO COSTA;PESSOA FISICA;IPVA;"=""2323225022264""";"=""20260000005496""";13997637;Efetivada;17/03/2026 14:19:02;18/03/2026 12:09:05;2;2;27/04/2026;15/04/2026;Paga;R$ 477,51;R$ 477,55;R$ 477,55;R$ 0,00
623;1211;1294;"=""34486194349"""; TOILDA DA SILVA PEREIRA;PESSOA FISICA;ICMS;"=""4011801568061""";"=""20260000002725""";13836129;Efetivada;23/02/2026 11:07:32;24/02/2026 12:10:01;34;1;27/02/2026;24/02/2026;Paga;R$ 338,36;R$ 338,36;R$ 338,36;R$ 0,00
623;1211;1294;"=""34486194349"""; TOILDA DA SILVA PEREIRA;PESSOA FISICA;ICMS;"=""4011801568061""";"=""20260000002725""";13836129;Efetivada;23/02/2026 11:07:32;24/02/2026 12:10:01;34;2;25/03/2026;24/03/2026;Paga;R$ 341,73;R$ 341,75;R$ 341,75;R$ 0,00
623;1211;1294;"=""34486194349"""; TOILDA DA SILVA PEREIRA;PESSOA FISICA;ICMS;"=""4011801568061""";"=""20260000002725""";13836129;Efetivada;23/02/2026 11:07:32;24/02/2026 12:10:01;34;3;27/04/2026;30/04/2026;Paga;R$ 341,73;R$ 349,26;R$ 349,26;R$ 0,00
623;1211;1294;"=""34486194349"""; TOILDA DA SILVA PEREIRA;PESSOA FISICA;ICMS;"=""4011801568061""";"=""20260000002725""";13836129;Efetivada;23/02/2026 11:07:32;24/02/2026 12:10:01;34;4;25/05/2026;20/05/2026;Paga;R$ 341,73;R$ 349,53;R$ 349,53;R$ 0,00
722;1396;1562;"=""34731631807""";DIEGO HENRIQUE SENNA;PESSOA FISICA;IPVA;"=""2337277822229""";"=""20260000003403""";13863606;Efetivada;25/02/2026 14:30:20;26/02/2026 18:10:23;3;1;27/02/2026;26/02/2026;Paga;R$ 349,73;R$ 349,73;R$ 349,73;R$ 0,00
412;1970;877;"=""34820116134""";FLAVIO EURIPEDES BORGES ALVES;PESSOA FISICA;ITCD;"=""4012201108521""";"=""20260000001711""";13763652;Efetivada;12/02/2026 11:24:43;19/02/2026 18:01:12;10;1;19/02/2026;19/02/2026;Paga;R$ 4.181,09;R$ 4.181,09;R$ 4.181,09;R$ 0,00
412;1970;877;"=""34820116134""";FLAVIO EURIPEDES BORGES ALVES;PESSOA FISICA;ITCD;"=""4012201108521""";"=""20260000001711""";13763652;Efetivada;12/02/2026 11:24:43;19/02/2026 18:01:12;10;2;25/03/2026;18/03/2026;Paga;R$ 4.222,89;R$ 4.222,90;R$ 4.222,90;R$ 0,00
412;1970;877;"=""34820116134""";FLAVIO EURIPEDES BORGES ALVES;PESSOA FISICA;ITCD;"=""4012201108521""";"=""20260000001711""";13763652;Efetivada;12/02/2026 11:24:43;19/02/2026 18:01:12;10;4;25/05/2026;20/05/2026;Paga;R$ 4.222,89;R$ 4.319,06;R$ 4.319,06;R$ 0,00
1088;3339;2417;"=""35179309115""";LUCI FERREIRA DA CRUZ DE OLIVEIRA;PESSOA FISICA;IPVA;"=""2310119922239""";"=""20260000005552""";14011085;Efetivada;19/03/2026 10:30:00;09/04/2026 12:51:00;1;1;26/03/2026;26/03/2026;Paga;R$ 976,76;R$ 976,76;R$ 976,76;R$ 0,00
1088;3339;2418;"=""35179309115""";LUCI FERREIRA DA CRUZ DE OLIVEIRA;PESSOA FISICA;IPVA;"=""2382607722244""";"=""20260000005553""";14011093;Efetivada;19/03/2026 10:30:00;09/04/2026 12:51:00;1;1;26/03/2026;26/03/2026;Paga;R$ 1.109,42;R$ 1.109,42;R$ 1.109,42;R$ 0,00
531;2233;1102;"=""35516275172""";WALMIR GONCALVES ROSA;PESSOA FISICA;IPVA;"=""2102054522211""";"=""20260000002224""";13804626;Efetivada;18/02/2026 19:54:31;24/02/2026 12:03:23;6;1;25/02/2026;24/02/2026;Paga;R$ 362,86;R$ 362,86;R$ 362,86;R$ 0,00
531;2233;1103;"=""35516275172""";WALMIR GONCALVES ROSA;PESSOA FISICA;IPVA;"=""2311145222204""";"=""20260000002225""";13804634;Efetivada;18/02/2026 19:54:31;24/02/2026 12:03:28;6;1;25/02/2026;24/02/2026;Paga;R$ 348,59;R$ 348,59;R$ 348,59;R$ 0,00
1149;3423;2618;"=""35958430106""";DIJALMA ALVES VALADAO;PESSOA FISICA;IPVA;"=""2358862222283""";"=""20260000006065""";14051630;Efetivada;27/03/2026 09:59:15;09/04/2026 12:51:03;2;1;31/03/2026;31/03/2026;Paga;R$ 349,50;R$ 349,50;R$ 349,50;R$ 0,00
396;1926;847;"=""36242329832""";LETICIA CAMILA TEIXEIRA CATAO;PESSOA FISICA;IPVA;"=""2365518522282""";"=""20260000001635""";13774069;Efetivada;11/02/2026 19:31:04;18/02/2026 12:05:27;1;1;18/02/2026;18/02/2026;Paga;R$ 528,43;R$ 528,43;R$ 528,43;R$ 0,00
397;1926;848;"=""36242329832""";LETICIA CAMILA TEIXEIRA CATAO;PESSOA FISICA;IPVA;"=""2277875122274""";"=""20260000001637""";13793977;Efetivada;11/02/2026 19:40:16;19/02/2026 06:06:24;1;1;18/02/2026;18/02/2026;Paga;R$ 429,43;R$ 429,43;R$ 429,43;R$ 0,00
359;1823;769;"=""36423890153""";JANE ALVES MOREIRA BATISTA;PESSOA FISICA;IPVA;"=""2317409922204""";"=""20260000001456""";13771850;Efetivada;10/02/2026 20:29:16;14/02/2026 06:08:42;1;1;18/02/2026;13/02/2026;Paga;R$ 532,25;R$ 532,25;R$ 532,25;R$ 0,00
359;1823;770;"=""36423890153""";JANE ALVES MOREIRA BATISTA;PESSOA FISICA;IPVA;"=""2050098222284""";"=""20260000001457""";13771868;Efetivada;10/02/2026 20:29:16;14/02/2026 06:08:49;1;1;18/02/2026;13/02/2026;Paga;R$ 583,31;R$ 583,31;R$ 583,31;R$ 0,00
359;1823;771;"=""36423890153""";JANE ALVES MOREIRA BATISTA;PESSOA FISICA;IPVA;"=""2390699322290""";"=""20260000001458""";13771876;Efetivada;10/02/2026 20:29:16;14/02/2026 06:08:49;1;1;18/02/2026;13/02/2026;Paga;R$ 599,94;R$ 599,94;R$ 599,94;R$ 0,00
875;2902;1851;"=""36705876000180""";SMX GUIMARAES SUPERMERCADO LTDA;PESSOA JURIDICA;ICMS;"=""2020175411145""";"=""20260000004383""";13912470;Efetivada;04/03/2026 09:35:01;10/03/2026 12:02:05;1;1;11/03/2026;10/03/2026;Paga;R$ 1.983,82;R$ 1.983,82;R$ 1.983,82;R$ 0,00
875;2902;1853;"=""36705876000180""";SMX GUIMARAES SUPERMERCADO LTDA;PESSOA JURIDICA;ICMS;"=""2020175611152""";"=""20260000004385""";13912488;Efetivada;04/03/2026 09:35:01;09/04/2026 12:50:53;1;1;11/03/2026;11/03/2026;Paga;R$ 1.629,11;R$ 1.629,11;R$ 1.629,11;R$ 0,00
875;2902;1854;"=""36705876000180""";SMX GUIMARAES SUPERMERCADO LTDA;PESSOA JURIDICA;ICMS;"=""2020175711106""";"=""20260000004386""";13912496;Efetivada;04/03/2026 09:35:01;09/04/2026 12:50:53;1;1;11/03/2026;11/03/2026;Paga;R$ 6.033,53;R$ 6.033,53;R$ 6.033,53;R$ 0,00
875;2902;1855;"=""36705876000180""";SMX GUIMARAES SUPERMERCADO LTDA;PESSOA JURIDICA;ICMS;"=""2020175811160""";"=""20260000004387""";13912518;Efetivada;04/03/2026 09:35:01;09/04/2026 12:50:54;1;1;11/03/2026;11/03/2026;Paga;R$ 1.673,54;R$ 1.673,54;R$ 1.673,54;R$ 0,00
485;1705;1016;"=""36919527634""";RICARDO NAZARENO RUAS DE ABREU;PESSOA FISICA;IPVA;"=""2318180322209""";"=""20260000002043""";13784188;Efetivada;13/02/2026 16:56:01;14/02/2026 06:11:21;1;1;20/02/2026;13/02/2026;Paga;R$ 1.083,02;R$ 1.083,02;R$ 1.083,02;R$ 0,00
485;1705;1017;"=""36919527634""";RICARDO NAZARENO RUAS DE ABREU;PESSOA FISICA;IPVA;"=""2391426022207""";"=""20260000002044""";13784170;Efetivada;13/02/2026 16:56:01;14/02/2026 06:11:29;1;1;20/02/2026;13/02/2026;Paga;R$ 1.316,99;R$ 1.316,99;R$ 1.316,99;R$ 0,00
940;3097;2043;"=""36996750172""";ANTÔNIO PEREIRA DOS SANTOS;PESSOA FISICA;IPVA;"=""2347456122261""";"=""20260000004736""";13932390;Efetivada;06/03/2026 11:46:13;10/03/2026 18:05:39;3;1;13/03/2026;10/03/2026;Paga;R$ 415,59;R$ 415,59;R$ 415,59;R$ 0,00
940;3097;2043;"=""36996750172""";ANTÔNIO PEREIRA DOS SANTOS;PESSOA FISICA;IPVA;"=""2347456122261""";"=""20260000004736""";13932390;Efetivada;06/03/2026 11:46:13;10/03/2026 18:05:39;3;3;25/05/2026;11/05/2026;Paga;R$ 419,73;R$ 424,28;R$ 424,28;R$ 0,00
458;2079;957;"=""37020790178""";BONI DE OLIVEIRA;PESSOA FISICA;IPVA;"=""2312694022288""";"=""20260000001917""";13776614;Efetivada;13/02/2026 11:04:07;13/02/2026 18:11:42;1;1;20/02/2026;13/02/2026;Paga;R$ 1.302,72;R$ 1.302,72;R$ 1.302,72;R$ 0,00
458;2079;958;"=""37020790178""";BONI DE OLIVEIRA;PESSOA FISICA;IPVA;"=""2384873922213""";"=""20260000001918""";13776622;Efetivada;13/02/2026 11:04:07;13/02/2026 18:11:48;1;1;20/02/2026;13/02/2026;Paga;R$ 1.550,92;R$ 1.550,92;R$ 1.550,92;R$ 0,00
675;994;1430;"=""37032607187""";PATRICIA CECILIA SILVA;PESSOA FISICA;IPVA;"=""2318407322208""";"=""20260000003023""";13850067;Efetivada;24/02/2026 14:05:14;25/02/2026 12:07:51;1;1;27/02/2026;25/02/2026;Paga;R$ 627,26;R$ 627,26;R$ 627,26;R$ 0,00
675;994;1428;"=""37032607187""";PATRICIA CECILIA SILVA;PESSOA FISICA;IPVA;"=""2048860122234""";"=""20260000003021""";13850075;Efetivada;24/02/2026 14:05:14;25/02/2026 12:07:57;2;1;27/02/2026;25/02/2026;Paga;R$ 339,35;R$ 339,35;R$ 339,35;R$ 0,00
675;994;1429;"=""37032607187""";PATRICIA CECILIA SILVA;PESSOA FISICA;IPVA;"=""2178741722228""";"=""20260000003022""";13850059;Efetivada;24/02/2026 14:05:14;25/02/2026 12:07:57;1;1;27/02/2026;25/02/2026;Paga;R$ 657,06;R$ 657,06;R$ 657,06;R$ 0,00
675;994;1431;"=""37032607187""";PATRICIA CECILIA SILVA;PESSOA FISICA;IPVA;"=""2391280022291""";"=""20260000003024""";13850040;Efetivada;24/02/2026 14:05:14;25/02/2026 12:08:04;2;1;27/02/2026;25/02/2026;Paga;R$ 376,37;R$ 376,37;R$ 376,37;R$ 0,00
719;1062;1559;"=""37110055191""";PAULO LUIS DA SILVA;PESSOA FISICA;IPVA;"=""2332117422272""";"=""20260000003397""";13862650;Efetivada;25/02/2026 14:01:15;25/02/2026 18:14:36;3;1;27/02/2026;25/02/2026;Paga;R$ 393,03;R$ 393,03;R$ 393,03;R$ 0,00
719;1062;1559;"=""37110055191""";PAULO LUIS DA SILVA;PESSOA FISICA;IPVA;"=""2332117422272""";"=""20260000003397""";13862650;Efetivada;25/02/2026 14:01:15;25/02/2026 18:14:36;3;2;25/03/2026;25/02/2026;Paga;R$ 396,95;R$ 393,04;R$ 393,04;R$ 0,00
719;1062;1559;"=""37110055191""";PAULO LUIS DA SILVA;PESSOA FISICA;IPVA;"=""2332117422272""";"=""20260000003397""";13862650;Efetivada;25/02/2026 14:01:15;25/02/2026 18:14:36;3;3;27/04/2026;25/02/2026;Paga;R$ 396,95;R$ 393,04;R$ 393,04;R$ 0,00
1157;18;2671;"=""37359460000110""";GYNSOL DISTRIBUIDORA E LOGÍSTICA DE PRODUTOS ALIMENTÍCIOS LTDA;PESSOA JURIDICA;ICMS;"=""4011000298538""";"=""20260000006172""";14060019;Efetivada;27/03/2026 16:04:42;09/04/2026 12:51:03;120;1;31/03/2026;31/03/2026;Paga;R$ 525,19;R$ 525,19;R$ 525,19;R$ 0,00
1157;18;2671;"=""37359460000110""";GYNSOL DISTRIBUIDORA E LOGÍSTICA DE PRODUTOS ALIMENTÍCIOS LTDA;PESSOA JURIDICA;ICMS;"=""4011000298538""";"=""20260000006172""";14060019;Efetivada;27/03/2026 16:04:42;09/04/2026 12:51:03;120;2;27/04/2026;27/04/2026;Paga;R$ 530,40;R$ 530,44;R$ 530,44;R$ 0,00
1157;18;2671;"=""37359460000110""";GYNSOL DISTRIBUIDORA E LOGÍSTICA DE PRODUTOS ALIMENTÍCIOS LTDA;PESSOA JURIDICA;ICMS;"=""4011000298538""";"=""20260000006172""";14060019;Efetivada;27/03/2026 16:04:42;09/04/2026 12:51:03;120;3;25/05/2026;27/05/2026;Paga;R$ 530,40;R$ 539,71;R$ 539,71;R$ 0,00
1157;18;2672;"=""37359460000110""";GYNSOL DISTRIBUIDORA E LOGÍSTICA DE PRODUTOS ALIMENTÍCIOS LTDA;PESSOA JURIDICA;ICMS;"=""4011402101178""";"=""20260000006173""";14060027;Efetivada;27/03/2026 16:04:42;09/04/2026 12:51:03;120;1;31/03/2026;31/03/2026;Paga;R$ 615,42;R$ 615,42;R$ 615,42;R$ 0,00
1157;18;2672;"=""37359460000110""";GYNSOL DISTRIBUIDORA E LOGÍSTICA DE PRODUTOS ALIMENTÍCIOS LTDA;PESSOA JURIDICA;ICMS;"=""4011402101178""";"=""20260000006173""";14060027;Efetivada;27/03/2026 16:04:42;09/04/2026 12:51:03;120;2;27/04/2026;27/04/2026;Paga;R$ 621,56;R$ 621,57;R$ 621,57;R$ 0,00
1157;18;2672;"=""37359460000110""";GYNSOL DISTRIBUIDORA E LOGÍSTICA DE PRODUTOS ALIMENTÍCIOS LTDA;PESSOA JURIDICA;ICMS;"=""4011402101178""";"=""20260000006173""";14060027;Efetivada;27/03/2026 16:04:42;09/04/2026 12:51:03;120;3;25/05/2026;27/05/2026;Paga;R$ 621,56;R$ 632,43;R$ 632,43;R$ 0,00
1199;3429;2751;"=""37359460000382""";GYNSOL DISTRIBUIDORA E LOGÍSTICA DE PRODUTOS ALIMENTÍCIOS;PESSOA JURIDICA;ICMS;"=""4012101176762""";"=""20260000006352""";14129280;Efetivada;13/04/2026 15:56:32;15/04/2026 18:03:49;120;1;20/04/2026;15/04/2026;Paga;R$ 2.111,18;R$ 2.111,18;R$ 2.111,18;R$ 0,00
1199;3429;2751;"=""37359460000382""";GYNSOL DISTRIBUIDORA E LOGÍSTICA DE PRODUTOS ALIMENTÍCIOS;PESSOA JURIDICA;ICMS;"=""4012101176762""";"=""20260000006352""";14129280;Efetivada;13/04/2026 15:56:32;15/04/2026 18:03:49;120;2;25/05/2026;27/05/2026;Paga;R$ 2.132,28;R$ 2.146,36;R$ 2.146,36;R$ 0,00
1199;3429;2752;"=""37359460000382""";GYNSOL DISTRIBUIDORA E LOGÍSTICA DE PRODUTOS ALIMENTÍCIOS;PESSOA JURIDICA;ICMS;"=""2156091100057""";"=""20260000006353""";14129299;Efetivada;13/04/2026 15:56:32;15/04/2026 18:03:57;120;1;20/04/2026;15/04/2026;Paga;R$ 1.124,58;R$ 1.124,58;R$ 1.124,58;R$ 0,00
1199;3429;2752;"=""37359460000382""";GYNSOL DISTRIBUIDORA E LOGÍSTICA DE PRODUTOS ALIMENTÍCIOS;PESSOA JURIDICA;ICMS;"=""2156091100057""";"=""20260000006353""";14129299;Efetivada;13/04/2026 15:56:32;15/04/2026 18:03:57;120;2;25/05/2026;28/05/2026;Paga;R$ 1.135,82;R$ 1.147,06;R$ 1.147,06;R$ 0,00
1199;3429;2754;"=""37359460000382""";GYNSOL DISTRIBUIDORA E LOGÍSTICA DE PRODUTOS ALIMENTÍCIOS;PESSOA JURIDICA;ICMS;"=""2227784400054""";"=""20260000006355""";14129302;Efetivada;13/04/2026 15:56:32;15/04/2026 18:04:04;120;1;20/04/2026;15/04/2026;Paga;R$ 1.409,14;R$ 1.409,14;R$ 1.409,14;R$ 0,00
1199;3429;2754;"=""37359460000382""";GYNSOL DISTRIBUIDORA E LOGÍSTICA DE PRODUTOS ALIMENTÍCIOS;PESSOA JURIDICA;ICMS;"=""2227784400054""";"=""20260000006355""";14129302;Efetivada;13/04/2026 15:56:32;15/04/2026 18:04:04;120;2;25/05/2026;27/05/2026;Paga;R$ 1.423,23;R$ 1.432,62;R$ 1.432,62;R$ 0,00
1199;3429;2753;"=""37359460000382""";GYNSOL DISTRIBUIDORA E LOGÍSTICA DE PRODUTOS ALIMENTÍCIOS;PESSOA JURIDICA;ICMS;"=""2227685200065""";"=""20260000006354""";14129310;Efetivada;13/04/2026 15:56:32;15/04/2026 18:04:11;120;1;20/04/2026;15/04/2026;Paga;R$ 1.855,77;R$ 1.855,77;R$ 1.855,77;R$ 0,00
1199;3429;2753;"=""37359460000382""";GYNSOL DISTRIBUIDORA E LOGÍSTICA DE PRODUTOS ALIMENTÍCIOS;PESSOA JURIDICA;ICMS;"=""2227685200065""";"=""20260000006354""";14129310;Efetivada;13/04/2026 15:56:32;15/04/2026 18:04:11;120;2;25/05/2026;28/05/2026;Paga;R$ 1.874,32;R$ 1.892,89;R$ 1.892,89;R$ 0,00
1200;3429;2758;"=""37359460000382""";GYNSOL DISTRIBUIDORA E LOGÍSTICA DE PRODUTOS ALIMENTÍCIOS;PESSOA JURIDICA;ICMS;"=""4011801029195""";"=""20260000006363""";14129388;Efetivada;13/04/2026 16:03:25;15/04/2026 18:04:18;120;1;20/04/2026;15/04/2026;Paga;R$ 2.385,55;R$ 2.385,55;R$ 2.385,55;R$ 0,00
1200;3429;2758;"=""37359460000382""";GYNSOL DISTRIBUIDORA E LOGÍSTICA DE PRODUTOS ALIMENTÍCIOS;PESSOA JURIDICA;ICMS;"=""4011801029195""";"=""20260000006363""";14129388;Efetivada;13/04/2026 16:03:25;15/04/2026 18:04:18;120;2;25/05/2026;28/05/2026;Paga;R$ 2.409,39;R$ 2.433,26;R$ 2.433,26;R$ 0,00
1200;3429;2762;"=""37359460000382""";GYNSOL DISTRIBUIDORA E LOGÍSTICA DE PRODUTOS ALIMENTÍCIOS;PESSOA JURIDICA;ICMS;"=""2145049500055""";"=""20260000006367""";14129396;Efetivada;13/04/2026 16:03:25;15/04/2026 18:04:25;120;1;20/04/2026;15/04/2026;Paga;R$ 1.799,91;R$ 1.799,91;R$ 1.799,91;R$ 0,00
1200;3429;2762;"=""37359460000382""";GYNSOL DISTRIBUIDORA E LOGÍSTICA DE PRODUTOS ALIMENTÍCIOS;PESSOA JURIDICA;ICMS;"=""2145049500055""";"=""20260000006367""";14129396;Efetivada;13/04/2026 16:03:25;15/04/2026 18:04:25;120;2;25/05/2026;28/05/2026;Paga;R$ 1.817,90;R$ 1.835,91;R$ 1.835,91;R$ 0,00
1200;3429;2757;"=""37359460000382""";GYNSOL DISTRIBUIDORA E LOGÍSTICA DE PRODUTOS ALIMENTÍCIOS;PESSOA JURIDICA;ICMS;"=""4011701418653""";"=""20260000006362""";14129370;Efetivada;13/04/2026 16:03:25;15/04/2026 18:04:32;120;1;20/04/2026;15/04/2026;Paga;R$ 2.135,38;R$ 2.135,38;R$ 2.135,38;R$ 0,00
1200;3429;2757;"=""37359460000382""";GYNSOL DISTRIBUIDORA E LOGÍSTICA DE PRODUTOS ALIMENTÍCIOS;PESSOA JURIDICA;ICMS;"=""4011701418653""";"=""20260000006362""";14129370;Efetivada;13/04/2026 16:03:25;15/04/2026 18:04:32;120;2;25/05/2026;28/05/2026;Paga;R$ 2.156,73;R$ 2.178,08;R$ 2.178,08;R$ 0,00
1200;3429;2756;"=""37359460000382""";GYNSOL DISTRIBUIDORA E LOGÍSTICA DE PRODUTOS ALIMENTÍCIOS;PESSOA JURIDICA;ICMS;"=""4011603277451""";"=""20260000006361""";14129361;Efetivada;13/04/2026 16:03:25;15/04/2026 18:04:39;120;1;20/04/2026;15/04/2026;Paga;R$ 2.185,33;R$ 2.185,33;R$ 2.185,33;R$ 0,00
1200;3429;2756;"=""37359460000382""";GYNSOL DISTRIBUIDORA E LOGÍSTICA DE PRODUTOS ALIMENTÍCIOS;PESSOA JURIDICA;ICMS;"=""4011603277451""";"=""20260000006361""";14129361;Efetivada;13/04/2026 16:03:25;15/04/2026 18:04:39;120;2;25/05/2026;27/05/2026;Paga;R$ 2.207,17;R$ 2.221,75;R$ 2.221,75;R$ 0,00
1200;3429;2759;"=""37359460000382""";GYNSOL DISTRIBUIDORA E LOGÍSTICA DE PRODUTOS ALIMENTÍCIOS;PESSOA JURIDICA;ICMS;"=""4011900121065""";"=""20260000006364""";14129418;Efetivada;13/04/2026 16:03:25;15/04/2026 18:04:47;120;1;20/04/2026;15/04/2026;Paga;R$ 1.413,33;R$ 1.413,33;R$ 1.413,33;R$ 0,00
1200;3429;2759;"=""37359460000382""";GYNSOL DISTRIBUIDORA E LOGÍSTICA DE PRODUTOS ALIMENTÍCIOS;PESSOA JURIDICA;ICMS;"=""4011900121065""";"=""20260000006364""";14129418;Efetivada;13/04/2026 16:03:25;15/04/2026 18:04:47;120;2;25/05/2026;28/05/2026;Paga;R$ 1.427,45;R$ 1.441,59;R$ 1.441,59;R$ 0,00
1200;3429;2755;"=""37359460000382""";GYNSOL DISTRIBUIDORA E LOGÍSTICA DE PRODUTOS ALIMENTÍCIOS;PESSOA JURIDICA;ICMS;"=""4011700613061""";"=""20260000006360""";14129400;Efetivada;13/04/2026 16:03:25;15/04/2026 18:04:54;120;1;20/04/2026;15/04/2026;Paga;R$ 1.944,92;R$ 1.944,92;R$ 1.944,92;R$ 0,00
1200;3429;2755;"=""37359460000382""";GYNSOL DISTRIBUIDORA E LOGÍSTICA DE PRODUTOS ALIMENTÍCIOS;PESSOA JURIDICA;ICMS;"=""4011700613061""";"=""20260000006360""";14129400;Efetivada;13/04/2026 16:03:25;15/04/2026 18:04:54;120;2;25/05/2026;28/05/2026;Paga;R$ 1.964,36;R$ 1.983,82;R$ 1.983,82;R$ 0,00
1200;3429;2761;"=""37359460000382""";GYNSOL DISTRIBUIDORA E LOGÍSTICA DE PRODUTOS ALIMENTÍCIOS;PESSOA JURIDICA;ICMS;"=""2145924500007""";"=""20260000006366""";14129434;Efetivada;13/04/2026 16:03:25;15/04/2026 18:05:01;120;1;20/04/2026;15/04/2026;Paga;R$ 1.504,66;R$ 1.504,66;R$ 1.504,66;R$ 0,00
1200;3429;2761;"=""37359460000382""";GYNSOL DISTRIBUIDORA E LOGÍSTICA DE PRODUTOS ALIMENTÍCIOS;PESSOA JURIDICA;ICMS;"=""2145924500007""";"=""20260000006366""";14129434;Efetivada;13/04/2026 16:03:25;15/04/2026 18:05:01;120;2;25/05/2026;28/05/2026;Paga;R$ 1.519,69;R$ 1.534,76;R$ 1.534,76;R$ 0,00
1200;3429;2760;"=""37359460000382""";GYNSOL DISTRIBUIDORA E LOGÍSTICA DE PRODUTOS ALIMENTÍCIOS;PESSOA JURIDICA;ICMS;"=""2146039000066""";"=""20260000006365""";14129426;Efetivada;13/04/2026 16:03:25;15/04/2026 18:05:08;120;1;20/04/2026;15/04/2026;Paga;R$ 1.293,51;R$ 1.293,51;R$ 1.293,51;R$ 0,00
1200;3429;2760;"=""37359460000382""";GYNSOL DISTRIBUIDORA E LOGÍSTICA DE PRODUTOS ALIMENTÍCIOS;PESSOA JURIDICA;ICMS;"=""2146039000066""";"=""20260000006365""";14129426;Efetivada;13/04/2026 16:03:25;15/04/2026 18:05:08;120;2;25/05/2026;28/05/2026;Paga;R$ 1.306,43;R$ 1.319,39;R$ 1.319,39;R$ 0,00
1200;3429;2763;"=""37359460000382""";GYNSOL DISTRIBUIDORA E LOGÍSTICA DE PRODUTOS ALIMENTÍCIOS;PESSOA JURIDICA;ICMS;"=""2145340200062""";"=""20260000006368""";14129442;Efetivada;13/04/2026 16:03:25;15/04/2026 18:05:15;120;1;20/04/2026;15/04/2026;Paga;R$ 2.674,07;R$ 2.674,07;R$ 2.674,07;R$ 0,00
1200;3429;2763;"=""37359460000382""";GYNSOL DISTRIBUIDORA E LOGÍSTICA DE PRODUTOS ALIMENTÍCIOS;PESSOA JURIDICA;ICMS;"=""2145340200062""";"=""20260000006368""";14129442;Efetivada;13/04/2026 16:03:25;15/04/2026 18:05:15;120;2;25/05/2026;28/05/2026;Paga;R$ 2.700,80;R$ 2.727,55;R$ 2.727,55;R$ 0,00
1200;3429;2764;"=""37359460000382""";GYNSOL DISTRIBUIDORA E LOGÍSTICA DE PRODUTOS ALIMENTÍCIOS;PESSOA JURIDICA;ICMS;"=""4011700836877""";"=""20260000006369""";14129450;Efetivada;13/04/2026 16:03:25;15/04/2026 18:05:23;120;1;20/04/2026;15/04/2026;Paga;R$ 2.278,46;R$ 2.278,46;R$ 2.278,46;R$ 0,00
1200;3429;2764;"=""37359460000382""";GYNSOL DISTRIBUIDORA E LOGÍSTICA DE PRODUTOS ALIMENTÍCIOS;PESSOA JURIDICA;ICMS;"=""4011700836877""";"=""20260000006369""";14129450;Efetivada;13/04/2026 16:03:25;15/04/2026 18:05:23;120;2;25/05/2026;28/05/2026;Paga;R$ 2.301,24;R$ 2.324,02;R$ 2.324,02;R$ 0,00
1201;3429;2766;"=""37359460000382""";GYNSOL DISTRIBUIDORA E LOGÍSTICA DE PRODUTOS ALIMENTÍCIOS;PESSOA JURIDICA;ICMS;"=""2146252100021""";"=""20260000006381""";14129558;Efetivada;13/04/2026 16:11:26;15/04/2026 18:05:30;120;1;20/04/2026;15/04/2026;Paga;R$ 1.518,61;R$ 1.518,61;R$ 1.518,61;R$ 0,00
1201;3429;2766;"=""37359460000382""";GYNSOL DISTRIBUIDORA E LOGÍSTICA DE PRODUTOS ALIMENTÍCIOS;PESSOA JURIDICA;ICMS;"=""2146252100021""";"=""20260000006381""";14129558;Efetivada;13/04/2026 16:11:26;15/04/2026 18:05:30;120;2;25/05/2026;28/05/2026;Paga;R$ 1.533,79;R$ 1.548,98;R$ 1.548,98;R$ 0,00
1201;3429;2773;"=""37359460000382""";GYNSOL DISTRIBUIDORA E LOGÍSTICA DE PRODUTOS ALIMENTÍCIOS;PESSOA JURIDICA;ICMS;"=""4011601982360""";"=""20260000006388""";14129574;Efetivada;13/04/2026 16:11:26;15/04/2026 18:05:37;120;1;20/04/2026;15/04/2026;Paga;R$ 1.073,08;R$ 1.073,08;R$ 1.073,08;R$ 0,00
1201;3429;2773;"=""37359460000382""";GYNSOL DISTRIBUIDORA E LOGÍSTICA DE PRODUTOS ALIMENTÍCIOS;PESSOA JURIDICA;ICMS;"=""4011601982360""";"=""20260000006388""";14129574;Efetivada;13/04/2026 16:11:26;15/04/2026 18:05:37;120;2;25/05/2026;28/05/2026;Paga;R$ 1.083,80;R$ 1.094,55;R$ 1.094,55;R$ 0,00
1201;3429;2767;"=""37359460000382""";GYNSOL DISTRIBUIDORA E LOGÍSTICA DE PRODUTOS ALIMENTÍCIOS;PESSOA JURIDICA;ICMS;"=""4011402719066""";"=""20260000006382""";14129566;Efetivada;13/04/2026 16:11:26;15/04/2026 18:05:44;120;1;20/04/2026;15/04/2026;Paga;R$ 2.128,58;R$ 2.128,58;R$ 2.128,58;R$ 0,00
1201;3429;2767;"=""37359460000382""";GYNSOL DISTRIBUIDORA E LOGÍSTICA DE PRODUTOS ALIMENTÍCIOS;PESSOA JURIDICA;ICMS;"=""4011402719066""";"=""20260000006382""";14129566;Efetivada;13/04/2026 16:11:26;15/04/2026 18:05:44;120;2;25/05/2026;28/05/2026;Paga;R$ 2.149,86;R$ 2.171,15;R$ 2.171,15;R$ 0,00
1201;3429;2765;"=""37359460000382""";GYNSOL DISTRIBUIDORA E LOGÍSTICA DE PRODUTOS ALIMENTÍCIOS;PESSOA JURIDICA;ICMS;"=""4011501931268""";"=""20260000006380""";14129582;Efetivada;13/04/2026 16:11:26;15/04/2026 18:05:54;120;1;20/04/2026;15/04/2026;Paga;R$ 1.614,40;R$ 1.614,40;R$ 1.614,40;R$ 0,00
1201;3429;2765;"=""37359460000382""";GYNSOL DISTRIBUIDORA E LOGÍSTICA DE PRODUTOS ALIMENTÍCIOS;PESSOA JURIDICA;ICMS;"=""4011501931268""";"=""20260000006380""";14129582;Efetivada;13/04/2026 16:11:26;15/04/2026 18:05:54;120;2;25/05/2026;28/05/2026;Paga;R$ 1.630,53;R$ 1.646,69;R$ 1.646,69;R$ 0,00
1201;3429;2771;"=""37359460000382""";GYNSOL DISTRIBUIDORA E LOGÍSTICA DE PRODUTOS ALIMENTÍCIOS;PESSOA JURIDICA;ICMS;"=""4011601621260""";"=""20260000006386""";14129590;Efetivada;13/04/2026 16:11:26;15/04/2026 18:06:01;120;1;20/04/2026;15/04/2026;Paga;R$ 840,76;R$ 840,76;R$ 840,76;R$ 0,00
1201;3429;2771;"=""37359460000382""";GYNSOL DISTRIBUIDORA E LOGÍSTICA DE PRODUTOS ALIMENTÍCIOS;PESSOA JURIDICA;ICMS;"=""4011601621260""";"=""20260000006386""";14129590;Efetivada;13/04/2026 16:11:26;15/04/2026 18:06:01;120;2;25/05/2026;28/05/2026;Paga;R$ 849,16;R$ 857,56;R$ 857,56;R$ 0,00
1201;3429;2768;"=""37359460000382""";GYNSOL DISTRIBUIDORA E LOGÍSTICA DE PRODUTOS ALIMENTÍCIOS;PESSOA JURIDICA;ICMS;"=""4011501082422""";"=""20260000006383""";14129612;Efetivada;13/04/2026 16:11:26;15/04/2026 18:06:08;120;1;20/04/2026;15/04/2026;Paga;R$ 2.342,30;R$ 2.342,30;R$ 2.342,30;R$ 0,00
1201;3429;2768;"=""37359460000382""";GYNSOL DISTRIBUIDORA E LOGÍSTICA DE PRODUTOS ALIMENTÍCIOS;PESSOA JURIDICA;ICMS;"=""4011501082422""";"=""20260000006383""";14129612;Efetivada;13/04/2026 16:11:26;15/04/2026 18:06:08;120;2;25/05/2026;28/05/2026;Paga;R$ 2.365,71;R$ 2.389,14;R$ 2.389,14;R$ 0,00
1201;3429;2774;"=""37359460000382""";GYNSOL DISTRIBUIDORA E LOGÍSTICA DE PRODUTOS ALIMENTÍCIOS;PESSOA JURIDICA;ICMS;"=""4011602471998""";"=""20260000006389""";14129604;Efetivada;13/04/2026 16:11:26;15/04/2026 18:06:15;120;1;20/04/2026;15/04/2026;Paga;R$ 1.798,20;R$ 1.798,20;R$ 1.798,20;R$ 0,00
1201;3429;2774;"=""37359460000382""";GYNSOL DISTRIBUIDORA E LOGÍSTICA DE PRODUTOS ALIMENTÍCIOS;PESSOA JURIDICA;ICMS;"=""4011602471998""";"=""20260000006389""";14129604;Efetivada;13/04/2026 16:11:26;15/04/2026 18:06:15;120;2;25/05/2026;28/05/2026;Paga;R$ 1.816,17;R$ 1.834,16;R$ 1.834,16;R$ 0,00
1201;3429;2769;"=""37359460000382""";GYNSOL DISTRIBUIDORA E LOGÍSTICA DE PRODUTOS ALIMENTÍCIOS;PESSOA JURIDICA;ICMS;"=""4011500157402""";"=""20260000006384""";14129620;Efetivada;13/04/2026 16:11:26;15/04/2026 18:06:22;120;1;20/04/2026;15/04/2026;Paga;R$ 540,82;R$ 540,82;R$ 540,82;R$ 0,00
1201;3429;2769;"=""37359460000382""";GYNSOL DISTRIBUIDORA E LOGÍSTICA DE PRODUTOS ALIMENTÍCIOS;PESSOA JURIDICA;ICMS;"=""4011500157402""";"=""20260000006384""";14129620;Efetivada;13/04/2026 16:11:26;15/04/2026 18:06:22;120;2;25/05/2026;28/05/2026;Paga;R$ 546,22;R$ 551,64;R$ 551,64;R$ 0,00
1201;3429;2770;"=""37359460000382""";GYNSOL DISTRIBUIDORA E LOGÍSTICA DE PRODUTOS ALIMENTÍCIOS;PESSOA JURIDICA;ICMS;"=""4011402186300""";"=""20260000006385""";14129639;Efetivada;13/04/2026 16:11:26;15/04/2026 18:06:29;79;1;20/04/2026;15/04/2026;Paga;R$ 330,60;R$ 330,60;R$ 330,60;R$ 0,00
1201;3429;2770;"=""37359460000382""";GYNSOL DISTRIBUIDORA E LOGÍSTICA DE PRODUTOS ALIMENTÍCIOS;PESSOA JURIDICA;ICMS;"=""4011402186300""";"=""20260000006385""";14129639;Efetivada;13/04/2026 16:11:26;15/04/2026 18:06:29;79;2;25/05/2026;28/05/2026;Paga;R$ 333,90;R$ 337,22;R$ 337,22;R$ 0,00
1201;3429;2772;"=""37359460000382""";GYNSOL DISTRIBUIDORA E LOGÍSTICA DE PRODUTOS ALIMENTÍCIOS;PESSOA JURIDICA;ICMS;"=""2228011400092""";"=""20260000006387""";14129647;Efetivada;13/04/2026 16:11:26;15/04/2026 18:06:36;120;1;20/04/2026;15/04/2026;Paga;R$ 1.433,96;R$ 1.433,96;R$ 1.433,96;R$ 0,00
1201;3429;2772;"=""37359460000382""";GYNSOL DISTRIBUIDORA E LOGÍSTICA DE PRODUTOS ALIMENTÍCIOS;PESSOA JURIDICA;ICMS;"=""2228011400092""";"=""20260000006387""";14129647;Efetivada;13/04/2026 16:11:26;15/04/2026 18:06:36;120;2;25/05/2026;28/05/2026;Paga;R$ 1.448,29;R$ 1.462,63;R$ 1.462,63;R$ 0,00
778;2765;1655;"=""37363561000165""";PAULO OTAVIANO GOMES DOS SANTOS ME;PESSOA JURIDICA;IPVA;"=""2290925522278""";"=""20260000003781""";13882724;Efetivada;27/02/2026 15:08:01;27/02/2026 18:09:00;1;1;27/02/2026;27/02/2026;Paga;R$ 1.159,22;R$ 1.159,22;R$ 1.159,22;R$ 0,00
1148;23;2613;"=""37406972000190""";IRRIGA MAQUINAS E ILUMINACAO LTDA;PESSOA JURIDICA;ICMS;"=""4011100751498""";"=""20260000006053""";14049740;Efetivada;26/03/2026 18:22:12;09/04/2026 12:51:02;100;1;27/03/2026;27/03/2026;Paga;R$ 569,19;R$ 569,19;R$ 569,19;R$ 0,00
1148;23;2613;"=""37406972000190""";IRRIGA MAQUINAS E ILUMINACAO LTDA;PESSOA JURIDICA;ICMS;"=""4011100751498""";"=""20260000006053""";14049740;Efetivada;26/03/2026 18:22:12;09/04/2026 12:51:02;100;2;27/04/2026;27/04/2026;Paga;R$ 574,87;R$ 574,88;R$ 574,88;R$ 0,00
1148;23;2613;"=""37406972000190""";IRRIGA MAQUINAS E ILUMINACAO LTDA;PESSOA JURIDICA;ICMS;"=""4011100751498""";"=""20260000006053""";14049740;Efetivada;26/03/2026 18:22:12;09/04/2026 12:51:02;100;3;25/05/2026;25/05/2026;Paga;R$ 574,87;R$ 581,08;R$ 581,08;R$ 0,00
1148;23;2614;"=""37406972000190""";IRRIGA MAQUINAS E ILUMINACAO LTDA;PESSOA JURIDICA;ICMS;"=""4010900599765""";"=""20260000006054""";14049759;Efetivada;26/03/2026 18:22:12;09/04/2026 12:51:02;120;1;27/03/2026;27/03/2026;Paga;R$ 821,51;R$ 821,51;R$ 821,51;R$ 0,00
1148;23;2614;"=""37406972000190""";IRRIGA MAQUINAS E ILUMINACAO LTDA;PESSOA JURIDICA;ICMS;"=""4010900599765""";"=""20260000006054""";14049759;Efetivada;26/03/2026 18:22:12;09/04/2026 12:51:02;120;2;27/04/2026;27/04/2026;Paga;R$ 829,71;R$ 829,73;R$ 829,73;R$ 0,00
1148;23;2614;"=""37406972000190""";IRRIGA MAQUINAS E ILUMINACAO LTDA;PESSOA JURIDICA;ICMS;"=""4010900599765""";"=""20260000006054""";14049759;Efetivada;26/03/2026 18:22:12;09/04/2026 12:51:02;120;3;25/05/2026;25/05/2026;Paga;R$ 829,71;R$ 838,68;R$ 838,68;R$ 0,00
1148;23;2615;"=""37406972000190""";IRRIGA MAQUINAS E ILUMINACAO LTDA;PESSOA JURIDICA;ICMS;"=""4010800609718""";"=""20260000006055""";14049767;Efetivada;26/03/2026 18:22:12;09/04/2026 12:51:03;120;1;27/03/2026;27/03/2026;Paga;R$ 1.230,30;R$ 1.230,30;R$ 1.230,30;R$ 0,00
1148;23;2615;"=""37406972000190""";IRRIGA MAQUINAS E ILUMINACAO LTDA;PESSOA JURIDICA;ICMS;"=""4010800609718""";"=""20260000006055""";14049767;Efetivada;26/03/2026 18:22:12;09/04/2026 12:51:03;120;2;27/04/2026;27/04/2026;Paga;R$ 1.242,58;R$ 1.242,60;R$ 1.242,60;R$ 0,00
1148;23;2615;"=""37406972000190""";IRRIGA MAQUINAS E ILUMINACAO LTDA;PESSOA JURIDICA;ICMS;"=""4010800609718""";"=""20260000006055""";14049767;Efetivada;26/03/2026 18:22:12;09/04/2026 12:51:03;120;3;25/05/2026;25/05/2026;Paga;R$ 1.242,58;R$ 1.256,02;R$ 1.256,02;R$ 0,00
1148;23;2616;"=""37406972000190""";IRRIGA MAQUINAS E ILUMINACAO LTDA;PESSOA JURIDICA;ICMS;"=""4011302037540""";"=""20260000006056""";14049775;Efetivada;26/03/2026 18:22:12;09/04/2026 12:51:03;48;1;27/03/2026;27/03/2026;Paga;R$ 557,94;R$ 557,94;R$ 557,94;R$ 0,00
1148;23;2616;"=""37406972000190""";IRRIGA MAQUINAS E ILUMINACAO LTDA;PESSOA JURIDICA;ICMS;"=""4011302037540""";"=""20260000006056""";14049775;Efetivada;26/03/2026 18:22:12;09/04/2026 12:51:03;48;2;27/04/2026;27/04/2026;Paga;R$ 563,50;R$ 563,52;R$ 563,52;R$ 0,00
1148;23;2616;"=""37406972000190""";IRRIGA MAQUINAS E ILUMINACAO LTDA;PESSOA JURIDICA;ICMS;"=""4011302037540""";"=""20260000006056""";14049775;Efetivada;26/03/2026 18:22:12;09/04/2026 12:51:03;48;3;25/05/2026;25/05/2026;Paga;R$ 563,50;R$ 569,60;R$ 569,60;R$ 0,00
19;23;33;"=""37406972000190""";IRRIGA MAQUINAS E ILUMINACAO LTDA;PESSOA JURIDICA;ICMS;"=""4010901404631""";"=""20250000000029""";13389572;Efetivada;11/12/2025 09:42:35;;120;1;18/12/2025;11/12/2025;Paga;R$ 10.665,43;R$ 10.665,43;R$ 10.665,43;R$ 0,00
19;23;33;"=""37406972000190""";IRRIGA MAQUINAS E ILUMINACAO LTDA;PESSOA JURIDICA;ICMS;"=""4010901404631""";"=""20250000000029""";13389572;Efetivada;11/12/2025 09:42:35;;120;2;26/01/2026;26/01/2026;Paga;R$ 10.772,06;R$ 10.772,09;R$ 10.772,09;R$ 0,00
19;23;33;"=""37406972000190""";IRRIGA MAQUINAS E ILUMINACAO LTDA;PESSOA JURIDICA;ICMS;"=""4010901404631""";"=""20250000000029""";13389572;Efetivada;11/12/2025 09:42:35;;120;3;25/02/2026;26/02/2026;Paga;R$ 10.772,06;R$ 10.931,76;R$ 10.931,76;R$ 0,00
19;23;33;"=""37406972000190""";IRRIGA MAQUINAS E ILUMINACAO LTDA;PESSOA JURIDICA;ICMS;"=""4010901404631""";"=""20250000000029""";13389572;Efetivada;11/12/2025 09:42:35;;120;4;25/03/2026;25/03/2026;Paga;R$ 10.772,06;R$ 11.002,46;R$ 11.002,46;R$ 0,00
19;23;33;"=""37406972000190""";IRRIGA MAQUINAS E ILUMINACAO LTDA;PESSOA JURIDICA;ICMS;"=""4010901404631""";"=""20250000000029""";13389572;Efetivada;11/12/2025 09:42:35;;120;5;27/04/2026;27/04/2026;Paga;R$ 10.772,06;R$ 11.131,51;R$ 11.131,51;R$ 0,00
19;23;33;"=""37406972000190""";IRRIGA MAQUINAS E ILUMINACAO LTDA;PESSOA JURIDICA;ICMS;"=""4010901404631""";"=""20250000000029""";13389572;Efetivada;11/12/2025 09:42:35;;120;6;25/05/2026;25/05/2026;Paga;R$ 10.772,06;R$ 11.247,76;R$ 11.247,76;R$ 0,00
19;23;34;"=""37406972000190""";IRRIGA MAQUINAS E ILUMINACAO LTDA;PESSOA JURIDICA;ICMS;"=""4011101287140""";"=""20250000000030""";13389530;Efetivada;11/12/2025 09:42:35;;120;1;18/12/2025;11/12/2025;Paga;R$ 15.490,71;R$ 15.490,71;R$ 15.490,71;R$ 0,00
19;23;34;"=""37406972000190""";IRRIGA MAQUINAS E ILUMINACAO LTDA;PESSOA JURIDICA;ICMS;"=""4011101287140""";"=""20250000000030""";13389530;Efetivada;11/12/2025 09:42:35;;120;2;26/01/2026;26/01/2026;Paga;R$ 15.645,60;R$ 15.645,61;R$ 15.645,61;R$ 0,00
19;23;34;"=""37406972000190""";IRRIGA MAQUINAS E ILUMINACAO LTDA;PESSOA JURIDICA;ICMS;"=""4011101287140""";"=""20250000000030""";13389530;Efetivada;11/12/2025 09:42:35;;120;3;25/02/2026;26/02/2026;Paga;R$ 15.645,60;R$ 15.877,54;R$ 15.877,54;R$ 0,00
19;23;34;"=""37406972000190""";IRRIGA MAQUINAS E ILUMINACAO LTDA;PESSOA JURIDICA;ICMS;"=""4011101287140""";"=""20250000000030""";13389530;Efetivada;11/12/2025 09:42:35;;120;4;25/03/2026;25/03/2026;Paga;R$ 15.645,60;R$ 15.980,22;R$ 15.980,22;R$ 0,00
19;23;34;"=""37406972000190""";IRRIGA MAQUINAS E ILUMINACAO LTDA;PESSOA JURIDICA;ICMS;"=""4011101287140""";"=""20250000000030""";13389530;Efetivada;11/12/2025 09:42:35;;120;5;27/04/2026;27/04/2026;Paga;R$ 15.645,60;R$ 16.167,65;R$ 16.167,65;R$ 0,00
19;23;34;"=""37406972000190""";IRRIGA MAQUINAS E ILUMINACAO LTDA;PESSOA JURIDICA;ICMS;"=""4011101287140""";"=""20250000000030""";13389530;Efetivada;11/12/2025 09:42:35;;120;6;25/05/2026;25/05/2026;Paga;R$ 15.645,60;R$ 16.336,50;R$ 16.336,50;R$ 0,00
19;23;35;"=""37406972000190""";IRRIGA MAQUINAS E ILUMINACAO LTDA;PESSOA JURIDICA;ICMS;"=""4010901171432""";"=""20250000000031""";13389564;Efetivada;11/12/2025 09:42:35;;120;1;18/12/2025;11/12/2025;Paga;R$ 6.129,87;R$ 6.129,87;R$ 6.129,87;R$ 0,00
19;23;35;"=""37406972000190""";IRRIGA MAQUINAS E ILUMINACAO LTDA;PESSOA JURIDICA;ICMS;"=""4010901171432""";"=""20250000000031""";13389564;Efetivada;11/12/2025 09:42:35;;120;2;26/01/2026;26/01/2026;Paga;R$ 6.191,16;R$ 6.191,17;R$ 6.191,17;R$ 0,00
19;23;35;"=""37406972000190""";IRRIGA MAQUINAS E ILUMINACAO LTDA;PESSOA JURIDICA;ICMS;"=""4010901171432""";"=""20250000000031""";13389564;Efetivada;11/12/2025 09:42:35;;120;3;25/02/2026;26/02/2026;Paga;R$ 6.191,16;R$ 6.282,95;R$ 6.282,95;R$ 0,00
19;23;35;"=""37406972000190""";IRRIGA MAQUINAS E ILUMINACAO LTDA;PESSOA JURIDICA;ICMS;"=""4010901171432""";"=""20250000000031""";13389564;Efetivada;11/12/2025 09:42:35;;120;4;25/03/2026;25/03/2026;Paga;R$ 6.191,16;R$ 6.323,57;R$ 6.323,57;R$ 0,00
19;23;35;"=""37406972000190""";IRRIGA MAQUINAS E ILUMINACAO LTDA;PESSOA JURIDICA;ICMS;"=""4010901171432""";"=""20250000000031""";13389564;Efetivada;11/12/2025 09:42:35;;120;5;27/04/2026;27/04/2026;Paga;R$ 6.191,16;R$ 6.397,74;R$ 6.397,74;R$ 0,00
19;23;35;"=""37406972000190""";IRRIGA MAQUINAS E ILUMINACAO LTDA;PESSOA JURIDICA;ICMS;"=""4010901171432""";"=""20250000000031""";13389564;Efetivada;11/12/2025 09:42:35;;120;6;25/05/2026;25/05/2026;Paga;R$ 6.191,16;R$ 6.464,56;R$ 6.464,56;R$ 0,00
19;23;36;"=""37406972000190""";IRRIGA MAQUINAS E ILUMINACAO LTDA;PESSOA JURIDICA;ICMS;"=""4010900757263""";"=""20250000000032""";13389548;Efetivada;11/12/2025 09:42:35;;120;1;18/12/2025;11/12/2025;Paga;R$ 4.477,36;R$ 4.477,36;R$ 4.477,36;R$ 0,00
19;23;36;"=""37406972000190""";IRRIGA MAQUINAS E ILUMINACAO LTDA;PESSOA JURIDICA;ICMS;"=""4010900757263""";"=""20250000000032""";13389548;Efetivada;11/12/2025 09:42:35;;120;2;26/01/2026;26/01/2026;Paga;R$ 4.522,12;R$ 4.522,13;R$ 4.522,13;R$ 0,00
19;23;36;"=""37406972000190""";IRRIGA MAQUINAS E ILUMINACAO LTDA;PESSOA JURIDICA;ICMS;"=""4010900757263""";"=""20250000000032""";13389548;Efetivada;11/12/2025 09:42:35;;120;3;25/02/2026;26/02/2026;Paga;R$ 4.522,12;R$ 4.589,16;R$ 4.589,16;R$ 0,00
19;23;36;"=""37406972000190""";IRRIGA MAQUINAS E ILUMINACAO LTDA;PESSOA JURIDICA;ICMS;"=""4010900757263""";"=""20250000000032""";13389548;Efetivada;11/12/2025 09:42:35;;120;4;25/03/2026;25/03/2026;Paga;R$ 4.522,12;R$ 4.618,84;R$ 4.618,84;R$ 0,00
19;23;36;"=""37406972000190""";IRRIGA MAQUINAS E ILUMINACAO LTDA;PESSOA JURIDICA;ICMS;"=""4010900757263""";"=""20250000000032""";13389548;Efetivada;11/12/2025 09:42:35;;120;5;27/04/2026;27/04/2026;Paga;R$ 4.522,12;R$ 4.673,02;R$ 4.673,02;R$ 0,00
19;23;36;"=""37406972000190""";IRRIGA MAQUINAS E ILUMINACAO LTDA;PESSOA JURIDICA;ICMS;"=""4010900757263""";"=""20250000000032""";13389548;Efetivada;11/12/2025 09:42:35;;120;6;25/05/2026;25/05/2026;Paga;R$ 4.522,12;R$ 4.721,82;R$ 4.721,82;R$ 0,00
19;23;37;"=""37406972000190""";IRRIGA MAQUINAS E ILUMINACAO LTDA;PESSOA JURIDICA;ICMS;"=""4010901405107""";"=""20250000000033""";13389556;Efetivada;11/12/2025 09:42:35;;120;1;18/12/2025;11/12/2025;Paga;R$ 5.402,42;R$ 5.402,42;R$ 5.402,42;R$ 0,00
19;23;37;"=""37406972000190""";IRRIGA MAQUINAS E ILUMINACAO LTDA;PESSOA JURIDICA;ICMS;"=""4010901405107""";"=""20250000000033""";13389556;Efetivada;11/12/2025 09:42:35;;120;2;26/01/2026;26/01/2026;Paga;R$ 5.456,42;R$ 5.456,44;R$ 5.456,44;R$ 0,00
19;23;37;"=""37406972000190""";IRRIGA MAQUINAS E ILUMINACAO LTDA;PESSOA JURIDICA;ICMS;"=""4010901405107""";"=""20250000000033""";13389556;Efetivada;11/12/2025 09:42:35;;120;3;25/02/2026;26/02/2026;Paga;R$ 5.456,42;R$ 5.537,33;R$ 5.537,33;R$ 0,00
19;23;37;"=""37406972000190""";IRRIGA MAQUINAS E ILUMINACAO LTDA;PESSOA JURIDICA;ICMS;"=""4010901405107""";"=""20250000000033""";13389556;Efetivada;11/12/2025 09:42:35;;120;4;25/03/2026;25/03/2026;Paga;R$ 5.456,42;R$ 5.573,14;R$ 5.573,14;R$ 0,00
19;23;37;"=""37406972000190""";IRRIGA MAQUINAS E ILUMINACAO LTDA;PESSOA JURIDICA;ICMS;"=""4010901405107""";"=""20250000000033""";13389556;Efetivada;11/12/2025 09:42:35;;120;5;27/04/2026;27/04/2026;Paga;R$ 5.456,42;R$ 5.638,50;R$ 5.638,50;R$ 0,00
19;23;37;"=""37406972000190""";IRRIGA MAQUINAS E ILUMINACAO LTDA;PESSOA JURIDICA;ICMS;"=""4010901405107""";"=""20250000000033""";13389556;Efetivada;11/12/2025 09:42:35;;120;6;25/05/2026;25/05/2026;Paga;R$ 5.456,42;R$ 5.697,40;R$ 5.697,40;R$ 0,00
1148;23;2617;"=""37406972000190""";IRRIGA MAQUINAS E ILUMINACAO LTDA;PESSOA JURIDICA;IPVA;"=""2263280422220""";"=""20260000006057""";14049783;Efetivada;26/03/2026 18:22:12;09/04/2026 12:51:03;1;1;27/03/2026;27/03/2026;Paga;R$ 166,62;R$ 166,62;R$ 166,62;R$ 0,00
657;2497;1387;"=""37526790187""";ISOLINA BERTOLDO DE SIQUEIRA CAIXETA;PESSOA FISICA;IPVA;"=""2317587922235""";"=""20260000002931""";13846760;Efetivada;24/02/2026 10:08:39;27/02/2026 18:03:34;2;1;27/02/2026;27/02/2026;Paga;R$ 338,76;R$ 338,76;R$ 338,76;R$ 0,00
657;2497;1387;"=""37526790187""";ISOLINA BERTOLDO DE SIQUEIRA CAIXETA;PESSOA FISICA;IPVA;"=""2317587922235""";"=""20260000002931""";13846760;Efetivada;24/02/2026 10:08:39;27/02/2026 18:03:34;2;2;25/03/2026;27/03/2026;Paga;R$ 342,13;R$ 344,42;R$ 344,42;R$ 0,00
657;2497;1386;"=""37526790187""";ISOLINA BERTOLDO DE SIQUEIRA CAIXETA;PESSOA FISICA;IPVA;"=""2177130722265""";"=""20260000002930""";13846744;Efetivada;24/02/2026 10:08:39;27/02/2026 18:03:35;2;1;27/02/2026;27/02/2026;Paga;R$ 353,26;R$ 353,26;R$ 353,26;R$ 0,00
657;2497;1386;"=""37526790187""";ISOLINA BERTOLDO DE SIQUEIRA CAIXETA;PESSOA FISICA;IPVA;"=""2177130722265""";"=""20260000002930""";13846744;Efetivada;24/02/2026 10:08:39;27/02/2026 18:03:35;2;2;25/03/2026;27/03/2026;Paga;R$ 356,79;R$ 359,16;R$ 359,16;R$ 0,00
657;2497;1385;"=""37526790187""";ISOLINA BERTOLDO DE SIQUEIRA CAIXETA;PESSOA FISICA;IPVA;"=""2049668022209""";"=""20260000002929""";13846752;Efetivada;24/02/2026 10:08:39;27/02/2026 18:03:41;2;1;27/02/2026;27/02/2026;Paga;R$ 365,87;R$ 365,87;R$ 365,87;R$ 0,00
657;2497;1385;"=""37526790187""";ISOLINA BERTOLDO DE SIQUEIRA CAIXETA;PESSOA FISICA;IPVA;"=""2049668022209""";"=""20260000002929""";13846752;Efetivada;24/02/2026 10:08:39;27/02/2026 18:03:41;2;2;25/03/2026;27/03/2026;Paga;R$ 369,52;R$ 371,97;R$ 371,97;R$ 0,00
1198;2274;2750;"=""37618758000106""";CLAUDINALE SOUZA DE LIMA;PESSOA JURIDICA;ICMS;"=""4012100816393""";"=""20260000006350""";14127946;Efetivada;13/04/2026 14:02:17;17/04/2026 18:02:00;1;1;20/04/2026;17/04/2026;Paga;R$ 112.947,76;R$ 112.947,76;R$ 112.947,76;R$ 0,00
1211;3512;2819;"=""37732420187""";GERCIOCLEITO NUNES SILVÉRIO;PESSOA FISICA;ICMS;"=""4011801964331""";"=""20260000006495""";14143216;Efetivada;15/04/2026 16:12:16;20/04/2026 18:00:46;24;1;23/04/2026;20/04/2026;Paga;R$ 978,34;R$ 978,34;R$ 978,34;R$ 0,00
1211;3512;2819;"=""37732420187""";GERCIOCLEITO NUNES SILVÉRIO;PESSOA FISICA;ICMS;"=""4011801964331""";"=""20260000006495""";14143216;Efetivada;15/04/2026 16:12:16;20/04/2026 18:00:46;24;2;25/05/2026;18/05/2026;Paga;R$ 988,11;R$ 988,12;R$ 988,12;R$ 0,00
706;2608;1502;"=""37845708000153""";ALTO PARAISO SUPER POSTO LTDA;PESSOA JURIDICA;ICMS;"=""4011203790194""";"=""20260000003196""";13859480;Efetivada;25/02/2026 10:58:01;25/02/2026 12:10:47;1;1;27/02/2026;25/02/2026;Paga;R$ 22.085,47;R$ 22.085,47;R$ 22.085,47;R$ 0,00
706;2608;1501;"=""37845708000153""";ALTO PARAISO SUPER POSTO LTDA;PESSOA JURIDICA;Pena Pecuniária;"=""3013559704052""";"=""20260000003195""";13859498;Efetivada;25/02/2026 10:58:01;25/02/2026 12:10:55;1;1;27/02/2026;25/02/2026;Paga;R$ 15.756,83;R$ 15.756,83;R$ 15.756,83;R$ 0,00
536;1032;1113;"=""37962493100""";ANTONIO DIAS DA SILVA;PESSOA FISICA;IPVA;"=""2184069722283""";"=""20260000002246""";13805681;Efetivada;19/02/2026 08:09:21;27/02/2026 12:00:20;3;1;26/02/2026;26/02/2026;Paga;R$ 369,71;R$ 369,71;R$ 369,71;R$ 0,00
536;1032;1114;"=""37962493100""";ANTONIO DIAS DA SILVA;PESSOA FISICA;IPVA;"=""2317473222200""";"=""20260000002247""";13805665;Efetivada;19/02/2026 08:09:21;27/02/2026 12:00:20;3;1;26/02/2026;26/02/2026;Paga;R$ 361,04;R$ 361,04;R$ 361,04;R$ 0,00
536;1032;1112;"=""37962493100""";ANTONIO DIAS DA SILVA;PESSOA FISICA;IPVA;"=""2050763122286""";"=""20260000002245""";13805673;Efetivada;19/02/2026 08:09:21;27/02/2026 12:00:27;3;1;26/02/2026;26/02/2026;Paga;R$ 376,87;R$ 376,87;R$ 376,87;R$ 0,00
646;2429;1336;"=""38628616861""";ETIVALDO GOMES FILHO;PESSOA FISICA;ICMS;"=""4011800277713""";"=""20260000002835""";14055970;Efetivada;24/02/2026 08:09:23;09/04/2026 12:50:52;60;1;31/03/2026;31/03/2026;Paga;R$ 1.104,58;R$ 1.104,58;R$ 1.104,58;R$ 0,00
646;2429;1336;"=""38628616861""";ETIVALDO GOMES FILHO;PESSOA FISICA;ICMS;"=""4011800277713""";"=""20260000002835""";14055970;Efetivada;24/02/2026 08:09:23;09/04/2026 12:50:52;60;2;27/04/2026;27/04/2026;Paga;R$ 1.115,62;R$ 1.115,62;R$ 1.115,62;R$ 0,00
646;2429;1336;"=""38628616861""";ETIVALDO GOMES FILHO;PESSOA FISICA;ICMS;"=""4011800277713""";"=""20260000002835""";14055970;Efetivada;24/02/2026 08:09:23;09/04/2026 12:50:52;60;3;25/05/2026;25/05/2026;Paga;R$ 1.115,62;R$ 1.127,67;R$ 1.127,67;R$ 0,00
818;1317;1759;"=""38738546191""";RONALDO RODRIGUES FERREIRA;PESSOA FISICA;IPVA;"=""2091083422271""";"=""20260000004051""";13896350;Efetivada;02/03/2026 15:09:52;03/03/2026 12:06:48;3;2;27/04/2026;24/04/2026;Paga;R$ 385,06;R$ 385,08;R$ 385,08;R$ 0,00
818;1317;1759;"=""38738546191""";RONALDO RODRIGUES FERREIRA;PESSOA FISICA;IPVA;"=""2091083422271""";"=""20260000004051""";13896350;Efetivada;02/03/2026 15:09:52;03/03/2026 12:06:48;3;3;25/05/2026;24/04/2026;Paga;R$ 385,06;R$ 385,08;R$ 385,08;R$ 0,00
1185;1317;2723;"=""38738546191""";RONALDO RODRIGUES FERREIRA;PESSOA FISICA;IPVA;"=""2297411022276""";"=""20260000006283""";14104679;Efetivada;08/04/2026 09:46:45;08/04/2026 12:03:09;3;2;25/05/2026;15/05/2026;Paga;R$ 377,50;R$ 377,52;R$ 34,32;R$ 0,00
1185;1317;2724;"=""38738546191""";RONALDO RODRIGUES FERREIRA;PESSOA FISICA;IPVA;"=""2363528622232""";"=""20260000006284""";14104687;Efetivada;08/04/2026 09:46:45;08/04/2026 12:03:16;4;2;25/05/2026;15/05/2026;Paga;R$ 346,95;R$ 346,95;R$ 346,95;R$ 0,00
713;1569;1551;"=""38744732104""";OTAVIO ROSA TAVARES;PESSOA FISICA;IPVA;"=""2352030022242""";"=""20260000003379""";13861972;Efetivada;25/02/2026 13:20:12;26/02/2026 18:09:56;3;1;27/02/2026;26/02/2026;Paga;R$ 470,63;R$ 470,63;R$ 470,63;R$ 0,00
713;1569;1551;"=""38744732104""";OTAVIO ROSA TAVARES;PESSOA FISICA;IPVA;"=""2352030022242""";"=""20260000003379""";13861972;Efetivada;25/02/2026 13:20:12;26/02/2026 18:09:56;3;2;25/03/2026;24/03/2026;Paga;R$ 475,32;R$ 475,35;R$ 475,35;R$ 0,00
713;1569;1551;"=""38744732104""";OTAVIO ROSA TAVARES;PESSOA FISICA;IPVA;"=""2352030022242""";"=""20260000003379""";13861972;Efetivada;25/02/2026 13:20:12;26/02/2026 18:09:56;3;3;27/04/2026;23/04/2026;Paga;R$ 475,32;R$ 481,05;R$ 481,05;R$ 0,00
872;1268;1845;"=""39157314000138""";FAST PHONE DISTRIBUIDORA DE PECAS E ELETRONICOS PGTU LTDA;PESSOA JURIDICA;ICMS;"=""4012100584913""";"=""20260000004370""";13912178;Efetivada;04/03/2026 09:21:19;11/03/2026 18:00:58;101;1;11/03/2026;11/03/2026;Paga;R$ 332,24;R$ 332,24;R$ 332,24;R$ 0,00
872;1268;1845;"=""39157314000138""";FAST PHONE DISTRIBUIDORA DE PECAS E ELETRONICOS PGTU LTDA;PESSOA JURIDICA;ICMS;"=""4012100584913""";"=""20260000004370""";13912178;Efetivada;04/03/2026 09:21:19;11/03/2026 18:00:58;101;2;27/04/2026;27/04/2026;Paga;R$ 335,56;R$ 335,56;R$ 335,56;R$ 0,00
1047;1972;2312;"=""39725596153""";JURACY PEREIRA DA SILVA;PESSOA FISICA;ITCD;"=""4012101407160""";"=""20260000005335""";13977679;Efetivada;13/03/2026 09:57:42;16/03/2026 12:10:50;12;1;20/03/2026;16/03/2026;Paga;R$ 1.796,66;R$ 1.796,66;R$ 1.796,66;R$ 0,00
1047;1972;2312;"=""39725596153""";JURACY PEREIRA DA SILVA;PESSOA FISICA;ITCD;"=""4012101407160""";"=""20260000005335""";13977679;Efetivada;13/03/2026 09:57:42;16/03/2026 12:10:50;12;3;25/05/2026;11/05/2026;Paga;R$ 1.814,62;R$ 1.834,21;R$ 1.834,21;R$ 0,00
1080;3315;2401;"=""39820548187""";MARCIA MARIA DA SILVA SANTOS;PESSOA FISICA;IPVA;"=""2387261622213""";"=""20260000005513""";14001357;Efetivada;17/03/2026 19:42:27;24/03/2026 12:03:00;11;1;24/03/2026;24/03/2026;Paga;R$ 465,82;R$ 465,82;R$ 465,82;R$ 0,00
1080;3315;2401;"=""39820548187""";MARCIA MARIA DA SILVA SANTOS;PESSOA FISICA;IPVA;"=""2387261622213""";"=""20260000005513""";14001357;Efetivada;17/03/2026 19:42:27;24/03/2026 12:03:00;11;2;27/04/2026;29/04/2026;Paga;R$ 470,47;R$ 473,57;R$ 473,57;R$ 0,00
1080;3315;2401;"=""39820548187""";MARCIA MARIA DA SILVA SANTOS;PESSOA FISICA;IPVA;"=""2387261622213""";"=""20260000005513""";14001357;Efetivada;17/03/2026 19:42:27;24/03/2026 12:03:00;11;3;25/05/2026;25/05/2026;Paga;R$ 470,47;R$ 475,55;R$ 475,55;R$ 0,00
457;1640;955;"=""40085430587""";JOADILSON CIRILO DOS SANTOS;PESSOA FISICA;IPVA;"=""2272503022200""";"=""20260000001911""";13776193;Efetivada;13/02/2026 10:50:48;19/02/2026 12:03:14;1;1;20/02/2026;19/02/2026;Paga;R$ 177,51;R$ 177,51;R$ 177,51;R$ 0,00
457;1640;956;"=""40085430587""";JOADILSON CIRILO DOS SANTOS;PESSOA FISICA;IPVA;"=""2381910122209""";"=""20260000001912""";13776185;Efetivada;13/02/2026 10:50:48;19/02/2026 12:03:14;1;1;20/02/2026;19/02/2026;Paga;R$ 220,21;R$ 220,21;R$ 220,21;R$ 0,00
616;2418;1283;"=""40290220149""";MARIA DINA PEIXOTO;PESSOA FISICA;IPVA;"=""2025172522273""";"=""20260000002681""";13834606;Efetivada;23/02/2026 10:08:07;23/02/2026 18:11:29;1;1;27/02/2026;23/02/2026;Paga;R$ 465,30;R$ 465,30;R$ 465,30;R$ 0,00
616;2418;1285;"=""40290220149""";MARIA DINA PEIXOTO;PESSOA FISICA;IPVA;"=""2301699922206""";"=""20260000002683""";13834614;Efetivada;23/02/2026 10:08:07;23/02/2026 18:11:29;1;1;27/02/2026;23/02/2026;Paga;R$ 432,91;R$ 432,91;R$ 432,91;R$ 0,00
616;2418;1284;"=""40290220149""";MARIA DINA PEIXOTO;PESSOA FISICA;IPVA;"=""2094766822205""";"=""20260000002682""";13834622;Efetivada;23/02/2026 10:08:07;23/02/2026 18:11:35;1;1;27/02/2026;23/02/2026;Paga;R$ 448,25;R$ 448,25;R$ 448,25;R$ 0,00
473;2098;990;"=""40312593104""";ADINALDO ROSA DA SILVA;PESSOA FISICA;ICMS;"=""4012101552845""";"=""20260000001990""";13784668;Efetivada;13/02/2026 14:00:44;19/02/2026 18:03:39;24;1;20/02/2026;19/02/2026;Paga;R$ 887,38;R$ 887,38;R$ 887,38;R$ 0,00
473;2098;990;"=""40312593104""";ADINALDO ROSA DA SILVA;PESSOA FISICA;ICMS;"=""4012101552845""";"=""20260000001990""";13784668;Efetivada;13/02/2026 14:00:44;19/02/2026 18:03:39;24;2;25/03/2026;24/03/2026;Paga;R$ 896,24;R$ 896,26;R$ 896,26;R$ 0,00
473;2098;990;"=""40312593104""";ADINALDO ROSA DA SILVA;PESSOA FISICA;ICMS;"=""4012101552845""";"=""20260000001990""";13784668;Efetivada;13/02/2026 14:00:44;19/02/2026 18:03:39;24;3;27/04/2026;22/04/2026;Paga;R$ 896,24;R$ 906,99;R$ 906,99;R$ 0,00
473;2098;989;"=""40312593104""";ADINALDO ROSA DA SILVA;PESSOA FISICA;ICMS;"=""4012200518564""";"=""20260000001989""";13784676;Efetivada;13/02/2026 14:00:44;19/02/2026 18:03:40;2;1;20/02/2026;19/02/2026;Paga;R$ 1.051,71;R$ 1.051,71;R$ 1.051,71;R$ 0,00
473;2098;989;"=""40312593104""";ADINALDO ROSA DA SILVA;PESSOA FISICA;ICMS;"=""4012200518564""";"=""20260000001989""";13784676;Efetivada;13/02/2026 14:00:44;19/02/2026 18:03:40;2;2;25/03/2026;24/03/2026;Paga;R$ 1.062,22;R$ 1.062,24;R$ 1.062,24;R$ 0,00
553;1602;1141;"=""41288050178""";LAZARO ARRUDA VIEIRA;PESSOA FISICA;ITCD;"=""4012200949620""";"=""20260000002322""";13813323;Efetivada;19/02/2026 15:43:46;19/02/2026 18:09:45;1;1;26/02/2026;19/02/2026;Paga;R$ 8.862,14;R$ 8.862,14;R$ 8.862,14;R$ 0,00
550;982;1134;"=""41549118000150""";L.S CONFECCOES LTDA;PESSOA JURIDICA;ICMS;"=""4012200668108""";"=""20260000002303""";13810766;Efetivada;19/02/2026 13:56:22;19/02/2026 18:08:48;10;1;26/02/2026;19/02/2026;Paga;R$ 376,54;R$ 376,54;R$ 376,54;R$ 0,00
716;1849;1554;"=""41851048120""";DIVINA FERNANDES DA SILVA;PESSOA FISICA;ICMS;"=""4012000970609""";"=""20260000003385""";13862103;Efetivada;25/02/2026 13:36:43;27/02/2026 12:06:41;80;1;27/02/2026;27/02/2026;Paga;R$ 1.004,60;R$ 1.004,60;R$ 1.004,60;R$ 0,00
716;1849;1554;"=""41851048120""";DIVINA FERNANDES DA SILVA;PESSOA FISICA;ICMS;"=""4012000970609""";"=""20260000003385""";13862103;Efetivada;25/02/2026 13:36:43;27/02/2026 12:06:41;80;2;25/03/2026;25/03/2026;Paga;R$ 1.014,64;R$ 1.014,64;R$ 1.014,64;R$ 0,00
716;1849;1554;"=""41851048120""";DIVINA FERNANDES DA SILVA;PESSOA FISICA;ICMS;"=""4012000970609""";"=""20260000003385""";13862103;Efetivada;25/02/2026 13:36:43;27/02/2026 12:06:41;80;3;27/04/2026;27/04/2026;Paga;R$ 1.014,64;R$ 1.026,80;R$ 1.026,80;R$ 0,00
716;1849;1554;"=""41851048120""";DIVINA FERNANDES DA SILVA;PESSOA FISICA;ICMS;"=""4012000970609""";"=""20260000003385""";13862103;Efetivada;25/02/2026 13:36:43;27/02/2026 12:06:41;80;4;25/05/2026;25/05/2026;Paga;R$ 1.014,64;R$ 1.037,75;R$ 1.037,75;R$ 0,00
366;1849;787;"=""41851048120""";DIVINA FERNANDES DA SILVA;PESSOA FISICA;Pena Pecuniária;"=""4012000970013""";"=""20260000001506""";13773747;Efetivada;11/02/2026 10:07:32;06/04/2026 16:22:32;1;1;18/02/2026;25/02/2026;Paga;R$ 1.530,43;R$ 1.530,43;R$ 1.530,43;R$ 0,00
213;1429;473;"=""41888359153""";CESAR SALVADOR DA SILVA;PESSOA FISICA;ICMS;"=""4011802648620""";"=""20260000000749""";13711776;Efetivada;06/02/2026 08:03:00;11/02/2026 18:05:04;28;1;13/02/2026;11/02/2026;Paga;R$ 339,00;R$ 339,00;R$ 339,00;R$ 0,00
213;1429;473;"=""41888359153""";CESAR SALVADOR DA SILVA;PESSOA FISICA;ICMS;"=""4011802648620""";"=""20260000000749""";13711776;Efetivada;06/02/2026 08:03:00;11/02/2026 18:05:04;28;2;25/03/2026;16/03/2026;Paga;R$ 342,38;R$ 342,39;R$ 342,39;R$ 0,00
213;1429;473;"=""41888359153""";CESAR SALVADOR DA SILVA;PESSOA FISICA;ICMS;"=""4011802648620""";"=""20260000000749""";13711776;Efetivada;06/02/2026 08:03:00;11/02/2026 18:05:04;28;3;27/04/2026;15/04/2026;Paga;R$ 342,38;R$ 346,49;R$ 346,49;R$ 0,00
213;1429;473;"=""41888359153""";CESAR SALVADOR DA SILVA;PESSOA FISICA;ICMS;"=""4011802648620""";"=""20260000000749""";13711776;Efetivada;06/02/2026 08:03:00;11/02/2026 18:05:04;28;4;25/05/2026;18/05/2026;Paga;R$ 342,38;R$ 350,19;R$ 350,19;R$ 0,00
1313;1853;3065;"=""42234005002091""";REGINAVES  INDÚSTRIA E COMÉRCIO DE AVES LTDA;PESSOA JURIDICA;ICMS;"=""4022300003490""";"=""20260000007363""";14281996;Efetivada;21/05/2026 15:29:08;28/05/2026 18:00:02;145;1;28/05/2026;28/05/2026;Paga;R$ 12.289,34;R$ 12.289,34;R$ 12.289,34;R$ 0,00
52;798;113;"=""42357799153""";MIRIAN DE OLIVEIRA;PESSOA FISICA;IPVA;"=""2390065622206""";"=""20260000000070""";13660306;Efetivada;02/02/2026 16:50:52;06/02/2026 18:02:19;3;2;25/03/2026;25/03/2026;Paga;R$ 351,24;R$ 351,26;R$ 351,26;R$ 0,00
52;798;113;"=""42357799153""";MIRIAN DE OLIVEIRA;PESSOA FISICA;IPVA;"=""2390065622206""";"=""20260000000070""";13660306;Efetivada;02/02/2026 16:50:52;06/02/2026 18:02:19;3;3;27/04/2026;27/04/2026;Paga;R$ 351,24;R$ 355,47;R$ 355,47;R$ 0,00
708;2616;1504;"=""42395577120""";ANESIO PAULO DA SILVA;PESSOA FISICA;ICMS;"=""4011601378226""";"=""20260000003201""";13860879;Efetivada;25/02/2026 11:26:10;25/02/2026 18:11:15;43;1;27/02/2026;25/02/2026;Paga;R$ 330,50;R$ 330,50;R$ 330,50;R$ 0,00
708;2616;1504;"=""42395577120""";ANESIO PAULO DA SILVA;PESSOA FISICA;ICMS;"=""4011601378226""";"=""20260000003201""";13860879;Efetivada;25/02/2026 11:26:10;25/02/2026 18:11:15;43;2;25/03/2026;25/03/2026;Paga;R$ 333,80;R$ 333,80;R$ 333,80;R$ 0,00
708;2616;1504;"=""42395577120""";ANESIO PAULO DA SILVA;PESSOA FISICA;ICMS;"=""4011601378226""";"=""20260000003201""";13860879;Efetivada;25/02/2026 11:26:10;25/02/2026 18:11:15;43;3;27/04/2026;27/04/2026;Paga;R$ 333,80;R$ 337,80;R$ 337,80;R$ 0,00
708;2616;1504;"=""42395577120""";ANESIO PAULO DA SILVA;PESSOA FISICA;ICMS;"=""4011601378226""";"=""20260000003201""";13860879;Efetivada;25/02/2026 11:26:10;25/02/2026 18:11:15;43;4;25/05/2026;20/05/2026;Paga;R$ 333,80;R$ 341,41;R$ 341,41;R$ 0,00
192;1354;419;"=""43018076168""";RONIVALDO XAVIER DA COSTA;PESSOA FISICA;ITCD;"=""4012101431622""";"=""20260000000640""";13756575;Efetivada;05/02/2026 12:10:16;12/02/2026 12:07:14;10;1;12/02/2026;12/02/2026;Paga;R$ 330,00;R$ 330,00;R$ 330,00;R$ 0,00
192;1354;419;"=""43018076168""";RONIVALDO XAVIER DA COSTA;PESSOA FISICA;ITCD;"=""4012101431622""";"=""20260000000640""";13756575;Efetivada;05/02/2026 12:10:16;12/02/2026 12:07:14;10;2;25/03/2026;25/03/2026;Paga;R$ 333,30;R$ 333,30;R$ 333,30;R$ 0,00
192;1354;419;"=""43018076168""";RONIVALDO XAVIER DA COSTA;PESSOA FISICA;ITCD;"=""4012101431622""";"=""20260000000640""";13756575;Efetivada;05/02/2026 12:10:16;12/02/2026 12:07:14;10;3;27/04/2026;27/04/2026;Paga;R$ 333,30;R$ 337,29;R$ 337,29;R$ 0,00
192;1354;419;"=""43018076168""";RONIVALDO XAVIER DA COSTA;PESSOA FISICA;ITCD;"=""4012101431622""";"=""20260000000640""";13756575;Efetivada;05/02/2026 12:10:16;12/02/2026 12:07:14;10;4;25/05/2026;25/05/2026;Paga;R$ 333,30;R$ 340,89;R$ 340,89;R$ 0,00
785;2605;1699;"=""43095674104""";IRAILDO MANOEL DOS SANTOS;PESSOA FISICA;IPVA;"=""2265458822297""";"=""20260000003906""";13884522;Efetivada;27/02/2026 16:38:25;28/02/2026 06:08:45;2;1;27/02/2026;27/02/2026;Paga;R$ 412,64;R$ 412,64;R$ 412,64;R$ 0,00
785;2605;1699;"=""43095674104""";IRAILDO MANOEL DOS SANTOS;PESSOA FISICA;IPVA;"=""2265458822297""";"=""20260000003906""";13884522;Efetivada;27/02/2026 16:38:25;28/02/2026 06:08:45;2;2;25/03/2026;31/03/2026;Paga;R$ 416,76;R$ 425,03;R$ 425,03;R$ 0,00
785;2605;1698;"=""43095674104""";IRAILDO MANOEL DOS SANTOS;PESSOA FISICA;IPVA;"=""2064810822226""";"=""20260000003905""";13884549;Efetivada;27/02/2026 16:38:25;28/02/2026 06:08:51;2;1;27/02/2026;27/02/2026;Paga;R$ 431,41;R$ 431,41;R$ 431,41;R$ 0,00
785;2605;1698;"=""43095674104""";IRAILDO MANOEL DOS SANTOS;PESSOA FISICA;IPVA;"=""2064810822226""";"=""20260000003905""";13884549;Efetivada;27/02/2026 16:38:25;28/02/2026 06:08:51;2;2;25/03/2026;31/03/2026;Paga;R$ 435,72;R$ 444,34;R$ 444,34;R$ 0,00
785;2605;1700;"=""43095674104""";IRAILDO MANOEL DOS SANTOS;PESSOA FISICA;IPVA;"=""2352801622223""";"=""20260000003907""";13884530;Efetivada;27/02/2026 16:38:25;28/02/2026 06:08:51;2;1;27/02/2026;27/02/2026;Paga;R$ 478,75;R$ 478,75;R$ 478,75;R$ 0,00
785;2605;1700;"=""43095674104""";IRAILDO MANOEL DOS SANTOS;PESSOA FISICA;IPVA;"=""2352801622223""";"=""20260000003907""";13884530;Efetivada;27/02/2026 16:38:25;28/02/2026 06:08:51;2;2;25/03/2026;31/03/2026;Paga;R$ 483,53;R$ 493,13;R$ 493,13;R$ 0,00
785;2605;1697;"=""43095674104""";IRAILDO MANOEL DOS SANTOS;PESSOA FISICA;IPVA;"=""2022023922275""";"=""20260000003904""";13884514;Efetivada;27/02/2026 16:38:25;28/02/2026 06:08:58;2;1;27/02/2026;27/02/2026;Paga;R$ 449,02;R$ 449,02;R$ 449,02;R$ 0,00
785;2605;1697;"=""43095674104""";IRAILDO MANOEL DOS SANTOS;PESSOA FISICA;IPVA;"=""2022023922275""";"=""20260000003904""";13884514;Efetivada;27/02/2026 16:38:25;28/02/2026 06:08:58;2;2;25/03/2026;31/03/2026;Paga;R$ 453,50;R$ 462,50;R$ 462,50;R$ 0,00
163;1201;357;"=""43338402104""";SERGIO DE CARVALHO SOUSA;PESSOA FISICA;Pena Pecuniária;"=""4011800985475""";"=""20260000000476""";13751590;Efetivada;04/02/2026 16:11:14;11/02/2026 18:07:46;24;1;11/02/2026;11/02/2026;Paga;R$ 331,35;R$ 331,35;R$ 331,35;R$ 0,00
163;1201;357;"=""43338402104""";SERGIO DE CARVALHO SOUSA;PESSOA FISICA;Pena Pecuniária;"=""4011800985475""";"=""20260000000476""";13751590;Efetivada;04/02/2026 16:11:14;11/02/2026 18:07:46;24;2;25/03/2026;23/03/2026;Paga;R$ 334,66;R$ 334,66;R$ 334,66;R$ 0,00
163;1201;357;"=""43338402104""";SERGIO DE CARVALHO SOUSA;PESSOA FISICA;Pena Pecuniária;"=""4011800985475""";"=""20260000000476""";13751590;Efetivada;04/02/2026 16:11:14;11/02/2026 18:07:46;24;3;27/04/2026;23/04/2026;Paga;R$ 334,66;R$ 338,68;R$ 338,68;R$ 0,00
163;1201;357;"=""43338402104""";SERGIO DE CARVALHO SOUSA;PESSOA FISICA;Pena Pecuniária;"=""4011800985475""";"=""20260000000476""";13751590;Efetivada;04/02/2026 16:11:14;11/02/2026 18:07:46;24;4;25/05/2026;25/05/2026;Paga;R$ 334,66;R$ 342,28;R$ 342,28;R$ 0,00
163;1201;358;"=""43338402104""";SERGIO DE CARVALHO SOUSA;PESSOA FISICA;Pena Pecuniária;"=""4011800986790""";"=""20260000000477""";13751603;Efetivada;04/02/2026 16:11:14;11/02/2026 18:07:52;4;1;11/02/2026;11/02/2026;Paga;R$ 331,35;R$ 331,35;R$ 331,35;R$ 0,00
163;1201;358;"=""43338402104""";SERGIO DE CARVALHO SOUSA;PESSOA FISICA;Pena Pecuniária;"=""4011800986790""";"=""20260000000477""";13751603;Efetivada;04/02/2026 16:11:14;11/02/2026 18:07:52;4;2;25/03/2026;23/03/2026;Paga;R$ 334,66;R$ 334,66;R$ 334,66;R$ 0,00
163;1201;358;"=""43338402104""";SERGIO DE CARVALHO SOUSA;PESSOA FISICA;Pena Pecuniária;"=""4011800986790""";"=""20260000000477""";13751603;Efetivada;04/02/2026 16:11:14;11/02/2026 18:07:52;4;3;27/04/2026;24/04/2026;Paga;R$ 334,66;R$ 338,68;R$ 338,68;R$ 0,00
163;1201;358;"=""43338402104""";SERGIO DE CARVALHO SOUSA;PESSOA FISICA;Pena Pecuniária;"=""4011800986790""";"=""20260000000477""";13751603;Efetivada;04/02/2026 16:11:14;11/02/2026 18:07:52;4;4;25/05/2026;25/05/2026;Paga;R$ 334,66;R$ 342,28;R$ 342,28;R$ 0,00
566;1858;1163;"=""43598447191""";IVANISIO GOMES DE SANTANA;PESSOA FISICA;IPVA;"=""2353872322280""";"=""20260000002377""";13819810;Efetivada;20/02/2026 10:08:35;21/02/2026 06:06:52;5;1;27/02/2026;20/02/2026;Paga;R$ 344,22;R$ 344,22;R$ 344,22;R$ 0,00
566;1858;1163;"=""43598447191""";IVANISIO GOMES DE SANTANA;PESSOA FISICA;IPVA;"=""2353872322280""";"=""20260000002377""";13819810;Efetivada;20/02/2026 10:08:35;21/02/2026 06:06:52;5;2;25/03/2026;16/03/2026;Paga;R$ 347,65;R$ 347,67;R$ 347,67;R$ 0,00
566;1858;1163;"=""43598447191""";IVANISIO GOMES DE SANTANA;PESSOA FISICA;IPVA;"=""2353872322280""";"=""20260000002377""";13819810;Efetivada;20/02/2026 10:08:35;21/02/2026 06:06:52;5;3;27/04/2026;10/04/2026;Paga;R$ 347,65;R$ 351,84;R$ 351,84;R$ 0,00
566;1858;1163;"=""43598447191""";IVANISIO GOMES DE SANTANA;PESSOA FISICA;IPVA;"=""2353872322280""";"=""20260000002377""";13819810;Efetivada;20/02/2026 10:08:35;21/02/2026 06:06:52;5;4;25/05/2026;11/05/2026;Paga;R$ 347,65;R$ 355,59;R$ 355,59;R$ 0,00
951;3119;2076;"=""43889948120""";EDSON PEREIRA DO NASCIMENTO ;PESSOA FISICA;IPVA;"=""2333552422211""";"=""20260000004803""";13935127;Efetivada;06/03/2026 15:28:30;06/03/2026 18:13:54;3;2;27/04/2026;25/03/2026;Paga;R$ 407,79;R$ 403,77;R$ 403,77;R$ 0,00
951;3119;2076;"=""43889948120""";EDSON PEREIRA DO NASCIMENTO ;PESSOA FISICA;IPVA;"=""2333552422211""";"=""20260000004803""";13935127;Efetivada;06/03/2026 15:28:30;06/03/2026 18:13:54;3;3;25/05/2026;24/04/2026;Paga;R$ 407,79;R$ 407,81;R$ 407,81;R$ 0,00
483;1253;1010;"=""43954460002296""";RODOVIARIO MORADA DO SOL LTDA EM RECUPERAÇÃO JUDICIAL;PESSOA JURIDICA;ICMS;"=""2001198966678""";"=""20260000002030""";13803301;Efetivada;13/02/2026 16:43:24;20/02/2026 06:04:54;1;1;20/02/2026;19/02/2026;Paga;R$ 279,00;R$ 279,00;R$ 279,00;R$ 0,00
483;1253;1009;"=""43954460002296""";RODOVIARIO MORADA DO SOL LTDA EM RECUPERAÇÃO JUDICIAL;PESSOA JURIDICA;ICMS;"=""4012400797726""";"=""20260000002029""";13803328;Efetivada;13/02/2026 16:43:24;20/02/2026 06:05:00;145;1;20/02/2026;19/02/2026;Paga;R$ 525,82;R$ 525,82;R$ 525,82;R$ 0,00
483;1253;1009;"=""43954460002296""";RODOVIARIO MORADA DO SOL LTDA EM RECUPERAÇÃO JUDICIAL;PESSOA JURIDICA;ICMS;"=""4012400797726""";"=""20260000002029""";13803328;Efetivada;13/02/2026 16:43:24;20/02/2026 06:05:00;145;2;25/03/2026;24/03/2026;Paga;R$ 531,07;R$ 531,08;R$ 531,08;R$ 0,00
483;1253;1009;"=""43954460002296""";RODOVIARIO MORADA DO SOL LTDA EM RECUPERAÇÃO JUDICIAL;PESSOA JURIDICA;ICMS;"=""4012400797726""";"=""20260000002029""";13803328;Efetivada;13/02/2026 16:43:24;20/02/2026 06:05:00;145;3;27/04/2026;24/04/2026;Paga;R$ 531,07;R$ 537,44;R$ 537,44;R$ 0,00
483;1253;1009;"=""43954460002296""";RODOVIARIO MORADA DO SOL LTDA EM RECUPERAÇÃO JUDICIAL;PESSOA JURIDICA;ICMS;"=""4012400797726""";"=""20260000002029""";13803328;Efetivada;13/02/2026 16:43:24;20/02/2026 06:05:00;145;4;25/05/2026;25/05/2026;Paga;R$ 531,07;R$ 543,17;R$ 543,17;R$ 0,00
483;1253;1012;"=""43954460002296""";RODOVIARIO MORADA DO SOL LTDA EM RECUPERAÇÃO JUDICIAL;PESSOA JURIDICA;ICMS;"=""2001199166683""";"=""20260000002032""";13803344;Efetivada;13/02/2026 16:43:24;20/02/2026 06:05:01;3;1;20/02/2026;19/02/2026;Paga;R$ 418,49;R$ 418,49;R$ 418,49;R$ 0,00
483;1253;1012;"=""43954460002296""";RODOVIARIO MORADA DO SOL LTDA EM RECUPERAÇÃO JUDICIAL;PESSOA JURIDICA;ICMS;"=""2001199166683""";"=""20260000002032""";13803344;Efetivada;13/02/2026 16:43:24;20/02/2026 06:05:01;3;2;25/03/2026;24/03/2026;Paga;R$ 422,67;R$ 422,68;R$ 422,68;R$ 0,00
483;1253;1012;"=""43954460002296""";RODOVIARIO MORADA DO SOL LTDA EM RECUPERAÇÃO JUDICIAL;PESSOA JURIDICA;ICMS;"=""2001199166683""";"=""20260000002032""";13803344;Efetivada;13/02/2026 16:43:24;20/02/2026 06:05:01;3;3;27/04/2026;24/04/2026;Paga;R$ 422,67;R$ 427,75;R$ 427,75;R$ 0,00
483;1253;1011;"=""43954460002296""";RODOVIARIO MORADA DO SOL LTDA EM RECUPERAÇÃO JUDICIAL;PESSOA JURIDICA;ICMS;"=""2001199066620""";"=""20260000002031""";13803336;Efetivada;13/02/2026 16:43:24;20/02/2026 06:05:07;17;1;20/02/2026;19/02/2026;Paga;R$ 331,12;R$ 331,12;R$ 331,12;R$ 0,00
483;1253;1011;"=""43954460002296""";RODOVIARIO MORADA DO SOL LTDA EM RECUPERAÇÃO JUDICIAL;PESSOA JURIDICA;ICMS;"=""2001199066620""";"=""20260000002031""";13803336;Efetivada;13/02/2026 16:43:24;20/02/2026 06:05:07;17;2;25/03/2026;24/03/2026;Paga;R$ 334,43;R$ 334,43;R$ 334,43;R$ 0,00
483;1253;1011;"=""43954460002296""";RODOVIARIO MORADA DO SOL LTDA EM RECUPERAÇÃO JUDICIAL;PESSOA JURIDICA;ICMS;"=""2001199066620""";"=""20260000002031""";13803336;Efetivada;13/02/2026 16:43:24;20/02/2026 06:05:07;17;3;27/04/2026;24/04/2026;Paga;R$ 334,43;R$ 338,44;R$ 338,44;R$ 0,00
483;1253;1011;"=""43954460002296""";RODOVIARIO MORADA DO SOL LTDA EM RECUPERAÇÃO JUDICIAL;PESSOA JURIDICA;ICMS;"=""2001199066620""";"=""20260000002031""";13803336;Efetivada;13/02/2026 16:43:24;20/02/2026 06:05:07;17;4;25/05/2026;25/05/2026;Paga;R$ 334,43;R$ 342,04;R$ 342,04;R$ 0,00
483;1253;1013;"=""43954460002296""";RODOVIARIO MORADA DO SOL LTDA EM RECUPERAÇÃO JUDICIAL;PESSOA JURIDICA;ICMS;"=""2003651066692""";"=""20260000002033""";13803310;Efetivada;13/02/2026 16:43:24;20/02/2026 06:05:07;3;1;20/02/2026;19/02/2026;Paga;R$ 418,36;R$ 418,36;R$ 418,36;R$ 0,00
483;1253;1013;"=""43954460002296""";RODOVIARIO MORADA DO SOL LTDA EM RECUPERAÇÃO JUDICIAL;PESSOA JURIDICA;ICMS;"=""2003651066692""";"=""20260000002033""";13803310;Efetivada;13/02/2026 16:43:24;20/02/2026 06:05:07;3;2;25/03/2026;24/03/2026;Paga;R$ 422,54;R$ 422,54;R$ 422,54;R$ 0,00
483;1253;1013;"=""43954460002296""";RODOVIARIO MORADA DO SOL LTDA EM RECUPERAÇÃO JUDICIAL;PESSOA JURIDICA;ICMS;"=""2003651066692""";"=""20260000002033""";13803310;Efetivada;13/02/2026 16:43:24;20/02/2026 06:05:07;3;3;27/04/2026;24/04/2026;Paga;R$ 422,54;R$ 427,61;R$ 427,61;R$ 0,00
8;257;13;"=""44091877168""";ELDER GALDINO PEREIRA;PESSOA FISICA;ICMS;"=""4011802755892""";"=""20250000000009""";13344080;Efetivada;26/11/2025 09:58:53;;145;1;28/11/2025;26/11/2025;Paga;R$ 1.929,82;R$ 1.929,82;R$ 1.929,82;R$ 0,00
8;257;13;"=""44091877168""";ELDER GALDINO PEREIRA;PESSOA FISICA;ICMS;"=""4011802755892""";"=""20250000000009""";13344080;Efetivada;26/11/2025 09:58:53;;145;2;29/12/2025;23/12/2025;Paga;R$ 1.949,11;R$ 1.949,11;R$ 1.949,11;R$ 0,00
8;257;13;"=""44091877168""";ELDER GALDINO PEREIRA;PESSOA FISICA;ICMS;"=""4011802755892""";"=""20250000000009""";13344080;Efetivada;26/11/2025 09:58:53;;145;3;26/01/2026;26/01/2026;Paga;R$ 1.949,11;R$ 1.972,66;R$ 1.972,66;R$ 0,00
8;257;13;"=""44091877168""";ELDER GALDINO PEREIRA;PESSOA FISICA;ICMS;"=""4011802755892""";"=""20250000000009""";13344080;Efetivada;26/11/2025 09:58:53;;145;4;25/02/2026;26/02/2026;Paga;R$ 1.949,11;R$ 2.001,64;R$ 2.001,64;R$ 0,00
8;257;13;"=""44091877168""";ELDER GALDINO PEREIRA;PESSOA FISICA;ICMS;"=""4011802755892""";"=""20250000000009""";13344080;Efetivada;26/11/2025 09:58:53;;145;5;25/03/2026;27/03/2026;Paga;R$ 1.949,11;R$ 2.027,64;R$ 2.027,64;R$ 0,00
8;257;13;"=""44091877168""";ELDER GALDINO PEREIRA;PESSOA FISICA;ICMS;"=""4011802755892""";"=""20250000000009""";13344080;Efetivada;26/11/2025 09:58:53;;145;6;27/04/2026;27/04/2026;Paga;R$ 1.949,11;R$ 2.037,70;R$ 2.037,70;R$ 0,00
8;257;13;"=""44091877168""";ELDER GALDINO PEREIRA;PESSOA FISICA;ICMS;"=""4011802755892""";"=""20250000000009""";13344080;Efetivada;26/11/2025 09:58:53;;145;7;25/05/2026;26/05/2026;Paga;R$ 1.949,11;R$ 2.065,53;R$ 2.065,53;R$ 0,00
702;2602;1497;"=""44142234153""";MARIA DA GUIA SILVA FERREIRA;PESSOA FISICA;IPVA;"=""2283408722289""";"=""20260000003182""";13858050;Efetivada;25/02/2026 09:57:32;25/02/2026 18:10:20;1;1;27/02/2026;25/02/2026;Paga;R$ 212,70;R$ 212,70;R$ 212,70;R$ 0,00
753;1751;1615;"=""44409443100""";CLAUDIO PAULINO PEREIRA;PESSOA FISICA;IPVA;"=""2346949222230""";"=""20260000003658""";13879901;Efetivada;26/02/2026 18:19:21;27/02/2026 18:08:06;3;1;27/02/2026;27/02/2026;Paga;R$ 334,13;R$ 334,13;R$ 334,13;R$ 0,00
753;1751;1615;"=""44409443100""";CLAUDIO PAULINO PEREIRA;PESSOA FISICA;IPVA;"=""2346949222230""";"=""20260000003658""";13879901;Efetivada;26/02/2026 18:19:21;27/02/2026 18:08:06;3;3;27/04/2026;10/04/2026;Paga;R$ 337,46;R$ 341,52;R$ 341,52;R$ 0,00
753;1751;1614;"=""44409443100""";CLAUDIO PAULINO PEREIRA;PESSOA FISICA;IPVA;"=""2276141022217""";"=""20260000003657""";13879898;Efetivada;26/02/2026 18:19:21;27/02/2026 18:08:14;2;1;27/02/2026;27/02/2026;Paga;R$ 417,65;R$ 417,65;R$ 417,65;R$ 0,00
736;2660;1586;"=""44894937204""";ELVI BIOMAR TOLENTINO DE SOUZA;PESSOA FISICA;ICMS;"=""4011902524337""";"=""20260000003453""";13870270;Efetivada;25/02/2026 19:51:05;27/02/2026 12:07:40;18;1;27/02/2026;27/02/2026;Paga;R$ 354,61;R$ 354,61;R$ 354,61;R$ 0,00
736;2660;1586;"=""44894937204""";ELVI BIOMAR TOLENTINO DE SOUZA;PESSOA FISICA;ICMS;"=""4011902524337""";"=""20260000003453""";13870270;Efetivada;25/02/2026 19:51:05;27/02/2026 12:07:40;18;2;25/03/2026;23/03/2026;Paga;R$ 358,15;R$ 358,15;R$ 358,15;R$ 0,00
736;2660;1586;"=""44894937204""";ELVI BIOMAR TOLENTINO DE SOUZA;PESSOA FISICA;ICMS;"=""4011902524337""";"=""20260000003453""";13870270;Efetivada;25/02/2026 19:51:05;27/02/2026 12:07:40;18;3;27/04/2026;27/04/2026;Paga;R$ 358,15;R$ 362,44;R$ 362,44;R$ 0,00
736;2660;1586;"=""44894937204""";ELVI BIOMAR TOLENTINO DE SOUZA;PESSOA FISICA;ICMS;"=""4011902524337""";"=""20260000003453""";13870270;Efetivada;25/02/2026 19:51:05;27/02/2026 12:07:40;18;4;25/05/2026;19/05/2026;Paga;R$ 358,15;R$ 366,31;R$ 366,31;R$ 0,00
925;3047;1994;"=""45123721134""";CLEIDIMAR FERREIRA PACHECO ROQUE;PESSOA FISICA;ICMS;"=""4011802139407""";"=""20260000004663""";13925636;Efetivada;05/03/2026 14:16:19;13/03/2026 06:03:26;10;1;12/03/2026;10/03/2026;Paga;R$ 528,47;R$ 528,47;R$ 528,47;R$ 0,00
925;3047;1994;"=""45123721134""";CLEIDIMAR FERREIRA PACHECO ROQUE;PESSOA FISICA;ICMS;"=""4011802139407""";"=""20260000004663""";13925636;Efetivada;05/03/2026 14:16:19;13/03/2026 06:03:26;10;2;27/04/2026;10/04/2026;Paga;R$ 533,74;R$ 533,76;R$ 533,76;R$ 0,00
925;3047;1994;"=""45123721134""";CLEIDIMAR FERREIRA PACHECO ROQUE;PESSOA FISICA;ICMS;"=""4011802139407""";"=""20260000004663""";13925636;Efetivada;05/03/2026 14:16:19;13/03/2026 06:03:26;10;3;25/05/2026;11/05/2026;Paga;R$ 533,74;R$ 539,52;R$ 539,52;R$ 0,00
729;2639;1577;"=""45852677191""";REGIANE DIVINA SILVA CARVALHO;PESSOA FISICA;ICMS;"=""4011802006270""";"=""20260000003435""";13868250;Efetivada;25/02/2026 15:45:21;27/02/2026 18:06:16;9;1;27/02/2026;27/02/2026;Paga;R$ 331,22;R$ 331,22;R$ 331,22;R$ 0,00
430;1801;897;"=""46107320687""";EVERSON LUIS GRABOSKI;PESSOA FISICA;IPVA;"=""2312279622256""";"=""20260000001757""";13767542;Efetivada;12/02/2026 15:12:49;19/02/2026 12:01:57;1;1;19/02/2026;19/02/2026;Paga;R$ 398,51;R$ 398,51;R$ 398,51;R$ 0,00
177;1325;388;"=""46443355172""";MARLENE MARCIA DA SILVA;PESSOA FISICA;IPVA;"=""2372538222210""";"=""20260000000553""";13692674;Efetivada;05/02/2026 09:46:25;11/02/2026 06:03:25;10;1;12/02/2026;10/02/2026;Paga;R$ 341,39;R$ 341,39;R$ 341,39;R$ 0,00
177;1325;388;"=""46443355172""";MARLENE MARCIA DA SILVA;PESSOA FISICA;IPVA;"=""2372538222210""";"=""20260000000553""";13692674;Efetivada;05/02/2026 09:46:25;11/02/2026 06:03:25;10;2;25/03/2026;19/03/2026;Paga;R$ 344,80;R$ 344,80;R$ 344,80;R$ 0,00
177;1325;388;"=""46443355172""";MARLENE MARCIA DA SILVA;PESSOA FISICA;IPVA;"=""2372538222210""";"=""20260000000553""";13692674;Efetivada;05/02/2026 09:46:25;11/02/2026 06:03:25;10;3;27/04/2026;24/04/2026;Paga;R$ 344,80;R$ 348,94;R$ 348,94;R$ 0,00
177;1325;388;"=""46443355172""";MARLENE MARCIA DA SILVA;PESSOA FISICA;IPVA;"=""2372538222210""";"=""20260000000553""";13692674;Efetivada;05/02/2026 09:46:25;11/02/2026 06:03:25;10;4;25/05/2026;25/05/2026;Paga;R$ 344,80;R$ 352,65;R$ 352,65;R$ 0,00
65;861;150;"=""47054085191""";GILMAR GOMES DA SILVA;PESSOA FISICA;IPVA;"=""2047840322256""";"=""20260000000107""";13663577;Efetivada;02/02/2026 19:39:10;04/02/2026 18:03:54;4;2;25/03/2026;25/03/2026;Paga;R$ 402,69;R$ 402,70;R$ 402,70;R$ 0,00
65;861;150;"=""47054085191""";GILMAR GOMES DA SILVA;PESSOA FISICA;IPVA;"=""2047840322256""";"=""20260000000107""";13663577;Efetivada;02/02/2026 19:39:10;04/02/2026 18:03:54;4;3;27/04/2026;27/04/2026;Paga;R$ 402,69;R$ 407,53;R$ 407,53;R$ 0,00
65;861;150;"=""47054085191""";GILMAR GOMES DA SILVA;PESSOA FISICA;IPVA;"=""2047840322256""";"=""20260000000107""";13663577;Efetivada;02/02/2026 19:39:10;04/02/2026 18:03:54;4;4;25/05/2026;25/05/2026;Paga;R$ 402,69;R$ 411,88;R$ 411,88;R$ 0,00
730;2172;1578;"=""47604808115""";ENIO CARLOS DO NASCIMENTO ASSIS;PESSOA FISICA;IPVA;"=""2332647322267""";"=""20260000003437""";13880101;Efetivada;25/02/2026 15:54:38;27/02/2026 18:08:13;10;1;27/02/2026;27/02/2026;Paga;R$ 343,23;R$ 343,23;R$ 343,23;R$ 0,00
1042;2263;2297;"=""47627409187""";CARLOS ROBERTO FARIA FILHO;PESSOA FISICA;IPVA;"=""2314341222224""";"=""20260000005310""";13971212;Efetivada;12/03/2026 11:58:34;13/03/2026 06:11:18;2;1;19/03/2026;12/03/2026;Paga;R$ 340,99;R$ 340,99;R$ 340,99;R$ 0,00
1042;2263;2298;"=""47627409187""";CARLOS ROBERTO FARIA FILHO;PESSOA FISICA;IPVA;"=""2387491922243""";"=""20260000005311""";13971204;Efetivada;12/03/2026 11:58:34;13/03/2026 06:11:19;3;1;19/03/2026;12/03/2026;Paga;R$ 349,30;R$ 349,30;R$ 349,30;R$ 0,00
1042;2263;2298;"=""47627409187""";CARLOS ROBERTO FARIA FILHO;PESSOA FISICA;IPVA;"=""2387491922243""";"=""20260000005311""";13971204;Efetivada;12/03/2026 11:58:34;13/03/2026 06:11:19;3;2;27/04/2026;22/04/2026;Paga;R$ 352,78;R$ 352,81;R$ 352,81;R$ 0,00
48;795;107;"=""47662638120""";KLAYTON DE ALMEIDA LIMA;PESSOA FISICA;IPVA;"=""2337844722293""";"=""20260000000064""";13659359;Efetivada;02/02/2026 16:39:17;09/02/2026 12:01:31;4;2;25/03/2026;13/02/2026;Paga;R$ 348,11;R$ 344,67;R$ 344,67;R$ 0,00
48;795;107;"=""47662638120""";KLAYTON DE ALMEIDA LIMA;PESSOA FISICA;IPVA;"=""2337844722293""";"=""20260000000064""";13659359;Efetivada;02/02/2026 16:39:17;09/02/2026 12:01:31;4;3;27/04/2026;13/02/2026;Paga;R$ 348,11;R$ 344,67;R$ 344,67;R$ 0,00
48;795;107;"=""47662638120""";KLAYTON DE ALMEIDA LIMA;PESSOA FISICA;IPVA;"=""2337844722293""";"=""20260000000064""";13659359;Efetivada;02/02/2026 16:39:17;09/02/2026 12:01:31;4;4;25/05/2026;13/02/2026;Paga;R$ 348,11;R$ 344,67;R$ 344,67;R$ 0,00
48;795;106;"=""47662638120""";KLAYTON DE ALMEIDA LIMA;PESSOA FISICA;IPVA;"=""2329567022291""";"=""20260000000063""";13659340;Efetivada;02/02/2026 16:39:17;09/02/2026 12:01:38;3;2;25/03/2026;13/02/2026;Paga;R$ 362,00;R$ 358,44;R$ 358,44;R$ 0,00
48;795;106;"=""47662638120""";KLAYTON DE ALMEIDA LIMA;PESSOA FISICA;IPVA;"=""2329567022291""";"=""20260000000063""";13659340;Efetivada;02/02/2026 16:39:17;09/02/2026 12:01:38;3;3;27/04/2026;13/02/2026;Paga;R$ 362,00;R$ 358,44;R$ 358,44;R$ 0,00
367;1855;788;"=""47820764104""";MARIA APARECIDA SOUZA SILVEIRA;PESSOA FISICA;IPVA;"=""2344590622287""";"=""20260000001509""";13747924;Efetivada;11/02/2026 10:25:02;13/02/2026 18:04:43;1;1;18/02/2026;13/02/2026;Paga;R$ 563,79;R$ 563,79;R$ 563,79;R$ 0,00
1197;3516;2749;"=""47898380134""";PATRICIA NUNES M DE SOUZA MARCELINO;PESSOA FISICA;IPVA;"=""2335869422297""";"=""20260000006347""";14127377;Efetivada;13/04/2026 11:52:06;13/04/2026 18:04:15;6;1;20/04/2026;13/04/2026;Paga;R$ 352,67;R$ 352,67;R$ 352,67;R$ 0,00
144;1228;322;"=""47919310172""";CARMELIA FERNANDES DE ARAUJO;PESSOA FISICA;IPVA;"=""2095006622205""";"=""20260000000390""";13692453;Efetivada;04/02/2026 14:06:00;12/02/2026 06:02:27;2;1;11/02/2026;11/02/2026;Paga;R$ 363,12;R$ 363,12;R$ 363,12;R$ 0,00
144;1228;322;"=""47919310172""";CARMELIA FERNANDES DE ARAUJO;PESSOA FISICA;IPVA;"=""2095006622205""";"=""20260000000390""";13692453;Efetivada;04/02/2026 14:06:00;12/02/2026 06:02:27;2;2;25/03/2026;12/03/2026;Paga;R$ 366,75;R$ 366,76;R$ 366,76;R$ 0,00
144;1228;321;"=""47919310172""";CARMELIA FERNANDES DE ARAUJO;PESSOA FISICA;IPVA;"=""2016287322294""";"=""20260000000389""";13692461;Efetivada;04/02/2026 14:06:00;12/02/2026 06:02:28;2;1;11/02/2026;11/02/2026;Paga;R$ 371,18;R$ 371,18;R$ 371,18;R$ 0,00
144;1228;321;"=""47919310172""";CARMELIA FERNANDES DE ARAUJO;PESSOA FISICA;IPVA;"=""2016287322294""";"=""20260000000389""";13692461;Efetivada;04/02/2026 14:06:00;12/02/2026 06:02:28;2;2;25/03/2026;12/03/2026;Paga;R$ 374,88;R$ 374,91;R$ 374,91;R$ 0,00
146;1228;326;"=""47919310172""";CARMELIA FERNANDES DE ARAUJO;PESSOA FISICA;IPVA;"=""2301936622260""";"=""20260000000402""";13692496;Efetivada;04/02/2026 14:30:03;12/02/2026 06:02:35;2;1;11/02/2026;11/02/2026;Paga;R$ 356,80;R$ 356,80;R$ 356,80;R$ 0,00
146;1228;326;"=""47919310172""";CARMELIA FERNANDES DE ARAUJO;PESSOA FISICA;IPVA;"=""2301936622260""";"=""20260000000402""";13692496;Efetivada;04/02/2026 14:30:03;12/02/2026 06:02:35;2;2;25/03/2026;12/03/2026;Paga;R$ 360,36;R$ 360,37;R$ 360,37;R$ 0,00
958;2149;2092;"=""49462377120""";VANDERLEY AGENOR DOS SANTOS;PESSOA FISICA;IPVA;"=""2358342022263""";"=""20260000004831""";13942468;Efetivada;07/03/2026 17:53:22;10/03/2026 12:07:18;1;1;13/03/2026;10/03/2026;Paga;R$ 1.175,38;R$ 1.175,38;R$ 1.175,38;R$ 0,00
958;2149;2091;"=""49462377120""";VANDERLEY AGENOR DOS SANTOS;PESSOA FISICA;IPVA;"=""2269075722233""";"=""20260000004830""";13942450;Efetivada;07/03/2026 17:53:22;10/03/2026 12:07:21;1;1;13/03/2026;10/03/2026;Paga;R$ 89,33;R$ 89,33;R$ 89,33;R$ 0,00
958;2149;2093;"=""49462377120""";VANDERLEY AGENOR DOS SANTOS;PESSOA FISICA;IPVA;"=""2389570522279""";"=""20260000004832""";13942476;Efetivada;07/03/2026 17:53:22;10/03/2026 12:07:25;1;1;13/03/2026;10/03/2026;Paga;R$ 332,11;R$ 332,11;R$ 332,11;R$ 0,00
958;2149;2094;"=""49462377120""";VANDERLEY AGENOR DOS SANTOS;PESSOA FISICA;IPVA;"=""2316435822264""";"=""20260000004833""";13942484;Efetivada;07/03/2026 17:53:22;10/03/2026 12:07:27;1;1;13/03/2026;10/03/2026;Paga;R$ 275,52;R$ 275,52;R$ 275,52;R$ 0,00
232;1457;513;"=""49860917191""";ANGELICA AIRES;PESSOA FISICA;IPVA;"=""2348209622258""";"=""20260000000869""";13711911;Efetivada;06/02/2026 11:08:00;11/02/2026 18:05:10;1;1;13/02/2026;11/02/2026;Paga;R$ 523,42;R$ 523,42;R$ 523,42;R$ 0,00
1170;2840;2692;"=""50027700100""";JOAO LUIZ DOS REIS;PESSOA FISICA;IPVA;"=""2323799522200""";"=""20260000006221""";14090503;Efetivada;02/04/2026 13:52:32;17/04/2026 17:47:30;2;1;10/04/2026;10/04/2026;Paga;R$ 434,42;R$ 434,42;R$ 434,42;R$ 0,00
1170;2840;2692;"=""50027700100""";JOAO LUIZ DOS REIS;PESSOA FISICA;IPVA;"=""2323799522200""";"=""20260000006221""";14090503;Efetivada;02/04/2026 13:52:32;17/04/2026 17:47:30;2;2;25/05/2026;25/05/2026;Paga;R$ 438,75;R$ 438,78;R$ 438,78;R$ 0,00
1170;2840;2693;"=""50027700100""";JOAO LUIZ DOS REIS;PESSOA FISICA;IPVA;"=""2334139022257""";"=""20260000006222""";14090511;Efetivada;02/04/2026 13:52:32;17/04/2026 17:47:30;3;1;10/04/2026;10/04/2026;Paga;R$ 371,10;R$ 371,10;R$ 371,10;R$ 0,00
1170;2840;2693;"=""50027700100""";JOAO LUIZ DOS REIS;PESSOA FISICA;IPVA;"=""2334139022257""";"=""20260000006222""";14090511;Efetivada;02/04/2026 13:52:32;17/04/2026 17:47:30;3;2;25/05/2026;25/05/2026;Paga;R$ 374,80;R$ 374,83;R$ 374,83;R$ 0,00
431;1792;898;"=""50591827115""";JULIO TOLLENDAL GOMES RIBEIRO;PESSOA FISICA;IPVA;"=""2277259222277""";"=""20260000001759""";13767585;Efetivada;12/02/2026 15:18:06;19/02/2026 18:01:24;5;1;19/02/2026;19/02/2026;Paga;R$ 344,03;R$ 344,03;R$ 344,03;R$ 0,00
431;1792;898;"=""50591827115""";JULIO TOLLENDAL GOMES RIBEIRO;PESSOA FISICA;IPVA;"=""2277259222277""";"=""20260000001759""";13767585;Efetivada;12/02/2026 15:18:06;19/02/2026 18:01:24;5;2;25/03/2026;23/02/2026;Paga;R$ 347,46;R$ 344,03;R$ 344,03;R$ 0,00
431;1792;898;"=""50591827115""";JULIO TOLLENDAL GOMES RIBEIRO;PESSOA FISICA;IPVA;"=""2277259222277""";"=""20260000001759""";13767585;Efetivada;12/02/2026 15:18:06;19/02/2026 18:01:24;5;3;27/04/2026;23/02/2026;Paga;R$ 347,46;R$ 344,03;R$ 344,03;R$ 0,00
431;1792;898;"=""50591827115""";JULIO TOLLENDAL GOMES RIBEIRO;PESSOA FISICA;IPVA;"=""2277259222277""";"=""20260000001759""";13767585;Efetivada;12/02/2026 15:18:06;19/02/2026 18:01:24;5;4;25/05/2026;23/02/2026;Paga;R$ 347,46;R$ 344,03;R$ 344,03;R$ 0,00
431;1792;898;"=""50591827115""";JULIO TOLLENDAL GOMES RIBEIRO;PESSOA FISICA;IPVA;"=""2277259222277""";"=""20260000001759""";13767585;Efetivada;12/02/2026 15:18:06;19/02/2026 18:01:24;5;5;25/06/2026;23/02/2026;Paga;R$ 347,46;R$ 344,03;R$ 344,03;R$ 0,00
402;1932;855;"=""50759264104""";ERONDES FERREIRA CARDOSO;PESSOA FISICA;ICMS;"=""4011900945106""";"=""20260000001651""";13774719;Efetivada;12/02/2026 07:40:39;18/02/2026 06:07:01;1;1;19/02/2026;18/02/2026;Paga;R$ 3.478,20;R$ 3.478,20;R$ 3.478,20;R$ 0,00
423;1683;890;"=""51510316000""";MARCOS ANTONIO CASSOL;PESSOA FISICA;Pena Pecuniária;"=""4011703072169""";"=""20260000001739""";13775332;Efetivada;12/02/2026 13:56:58;18/02/2026 12:06:00;1;1;19/02/2026;18/02/2026;Paga;R$ 1.430,68;R$ 1.430,68;R$ 1.430,68;R$ 0,00
625;860;1300;"=""52659208115""";NORMA DOS SANTOS RIBEIRO;PESSOA FISICA;IPVA;"=""2391222822205""";"=""20260000002736""";13843915;Efetivada;23/02/2026 11:21:32;24/02/2026 06:11:08;1;1;27/02/2026;23/02/2026;Paga;R$ 814,11;R$ 814,11;R$ 814,11;R$ 0,00
625;860;1299;"=""52659208115""";NORMA DOS SANTOS RIBEIRO;PESSOA FISICA;IPVA;"=""2318242422228""";"=""20260000002735""";13843907;Efetivada;23/02/2026 11:21:32;24/02/2026 06:11:09;1;1;27/02/2026;23/02/2026;Paga;R$ 684,39;R$ 684,39;R$ 684,39;R$ 0,00
989;2726;2148;"=""52744485187""";MARIA IZABEL TOMAZINI;PESSOA FISICA;IPVA;"=""2348223322290""";"=""20260000004965""";13968521;Efetivada;09/03/2026 16:36:51;12/03/2026 12:11:01;4;1;16/03/2026;12/03/2026;Paga;R$ 711,37;R$ 711,37;R$ 711,37;R$ 0,00
989;2726;2148;"=""52744485187""";MARIA IZABEL TOMAZINI;PESSOA FISICA;IPVA;"=""2348223322290""";"=""20260000004965""";13968521;Efetivada;09/03/2026 16:36:51;12/03/2026 12:11:01;4;2;27/04/2026;25/05/2026;Paga;R$ 718,47;R$ 793,34;R$ 793,34;R$ 0,00
989;2726;2148;"=""52744485187""";MARIA IZABEL TOMAZINI;PESSOA FISICA;IPVA;"=""2348223322290""";"=""20260000004965""";13968521;Efetivada;09/03/2026 16:36:51;12/03/2026 12:11:01;4;3;25/05/2026;25/05/2026;Paga;R$ 718,47;R$ 726,24;R$ 726,24;R$ 0,00
685;1958;1457;"=""52779653191""";JAMIR RUBENS CLEMENTE;PESSOA FISICA;IPVA;"=""2336496622286""";"=""20260000003099""";13852477;Efetivada;24/02/2026 16:04:16;25/02/2026 06:11:18;1;1;27/02/2026;24/02/2026;Paga;R$ 2.613,23;R$ 2.613,23;R$ 2.613,23;R$ 0,00
479;2110;996;"=""52999882149""";ZERLI ALVES OLIVEIRA;PESSOA FISICA;IPVA;"=""2303511222275""";"=""20260000002002""";13784897;Efetivada;13/02/2026 15:51:40;18/02/2026 12:08:01;1;1;20/02/2026;18/02/2026;Paga;R$ 129,13;R$ 129,13;R$ 129,13;R$ 0,00
479;2110;997;"=""52999882149""";ZERLI ALVES OLIVEIRA;PESSOA FISICA;IPVA;"=""2354295922272""";"=""20260000002003""";13784900;Efetivada;13/02/2026 15:51:40;18/02/2026 12:08:06;1;1;20/02/2026;18/02/2026;Paga;R$ 166,39;R$ 166,39;R$ 166,39;R$ 0,00
258;1497;571;"=""53005171191""";ELMO DIVINO COSTA;PESSOA FISICA;ICMS;"=""4012100338637""";"=""20260000001012""";13752693;Efetivada;06/02/2026 15:51:25;12/02/2026 06:07:16;32;1;13/02/2026;11/02/2026;Paga;R$ 333,42;R$ 333,42;R$ 333,42;R$ 0,00
258;1497;571;"=""53005171191""";ELMO DIVINO COSTA;PESSOA FISICA;ICMS;"=""4012100338637""";"=""20260000001012""";13752693;Efetivada;06/02/2026 15:51:25;12/02/2026 06:07:16;32;2;25/03/2026;25/03/2026;Paga;R$ 336,75;R$ 336,75;R$ 336,75;R$ 0,00
258;1497;571;"=""53005171191""";ELMO DIVINO COSTA;PESSOA FISICA;ICMS;"=""4012100338637""";"=""20260000001012""";13752693;Efetivada;06/02/2026 15:51:25;12/02/2026 06:07:16;32;3;27/04/2026;27/04/2026;Paga;R$ 336,75;R$ 340,79;R$ 340,79;R$ 0,00
258;1497;571;"=""53005171191""";ELMO DIVINO COSTA;PESSOA FISICA;ICMS;"=""4012100338637""";"=""20260000001012""";13752693;Efetivada;06/02/2026 15:51:25;12/02/2026 06:07:16;32;4;25/05/2026;25/05/2026;Paga;R$ 336,75;R$ 344,42;R$ 344,42;R$ 0,00
624;1083;1298;"=""53064950100""";ISMAIL AUGUSTO VEIGA;PESSOA FISICA;IPVA;"=""2325412822216""";"=""20260000002730""";13836293;Efetivada;23/02/2026 11:18:43;25/02/2026 18:05:02;2;1;27/02/2026;25/02/2026;Paga;R$ 354,25;R$ 354,25;R$ 354,25;R$ 0,00
624;1083;1298;"=""53064950100""";ISMAIL AUGUSTO VEIGA;PESSOA FISICA;IPVA;"=""2325412822216""";"=""20260000002730""";13836293;Efetivada;23/02/2026 11:18:43;25/02/2026 18:05:02;2;2;25/03/2026;25/03/2026;Paga;R$ 357,79;R$ 357,80;R$ 357,80;R$ 0,00
624;1083;1295;"=""53064950100""";ISMAIL AUGUSTO VEIGA;PESSOA FISICA;IPVA;"=""2008547422233""";"=""20260000002727""";13836277;Efetivada;23/02/2026 11:18:43;25/02/2026 18:05:03;2;1;27/02/2026;25/02/2026;Paga;R$ 375,19;R$ 375,19;R$ 375,19;R$ 0,00
624;1083;1295;"=""53064950100""";ISMAIL AUGUSTO VEIGA;PESSOA FISICA;IPVA;"=""2008547422233""";"=""20260000002727""";13836277;Efetivada;23/02/2026 11:18:43;25/02/2026 18:05:03;2;2;25/03/2026;25/03/2026;Paga;R$ 378,94;R$ 378,94;R$ 378,94;R$ 0,00
624;1083;1296;"=""53064950100""";ISMAIL AUGUSTO VEIGA;PESSOA FISICA;IPVA;"=""2337165422253""";"=""20260000002728""";13836285;Efetivada;23/02/2026 11:18:43;25/02/2026 18:05:09;2;1;27/02/2026;25/02/2026;Paga;R$ 448,42;R$ 448,42;R$ 448,42;R$ 0,00
624;1083;1296;"=""53064950100""";ISMAIL AUGUSTO VEIGA;PESSOA FISICA;IPVA;"=""2337165422253""";"=""20260000002728""";13836285;Efetivada;23/02/2026 11:18:43;25/02/2026 18:05:09;2;2;25/03/2026;25/03/2026;Paga;R$ 452,89;R$ 452,93;R$ 452,93;R$ 0,00
624;1083;1297;"=""53064950100""";ISMAIL AUGUSTO VEIGA;PESSOA FISICA;IPVA;"=""2184793322292""";"=""20260000002729""";13836307;Efetivada;23/02/2026 11:18:43;25/02/2026 18:05:10;2;1;27/02/2026;25/02/2026;Paga;R$ 365,14;R$ 365,14;R$ 365,14;R$ 0,00
624;1083;1297;"=""53064950100""";ISMAIL AUGUSTO VEIGA;PESSOA FISICA;IPVA;"=""2184793322292""";"=""20260000002729""";13836307;Efetivada;23/02/2026 11:18:43;25/02/2026 18:05:10;2;2;25/03/2026;25/03/2026;Paga;R$ 368,78;R$ 368,80;R$ 368,80;R$ 0,00
792;2783;1710;"=""53419979134""";WALBER VINICIUS DOS REIS;PESSOA FISICA;IPVA;"=""2320363922282""";"=""20260000003936""";13885367;Efetivada;27/02/2026 17:46:54;28/02/2026 06:09:29;1;1;27/02/2026;27/02/2026;Paga;R$ 937,65;R$ 937,65;R$ 937,65;R$ 0,00
792;2783;1711;"=""53419979134""";WALBER VINICIUS DOS REIS;PESSOA FISICA;IPVA;"=""2392814622226""";"=""20260000003937""";13885375;Efetivada;27/02/2026 17:46:54;28/02/2026 06:09:36;1;1;27/02/2026;27/02/2026;Paga;R$ 280,76;R$ 280,76;R$ 280,76;R$ 0,00
105;1055;237;"=""53434668187""";OSVALDO NASCIMENTO DOS SANTOS;PESSOA FISICA;IPVA;"=""2349686322277""";"=""20260000000194""";13678698;Efetivada;03/02/2026 15:39:28;09/02/2026 12:03:27;2;2;25/03/2026;18/03/2026;Paga;R$ 408,67;R$ 408,70;R$ 408,70;R$ 0,00
105;1055;234;"=""53434668187""";OSVALDO NASCIMENTO DOS SANTOS;PESSOA FISICA;IPVA;"=""2018362522263""";"=""20260000000191""";13678663;Efetivada;03/02/2026 15:39:28;09/02/2026 12:03:33;2;2;25/03/2026;18/03/2026;Paga;R$ 345,25;R$ 345,27;R$ 345,27;R$ 0,00
336;1768;730;"=""53876407168""";NILVA DOLORES FOGACA LOPES;PESSOA FISICA;IPVA;"=""2289296222203""";"=""20260000001369""";13794159;Efetivada;10/02/2026 14:25:17;18/02/2026 12:08:45;1;1;18/02/2026;18/02/2026;Paga;R$ 1.435,59;R$ 1.435,59;R$ 1.435,59;R$ 0,00
336;1768;731;"=""53876407168""";NILVA DOLORES FOGACA LOPES;PESSOA FISICA;IPVA;"=""2359222122234""";"=""20260000001370""";13794167;Efetivada;10/02/2026 14:25:17;18/02/2026 12:08:45;1;1;18/02/2026;18/02/2026;Paga;R$ 1.768,59;R$ 1.768,59;R$ 1.768,59;R$ 0,00
936;2333;2012;"=""53966834011076""";TNG COMERCIO E INDUSTRIA DE ROUPAS LTDA EM RECUPERACAO JUDICIAL;PESSOA JURIDICA;ICMS;"=""4012000811721""";"=""20260000004695""";13931695;Efetivada;06/03/2026 11:25:52;10/03/2026 06:06:11;145;2;27/04/2026;27/04/2026;Paga;R$ 339,00;R$ 339,01;R$ 339,01;R$ 0,00
936;2333;2012;"=""53966834011076""";TNG COMERCIO E INDUSTRIA DE ROUPAS LTDA EM RECUPERACAO JUDICIAL;PESSOA JURIDICA;ICMS;"=""4012000811721""";"=""20260000004695""";13931695;Efetivada;06/03/2026 11:25:52;10/03/2026 06:06:11;145;3;25/05/2026;25/05/2026;Paga;R$ 339,00;R$ 342,67;R$ 342,67;R$ 0,00
936;2333;2010;"=""53966834011076""";TNG COMERCIO E INDUSTRIA DE ROUPAS LTDA EM RECUPERACAO JUDICIAL;PESSOA JURIDICA;ICMS;"=""4011701860283""";"=""20260000004693""";13931725;Efetivada;06/03/2026 11:25:52;10/03/2026 06:06:13;145;2;27/04/2026;27/04/2026;Paga;R$ 1.028,86;R$ 1.028,89;R$ 1.028,89;R$ 0,00
936;2333;2010;"=""53966834011076""";TNG COMERCIO E INDUSTRIA DE ROUPAS LTDA EM RECUPERACAO JUDICIAL;PESSOA JURIDICA;ICMS;"=""4011701860283""";"=""20260000004693""";13931725;Efetivada;06/03/2026 11:25:52;10/03/2026 06:06:13;145;3;25/05/2026;25/05/2026;Paga;R$ 1.028,86;R$ 1.040,00;R$ 1.040,00;R$ 0,00
936;2333;2013;"=""53966834011076""";TNG COMERCIO E INDUSTRIA DE ROUPAS LTDA EM RECUPERACAO JUDICIAL;PESSOA JURIDICA;ICMS;"=""4012000112556""";"=""20260000004696""";13931709;Efetivada;06/03/2026 11:25:52;10/03/2026 06:06:18;72;2;27/04/2026;27/04/2026;Paga;R$ 335,55;R$ 335,55;R$ 335,55;R$ 0,00
936;2333;2013;"=""53966834011076""";TNG COMERCIO E INDUSTRIA DE ROUPAS LTDA EM RECUPERACAO JUDICIAL;PESSOA JURIDICA;ICMS;"=""4012000112556""";"=""20260000004696""";13931709;Efetivada;06/03/2026 11:25:52;10/03/2026 06:06:18;72;3;25/05/2026;25/05/2026;Paga;R$ 335,55;R$ 339,17;R$ 339,17;R$ 0,00
936;2333;2011;"=""53966834011076""";TNG COMERCIO E INDUSTRIA DE ROUPAS LTDA EM RECUPERACAO JUDICIAL;PESSOA JURIDICA;ICMS;"=""4011701958682""";"=""20260000004694""";13931717;Efetivada;06/03/2026 11:25:52;10/03/2026 06:06:19;145;2;27/04/2026;27/04/2026;Paga;R$ 593,00;R$ 593,02;R$ 593,02;R$ 0,00
936;2333;2011;"=""53966834011076""";TNG COMERCIO E INDUSTRIA DE ROUPAS LTDA EM RECUPERACAO JUDICIAL;PESSOA JURIDICA;ICMS;"=""4011701958682""";"=""20260000004694""";13931717;Efetivada;06/03/2026 11:25:52;10/03/2026 06:06:19;145;3;25/05/2026;25/05/2026;Paga;R$ 593,00;R$ 599,43;R$ 599,43;R$ 0,00
936;2333;2009;"=""53966834011076""";TNG COMERCIO E INDUSTRIA DE ROUPAS LTDA EM RECUPERACAO JUDICIAL;PESSOA JURIDICA;ICMS;"=""4011502979400""";"=""20260000004692""";13931687;Efetivada;06/03/2026 11:25:52;10/03/2026 06:06:24;92;2;27/04/2026;27/04/2026;Paga;R$ 333,66;R$ 333,68;R$ 333,68;R$ 0,00
936;2333;2009;"=""53966834011076""";TNG COMERCIO E INDUSTRIA DE ROUPAS LTDA EM RECUPERACAO JUDICIAL;PESSOA JURIDICA;ICMS;"=""4011502979400""";"=""20260000004692""";13931687;Efetivada;06/03/2026 11:25:52;10/03/2026 06:06:24;92;3;25/05/2026;25/05/2026;Paga;R$ 333,66;R$ 337,29;R$ 337,29;R$ 0,00
937;2334;2018;"=""53966834011823""";TNG COMERCIO E INDUSTRIA DE ROUPAS LTDA EM RECUPERACAO JUDICIAL                           ;PESSOA JURIDICA;ICMS;"=""4012000419872""";"=""20260000004706""";13931792;Efetivada;06/03/2026 11:28:36;10/03/2026 06:06:32;145;2;27/04/2026;27/04/2026;Paga;R$ 361,92;R$ 361,94;R$ 361,94;R$ 0,00
937;2334;2018;"=""53966834011823""";TNG COMERCIO E INDUSTRIA DE ROUPAS LTDA EM RECUPERACAO JUDICIAL                           ;PESSOA JURIDICA;ICMS;"=""4012000419872""";"=""20260000004706""";13931792;Efetivada;06/03/2026 11:28:36;10/03/2026 06:06:32;145;3;25/05/2026;25/05/2026;Paga;R$ 361,92;R$ 365,84;R$ 365,84;R$ 0,00
937;2334;2015;"=""53966834011823""";TNG COMERCIO E INDUSTRIA DE ROUPAS LTDA EM RECUPERACAO JUDICIAL                           ;PESSOA JURIDICA;ICMS;"=""4011800039375""";"=""20260000004703""";13931814;Efetivada;06/03/2026 11:28:36;10/03/2026 06:06:37;141;2;27/04/2026;27/04/2026;Paga;R$ 334,85;R$ 334,87;R$ 334,87;R$ 0,00
937;2334;2015;"=""53966834011823""";TNG COMERCIO E INDUSTRIA DE ROUPAS LTDA EM RECUPERACAO JUDICIAL                           ;PESSOA JURIDICA;ICMS;"=""4011800039375""";"=""20260000004703""";13931814;Efetivada;06/03/2026 11:28:36;10/03/2026 06:06:37;141;3;25/05/2026;25/05/2026;Paga;R$ 334,85;R$ 338,49;R$ 338,49;R$ 0,00
937;2334;2014;"=""53966834011823""";TNG COMERCIO E INDUSTRIA DE ROUPAS LTDA EM RECUPERACAO JUDICIAL                           ;PESSOA JURIDICA;ICMS;"=""4011503686279""";"=""20260000004702""";13931806;Efetivada;06/03/2026 11:28:36;10/03/2026 06:06:39;145;2;27/04/2026;27/04/2026;Paga;R$ 469,37;R$ 469,38;R$ 469,38;R$ 0,00
937;2334;2014;"=""53966834011823""";TNG COMERCIO E INDUSTRIA DE ROUPAS LTDA EM RECUPERACAO JUDICIAL                           ;PESSOA JURIDICA;ICMS;"=""4011503686279""";"=""20260000004702""";13931806;Efetivada;06/03/2026 11:28:36;10/03/2026 06:06:39;145;3;25/05/2026;25/05/2026;Paga;R$ 469,37;R$ 474,45;R$ 474,45;R$ 0,00
937;2334;2016;"=""53966834011823""";TNG COMERCIO E INDUSTRIA DE ROUPAS LTDA EM RECUPERACAO JUDICIAL                           ;PESSOA JURIDICA;ICMS;"=""4011503685205""";"=""20260000004704""";13931822;Efetivada;06/03/2026 11:28:36;10/03/2026 06:06:44;145;2;27/04/2026;27/04/2026;Paga;R$ 986,51;R$ 986,54;R$ 986,54;R$ 0,00
937;2334;2016;"=""53966834011823""";TNG COMERCIO E INDUSTRIA DE ROUPAS LTDA EM RECUPERACAO JUDICIAL                           ;PESSOA JURIDICA;ICMS;"=""4011503685205""";"=""20260000004704""";13931822;Efetivada;06/03/2026 11:28:36;10/03/2026 06:06:44;145;3;25/05/2026;25/05/2026;Paga;R$ 986,51;R$ 997,19;R$ 997,19;R$ 0,00
937;2334;2019;"=""53966834011823""";TNG COMERCIO E INDUSTRIA DE ROUPAS LTDA EM RECUPERACAO JUDICIAL                           ;PESSOA JURIDICA;ICMS;"=""4012201141901""";"=""20260000004707""";13931849;Efetivada;06/03/2026 11:28:36;10/03/2026 06:06:45;145;2;27/04/2026;27/04/2026;Paga;R$ 3.288,14;R$ 3.288,16;R$ 3.288,16;R$ 0,00
937;2334;2019;"=""53966834011823""";TNG COMERCIO E INDUSTRIA DE ROUPAS LTDA EM RECUPERACAO JUDICIAL                           ;PESSOA JURIDICA;ICMS;"=""4012201141901""";"=""20260000004707""";13931849;Efetivada;06/03/2026 11:28:36;10/03/2026 06:06:45;145;3;25/05/2026;25/05/2026;Paga;R$ 3.288,14;R$ 3.323,65;R$ 3.323,65;R$ 0,00
937;2334;2017;"=""53966834011823""";TNG COMERCIO E INDUSTRIA DE ROUPAS LTDA EM RECUPERACAO JUDICIAL                           ;PESSOA JURIDICA;ICMS;"=""4012000131186""";"=""20260000004705""";13931830;Efetivada;06/03/2026 11:28:36;10/03/2026 06:06:51;102;2;27/04/2026;27/04/2026;Paga;R$ 336,08;R$ 336,09;R$ 336,09;R$ 0,00
937;2334;2017;"=""53966834011823""";TNG COMERCIO E INDUSTRIA DE ROUPAS LTDA EM RECUPERACAO JUDICIAL                           ;PESSOA JURIDICA;ICMS;"=""4012000131186""";"=""20260000004705""";13931830;Efetivada;06/03/2026 11:28:36;10/03/2026 06:06:51;102;3;25/05/2026;25/05/2026;Paga;R$ 336,08;R$ 339,71;R$ 339,71;R$ 0,00
938;2335;2020;"=""53966834019050""";TNG COMERCIO E INDUSTRIA DE ROUPAS LTDA EM RECUPERACAO JUDICIAL                           ;PESSOA JURIDICA;ICMS;"=""4012000892462""";"=""20260000004708""";13931890;Efetivada;06/03/2026 11:30:40;10/03/2026 06:06:52;44;2;27/04/2026;27/04/2026;Paga;R$ 333,36;R$ 333,36;R$ 333,36;R$ 0,00
938;2335;2020;"=""53966834019050""";TNG COMERCIO E INDUSTRIA DE ROUPAS LTDA EM RECUPERACAO JUDICIAL                           ;PESSOA JURIDICA;ICMS;"=""4012000892462""";"=""20260000004708""";13931890;Efetivada;06/03/2026 11:30:40;10/03/2026 06:06:52;44;3;25/05/2026;25/05/2026;Paga;R$ 333,36;R$ 336,96;R$ 336,96;R$ 0,00
938;2335;2021;"=""53966834019050""";TNG COMERCIO E INDUSTRIA DE ROUPAS LTDA EM RECUPERACAO JUDICIAL                           ;PESSOA JURIDICA;ICMS;"=""4012201142622""";"=""20260000004709""";13931903;Efetivada;06/03/2026 11:30:40;10/03/2026 06:06:57;145;2;27/04/2026;27/04/2026;Paga;R$ 813,56;R$ 813,56;R$ 813,56;R$ 0,00
938;2335;2021;"=""53966834019050""";TNG COMERCIO E INDUSTRIA DE ROUPAS LTDA EM RECUPERACAO JUDICIAL                           ;PESSOA JURIDICA;ICMS;"=""4012201142622""";"=""20260000004709""";13931903;Efetivada;06/03/2026 11:30:40;10/03/2026 06:06:57;145;3;25/05/2026;25/05/2026;Paga;R$ 813,56;R$ 822,34;R$ 822,34;R$ 0,00
938;2335;2022;"=""53966834019050""";TNG COMERCIO E INDUSTRIA DE ROUPAS LTDA EM RECUPERACAO JUDICIAL                           ;PESSOA JURIDICA;ICMS;"=""4011702526832""";"=""20260000004710""";13931911;Efetivada;06/03/2026 11:30:40;10/03/2026 06:06:59;145;2;27/04/2026;27/04/2026;Paga;R$ 638,44;R$ 638,45;R$ 638,45;R$ 0,00
938;2335;2022;"=""53966834019050""";TNG COMERCIO E INDUSTRIA DE ROUPAS LTDA EM RECUPERACAO JUDICIAL                           ;PESSOA JURIDICA;ICMS;"=""4011702526832""";"=""20260000004710""";13931911;Efetivada;06/03/2026 11:30:40;10/03/2026 06:06:59;145;3;25/05/2026;25/05/2026;Paga;R$ 638,44;R$ 645,34;R$ 645,34;R$ 0,00
938;2335;2023;"=""53966834019050""";TNG COMERCIO E INDUSTRIA DE ROUPAS LTDA EM RECUPERACAO JUDICIAL                           ;PESSOA JURIDICA;ICMS;"=""4011702530007""";"=""20260000004711""";13931920;Efetivada;06/03/2026 11:30:40;10/03/2026 06:07:04;145;2;27/04/2026;27/04/2026;Paga;R$ 669,03;R$ 669,05;R$ 669,05;R$ 0,00
938;2335;2023;"=""53966834019050""";TNG COMERCIO E INDUSTRIA DE ROUPAS LTDA EM RECUPERACAO JUDICIAL                           ;PESSOA JURIDICA;ICMS;"=""4011702530007""";"=""20260000004711""";13931920;Efetivada;06/03/2026 11:30:40;10/03/2026 06:07:04;145;3;25/05/2026;25/05/2026;Paga;R$ 669,03;R$ 676,28;R$ 676,28;R$ 0,00
939;2336;2038;"=""53966834020652""";TNG COMERCIO E INDUSTRIA DE ROUPAS LTDA EM RECUPERACAO JUDICIAL                           ;PESSOA JURIDICA;ICMS;"=""2004213766624""";"=""20260000004731""";13932217;Efetivada;06/03/2026 11:43:01;10/03/2026 06:07:17;40;2;27/04/2026;27/04/2026;Paga;R$ 339,14;R$ 339,15;R$ 339,15;R$ 0,00
939;2336;2038;"=""53966834020652""";TNG COMERCIO E INDUSTRIA DE ROUPAS LTDA EM RECUPERACAO JUDICIAL                           ;PESSOA JURIDICA;ICMS;"=""2004213766624""";"=""20260000004731""";13932217;Efetivada;06/03/2026 11:43:01;10/03/2026 06:07:17;40;3;25/05/2026;25/05/2026;Paga;R$ 339,14;R$ 342,81;R$ 342,81;R$ 0,00
939;2336;2033;"=""53966834020652""";TNG COMERCIO E INDUSTRIA DE ROUPAS LTDA EM RECUPERACAO JUDICIAL                           ;PESSOA JURIDICA;ICMS;"=""4012301221796""";"=""20260000004726""";13932195;Efetivada;06/03/2026 11:43:01;10/03/2026 06:07:25;39;2;27/04/2026;27/04/2026;Paga;R$ 340,88;R$ 340,90;R$ 340,90;R$ 0,00
939;2336;2033;"=""53966834020652""";TNG COMERCIO E INDUSTRIA DE ROUPAS LTDA EM RECUPERACAO JUDICIAL                           ;PESSOA JURIDICA;ICMS;"=""4012301221796""";"=""20260000004726""";13932195;Efetivada;06/03/2026 11:43:01;10/03/2026 06:07:25;39;3;25/05/2026;25/05/2026;Paga;R$ 340,88;R$ 344,57;R$ 344,57;R$ 0,00
939;2336;2025;"=""53966834020652""";TNG COMERCIO E INDUSTRIA DE ROUPAS LTDA EM RECUPERACAO JUDICIAL                           ;PESSOA JURIDICA;ICMS;"=""4012000892705""";"=""20260000004718""";13932187;Efetivada;06/03/2026 11:43:01;10/03/2026 06:07:30;145;2;27/04/2026;27/04/2026;Paga;R$ 393,26;R$ 393,27;R$ 393,27;R$ 0,00
939;2336;2025;"=""53966834020652""";TNG COMERCIO E INDUSTRIA DE ROUPAS LTDA EM RECUPERACAO JUDICIAL                           ;PESSOA JURIDICA;ICMS;"=""4012000892705""";"=""20260000004718""";13932187;Efetivada;06/03/2026 11:43:01;10/03/2026 06:07:30;145;3;25/05/2026;25/05/2026;Paga;R$ 393,26;R$ 397,52;R$ 397,52;R$ 0,00
939;2336;2039;"=""53966834020652""";TNG COMERCIO E INDUSTRIA DE ROUPAS LTDA EM RECUPERACAO JUDICIAL                           ;PESSOA JURIDICA;ICMS;"=""2004582766617""";"=""20260000004732""";13932225;Efetivada;06/03/2026 11:43:01;10/03/2026 06:07:31;21;2;27/04/2026;27/04/2026;Paga;R$ 342,11;R$ 342,13;R$ 342,13;R$ 0,00
939;2336;2039;"=""53966834020652""";TNG COMERCIO E INDUSTRIA DE ROUPAS LTDA EM RECUPERACAO JUDICIAL                           ;PESSOA JURIDICA;ICMS;"=""2004582766617""";"=""20260000004732""";13932225;Efetivada;06/03/2026 11:43:01;10/03/2026 06:07:31;21;3;25/05/2026;25/05/2026;Paga;R$ 342,11;R$ 345,82;R$ 345,82;R$ 0,00
939;2336;2026;"=""53966834020652""";TNG COMERCIO E INDUSTRIA DE ROUPAS LTDA EM RECUPERACAO JUDICIAL                           ;PESSOA JURIDICA;ICMS;"=""4012200337500""";"=""20260000004719""";13932250;Efetivada;06/03/2026 11:43:01;10/03/2026 06:07:37;78;2;27/04/2026;27/04/2026;Paga;R$ 335,83;R$ 335,83;R$ 335,83;R$ 0,00
939;2336;2026;"=""53966834020652""";TNG COMERCIO E INDUSTRIA DE ROUPAS LTDA EM RECUPERACAO JUDICIAL                           ;PESSOA JURIDICA;ICMS;"=""4012200337500""";"=""20260000004719""";13932250;Efetivada;06/03/2026 11:43:01;10/03/2026 06:07:37;78;3;25/05/2026;25/05/2026;Paga;R$ 335,83;R$ 339,46;R$ 339,46;R$ 0,00
939;2336;2024;"=""53966834020652""";TNG COMERCIO E INDUSTRIA DE ROUPAS LTDA EM RECUPERACAO JUDICIAL                           ;PESSOA JURIDICA;ICMS;"=""4011902345912""";"=""20260000004717""";13932241;Efetivada;06/03/2026 11:43:01;10/03/2026 06:07:38;145;2;27/04/2026;27/04/2026;Paga;R$ 909,73;R$ 909,75;R$ 909,75;R$ 0,00
939;2336;2024;"=""53966834020652""";TNG COMERCIO E INDUSTRIA DE ROUPAS LTDA EM RECUPERACAO JUDICIAL                           ;PESSOA JURIDICA;ICMS;"=""4011902345912""";"=""20260000004717""";13932241;Efetivada;06/03/2026 11:43:01;10/03/2026 06:07:38;145;3;25/05/2026;25/05/2026;Paga;R$ 909,73;R$ 919,56;R$ 919,56;R$ 0,00
939;2336;2040;"=""53966834020652""";TNG COMERCIO E INDUSTRIA DE ROUPAS LTDA EM RECUPERACAO JUDICIAL                           ;PESSOA JURIDICA;ICMS;"=""2004820966600""";"=""20260000004733""";13932233;Efetivada;06/03/2026 11:43:01;10/03/2026 06:07:44;35;2;27/04/2026;27/04/2026;Paga;R$ 342,55;R$ 342,56;R$ 342,56;R$ 0,00
939;2336;2040;"=""53966834020652""";TNG COMERCIO E INDUSTRIA DE ROUPAS LTDA EM RECUPERACAO JUDICIAL                           ;PESSOA JURIDICA;ICMS;"=""2004820966600""";"=""20260000004733""";13932233;Efetivada;06/03/2026 11:43:01;10/03/2026 06:07:44;35;3;25/05/2026;25/05/2026;Paga;R$ 342,55;R$ 346,25;R$ 346,25;R$ 0,00
939;2336;2030;"=""53966834020652""";TNG COMERCIO E INDUSTRIA DE ROUPAS LTDA EM RECUPERACAO JUDICIAL                           ;PESSOA JURIDICA;ICMS;"=""4011902273407""";"=""20260000004723""";13932276;Efetivada;06/03/2026 11:43:01;10/03/2026 06:07:45;38;2;27/04/2026;27/04/2026;Paga;R$ 341,60;R$ 341,61;R$ 341,61;R$ 0,00
939;2336;2030;"=""53966834020652""";TNG COMERCIO E INDUSTRIA DE ROUPAS LTDA EM RECUPERACAO JUDICIAL                           ;PESSOA JURIDICA;ICMS;"=""4011902273407""";"=""20260000004723""";13932276;Efetivada;06/03/2026 11:43:01;10/03/2026 06:07:45;38;3;25/05/2026;25/05/2026;Paga;R$ 341,60;R$ 345,30;R$ 345,30;R$ 0,00
939;2336;2042;"=""53966834020652""";TNG COMERCIO E INDUSTRIA DE ROUPAS LTDA EM RECUPERACAO JUDICIAL                           ;PESSOA JURIDICA;ICMS;"=""2006028466608""";"=""20260000004735""";13932284;Efetivada;06/03/2026 11:43:01;10/03/2026 06:07:50;98;2;27/04/2026;27/04/2026;Paga;R$ 336,32;R$ 336,33;R$ 336,33;R$ 0,00
939;2336;2042;"=""53966834020652""";TNG COMERCIO E INDUSTRIA DE ROUPAS LTDA EM RECUPERACAO JUDICIAL                           ;PESSOA JURIDICA;ICMS;"=""2006028466608""";"=""20260000004735""";13932284;Efetivada;06/03/2026 11:43:01;10/03/2026 06:07:50;98;3;25/05/2026;25/05/2026;Paga;R$ 336,32;R$ 339,96;R$ 339,96;R$ 0,00
939;2336;2027;"=""53966834020652""";TNG COMERCIO E INDUSTRIA DE ROUPAS LTDA EM RECUPERACAO JUDICIAL                           ;PESSOA JURIDICA;ICMS;"=""4011800094040""";"=""20260000004720""";13932268;Efetivada;06/03/2026 11:43:01;10/03/2026 06:07:52;145;2;27/04/2026;27/04/2026;Paga;R$ 3.749,53;R$ 3.749,54;R$ 3.749,54;R$ 0,00
939;2336;2027;"=""53966834020652""";TNG COMERCIO E INDUSTRIA DE ROUPAS LTDA EM RECUPERACAO JUDICIAL                           ;PESSOA JURIDICA;ICMS;"=""4011800094040""";"=""20260000004720""";13932268;Efetivada;06/03/2026 11:43:01;10/03/2026 06:07:52;145;3;25/05/2026;25/05/2026;Paga;R$ 3.749,53;R$ 3.790,01;R$ 3.790,01;R$ 0,00
939;2336;2036;"=""53966834020652""";TNG COMERCIO E INDUSTRIA DE ROUPAS LTDA EM RECUPERACAO JUDICIAL                           ;PESSOA JURIDICA;ICMS;"=""2000937566692""";"=""20260000004729""";13932322;Efetivada;06/03/2026 11:43:01;10/03/2026 06:07:58;82;2;27/04/2026;27/04/2026;Paga;R$ 336,70;R$ 336,70;R$ 336,70;R$ 0,00
939;2336;2036;"=""53966834020652""";TNG COMERCIO E INDUSTRIA DE ROUPAS LTDA EM RECUPERACAO JUDICIAL                           ;PESSOA JURIDICA;ICMS;"=""2000937566692""";"=""20260000004729""";13932322;Efetivada;06/03/2026 11:43:01;10/03/2026 06:07:58;82;3;25/05/2026;25/05/2026;Paga;R$ 336,70;R$ 340,33;R$ 340,33;R$ 0,00
939;2336;2029;"=""53966834020652""";TNG COMERCIO E INDUSTRIA DE ROUPAS LTDA EM RECUPERACAO JUDICIAL                           ;PESSOA JURIDICA;ICMS;"=""4011703022307""";"=""20260000004722""";13932292;Efetivada;06/03/2026 11:43:01;10/03/2026 06:07:59;76;2;27/04/2026;27/04/2026;Paga;R$ 337,21;R$ 337,22;R$ 337,22;R$ 0,00
939;2336;2029;"=""53966834020652""";TNG COMERCIO E INDUSTRIA DE ROUPAS LTDA EM RECUPERACAO JUDICIAL                           ;PESSOA JURIDICA;ICMS;"=""4011703022307""";"=""20260000004722""";13932292;Efetivada;06/03/2026 11:43:01;10/03/2026 06:07:59;76;3;25/05/2026;25/05/2026;Paga;R$ 337,21;R$ 340,85;R$ 340,85;R$ 0,00
939;2336;2032;"=""53966834020652""";TNG COMERCIO E INDUSTRIA DE ROUPAS LTDA EM RECUPERACAO JUDICIAL                           ;PESSOA JURIDICA;ICMS;"=""4012300483606""";"=""20260000004725""";13932306;Efetivada;06/03/2026 11:43:01;10/03/2026 06:08:04;145;2;27/04/2026;27/04/2026;Paga;R$ 767,43;R$ 767,44;R$ 767,44;R$ 0,00
939;2336;2032;"=""53966834020652""";TNG COMERCIO E INDUSTRIA DE ROUPAS LTDA EM RECUPERACAO JUDICIAL                           ;PESSOA JURIDICA;ICMS;"=""4012300483606""";"=""20260000004725""";13932306;Efetivada;06/03/2026 11:43:01;10/03/2026 06:08:04;145;3;25/05/2026;25/05/2026;Paga;R$ 767,43;R$ 775,72;R$ 775,72;R$ 0,00
939;2336;2035;"=""53966834020652""";TNG COMERCIO E INDUSTRIA DE ROUPAS LTDA EM RECUPERACAO JUDICIAL                           ;PESSOA JURIDICA;ICMS;"=""2000937466639""";"=""20260000004728""";13932314;Efetivada;06/03/2026 11:43:01;10/03/2026 06:08:06;4;2;27/04/2026;27/04/2026;Paga;R$ 416,06;R$ 416,07;R$ 416,07;R$ 0,00
939;2336;2035;"=""53966834020652""";TNG COMERCIO E INDUSTRIA DE ROUPAS LTDA EM RECUPERACAO JUDICIAL                           ;PESSOA JURIDICA;ICMS;"=""2000937466639""";"=""20260000004728""";13932314;Efetivada;06/03/2026 11:43:01;10/03/2026 06:08:06;4;3;25/05/2026;25/05/2026;Paga;R$ 416,06;R$ 420,56;R$ 420,56;R$ 0,00
939;2336;2031;"=""53966834020652""";TNG COMERCIO E INDUSTRIA DE ROUPAS LTDA EM RECUPERACAO JUDICIAL                           ;PESSOA JURIDICA;ICMS;"=""4012201142541""";"=""20260000004724""";13932349;Efetivada;06/03/2026 11:43:01;10/03/2026 06:08:12;145;2;27/04/2026;27/04/2026;Paga;R$ 4.380,62;R$ 4.380,63;R$ 4.380,63;R$ 0,00
939;2336;2031;"=""53966834020652""";TNG COMERCIO E INDUSTRIA DE ROUPAS LTDA EM RECUPERACAO JUDICIAL                           ;PESSOA JURIDICA;ICMS;"=""4012201142541""";"=""20260000004724""";13932349;Efetivada;06/03/2026 11:43:01;10/03/2026 06:08:12;145;3;25/05/2026;25/05/2026;Paga;R$ 4.380,62;R$ 4.427,91;R$ 4.427,91;R$ 0,00
939;2336;2041;"=""53966834020652""";TNG COMERCIO E INDUSTRIA DE ROUPAS LTDA EM RECUPERACAO JUDICIAL                           ;PESSOA JURIDICA;ICMS;"=""2005139366646""";"=""20260000004734""";13932365;Efetivada;06/03/2026 11:43:01;10/03/2026 06:08:18;60;2;27/04/2026;27/04/2026;Paga;R$ 336,24;R$ 336,25;R$ 336,25;R$ 0,00
939;2336;2041;"=""53966834020652""";TNG COMERCIO E INDUSTRIA DE ROUPAS LTDA EM RECUPERACAO JUDICIAL                           ;PESSOA JURIDICA;ICMS;"=""2005139366646""";"=""20260000004734""";13932365;Efetivada;06/03/2026 11:43:01;10/03/2026 06:08:18;60;3;25/05/2026;25/05/2026;Paga;R$ 336,24;R$ 339,88;R$ 339,88;R$ 0,00
939;2336;2034;"=""53966834020652""";TNG COMERCIO E INDUSTRIA DE ROUPAS LTDA EM RECUPERACAO JUDICIAL                           ;PESSOA JURIDICA;ICMS;"=""2000937366685""";"=""20260000004727""";13932357;Efetivada;06/03/2026 11:43:01;10/03/2026 06:08:19;18;2;27/04/2026;27/04/2026;Paga;R$ 350,40;R$ 350,41;R$ 350,41;R$ 0,00
939;2336;2034;"=""53966834020652""";TNG COMERCIO E INDUSTRIA DE ROUPAS LTDA EM RECUPERACAO JUDICIAL                           ;PESSOA JURIDICA;ICMS;"=""2000937366685""";"=""20260000004727""";13932357;Efetivada;06/03/2026 11:43:01;10/03/2026 06:08:19;18;3;25/05/2026;25/05/2026;Paga;R$ 350,40;R$ 354,19;R$ 354,19;R$ 0,00
942;2338;2052;"=""53966834022515""";TNG COMERCIO E INDUSTRIA DE ROUPAS LTDA EM RECUPERACAO JUDICIAL                           ;PESSOA JURIDICA;ICMS;"=""2001187566673""";"=""20260000004747""";13932489;Efetivada;06/03/2026 11:47:52;10/03/2026 06:08:26;46;2;27/04/2026;27/04/2026;Paga;R$ 336,80;R$ 336,80;R$ 336,80;R$ 0,00
942;2338;2052;"=""53966834022515""";TNG COMERCIO E INDUSTRIA DE ROUPAS LTDA EM RECUPERACAO JUDICIAL                           ;PESSOA JURIDICA;ICMS;"=""2001187566673""";"=""20260000004747""";13932489;Efetivada;06/03/2026 11:47:52;10/03/2026 06:08:26;46;3;25/05/2026;25/05/2026;Paga;R$ 336,80;R$ 340,44;R$ 340,44;R$ 0,00
942;2338;2049;"=""53966834022515""";TNG COMERCIO E INDUSTRIA DE ROUPAS LTDA EM RECUPERACAO JUDICIAL                           ;PESSOA JURIDICA;ICMS;"=""4012300483789""";"=""20260000004744""";13932470;Efetivada;06/03/2026 11:47:52;10/03/2026 06:08:31;145;2;27/04/2026;27/04/2026;Paga;R$ 562,95;R$ 562,97;R$ 562,97;R$ 0,00
942;2338;2049;"=""53966834022515""";TNG COMERCIO E INDUSTRIA DE ROUPAS LTDA EM RECUPERACAO JUDICIAL                           ;PESSOA JURIDICA;ICMS;"=""4012300483789""";"=""20260000004744""";13932470;Efetivada;06/03/2026 11:47:52;10/03/2026 06:08:31;145;3;25/05/2026;25/05/2026;Paga;R$ 562,95;R$ 569,04;R$ 569,04;R$ 0,00
942;2338;2046;"=""53966834022515""";TNG COMERCIO E INDUSTRIA DE ROUPAS LTDA EM RECUPERACAO JUDICIAL                           ;PESSOA JURIDICA;ICMS;"=""4011702543508""";"=""20260000004741""";13932454;Efetivada;06/03/2026 11:47:52;10/03/2026 06:08:33;142;2;27/04/2026;27/04/2026;Paga;R$ 335,31;R$ 335,33;R$ 335,33;R$ 0,00
942;2338;2046;"=""53966834022515""";TNG COMERCIO E INDUSTRIA DE ROUPAS LTDA EM RECUPERACAO JUDICIAL                           ;PESSOA JURIDICA;ICMS;"=""4011702543508""";"=""20260000004741""";13932454;Efetivada;06/03/2026 11:47:52;10/03/2026 06:08:33;142;3;25/05/2026;25/05/2026;Paga;R$ 335,31;R$ 338,95;R$ 338,95;R$ 0,00
942;2338;2059;"=""53966834022515""";TNG COMERCIO E INDUSTRIA DE ROUPAS LTDA EM RECUPERACAO JUDICIAL                           ;PESSOA JURIDICA;ICMS;"=""2005207966607""";"=""20260000004754""";13932462;Efetivada;06/03/2026 11:47:52;10/03/2026 06:08:38;38;2;27/04/2026;27/04/2026;Paga;R$ 341,20;R$ 341,21;R$ 341,21;R$ 0,00
942;2338;2059;"=""53966834022515""";TNG COMERCIO E INDUSTRIA DE ROUPAS LTDA EM RECUPERACAO JUDICIAL                           ;PESSOA JURIDICA;ICMS;"=""2005207966607""";"=""20260000004754""";13932462;Efetivada;06/03/2026 11:47:52;10/03/2026 06:08:38;38;3;25/05/2026;25/05/2026;Paga;R$ 341,20;R$ 344,89;R$ 344,89;R$ 0,00
942;2338;2060;"=""53966834022515""";TNG COMERCIO E INDUSTRIA DE ROUPAS LTDA EM RECUPERACAO JUDICIAL                           ;PESSOA JURIDICA;ICMS;"=""2006043266649""";"=""20260000004755""";13932497;Efetivada;06/03/2026 11:47:52;10/03/2026 06:08:40;42;2;27/04/2026;27/04/2026;Paga;R$ 340,43;R$ 340,44;R$ 340,44;R$ 0,00
942;2338;2060;"=""53966834022515""";TNG COMERCIO E INDUSTRIA DE ROUPAS LTDA EM RECUPERACAO JUDICIAL                           ;PESSOA JURIDICA;ICMS;"=""2006043266649""";"=""20260000004755""";13932497;Efetivada;06/03/2026 11:47:52;10/03/2026 06:08:40;42;3;25/05/2026;25/05/2026;Paga;R$ 340,43;R$ 344,11;R$ 344,11;R$ 0,00
942;2338;2048;"=""53966834022515""";TNG COMERCIO E INDUSTRIA DE ROUPAS LTDA EM RECUPERACAO JUDICIAL                           ;PESSOA JURIDICA;ICMS;"=""4012201142894""";"=""20260000004743""";13932527;Efetivada;06/03/2026 11:47:52;10/03/2026 06:08:45;145;2;27/04/2026;27/04/2026;Paga;R$ 2.404,97;R$ 2.404,98;R$ 2.404,98;R$ 0,00
942;2338;2048;"=""53966834022515""";TNG COMERCIO E INDUSTRIA DE ROUPAS LTDA EM RECUPERACAO JUDICIAL                           ;PESSOA JURIDICA;ICMS;"=""4012201142894""";"=""20260000004743""";13932527;Efetivada;06/03/2026 11:47:52;10/03/2026 06:08:45;145;3;25/05/2026;25/05/2026;Paga;R$ 2.404,97;R$ 2.430,93;R$ 2.430,93;R$ 0,00
942;2338;2045;"=""53966834022515""";TNG COMERCIO E INDUSTRIA DE ROUPAS LTDA EM RECUPERACAO JUDICIAL                           ;PESSOA JURIDICA;ICMS;"=""4011702541556""";"=""20260000004740""";13932500;Efetivada;06/03/2026 11:47:52;10/03/2026 06:08:46;145;2;27/04/2026;27/04/2026;Paga;R$ 465,87;R$ 465,88;R$ 465,88;R$ 0,00
942;2338;2045;"=""53966834022515""";TNG COMERCIO E INDUSTRIA DE ROUPAS LTDA EM RECUPERACAO JUDICIAL                           ;PESSOA JURIDICA;ICMS;"=""4011702541556""";"=""20260000004740""";13932500;Efetivada;06/03/2026 11:47:52;10/03/2026 06:08:46;145;3;25/05/2026;25/05/2026;Paga;R$ 465,87;R$ 470,91;R$ 470,91;R$ 0,00
942;2338;2047;"=""53966834022515""";TNG COMERCIO E INDUSTRIA DE ROUPAS LTDA EM RECUPERACAO JUDICIAL                           ;PESSOA JURIDICA;ICMS;"=""4012000893000""";"=""20260000004742""";13932519;Efetivada;06/03/2026 11:47:52;10/03/2026 06:08:51;79;2;27/04/2026;27/04/2026;Paga;R$ 336,23;R$ 336,24;R$ 336,24;R$ 0,00
942;2338;2047;"=""53966834022515""";TNG COMERCIO E INDUSTRIA DE ROUPAS LTDA EM RECUPERACAO JUDICIAL                           ;PESSOA JURIDICA;ICMS;"=""4012000893000""";"=""20260000004742""";13932519;Efetivada;06/03/2026 11:47:52;10/03/2026 06:08:51;79;3;25/05/2026;25/05/2026;Paga;R$ 336,23;R$ 339,87;R$ 339,87;R$ 0,00
942;2338;2056;"=""53966834022515""";TNG COMERCIO E INDUSTRIA DE ROUPAS LTDA EM RECUPERACAO JUDICIAL                           ;PESSOA JURIDICA;ICMS;"=""2004194266668""";"=""20260000004751""";13932586;Efetivada;06/03/2026 11:47:52;10/03/2026 06:08:53;56;2;27/04/2026;27/04/2026;Paga;R$ 335,69;R$ 335,69;R$ 335,69;R$ 0,00
942;2338;2056;"=""53966834022515""";TNG COMERCIO E INDUSTRIA DE ROUPAS LTDA EM RECUPERACAO JUDICIAL                           ;PESSOA JURIDICA;ICMS;"=""2004194266668""";"=""20260000004751""";13932586;Efetivada;06/03/2026 11:47:52;10/03/2026 06:08:53;56;3;25/05/2026;25/05/2026;Paga;R$ 335,69;R$ 339,32;R$ 339,32;R$ 0,00
942;2338;2057;"=""53966834022515""";TNG COMERCIO E INDUSTRIA DE ROUPAS LTDA EM RECUPERACAO JUDICIAL                           ;PESSOA JURIDICA;ICMS;"=""2004601466644""";"=""20260000004752""";13932594;Efetivada;06/03/2026 11:47:52;10/03/2026 06:08:58;16;2;27/04/2026;27/04/2026;Paga;R$ 334,81;R$ 334,81;R$ 334,81;R$ 0,00
942;2338;2057;"=""53966834022515""";TNG COMERCIO E INDUSTRIA DE ROUPAS LTDA EM RECUPERACAO JUDICIAL                           ;PESSOA JURIDICA;ICMS;"=""2004601466644""";"=""20260000004752""";13932594;Efetivada;06/03/2026 11:47:52;10/03/2026 06:08:58;16;3;25/05/2026;25/05/2026;Paga;R$ 334,81;R$ 338,43;R$ 338,43;R$ 0,00
942;2338;2058;"=""53966834022515""";TNG COMERCIO E INDUSTRIA DE ROUPAS LTDA EM RECUPERACAO JUDICIAL                           ;PESSOA JURIDICA;ICMS;"=""2004897666600""";"=""20260000004753""";13932608;Efetivada;06/03/2026 11:47:52;10/03/2026 06:09:00;14;2;27/04/2026;27/04/2026;Paga;R$ 356,10;R$ 356,11;R$ 356,11;R$ 0,00
942;2338;2058;"=""53966834022515""";TNG COMERCIO E INDUSTRIA DE ROUPAS LTDA EM RECUPERACAO JUDICIAL                           ;PESSOA JURIDICA;ICMS;"=""2004897666600""";"=""20260000004753""";13932608;Efetivada;06/03/2026 11:47:52;10/03/2026 06:09:00;14;3;25/05/2026;25/05/2026;Paga;R$ 356,10;R$ 359,95;R$ 359,95;R$ 0,00
942;2338;2050;"=""53966834022515""";TNG COMERCIO E INDUSTRIA DE ROUPAS LTDA EM RECUPERACAO JUDICIAL                           ;PESSOA JURIDICA;ICMS;"=""4012301220390""";"=""20260000004745""";13932535;Efetivada;06/03/2026 11:47:52;10/03/2026 06:09:05;145;2;27/04/2026;27/04/2026;Paga;R$ 338,43;R$ 338,44;R$ 338,44;R$ 0,00
942;2338;2050;"=""53966834022515""";TNG COMERCIO E INDUSTRIA DE ROUPAS LTDA EM RECUPERACAO JUDICIAL                           ;PESSOA JURIDICA;ICMS;"=""4012301220390""";"=""20260000004745""";13932535;Efetivada;06/03/2026 11:47:52;10/03/2026 06:09:05;145;3;25/05/2026;25/05/2026;Paga;R$ 338,43;R$ 342,10;R$ 342,10;R$ 0,00
942;2338;2051;"=""53966834022515""";TNG COMERCIO E INDUSTRIA DE ROUPAS LTDA EM RECUPERACAO JUDICIAL                           ;PESSOA JURIDICA;ICMS;"=""2001187466610""";"=""20260000004746""";13932543;Efetivada;06/03/2026 11:47:52;10/03/2026 06:09:06;15;2;27/04/2026;27/04/2026;Paga;R$ 346,81;R$ 346,81;R$ 346,81;R$ 0,00
942;2338;2051;"=""53966834022515""";TNG COMERCIO E INDUSTRIA DE ROUPAS LTDA EM RECUPERACAO JUDICIAL                           ;PESSOA JURIDICA;ICMS;"=""2001187466610""";"=""20260000004746""";13932543;Efetivada;06/03/2026 11:47:52;10/03/2026 06:09:06;15;3;25/05/2026;25/05/2026;Paga;R$ 346,81;R$ 350,55;R$ 350,55;R$ 0,00
942;2338;2053;"=""53966834022515""";TNG COMERCIO E INDUSTRIA DE ROUPAS LTDA EM RECUPERACAO JUDICIAL                           ;PESSOA JURIDICA;ICMS;"=""2001187666627""";"=""20260000004748""";13932551;Efetivada;06/03/2026 11:47:52;10/03/2026 06:09:11;145;2;27/04/2026;27/04/2026;Paga;R$ 338,89;R$ 338,90;R$ 338,90;R$ 0,00
942;2338;2053;"=""53966834022515""";TNG COMERCIO E INDUSTRIA DE ROUPAS LTDA EM RECUPERACAO JUDICIAL                           ;PESSOA JURIDICA;ICMS;"=""2001187666627""";"=""20260000004748""";13932551;Efetivada;06/03/2026 11:47:52;10/03/2026 06:09:11;145;3;25/05/2026;25/05/2026;Paga;R$ 338,89;R$ 342,56;R$ 342,56;R$ 0,00
942;2338;2054;"=""53966834022515""";TNG COMERCIO E INDUSTRIA DE ROUPAS LTDA EM RECUPERACAO JUDICIAL                           ;PESSOA JURIDICA;ICMS;"=""2001187766680""";"=""20260000004749""";13932560;Efetivada;06/03/2026 11:47:52;10/03/2026 06:09:13;56;2;27/04/2026;27/04/2026;Paga;R$ 337,53;R$ 337,54;R$ 337,54;R$ 0,00
942;2338;2054;"=""53966834022515""";TNG COMERCIO E INDUSTRIA DE ROUPAS LTDA EM RECUPERACAO JUDICIAL                           ;PESSOA JURIDICA;ICMS;"=""2001187766680""";"=""20260000004749""";13932560;Efetivada;06/03/2026 11:47:52;10/03/2026 06:09:13;56;3;25/05/2026;25/05/2026;Paga;R$ 337,53;R$ 341,18;R$ 341,18;R$ 0,00
942;2338;2055;"=""53966834022515""";TNG COMERCIO E INDUSTRIA DE ROUPAS LTDA EM RECUPERACAO JUDICIAL                           ;PESSOA JURIDICA;ICMS;"=""2001187866634""";"=""20260000004750""";13932578;Efetivada;06/03/2026 11:47:52;10/03/2026 06:09:18;67;2;27/04/2026;27/04/2026;Paga;R$ 334,32;R$ 334,33;R$ 334,33;R$ 0,00
942;2338;2055;"=""53966834022515""";TNG COMERCIO E INDUSTRIA DE ROUPAS LTDA EM RECUPERACAO JUDICIAL                           ;PESSOA JURIDICA;ICMS;"=""2001187866634""";"=""20260000004750""";13932578;Efetivada;06/03/2026 11:47:52;10/03/2026 06:09:18;67;3;25/05/2026;25/05/2026;Paga;R$ 334,32;R$ 337,94;R$ 337,94;R$ 0,00
943;2341;2063;"=""53966834026421""";TNG COMERCIO E INDUSTRIA DE ROUPAS LTDA EM RECUPERACAO JUDICIAL                           ;PESSOA JURIDICA;ICMS;"=""4012201238140""";"=""20260000004774""";13932632;Efetivada;06/03/2026 11:49:55;10/03/2026 06:09:20;145;2;27/04/2026;27/04/2026;Paga;R$ 1.412,53;R$ 1.412,53;R$ 1.412,53;R$ 0,00
943;2341;2063;"=""53966834026421""";TNG COMERCIO E INDUSTRIA DE ROUPAS LTDA EM RECUPERACAO JUDICIAL                           ;PESSOA JURIDICA;ICMS;"=""4012201238140""";"=""20260000004774""";13932632;Efetivada;06/03/2026 11:49:55;10/03/2026 06:09:20;145;3;25/05/2026;25/05/2026;Paga;R$ 1.412,53;R$ 1.427,78;R$ 1.427,78;R$ 0,00
943;2341;2061;"=""53966834026421""";TNG COMERCIO E INDUSTRIA DE ROUPAS LTDA EM RECUPERACAO JUDICIAL                           ;PESSOA JURIDICA;ICMS;"=""4012000893949""";"=""20260000004772""";13932624;Efetivada;06/03/2026 11:49:55;10/03/2026 06:09:25;76;2;27/04/2026;27/04/2026;Paga;R$ 336,98;R$ 336,98;R$ 336,98;R$ 0,00
943;2341;2061;"=""53966834026421""";TNG COMERCIO E INDUSTRIA DE ROUPAS LTDA EM RECUPERACAO JUDICIAL                           ;PESSOA JURIDICA;ICMS;"=""4012000893949""";"=""20260000004772""";13932624;Efetivada;06/03/2026 11:49:55;10/03/2026 06:09:25;76;3;25/05/2026;25/05/2026;Paga;R$ 336,98;R$ 340,62;R$ 340,62;R$ 0,00
1061;3300;2355;"=""54608589172""";FRANCILENE LIMA DE ANDRADE E REZENDE;PESSOA FISICA;ICMS;"=""4011800431062""";"=""20260000005427""";13988999;Efetivada;16/03/2026 12:50:31;20/03/2026 12:05:08;58;1;23/03/2026;20/03/2026;Paga;R$ 330,26;R$ 330,26;R$ 330,26;R$ 0,00
1061;3300;2355;"=""54608589172""";FRANCILENE LIMA DE ANDRADE E REZENDE;PESSOA FISICA;ICMS;"=""4011800431062""";"=""20260000005427""";13988999;Efetivada;16/03/2026 12:50:31;20/03/2026 12:05:08;58;2;27/04/2026;22/04/2026;Paga;R$ 333,54;R$ 333,56;R$ 333,56;R$ 0,00
1061;3300;2355;"=""54608589172""";FRANCILENE LIMA DE ANDRADE E REZENDE;PESSOA FISICA;ICMS;"=""4011800431062""";"=""20260000005427""";13988999;Efetivada;16/03/2026 12:50:31;20/03/2026 12:05:08;58;3;25/05/2026;25/05/2026;Paga;R$ 333,54;R$ 337,17;R$ 337,17;R$ 0,00
769;2366;1641;"=""54898218172""";OLIVERIO MOURA DE FARIA;PESSOA FISICA;IPVA;"=""2043944722207""";"=""20260000003725""";13880322;Efetivada;27/02/2026 12:01:57;27/02/2026 18:08:26;4;1;27/02/2026;27/02/2026;Paga;R$ 366,89;R$ 366,89;R$ 366,89;R$ 0,00
769;2366;1641;"=""54898218172""";OLIVERIO MOURA DE FARIA;PESSOA FISICA;IPVA;"=""2043944722207""";"=""20260000003725""";13880322;Efetivada;27/02/2026 12:01:57;27/02/2026 18:08:26;4;2;25/03/2026;25/03/2026;Paga;R$ 370,55;R$ 370,56;R$ 370,56;R$ 0,00
769;2366;1641;"=""54898218172""";OLIVERIO MOURA DE FARIA;PESSOA FISICA;IPVA;"=""2043944722207""";"=""20260000003725""";13880322;Efetivada;27/02/2026 12:01:57;27/02/2026 18:08:26;4;3;27/04/2026;27/04/2026;Paga;R$ 370,55;R$ 375,00;R$ 375,00;R$ 0,00
769;2366;1641;"=""54898218172""";OLIVERIO MOURA DE FARIA;PESSOA FISICA;IPVA;"=""2043944722207""";"=""20260000003725""";13880322;Efetivada;27/02/2026 12:01:57;27/02/2026 18:08:26;4;4;25/05/2026;25/05/2026;Paga;R$ 370,55;R$ 379,00;R$ 379,00;R$ 0,00
769;2366;1642;"=""54898218172""";OLIVERIO MOURA DE FARIA;PESSOA FISICA;IPVA;"=""2098475222255""";"=""20260000003726""";13880349;Efetivada;27/02/2026 12:01:57;27/02/2026 18:08:33;4;1;27/02/2026;27/02/2026;Paga;R$ 347,35;R$ 347,35;R$ 347,35;R$ 0,00
769;2366;1642;"=""54898218172""";OLIVERIO MOURA DE FARIA;PESSOA FISICA;IPVA;"=""2098475222255""";"=""20260000003726""";13880349;Efetivada;27/02/2026 12:01:57;27/02/2026 18:08:33;4;2;25/03/2026;25/03/2026;Paga;R$ 350,81;R$ 350,84;R$ 350,84;R$ 0,00
769;2366;1642;"=""54898218172""";OLIVERIO MOURA DE FARIA;PESSOA FISICA;IPVA;"=""2098475222255""";"=""20260000003726""";13880349;Efetivada;27/02/2026 12:01:57;27/02/2026 18:08:33;4;3;27/04/2026;27/04/2026;Paga;R$ 350,81;R$ 355,04;R$ 355,04;R$ 0,00
769;2366;1642;"=""54898218172""";OLIVERIO MOURA DE FARIA;PESSOA FISICA;IPVA;"=""2098475222255""";"=""20260000003726""";13880349;Efetivada;27/02/2026 12:01:57;27/02/2026 18:08:33;4;4;25/05/2026;25/05/2026;Paga;R$ 350,81;R$ 358,82;R$ 358,82;R$ 0,00
769;2366;1643;"=""54898218172""";OLIVERIO MOURA DE FARIA;PESSOA FISICA;IPVA;"=""2306220322294""";"=""20260000003727""";13880330;Efetivada;27/02/2026 12:01:57;27/02/2026 18:08:34;3;1;27/02/2026;27/02/2026;Paga;R$ 434,79;R$ 434,79;R$ 434,79;R$ 0,00
769;2366;1643;"=""54898218172""";OLIVERIO MOURA DE FARIA;PESSOA FISICA;IPVA;"=""2306220322294""";"=""20260000003727""";13880330;Efetivada;27/02/2026 12:01:57;27/02/2026 18:08:34;3;2;25/03/2026;25/03/2026;Paga;R$ 439,13;R$ 439,15;R$ 439,15;R$ 0,00
769;2366;1643;"=""54898218172""";OLIVERIO MOURA DE FARIA;PESSOA FISICA;IPVA;"=""2306220322294""";"=""20260000003727""";13880330;Efetivada;27/02/2026 12:01:57;27/02/2026 18:08:34;3;3;27/04/2026;27/04/2026;Paga;R$ 439,13;R$ 444,41;R$ 444,41;R$ 0,00
769;2366;1644;"=""54898218172""";OLIVERIO MOURA DE FARIA;PESSOA FISICA;IPVA;"=""2381371422260""";"=""20260000003728""";13880357;Efetivada;27/02/2026 12:01:57;27/02/2026 18:08:40;4;1;27/02/2026;27/02/2026;Paga;R$ 399,94;R$ 399,94;R$ 399,94;R$ 0,00
769;2366;1644;"=""54898218172""";OLIVERIO MOURA DE FARIA;PESSOA FISICA;IPVA;"=""2381371422260""";"=""20260000003728""";13880357;Efetivada;27/02/2026 12:01:57;27/02/2026 18:08:40;4;2;25/03/2026;25/03/2026;Paga;R$ 403,93;R$ 403,95;R$ 403,95;R$ 0,00
769;2366;1644;"=""54898218172""";OLIVERIO MOURA DE FARIA;PESSOA FISICA;IPVA;"=""2381371422260""";"=""20260000003728""";13880357;Efetivada;27/02/2026 12:01:57;27/02/2026 18:08:40;4;3;27/04/2026;27/04/2026;Paga;R$ 403,93;R$ 408,79;R$ 408,79;R$ 0,00
769;2366;1644;"=""54898218172""";OLIVERIO MOURA DE FARIA;PESSOA FISICA;IPVA;"=""2381371422260""";"=""20260000003728""";13880357;Efetivada;27/02/2026 12:01:57;27/02/2026 18:08:40;4;4;25/05/2026;25/05/2026;Paga;R$ 403,93;R$ 413,15;R$ 413,15;R$ 0,00
413;1975;878;"=""55237533272""";WENDERSON DELGADO BARROS;PESSOA FISICA;IPVA;"=""2286784222259""";"=""20260000001713""";13763687;Efetivada;12/02/2026 11:26:52;12/02/2026 12:09:30;1;1;19/02/2026;12/02/2026;Paga;R$ 627,26;R$ 627,26;R$ 627,26;R$ 0,00
377;1746;813;"=""55689256153""";DALVA MARIA DE LIMA;PESSOA FISICA;IPVA;"=""2333008622287""";"=""20260000001564""";13750437;Efetivada;11/02/2026 12:06:39;12/02/2026 06:06:18;6;1;18/02/2026;11/02/2026;Paga;R$ 331,87;R$ 331,87;R$ 331,87;R$ 0,00
308;1664;667;"=""56082320115""";WANDERLEY BARBOSA DE MOURA;PESSOA FISICA;IPVA;"=""2385356122220""";"=""20260000001236""";13757474;Efetivada;09/02/2026 17:48:34;12/02/2026 06:08:20;1;1;18/02/2026;11/02/2026;Paga;R$ 1.274,03;R$ 1.274,03;R$ 1.274,03;R$ 0,00
613;1156;1275;"=""56625588172""";VIVIANE KEIKO MORIBAYASHI;PESSOA FISICA;IPVA;"=""2276261122278""";"=""20260000002665""";13834479;Efetivada;23/02/2026 10:05:59;23/02/2026 18:11:02;1;1;27/02/2026;23/02/2026;Paga;R$ 968,55;R$ 968,55;R$ 968,55;R$ 0,00
613;1156;1276;"=""56625588172""";VIVIANE KEIKO MORIBAYASHI;PESSOA FISICA;IPVA;"=""2358693522242""";"=""20260000002666""";13834460;Efetivada;23/02/2026 10:05:59;23/02/2026 18:11:02;1;1;27/02/2026;23/02/2026;Paga;R$ 1.198,07;R$ 1.198,07;R$ 1.198,07;R$ 0,00
1128;3378;2560;"=""56758537234""";CLAUDENI DOS SANTOS COUTINHO;PESSOA FISICA;IPVA;"=""2382703122260""";"=""20260000005918""";14032147;Efetivada;24/03/2026 09:32:37;01/04/2026 18:06:30;1;1;31/03/2026;26/03/2026;Paga;R$ 636,44;R$ 636,44;R$ 636,44;R$ 0,00
1128;3378;2559;"=""56758537234""";CLAUDENI DOS SANTOS COUTINHO;PESSOA FISICA;IPVA;"=""2309227522277""";"=""20260000005917""";14032155;Efetivada;24/03/2026 09:32:37;01/04/2026 18:06:37;1;1;31/03/2026;26/03/2026;Paga;R$ 579,32;R$ 579,32;R$ 579,32;R$ 0,00
1002;3197;2171;"=""57343292234""";EDIEL ARAUJO DA SILVA;PESSOA FISICA;IPVA;"=""2382234522202""";"=""20260000005023""";13952218;Efetivada;10/03/2026 10:19:51;17/03/2026 18:04:34;6;1;17/03/2026;17/03/2026;Paga;R$ 333,30;R$ 333,30;R$ 333,30;R$ 0,00
1002;3197;2171;"=""57343292234""";EDIEL ARAUJO DA SILVA;PESSOA FISICA;IPVA;"=""2382234522202""";"=""20260000005023""";13952218;Efetivada;10/03/2026 10:19:51;17/03/2026 18:04:34;6;2;27/04/2026;27/05/2026;Paga;R$ 336,63;R$ 373,94;R$ 373,94;R$ 0,00
1137;3401;2573;"=""57570639120""";CLAUDIA CLENEN OLIVEIRA FREITAS;PESSOA FISICA;IPVA;"=""2363147222239""";"=""20260000005963""";14037386;Efetivada;25/03/2026 10:30:12;01/04/2026 12:07:36;3;1;31/03/2026;31/03/2026;Paga;R$ 400,57;R$ 400,57;R$ 400,57;R$ 0,00
1106;3362;2469;"=""57735603134""";LUCINEIDE DA SILVA PEREIRA;PESSOA FISICA;IPVA;"=""2393934822255""";"=""20260000005656""";14026520;Efetivada;21/03/2026 09:21:14;01/04/2026 18:05:51;1;1;27/03/2026;24/03/2026;Paga;R$ 1.020,10;R$ 1.020,10;R$ 1.020,10;R$ 0,00
1106;3362;2468;"=""57735603134""";LUCINEIDE DA SILVA PEREIRA;PESSOA FISICA;IPVA;"=""2321285122200""";"=""20260000005655""";14026511;Efetivada;21/03/2026 09:21:14;01/04/2026 18:05:58;1;1;27/03/2026;24/03/2026;Paga;R$ 845,96;R$ 845,96;R$ 845,96;R$ 0,00
89;1008;196;"=""58118551172""";MARCELO SOUSA DE OLIVEIRA;PESSOA FISICA;IPVA;"=""2089891522258""";"=""20260000000153""";13644700;Efetivada;03/02/2026 11:58:41;10/02/2026 12:00:32;2;1;10/02/2026;10/02/2026;Paga;R$ 404,23;R$ 404,23;R$ 404,23;R$ 0,00
89;1008;198;"=""58118551172""";MARCELO SOUSA DE OLIVEIRA;PESSOA FISICA;IPVA;"=""2270272522265""";"=""20260000000155""";13644696;Efetivada;03/02/2026 11:58:41;10/02/2026 12:00:39;1;1;10/02/2026;10/02/2026;Paga;R$ 467,21;R$ 467,21;R$ 467,21;R$ 0,00
89;1008;199;"=""58118551172""";MARCELO SOUSA DE OLIVEIRA;PESSOA FISICA;IPVA;"=""2374229222289""";"=""20260000000156""";13644726;Efetivada;03/02/2026 11:58:41;10/02/2026 12:00:45;1;1;10/02/2026;10/02/2026;Paga;R$ 588,03;R$ 588,03;R$ 588,03;R$ 0,00
89;1008;195;"=""58118551172""";MARCELO SOUSA DE OLIVEIRA;PESSOA FISICA;IPVA;"=""2069796422239""";"=""20260000000152""";13644718;Efetivada;03/02/2026 11:58:41;10/02/2026 12:00:46;1;1;10/02/2026;10/02/2026;Paga;R$ 503,42;R$ 503,42;R$ 503,42;R$ 0,00
89;1008;193;"=""58118551172""";MARCELO SOUSA DE OLIVEIRA;PESSOA FISICA;IPVA;"=""2035267022208""";"=""20260000000150""";13644670;Efetivada;03/02/2026 11:58:41;10/02/2026 18:00:26;1;1;10/02/2026;10/02/2026;Paga;R$ 530,74;R$ 530,74;R$ 530,74;R$ 0,00
89;1008;194;"=""58118551172""";MARCELO SOUSA DE OLIVEIRA;PESSOA FISICA;IPVA;"=""2043745922206""";"=""20260000000151""";13644688;Efetivada;03/02/2026 11:58:41;10/02/2026 18:00:32;2;1;10/02/2026;10/02/2026;Paga;R$ 412,31;R$ 412,31;R$ 412,31;R$ 0,00
89;1008;197;"=""58118551172""";MARCELO SOUSA DE OLIVEIRA;PESSOA FISICA;IPVA;"=""2296888422251""";"=""20260000000154""";13644734;Efetivada;03/02/2026 11:58:41;10/02/2026 18:00:32;2;1;10/02/2026;10/02/2026;Paga;R$ 375,04;R$ 375,04;R$ 375,04;R$ 0,00
669;930;1420;"=""58506155000931""";MIRA OTM TRANSPORTES LTDA;PESSOA JURIDICA;ICMS;"=""2006041766628""";"=""20260000003002""";13848607;Efetivada;24/02/2026 12:03:49;27/02/2026 12:04:15;145;1;27/02/2026;26/02/2026;Paga;R$ 745,97;R$ 745,97;R$ 745,97;R$ 0,00
669;930;1420;"=""58506155000931""";MIRA OTM TRANSPORTES LTDA;PESSOA JURIDICA;ICMS;"=""2006041766628""";"=""20260000003002""";13848607;Efetivada;24/02/2026 12:03:49;27/02/2026 12:04:15;145;2;25/03/2026;30/03/2026;Paga;R$ 753,42;R$ 768,35;R$ 765,86;R$ 0,00
669;930;1419;"=""58506155000931""";MIRA OTM TRANSPORTES LTDA;PESSOA JURIDICA;ICMS;"=""2005213766649""";"=""20260000003001""";13848593;Efetivada;24/02/2026 12:03:49;27/02/2026 12:04:16;145;1;27/02/2026;26/02/2026;Paga;R$ 1.174,88;R$ 1.174,88;R$ 1.174,88;R$ 0,00
669;930;1419;"=""58506155000931""";MIRA OTM TRANSPORTES LTDA;PESSOA JURIDICA;ICMS;"=""2005213766649""";"=""20260000003001""";13848593;Efetivada;24/02/2026 12:03:49;27/02/2026 12:04:16;145;2;25/03/2026;30/03/2026;Paga;R$ 1.186,62;R$ 1.210,13;R$ 1.206,21;R$ 0,00
669;930;1415;"=""58506155000931""";MIRA OTM TRANSPORTES LTDA;PESSOA JURIDICA;ICMS;"=""2000229966676""";"=""20260000002997""";13848550;Efetivada;24/02/2026 12:03:49;27/02/2026 12:04:23;145;1;27/02/2026;26/02/2026;Paga;R$ 1.616,50;R$ 1.616,50;R$ 1.616,50;R$ 0,00
669;930;1415;"=""58506155000931""";MIRA OTM TRANSPORTES LTDA;PESSOA JURIDICA;ICMS;"=""2000229966676""";"=""20260000002997""";13848550;Efetivada;24/02/2026 12:03:49;27/02/2026 12:04:23;145;2;25/03/2026;30/03/2026;Paga;R$ 1.632,65;R$ 1.665,00;R$ 1.659,61;R$ 0,00
669;930;1418;"=""58506155000931""";MIRA OTM TRANSPORTES LTDA;PESSOA JURIDICA;ICMS;"=""2004905266602""";"=""20260000003000""";13848585;Efetivada;24/02/2026 12:03:49;27/02/2026 12:04:23;145;1;27/02/2026;26/02/2026;Paga;R$ 1.694,99;R$ 1.694,99;R$ 1.694,99;R$ 0,00
669;930;1418;"=""58506155000931""";MIRA OTM TRANSPORTES LTDA;PESSOA JURIDICA;ICMS;"=""2004905266602""";"=""20260000003000""";13848585;Efetivada;24/02/2026 12:03:49;27/02/2026 12:04:23;145;2;25/03/2026;30/03/2026;Paga;R$ 1.711,93;R$ 1.745,83;R$ 1.740,19;R$ 0,00
669;930;1416;"=""58506155000931""";MIRA OTM TRANSPORTES LTDA;PESSOA JURIDICA;ICMS;"=""2004104166685""";"=""20260000002998""";13848569;Efetivada;24/02/2026 12:03:49;27/02/2026 12:04:29;145;1;27/02/2026;26/02/2026;Paga;R$ 1.142,38;R$ 1.142,38;R$ 1.142,38;R$ 0,00
669;930;1416;"=""58506155000931""";MIRA OTM TRANSPORTES LTDA;PESSOA JURIDICA;ICMS;"=""2004104166685""";"=""20260000002998""";13848569;Efetivada;24/02/2026 12:03:49;27/02/2026 12:04:29;145;2;25/03/2026;30/03/2026;Paga;R$ 1.153,79;R$ 1.176,66;R$ 1.172,85;R$ 0,00
669;930;1417;"=""58506155000931""";MIRA OTM TRANSPORTES LTDA;PESSOA JURIDICA;ICMS;"=""2004424266699""";"=""20260000002999""";13848577;Efetivada;24/02/2026 12:03:49;27/02/2026 12:04:30;145;1;27/02/2026;26/02/2026;Paga;R$ 1.388,44;R$ 1.388,44;R$ 1.388,44;R$ 0,00
669;930;1417;"=""58506155000931""";MIRA OTM TRANSPORTES LTDA;PESSOA JURIDICA;ICMS;"=""2004424266699""";"=""20260000002999""";13848577;Efetivada;24/02/2026 12:03:49;27/02/2026 12:04:30;145;2;25/03/2026;30/03/2026;Paga;R$ 1.402,32;R$ 1.430,08;R$ 1.425,45;R$ 0,00
669;930;1414;"=""58506155000931""";MIRA OTM TRANSPORTES LTDA;PESSOA JURIDICA;ICMS;"=""4012400950508""";"=""20260000002996""";13848542;Efetivada;24/02/2026 12:03:49;27/02/2026 12:04:36;145;1;27/02/2026;26/02/2026;Paga;R$ 3.921,18;R$ 3.921,18;R$ 3.921,18;R$ 0,00
669;930;1414;"=""58506155000931""";MIRA OTM TRANSPORTES LTDA;PESSOA JURIDICA;ICMS;"=""4012400950508""";"=""20260000002996""";13848542;Efetivada;24/02/2026 12:03:49;27/02/2026 12:04:36;145;2;25/03/2026;30/03/2026;Paga;R$ 3.960,38;R$ 4.038,81;R$ 4.025,74;R$ 0,00
1243;3653;2894;"=""58725881191""";SANDRO SIMOES DOS SANTOS;PESSOA FISICA;IPVA;"=""2342183522287""";"=""20260000006645""";14184893;Efetivada;27/04/2026 13:56:37;30/04/2026 06:03:00;1;1;30/04/2026;29/04/2026;Paga;R$ 267,01;R$ 267,01;R$ 267,01;R$ 0,00
554;1188;1142;"=""58842039187""";OSMAR SERAFIM DOS SANTOS;PESSOA FISICA;IPVA;"=""2303339722228""";"=""20260000002333""";13815105;Efetivada;19/02/2026 17:25:20;20/02/2026 18:06:18;1;1;26/02/2026;20/02/2026;Paga;R$ 488,35;R$ 488,35;R$ 488,35;R$ 0,00
554;1188;1143;"=""58842039187""";OSMAR SERAFIM DOS SANTOS;PESSOA FISICA;IPVA;"=""2354428722201""";"=""20260000002334""";13815113;Efetivada;19/02/2026 17:25:20;20/02/2026 18:06:24;1;1;26/02/2026;20/02/2026;Paga;R$ 607,11;R$ 607,11;R$ 607,11;R$ 0,00
516;1576;1077;"=""59105151104""";ELIZANGELA ROSARIA DE OLIVEIRA;PESSOA FISICA;IPVA;"=""2392269022246""";"=""20260000002170""";13800663;Efetivada;18/02/2026 13:48:25;19/02/2026 06:07:59;6;1;25/02/2026;18/02/2026;Paga;R$ 384,94;R$ 384,94;R$ 384,94;R$ 0,00
516;1576;1077;"=""59105151104""";ELIZANGELA ROSARIA DE OLIVEIRA;PESSOA FISICA;IPVA;"=""2392269022246""";"=""20260000002170""";13800663;Efetivada;18/02/2026 13:48:25;19/02/2026 06:07:59;6;2;25/03/2026;29/04/2026;Paga;R$ 388,77;R$ 438,88;R$ 438,88;R$ 0,00
492;2128;1025;"=""59672897120""";ANTONIO RAILDO PERES DE SOUSA;PESSOA FISICA;ICMS;"=""4012201194185""";"=""20260000002062""";13793985;Efetivada;13/02/2026 22:39:16;21/02/2026 06:02:42;10;1;20/02/2026;20/02/2026;Paga;R$ 535,54;R$ 535,54;R$ 535,54;R$ 0,00
492;2128;1025;"=""59672897120""";ANTONIO RAILDO PERES DE SOUSA;PESSOA FISICA;ICMS;"=""4012201194185""";"=""20260000002062""";13793985;Efetivada;13/02/2026 22:39:16;21/02/2026 06:02:42;10;2;25/03/2026;26/03/2026;Paga;R$ 540,88;R$ 542,68;R$ 542,68;R$ 0,00
1306;3937;3042;"=""59812133100""";NELSON FERRAZ DA MAIA;PESSOA FISICA;IPVA;"=""2291861522220""";"=""20260000007317""";14275368;Efetivada;19/05/2026 16:16:06;21/05/2026 18:02:11;1;1;26/05/2026;21/05/2026;Paga;R$ 143,91;R$ 143,91;R$ 143,91;R$ 0,00
1306;3937;3043;"=""59812133100""";NELSON FERRAZ DA MAIA;PESSOA FISICA;IPVA;"=""2379325522280""";"=""20260000007318""";14275350;Efetivada;19/05/2026 16:16:06;21/05/2026 18:02:17;1;1;26/05/2026;21/05/2026;Paga;R$ 178,60;R$ 178,60;R$ 178,60;R$ 0,00
1085;3326;2411;"=""59849061120""";ROSA MARIA DA SILVA AGUIAR;PESSOA FISICA;ICMS;"=""4012001395020""";"=""20260000005535""";14005379;Efetivada;18/03/2026 15:05:10;25/03/2026 18:02:21;145;1;25/03/2026;25/03/2026;Paga;R$ 1.077,38;R$ 1.077,38;R$ 1.077,38;R$ 0,00
1085;3326;2411;"=""59849061120""";ROSA MARIA DA SILVA AGUIAR;PESSOA FISICA;ICMS;"=""4012001395020""";"=""20260000005535""";14005379;Efetivada;18/03/2026 15:05:10;25/03/2026 18:02:21;145;2;27/04/2026;27/04/2026;Paga;R$ 1.088,14;R$ 1.088,15;R$ 1.088,15;R$ 0,00
1085;3326;2411;"=""59849061120""";ROSA MARIA DA SILVA AGUIAR;PESSOA FISICA;ICMS;"=""4012001395020""";"=""20260000005535""";14005379;Efetivada;18/03/2026 15:05:10;25/03/2026 18:02:21;145;3;25/05/2026;25/05/2026;Paga;R$ 1.088,14;R$ 1.099,90;R$ 1.099,90;R$ 0,00
469;1840;982;"=""59958804115""";RODRIGO SANTANA RODRIGUES;PESSOA FISICA;IPVA;"=""2389735422259""";"=""20260000001975""";13778544;Efetivada;13/02/2026 12:35:41;13/02/2026 18:12:59;1;1;20/02/2026;13/02/2026;Paga;R$ 2.603,74;R$ 2.603,74;R$ 2.603,74;R$ 0,00
420;1998;887;"=""60328444120""";RONALDO RANGEL DE ALBUQUERQUE SA FILHO;PESSOA FISICA;IPVA;"=""2362824122240""";"=""20260000001733""";13775324;Efetivada;12/02/2026 13:32:27;19/02/2026 12:03:01;1;1;19/02/2026;19/02/2026;Paga;R$ 1.580,10;R$ 1.580,10;R$ 1.580,10;R$ 0,00
1222;3578;2847;"=""60480037302""";RAYSSA GUIMARAES MESQUITA;PESSOA FISICA;IPVA;"=""2362362322279""";"=""20260000006556""";14169410;Efetivada;23/04/2026 10:58:32;28/04/2026 18:00:19;1;1;30/04/2026;28/04/2026;Paga;R$ 402,93;R$ 402,93;R$ 402,93;R$ 0,00
1222;3578;2846;"=""60480037302""";RAYSSA GUIMARAES MESQUITA;PESSOA FISICA;IPVA;"=""2271363522215""";"=""20260000006555""";14169401;Efetivada;23/04/2026 10:58:32;28/04/2026 18:00:26;1;1;30/04/2026;28/04/2026;Paga;R$ 323,24;R$ 323,24;R$ 323,24;R$ 0,00
470;2093;983;"=""61860352120""";GISELA FERNANDES COSTA DE FARIAS;PESSOA FISICA;IPVA;"=""2048665122204""";"=""20260000001977""";13784420;Efetivada;13/02/2026 13:06:56;18/02/2026 06:08:28;1;1;20/02/2026;18/02/2026;Paga;R$ 450,37;R$ 450,37;R$ 450,37;R$ 0,00
470;2093;984;"=""61860352120""";GISELA FERNANDES COSTA DE FARIAS;PESSOA FISICA;IPVA;"=""2182673522263""";"=""20260000001978""";13784439;Efetivada;13/02/2026 13:06:56;18/02/2026 06:08:35;1;1;20/02/2026;18/02/2026;Paga;R$ 443,53;R$ 443,53;R$ 443,53;R$ 0,00
953;3122;2081;"=""62508644153""";BENEVENUTA LUCIA ARANTES DOS SANTOS;PESSOA FISICA;IPVA;"=""2353135122270""";"=""20260000004810""";13936140;Efetivada;06/03/2026 15:39:51;12/03/2026 18:04:08;2;1;13/03/2026;12/03/2026;Paga;R$ 375,21;R$ 375,21;R$ 375,21;R$ 0,00
953;3122;2081;"=""62508644153""";BENEVENUTA LUCIA ARANTES DOS SANTOS;PESSOA FISICA;IPVA;"=""2353135122270""";"=""20260000004810""";13936140;Efetivada;06/03/2026 15:39:51;12/03/2026 18:04:08;2;2;27/04/2026;20/04/2026;Paga;R$ 378,96;R$ 378,96;R$ 378,96;R$ 0,00
953;3122;2078;"=""62508644153""";BENEVENUTA LUCIA ARANTES DOS SANTOS;PESSOA FISICA;IPVA;"=""2022258122228""";"=""20260000004807""";13936166;Efetivada;06/03/2026 15:39:51;13/03/2026 18:03:56;2;1;13/03/2026;13/03/2026;Paga;R$ 367,25;R$ 367,25;R$ 367,25;R$ 0,00
953;3122;2078;"=""62508644153""";BENEVENUTA LUCIA ARANTES DOS SANTOS;PESSOA FISICA;IPVA;"=""2022258122228""";"=""20260000004807""";13936166;Efetivada;06/03/2026 15:39:51;13/03/2026 18:03:56;2;2;27/04/2026;20/04/2026;Paga;R$ 370,91;R$ 370,93;R$ 370,93;R$ 0,00
953;3122;2080;"=""62508644153""";BENEVENUTA LUCIA ARANTES DOS SANTOS;PESSOA FISICA;IPVA;"=""2277449522255""";"=""20260000004809""";13936158;Efetivada;06/03/2026 15:39:51;13/03/2026 18:03:57;2;1;13/03/2026;13/03/2026;Paga;R$ 330,66;R$ 330,66;R$ 330,66;R$ 0,00
953;3122;2080;"=""62508644153""";BENEVENUTA LUCIA ARANTES DOS SANTOS;PESSOA FISICA;IPVA;"=""2277449522255""";"=""20260000004809""";13936158;Efetivada;06/03/2026 15:39:51;13/03/2026 18:03:57;2;2;27/04/2026;20/04/2026;Paga;R$ 333,96;R$ 333,97;R$ 333,97;R$ 0,00
953;3122;2079;"=""62508644153""";BENEVENUTA LUCIA ARANTES DOS SANTOS;PESSOA FISICA;IPVA;"=""2074878522225""";"=""20260000004808""";13936131;Efetivada;06/03/2026 15:39:51;13/03/2026 18:04:03;2;1;13/03/2026;13/03/2026;Paga;R$ 343,81;R$ 343,81;R$ 343,81;R$ 0,00
953;3122;2079;"=""62508644153""";BENEVENUTA LUCIA ARANTES DOS SANTOS;PESSOA FISICA;IPVA;"=""2074878522225""";"=""20260000004808""";13936131;Efetivada;06/03/2026 15:39:51;13/03/2026 18:04:03;2;2;27/04/2026;20/04/2026;Paga;R$ 347,24;R$ 347,27;R$ 347,27;R$ 0,00
928;3060;1997;"=""62531751149""";EVALDO MARTINS SOUZA;PESSOA FISICA;IPVA;"=""2393012322270""";"=""20260000004666""";13931741;Efetivada;05/03/2026 16:39:21;09/04/2026 12:50:54;1;1;12/03/2026;11/03/2026;Paga;R$ 2.489,64;R$ 2.489,64;R$ 2.489,64;R$ 0,00
911;1987;1971;"=""62868390110""";MAZIO BANDEIRA SOARES;PESSOA FISICA;IPVA;"=""2331103022210""";"=""20260000004616""";13921851;Efetivada;05/03/2026 09:45:43;06/03/2026 18:08:24;4;2;27/04/2026;12/03/2026;Paga;R$ 430,24;R$ 426,01;R$ 426,01;R$ 0,00
911;1987;1971;"=""62868390110""";MAZIO BANDEIRA SOARES;PESSOA FISICA;IPVA;"=""2331103022210""";"=""20260000004616""";13921851;Efetivada;05/03/2026 09:45:43;06/03/2026 18:08:24;4;3;25/05/2026;12/03/2026;Paga;R$ 430,24;R$ 426,01;R$ 426,01;R$ 0,00
911;1987;1971;"=""62868390110""";MAZIO BANDEIRA SOARES;PESSOA FISICA;IPVA;"=""2331103022210""";"=""20260000004616""";13921851;Efetivada;05/03/2026 09:45:43;06/03/2026 18:08:24;4;4;25/06/2026;12/03/2026;Paga;R$ 430,24;R$ 426,01;R$ 426,01;R$ 0,00
982;3167;2130;"=""64100286104""";ELIANA BARBOSA GOUVEIA;PESSOA FISICA;IPVA;"=""2334183222274""";"=""20260000004924""";13947230;Efetivada;09/03/2026 14:23:53;09/04/2026 12:50:55;1;1;16/03/2026;16/03/2026;Paga;R$ 2.587,86;R$ 2.587,86;R$ 2.587,86;R$ 0,00
225;1450;497;"=""64722139172""";ROGERIO GOMES DE SOUSA;PESSOA FISICA;IPVA;"=""2311881322208""";"=""20260000000805""";13697056;Efetivada;06/02/2026 10:32:40;06/02/2026 18:08:28;7;2;25/03/2026;12/03/2026;Paga;R$ 372,22;R$ 372,23;R$ 372,23;R$ 0,00
1071;2013;2386;"=""65791980002349""";RODOPA INDUSTRIA E COMERCIO DE ALIMENTOS LTDA;PESSOA JURIDICA;ICMS;"=""4011403772408""";"=""20260000005481""";14001250;Efetivada;17/03/2026 10:02:38;24/03/2026 12:02:53;24;1;24/03/2026;24/03/2026;Paga;R$ 7.953,36;R$ 7.953,36;R$ 7.953,36;R$ 0,00
1071;2013;2386;"=""65791980002349""";RODOPA INDUSTRIA E COMERCIO DE ALIMENTOS LTDA;PESSOA JURIDICA;ICMS;"=""4011403772408""";"=""20260000005481""";14001250;Efetivada;17/03/2026 10:02:38;24/03/2026 12:02:53;24;2;27/04/2026;29/05/2026;Paga;R$ 8.032,88;R$ 8.977,02;R$ 8.977,02;R$ 0,00
1071;2013;2386;"=""65791980002349""";RODOPA INDUSTRIA E COMERCIO DE ALIMENTOS LTDA;PESSOA JURIDICA;ICMS;"=""4011403772408""";"=""20260000005481""";14001250;Efetivada;17/03/2026 10:02:38;24/03/2026 12:02:53;24;3;25/05/2026;29/05/2026;Paga;R$ 8.032,88;R$ 8.226,77;R$ 8.226,77;R$ 0,00
1071;2013;2386;"=""65791980002349""";RODOPA INDUSTRIA E COMERCIO DE ALIMENTOS LTDA;PESSOA JURIDICA;ICMS;"=""4011403772408""";"=""20260000005481""";14001250;Efetivada;17/03/2026 10:02:38;24/03/2026 12:02:53;24;4;25/06/2026;29/05/2026;Paga;R$ 8.032,88;R$ 8.119,59;R$ 8.119,59;R$ 0,00
1071;2013;2386;"=""65791980002349""";RODOPA INDUSTRIA E COMERCIO DE ALIMENTOS LTDA;PESSOA JURIDICA;ICMS;"=""4011403772408""";"=""20260000005481""";14001250;Efetivada;17/03/2026 10:02:38;24/03/2026 12:02:53;24;5;27/07/2026;29/05/2026;Paga;R$ 8.032,88;R$ 8.119,59;R$ 8.119,59;R$ 0,00
1071;2013;2386;"=""65791980002349""";RODOPA INDUSTRIA E COMERCIO DE ALIMENTOS LTDA;PESSOA JURIDICA;ICMS;"=""4011403772408""";"=""20260000005481""";14001250;Efetivada;17/03/2026 10:02:38;24/03/2026 12:02:53;24;6;25/08/2026;29/05/2026;Paga;R$ 8.032,88;R$ 8.119,59;R$ 8.119,59;R$ 0,00
1071;2013;2386;"=""65791980002349""";RODOPA INDUSTRIA E COMERCIO DE ALIMENTOS LTDA;PESSOA JURIDICA;ICMS;"=""4011403772408""";"=""20260000005481""";14001250;Efetivada;17/03/2026 10:02:38;24/03/2026 12:02:53;24;7;25/09/2026;29/05/2026;Paga;R$ 8.032,88;R$ 8.119,59;R$ 8.119,59;R$ 0,00
1071;2013;2386;"=""65791980002349""";RODOPA INDUSTRIA E COMERCIO DE ALIMENTOS LTDA;PESSOA JURIDICA;ICMS;"=""4011403772408""";"=""20260000005481""";14001250;Efetivada;17/03/2026 10:02:38;24/03/2026 12:02:53;24;8;26/10/2026;29/05/2026;Paga;R$ 8.032,88;R$ 8.119,59;R$ 8.119,59;R$ 0,00
1071;2013;2386;"=""65791980002349""";RODOPA INDUSTRIA E COMERCIO DE ALIMENTOS LTDA;PESSOA JURIDICA;ICMS;"=""4011403772408""";"=""20260000005481""";14001250;Efetivada;17/03/2026 10:02:38;24/03/2026 12:02:53;24;9;25/11/2026;29/05/2026;Paga;R$ 8.032,88;R$ 8.119,59;R$ 8.119,59;R$ 0,00
1071;2013;2386;"=""65791980002349""";RODOPA INDUSTRIA E COMERCIO DE ALIMENTOS LTDA;PESSOA JURIDICA;ICMS;"=""4011403772408""";"=""20260000005481""";14001250;Efetivada;17/03/2026 10:02:38;24/03/2026 12:02:53;24;10;28/12/2026;29/05/2026;Paga;R$ 8.032,88;R$ 8.119,59;R$ 8.119,59;R$ 0,00
1071;2013;2386;"=""65791980002349""";RODOPA INDUSTRIA E COMERCIO DE ALIMENTOS LTDA;PESSOA JURIDICA;ICMS;"=""4011403772408""";"=""20260000005481""";14001250;Efetivada;17/03/2026 10:02:38;24/03/2026 12:02:53;24;11;25/01/2027;29/05/2026;Paga;R$ 8.032,88;R$ 8.119,59;R$ 8.119,59;R$ 0,00
1073;2012;2389;"=""65791980002934""";RODOPA INDÚSTRIA E COMERCIO DE ALIMENTOS LTDA;PESSOA JURIDICA;ICMS;"=""4011500065397""";"=""20260000005487""";14001330;Efetivada;17/03/2026 10:08:24;24/03/2026 12:03:00;24;1;24/03/2026;24/03/2026;Paga;R$ 7.491,25;R$ 7.491,25;R$ 7.491,25;R$ 0,00
1073;2012;2389;"=""65791980002934""";RODOPA INDÚSTRIA E COMERCIO DE ALIMENTOS LTDA;PESSOA JURIDICA;ICMS;"=""4011500065397""";"=""20260000005487""";14001330;Efetivada;17/03/2026 10:08:24;24/03/2026 12:03:00;24;2;27/04/2026;29/05/2026;Paga;R$ 7.566,13;R$ 8.455,43;R$ 8.455,43;R$ 0,00
1073;2012;2389;"=""65791980002934""";RODOPA INDÚSTRIA E COMERCIO DE ALIMENTOS LTDA;PESSOA JURIDICA;ICMS;"=""4011500065397""";"=""20260000005487""";14001330;Efetivada;17/03/2026 10:08:24;24/03/2026 12:03:00;24;3;25/05/2026;29/05/2026;Paga;R$ 7.566,13;R$ 7.748,77;R$ 7.748,77;R$ 0,00
1073;2012;2389;"=""65791980002934""";RODOPA INDÚSTRIA E COMERCIO DE ALIMENTOS LTDA;PESSOA JURIDICA;ICMS;"=""4011500065397""";"=""20260000005487""";14001330;Efetivada;17/03/2026 10:08:24;24/03/2026 12:03:00;24;4;25/06/2026;29/05/2026;Paga;R$ 7.566,13;R$ 7.647,82;R$ 7.647,82;R$ 0,00
1073;2012;2389;"=""65791980002934""";RODOPA INDÚSTRIA E COMERCIO DE ALIMENTOS LTDA;PESSOA JURIDICA;ICMS;"=""4011500065397""";"=""20260000005487""";14001330;Efetivada;17/03/2026 10:08:24;24/03/2026 12:03:00;24;5;27/07/2026;29/05/2026;Paga;R$ 7.566,13;R$ 7.647,82;R$ 7.647,82;R$ 0,00
1073;2012;2389;"=""65791980002934""";RODOPA INDÚSTRIA E COMERCIO DE ALIMENTOS LTDA;PESSOA JURIDICA;ICMS;"=""4011500065397""";"=""20260000005487""";14001330;Efetivada;17/03/2026 10:08:24;24/03/2026 12:03:00;24;6;25/08/2026;29/05/2026;Paga;R$ 7.566,13;R$ 7.647,82;R$ 7.647,82;R$ 0,00
1073;2012;2389;"=""65791980002934""";RODOPA INDÚSTRIA E COMERCIO DE ALIMENTOS LTDA;PESSOA JURIDICA;ICMS;"=""4011500065397""";"=""20260000005487""";14001330;Efetivada;17/03/2026 10:08:24;24/03/2026 12:03:00;24;7;25/09/2026;29/05/2026;Paga;R$ 7.566,13;R$ 7.647,82;R$ 7.647,82;R$ 0,00
1073;2012;2389;"=""65791980002934""";RODOPA INDÚSTRIA E COMERCIO DE ALIMENTOS LTDA;PESSOA JURIDICA;ICMS;"=""4011500065397""";"=""20260000005487""";14001330;Efetivada;17/03/2026 10:08:24;24/03/2026 12:03:00;24;8;26/10/2026;29/05/2026;Paga;R$ 7.566,13;R$ 7.647,82;R$ 7.647,82;R$ 0,00
1073;2012;2389;"=""65791980002934""";RODOPA INDÚSTRIA E COMERCIO DE ALIMENTOS LTDA;PESSOA JURIDICA;ICMS;"=""4011500065397""";"=""20260000005487""";14001330;Efetivada;17/03/2026 10:08:24;24/03/2026 12:03:00;24;9;25/11/2026;29/05/2026;Paga;R$ 7.566,13;R$ 7.647,82;R$ 7.647,82;R$ 0,00
1073;2012;2389;"=""65791980002934""";RODOPA INDÚSTRIA E COMERCIO DE ALIMENTOS LTDA;PESSOA JURIDICA;ICMS;"=""4011500065397""";"=""20260000005487""";14001330;Efetivada;17/03/2026 10:08:24;24/03/2026 12:03:00;24;10;28/12/2026;29/05/2026;Paga;R$ 7.566,13;R$ 7.647,82;R$ 7.647,82;R$ 0,00
1073;2012;2389;"=""65791980002934""";RODOPA INDÚSTRIA E COMERCIO DE ALIMENTOS LTDA;PESSOA JURIDICA;ICMS;"=""4011500065397""";"=""20260000005487""";14001330;Efetivada;17/03/2026 10:08:24;24/03/2026 12:03:00;24;11;25/01/2027;29/05/2026;Paga;R$ 7.566,13;R$ 7.647,82;R$ 7.647,82;R$ 0,00
310;1403;678;"=""65971019104""";ELTON DA LUZ PEIXOTO;PESSOA FISICA;IPVA;"=""2390132122206""";"=""20260000001258""";13757504;Efetivada;09/02/2026 18:00:07;14/02/2026 06:06:14;5;1;18/02/2026;13/02/2026;Paga;R$ 374,33;R$ 374,33;R$ 374,33;R$ 0,00
310;1403;678;"=""65971019104""";ELTON DA LUZ PEIXOTO;PESSOA FISICA;IPVA;"=""2390132122206""";"=""20260000001258""";13757504;Efetivada;09/02/2026 18:00:07;14/02/2026 06:06:14;5;2;25/03/2026;23/03/2026;Paga;R$ 378,07;R$ 378,07;R$ 34,37;R$ 0,00
244;764;539;"=""66503221487""";EDILSON MARCELO ROCHA;PESSOA FISICA;IPVA;"=""2301433022262""";"=""20260000000929""";13712420;Efetivada;06/02/2026 12:54:46;09/02/2026 18:07:26;5;3;27/04/2026;27/04/2026;Paga;R$ 353,14;R$ 357,40;R$ 357,40;R$ 0,00
244;764;540;"=""66503221487""";EDILSON MARCELO ROCHA;PESSOA FISICA;IPVA;"=""2372205022283""";"=""20260000000930""";13712411;Efetivada;06/02/2026 12:54:46;09/02/2026 18:07:33;6;3;27/04/2026;27/04/2026;Paga;R$ 377,06;R$ 381,59;R$ 381,59;R$ 0,00
1007;2528;2190;"=""67688560659""";GUSTAVO FLUMIAN ARCAS PLAZZA;PESSOA FISICA;ICMS;"=""4011902480372""";"=""20260000005085""";13958593;Efetivada;10/03/2026 13:38:21;11/03/2026 18:10:30;60;1;17/03/2026;11/03/2026;Paga;R$ 639,55;R$ 639,55;R$ 639,55;R$ 0,00
1007;2528;2190;"=""67688560659""";GUSTAVO FLUMIAN ARCAS PLAZZA;PESSOA FISICA;ICMS;"=""4011902480372""";"=""20260000005085""";13958593;Efetivada;10/03/2026 13:38:21;11/03/2026 18:10:30;60;2;27/04/2026;30/04/2026;Paga;R$ 645,93;R$ 652,33;R$ 652,33;R$ 0,00
1007;2528;2190;"=""67688560659""";GUSTAVO FLUMIAN ARCAS PLAZZA;PESSOA FISICA;ICMS;"=""4011902480372""";"=""20260000005085""";13958593;Efetivada;10/03/2026 13:38:21;11/03/2026 18:10:30;60;3;25/05/2026;26/05/2026;Paga;R$ 645,93;R$ 661,53;R$ 655,08;R$ 0,00
1237;1200;2884;"=""69033730120""";EDUARDO A RIBEIRO DE SOUZA;PESSOA FISICA;IPVA;"=""2288411022200""";"=""20260000006626""";14178095;Efetivada;24/04/2026 15:29:12;25/04/2026 12:03:20;1;1;30/04/2026;24/04/2026;Paga;R$ 582,62;R$ 582,62;R$ 582,62;R$ 0,00
1113;3332;2505;"=""69205841153""";DANIEL DOS REIS LEÃO;PESSOA FISICA;ITCD;"=""4012101426114""";"=""20260000005776""";14023830;Efetivada;23/03/2026 14:05:50;30/03/2026 12:01:52;5;1;30/03/2026;30/03/2026;Paga;R$ 352,00;R$ 352,00;R$ 352,00;R$ 0,00
1113;3332;2505;"=""69205841153""";DANIEL DOS REIS LEÃO;PESSOA FISICA;ITCD;"=""4012101426114""";"=""20260000005776""";14023830;Efetivada;23/03/2026 14:05:50;30/03/2026 12:01:52;5;2;27/04/2026;27/04/2026;Paga;R$ 355,52;R$ 355,52;R$ 355,52;R$ 0,00
1113;3332;2505;"=""69205841153""";DANIEL DOS REIS LEÃO;PESSOA FISICA;ITCD;"=""4012101426114""";"=""20260000005776""";14023830;Efetivada;23/03/2026 14:05:50;30/03/2026 12:01:52;5;3;25/05/2026;20/05/2026;Paga;R$ 355,52;R$ 359,36;R$ 359,36;R$ 0,00
1053;485;2320;"=""69257043134""";DAVI EINSTEIN MELGES ARNAUT;PESSOA FISICA;ITCD;"=""3035533371880""";"=""20260000005355""";13985990;Efetivada;13/03/2026 18:12:43;16/03/2026 18:10:42;12;1;20/03/2026;16/03/2026;Paga;R$ 7.069,78;R$ 7.069,78;R$ 7.069,78;R$ 0,00
1053;485;2320;"=""69257043134""";DAVI EINSTEIN MELGES ARNAUT;PESSOA FISICA;ITCD;"=""3035533371880""";"=""20260000005355""";13985990;Efetivada;13/03/2026 18:12:43;16/03/2026 18:10:42;12;2;27/04/2026;20/04/2026;Paga;R$ 7.140,47;R$ 7.140,48;R$ 7.140,48;R$ 0,00
1053;485;2320;"=""69257043134""";DAVI EINSTEIN MELGES ARNAUT;PESSOA FISICA;ITCD;"=""3035533371880""";"=""20260000005355""";13985990;Efetivada;13/03/2026 18:12:43;16/03/2026 18:10:42;12;3;25/05/2026;20/05/2026;Paga;R$ 7.140,47;R$ 7.217,54;R$ 7.217,54;R$ 0,00
1167;3451;2688;"=""69282285120""";DINA DIVINA LEAL BRAS;PESSOA FISICA;IPVA;"=""2347598722250""";"=""20260000006212""";14068095;Efetivada;31/03/2026 10:41:20;01/04/2026 17:52:19;1;1;31/03/2026;31/03/2026;Paga;R$ 121,47;R$ 121,47;R$ 121,47;R$ 0,00
1167;3451;2687;"=""69282285120""";DINA DIVINA LEAL BRAS;PESSOA FISICA;IPVA;"=""2290272922241""";"=""20260000006211""";14068087;Efetivada;31/03/2026 10:41:20;01/04/2026 17:55:16;1;1;31/03/2026;31/03/2026;Paga;R$ 96,43;R$ 96,43;R$ 96,43;R$ 0,00
1255;3708;2921;"=""69308730125""";PABLO TEIXEIRA DA SILVA;PESSOA FISICA;IPVA;"=""2391774422290""";"=""20260000006770""";14200082;Efetivada;30/04/2026 12:07:15;01/05/2026 12:03:06;5;1;30/04/2026;30/04/2026;Paga;R$ 381,47;R$ 381,47;R$ 381,47;R$ 0,00
1255;3708;2921;"=""69308730125""";PABLO TEIXEIRA DA SILVA;PESSOA FISICA;IPVA;"=""2391774422290""";"=""20260000006770""";14200082;Efetivada;30/04/2026 12:07:15;01/05/2026 12:03:06;5;2;25/05/2026;29/05/2026;Paga;R$ 385,27;R$ 390,37;R$ 390,37;R$ 0,00
1255;3708;2920;"=""69308730125""";PABLO TEIXEIRA DA SILVA;PESSOA FISICA;IPVA;"=""2318840622204""";"=""20260000006769""";14200074;Efetivada;30/04/2026 12:07:15;01/05/2026 12:03:13;5;1;30/04/2026;30/04/2026;Paga;R$ 332,81;R$ 332,81;R$ 332,81;R$ 0,00
1255;3708;2920;"=""69308730125""";PABLO TEIXEIRA DA SILVA;PESSOA FISICA;IPVA;"=""2318840622204""";"=""20260000006769""";14200074;Efetivada;30/04/2026 12:07:15;01/05/2026 12:03:13;5;2;25/05/2026;29/05/2026;Paga;R$ 336,13;R$ 340,58;R$ 340,58;R$ 0,00
368;1790;789;"=""69474338191""";HELIOMAR DE ALMEIDA VASCONCELOS;PESSOA FISICA;IPVA;"=""2338765322282""";"=""20260000001511""";13764080;Efetivada;11/02/2026 10:33:41;12/02/2026 18:09:00;1;1;18/02/2026;12/02/2026;Paga;R$ 770,72;R$ 770,72;R$ 770,72;R$ 0,00
562;1016;1158;"=""69536538172""";ANTONIO VILLELA DE FARIA;PESSOA FISICA;IPVA;"=""2328839622260""";"=""20260000002365""";13818562;Efetivada;20/02/2026 08:11:36;20/02/2026 18:06:38;4;1;27/02/2026;20/02/2026;Paga;R$ 363,12;R$ 363,12;R$ 363,12;R$ 0,00
562;1016;1158;"=""69536538172""";ANTONIO VILLELA DE FARIA;PESSOA FISICA;IPVA;"=""2328839622260""";"=""20260000002365""";13818562;Efetivada;20/02/2026 08:11:36;20/02/2026 18:06:38;4;2;25/03/2026;13/04/2026;Paga;R$ 366,75;R$ 394,43;R$ 394,43;R$ 0,00
562;1016;1157;"=""69536538172""";ANTONIO VILLELA DE FARIA;PESSOA FISICA;IPVA;"=""2337622522263""";"=""20260000002364""";13818570;Efetivada;20/02/2026 08:11:36;20/02/2026 18:06:44;5;1;27/02/2026;20/02/2026;Paga;R$ 379,42;R$ 379,42;R$ 379,42;R$ 0,00
562;1016;1157;"=""69536538172""";ANTONIO VILLELA DE FARIA;PESSOA FISICA;IPVA;"=""2337622522263""";"=""20260000002364""";13818570;Efetivada;20/02/2026 08:11:36;20/02/2026 18:06:44;5;2;25/03/2026;14/04/2026;Paga;R$ 383,20;R$ 413,40;R$ 413,40;R$ 0,00
283;1599;628;"=""69757178187""";ILMA AMELIA BARBOSA GABRIEL;PESSOA FISICA;ITCD;"=""4012200945632""";"=""20260000001152""";13756990;Efetivada;09/02/2026 10:32:31;12/02/2026 12:07:14;1;1;18/02/2026;12/02/2026;Paga;R$ 5.657,18;R$ 5.657,18;R$ 5.657,18;R$ 0,00
1340;3962;3360;"=""69882533191""";DANILO NASCIMENTO NUNES;PESSOA FISICA;ICMS;"=""4011800794297""";"=""20260000007919""";14290723;Efetivada;25/05/2026 13:55:49;26/05/2026 18:07:59;5;1;29/05/2026;26/05/2026;Paga;R$ 635,80;R$ 635,80;R$ 635,80;R$ 0,00
1005;3201;2176;"=""70047735155""";LUIZ GUSTAVO DA SILVA NEVES;PESSOA FISICA;IPVA;"=""2015369122207""";"=""20260000005057""";13953818;Efetivada;10/03/2026 11:53:47;09/04/2026 12:50:56;1;1;17/03/2026;10/03/2026;Paga;R$ 118,01;R$ 118,01;R$ 118,01;R$ 0,00
1005;3201;2177;"=""70047735155""";LUIZ GUSTAVO DA SILVA NEVES;PESSOA FISICA;IPVA;"=""2077286122242""";"=""20260000005058""";13953800;Efetivada;10/03/2026 11:53:47;09/04/2026 12:50:56;1;1;17/03/2026;10/03/2026;Paga;R$ 116,18;R$ 116,18;R$ 116,18;R$ 0,00
1005;3201;2178;"=""70047735155""";LUIZ GUSTAVO DA SILVA NEVES;PESSOA FISICA;IPVA;"=""2279885122249""";"=""20260000005059""";13953834;Efetivada;10/03/2026 11:53:47;09/04/2026 12:50:56;1;1;17/03/2026;10/03/2026;Paga;R$ 113,41;R$ 113,41;R$ 113,41;R$ 0,00
1005;3201;2179;"=""70047735155""";LUIZ GUSTAVO DA SILVA NEVES;PESSOA FISICA;IPVA;"=""2348234622231""";"=""20260000005060""";13953826;Efetivada;10/03/2026 11:53:47;09/04/2026 12:50:57;1;1;17/03/2026;10/03/2026;Paga;R$ 146,85;R$ 146,85;R$ 146,85;R$ 0,00
1050;2261;2316;"=""70057746125""";BRUNNO GOMES DE SOUZA;PESSOA FISICA;IPVA;"=""2335681522200""";"=""20260000005347""";13982010;Efetivada;13/03/2026 11:36:29;23/03/2026 06:02:02;2;1;20/03/2026;20/03/2026;Paga;R$ 385,35;R$ 385,35;R$ 385,35;R$ 0,00
680;2550;1439;"=""70129796158""";EVERALDO SANTANA LOPES;PESSOA FISICA;IPVA;"=""2312081422265""";"=""20260000003043""";13854046;Efetivada;24/02/2026 14:57:59;25/02/2026 06:11:38;1;1;27/02/2026;24/02/2026;Paga;R$ 709,60;R$ 709,60;R$ 709,60;R$ 0,00
459;2081;959;"=""70209453176""";ANDRESSA OLIVEIRA SOUZA;PESSOA FISICA;IPVA;"=""2341588322293""";"=""20260000001921""";13784471;Efetivada;13/02/2026 11:05:37;18/02/2026 06:08:35;1;1;20/02/2026;18/02/2026;Paga;R$ 177,38;R$ 177,38;R$ 177,38;R$ 0,00
183;1336;397;"=""70265869129""";CRISTOFFER WILLIAN RODRIGUES SILVA;PESSOA FISICA;IPVA;"=""2338676422290""";"=""20260000000575""";13808729;Efetivada;05/02/2026 10:40:30;25/03/2026 15:32:03;3;1;12/02/2026;25/02/2026;Paga;R$ 546,77;R$ 546,77;R$ 546,77;R$ 0,00
183;1336;397;"=""70265869129""";CRISTOFFER WILLIAN RODRIGUES SILVA;PESSOA FISICA;IPVA;"=""2338676422290""";"=""20260000000575""";13808729;Efetivada;05/02/2026 10:40:30;25/03/2026 15:32:03;3;2;25/03/2026;23/03/2026;Paga;R$ 552,23;R$ 552,26;R$ 552,26;R$ 0,00
162;1265;356;"=""70391857177""";NATALIA SOUZA ALVES;PESSOA FISICA;IPVA;"=""2277789822247""";"=""20260000000474""";13672223;Efetivada;04/02/2026 16:10:53;11/02/2026 18:01:23;1;1;11/02/2026;11/02/2026;Paga;R$ 685,62;R$ 685,62;R$ 685,62;R$ 0,00
116;1140;261;"=""70422943193""";WILHIAN DIAS DE OLIVEIRA;PESSOA FISICA;IPVA;"=""2348930722200""";"=""20260000000227""";13679899;Efetivada;03/02/2026 18:21:57;10/02/2026 18:02:15;4;1;10/02/2026;10/02/2026;Paga;R$ 406,54;R$ 406,54;R$ 406,54;R$ 0,00
116;1140;261;"=""70422943193""";WILHIAN DIAS DE OLIVEIRA;PESSOA FISICA;IPVA;"=""2348930722200""";"=""20260000000227""";13679899;Efetivada;03/02/2026 18:21:57;10/02/2026 18:02:15;4;2;25/03/2026;10/03/2026;Paga;R$ 410,59;R$ 410,62;R$ 410,62;R$ 0,00
116;1140;261;"=""70422943193""";WILHIAN DIAS DE OLIVEIRA;PESSOA FISICA;IPVA;"=""2348930722200""";"=""20260000000227""";13679899;Efetivada;03/02/2026 18:21:57;10/02/2026 18:02:15;4;3;27/04/2026;27/04/2026;Paga;R$ 410,59;R$ 415,54;R$ 415,54;R$ 0,00
116;1140;261;"=""70422943193""";WILHIAN DIAS DE OLIVEIRA;PESSOA FISICA;IPVA;"=""2348930722200""";"=""20260000000227""";13679899;Efetivada;03/02/2026 18:21:57;10/02/2026 18:02:15;4;4;25/05/2026;26/05/2026;Paga;R$ 410,59;R$ 421,36;R$ 421,36;R$ 0,00
1056;2893;2323;"=""70432521135""";LUIZ HENRIQUE DOURADO DA SILVA;PESSOA FISICA;IPVA;"=""2307872322243""";"=""20260000005361""";13986546;Efetivada;16/03/2026 09:42:19;23/03/2026 06:02:09;2;1;23/03/2026;23/03/2026;Paga;R$ 455,21;R$ 455,21;R$ 455,21;R$ 0,00
1056;2893;2323;"=""70432521135""";LUIZ HENRIQUE DOURADO DA SILVA;PESSOA FISICA;IPVA;"=""2307872322243""";"=""20260000005361""";13986546;Efetivada;16/03/2026 09:42:19;23/03/2026 06:02:09;2;2;27/04/2026;22/04/2026;Paga;R$ 459,75;R$ 459,77;R$ 459,77;R$ 0,00
1056;2893;2324;"=""70432521135""";LUIZ HENRIQUE DOURADO DA SILVA;PESSOA FISICA;IPVA;"=""2362749422289""";"=""20260000005362""";13986538;Efetivada;16/03/2026 09:42:19;23/03/2026 06:02:09;3;1;23/03/2026;23/03/2026;Paga;R$ 380,29;R$ 380,29;R$ 380,29;R$ 0,00
1056;2893;2324;"=""70432521135""";LUIZ HENRIQUE DOURADO DA SILVA;PESSOA FISICA;IPVA;"=""2362749422289""";"=""20260000005362""";13986538;Efetivada;16/03/2026 09:42:19;23/03/2026 06:02:09;3;2;27/04/2026;22/04/2026;Paga;R$ 384,08;R$ 384,11;R$ 384,11;R$ 0,00
631;1289;1310;"=""70462038149""";IRSI LUIZA DA SILVA OLIVEIRA;PESSOA FISICA;IPVA;"=""2393632322209""";"=""20260000002768""";13837320;Efetivada;23/02/2026 12:17:51;28/02/2026 06:02:14;1;1;27/02/2026;27/02/2026;Paga;R$ 995,98;R$ 995,98;R$ 995,98;R$ 0,00
631;1289;1308;"=""70462038149""";IRSI LUIZA DA SILVA OLIVEIRA;PESSOA FISICA;IPVA;"=""2184775122201""";"=""20260000002766""";13837338;Efetivada;23/02/2026 12:17:51;28/02/2026 06:02:15;1;1;27/02/2026;27/02/2026;Paga;R$ 867,78;R$ 867,78;R$ 867,78;R$ 0,00
631;1289;1309;"=""70462038149""";IRSI LUIZA DA SILVA OLIVEIRA;PESSOA FISICA;IPVA;"=""2320577222273""";"=""20260000002767""";13837311;Efetivada;23/02/2026 12:17:51;28/02/2026 06:02:20;1;1;27/02/2026;27/02/2026;Paga;R$ 822,61;R$ 822,61;R$ 822,61;R$ 0,00
631;1289;1307;"=""70462038149""";IRSI LUIZA DA SILVA OLIVEIRA;PESSOA FISICA;IPVA;"=""2049641222223""";"=""20260000002765""";13837346;Efetivada;23/02/2026 12:17:51;28/02/2026 06:02:22;1;1;27/02/2026;27/02/2026;Paga;R$ 911,96;R$ 911,96;R$ 911,96;R$ 0,00
433;753;900;"=""70606679111""";ANTONIO BENJAMIM RABELO DOS REIS MAGALHAES;PESSOA FISICA;IPVA;"=""2325012822200""";"=""20260000001763""";13767720;Efetivada;12/02/2026 15:21:23;18/02/2026 18:03:25;1;1;19/02/2026;18/02/2026;Paga;R$ 344,59;R$ 344,59;R$ 344,59;R$ 0,00
1161;2788;2676;"=""70606902120""";MURYELLY CASSIA DE MELO SILVA;PESSOA FISICA;IPVA;"=""2376232122288""";"=""20260000006181""";14063301;Efetivada;30/03/2026 14:52:10;09/04/2026 12:51:03;1;1;31/03/2026;31/03/2026;Paga;R$ 189,59;R$ 189,59;R$ 189,59;R$ 0,00
731;2618;1580;"=""70692350110""";GABRIELA OLIVEIRA FONSECA;PESSOA FISICA;IPVA;"=""2393602022231""";"=""20260000003440""";13870050;Efetivada;25/02/2026 16:03:40;27/02/2026 18:06:22;1;1;27/02/2026;27/02/2026;Paga;R$ 189,59;R$ 189,59;R$ 189,59;R$ 0,00
731;2618;1579;"=""70692350110""";GABRIELA OLIVEIRA FONSECA;PESSOA FISICA;IPVA;"=""2321009022280""";"=""20260000003439""";13870041;Efetivada;25/02/2026 16:03:40;27/02/2026 18:06:30;1;1;27/02/2026;27/02/2026;Paga;R$ 153,29;R$ 153,29;R$ 153,29;R$ 0,00
465;1694;969;"=""70874832187""";FABIOLA FREITAS DE OLIVEIRA;PESSOA FISICA;IPVA;"=""2319187522244""";"=""20260000001947""";13777920;Efetivada;13/02/2026 11:55:51;13/02/2026 18:12:34;6;1;20/02/2026;13/02/2026;Paga;R$ 366,27;R$ 366,27;R$ 366,27;R$ 0,00
465;1694;969;"=""70874832187""";FABIOLA FREITAS DE OLIVEIRA;PESSOA FISICA;IPVA;"=""2319187522244""";"=""20260000001947""";13777920;Efetivada;13/02/2026 11:55:51;13/02/2026 18:12:34;6;2;25/03/2026;15/05/2026;Paga;R$ 369,92;R$ 442,05;R$ 442,05;R$ 0,00
465;1694;969;"=""70874832187""";FABIOLA FREITAS DE OLIVEIRA;PESSOA FISICA;IPVA;"=""2319187522244""";"=""20260000001947""";13777920;Efetivada;13/02/2026 11:55:51;13/02/2026 18:12:34;6;3;27/04/2026;15/05/2026;Paga;R$ 369,92;R$ 400,84;R$ 400,84;R$ 0,00
465;1694;970;"=""70874832187""";FABIOLA FREITAS DE OLIVEIRA;PESSOA FISICA;IPVA;"=""2392029522210""";"=""20260000001948""";13777939;Efetivada;13/02/2026 11:55:51;13/02/2026 18:12:40;9;1;20/02/2026;13/02/2026;Paga;R$ 338,22;R$ 338,22;R$ 338,22;R$ 0,00
465;1694;970;"=""70874832187""";FABIOLA FREITAS DE OLIVEIRA;PESSOA FISICA;IPVA;"=""2392029522210""";"=""20260000001948""";13777939;Efetivada;13/02/2026 11:55:51;13/02/2026 18:12:40;9;2;25/03/2026;15/05/2026;Paga;R$ 341,59;R$ 408,21;R$ 408,21;R$ 0,00
465;1694;970;"=""70874832187""";FABIOLA FREITAS DE OLIVEIRA;PESSOA FISICA;IPVA;"=""2392029522210""";"=""20260000001948""";13777939;Efetivada;13/02/2026 11:55:51;13/02/2026 18:12:40;9;3;27/04/2026;15/05/2026;Paga;R$ 341,59;R$ 370,16;R$ 370,16;R$ 0,00
130;1184;292;"=""70923827188""";THAIS FREIRE CUNHA;PESSOA FISICA;IPVA;"=""2382275122276""";"=""20260000000306""";13681974;Efetivada;04/02/2026 10:09:09;09/02/2026 18:03:45;5;2;25/03/2026;25/03/2026;Paga;R$ 343,46;R$ 343,47;R$ 343,47;R$ 0,00
1114;3333;2506;"=""71006710191""";WALESKA DOS REIS LEÃO;PESSOA FISICA;ITCD;"=""4012101426033""";"=""20260000005778""";14023865;Efetivada;23/03/2026 14:07:27;30/03/2026 12:01:59;4;1;30/03/2026;30/03/2026;Paga;R$ 363,66;R$ 363,66;R$ 363,66;R$ 0,00
1114;3333;2506;"=""71006710191""";WALESKA DOS REIS LEÃO;PESSOA FISICA;ITCD;"=""4012101426033""";"=""20260000005778""";14023865;Efetivada;23/03/2026 14:07:27;30/03/2026 12:01:59;4;2;27/04/2026;24/04/2026;Paga;R$ 367,29;R$ 367,30;R$ 367,30;R$ 0,00
1114;3333;2506;"=""71006710191""";WALESKA DOS REIS LEÃO;PESSOA FISICA;ITCD;"=""4012101426033""";"=""20260000005778""";14023865;Efetivada;23/03/2026 14:07:27;30/03/2026 12:01:59;4;3;25/05/2026;20/05/2026;Paga;R$ 367,29;R$ 371,26;R$ 371,26;R$ 0,00
510;902;1064;"=""71062750187""";THALITA SASSE FROES;PESSOA FISICA;IPVA;"=""2265353022207""";"=""20260000002144""";13796640;Efetivada;18/02/2026 09:20:01;19/02/2026 12:06:01;1;1;25/02/2026;19/02/2026;Paga;R$ 2.225,11;R$ 2.225,11;R$ 2.225,11;R$ 0,00
547;1138;1130;"=""71141022168""";WESLEY OLIVEIRA AGUIAR;PESSOA FISICA;IPVA;"=""2360016922283""";"=""20260000002285""";13810901;Efetivada;19/02/2026 13:42:18;25/02/2026 18:02:14;2;1;26/02/2026;25/02/2026;Paga;R$ 366,61;R$ 366,61;R$ 366,61;R$ 0,00
547;1138;1130;"=""71141022168""";WESLEY OLIVEIRA AGUIAR;PESSOA FISICA;IPVA;"=""2360016922283""";"=""20260000002285""";13810901;Efetivada;19/02/2026 13:42:18;25/02/2026 18:02:14;2;2;25/03/2026;15/04/2026;Paga;R$ 370,27;R$ 400,70;R$ 400,70;R$ 0,00
585;1476;1209;"=""71335129120""";ORLANDO ALVES PIMENTA NETO;PESSOA FISICA;IPVA;"=""2305754922228""";"=""20260000002477""";13826123;Efetivada;20/02/2026 17:15:56;23/02/2026 18:06:32;1;1;27/02/2026;23/02/2026;Paga;R$ 539,81;R$ 539,81;R$ 539,81;R$ 0,00
585;1476;1210;"=""71335129120""";ORLANDO ALVES PIMENTA NETO;PESSOA FISICA;IPVA;"=""2319040022286""";"=""20260000002478""";13826131;Efetivada;20/02/2026 17:15:56;23/02/2026 18:06:39;1;1;27/02/2026;23/02/2026;Paga;R$ 1.210,20;R$ 1.210,20;R$ 1.210,20;R$ 0,00
585;1476;1211;"=""71335129120""";ORLANDO ALVES PIMENTA NETO;PESSOA FISICA;IPVA;"=""2354980922207""";"=""20260000002479""";13826140;Efetivada;20/02/2026 17:15:56;23/02/2026 18:06:39;1;1;27/02/2026;23/02/2026;Paga;R$ 648,52;R$ 648,52;R$ 648,52;R$ 0,00
585;1476;1204;"=""71335129120""";ORLANDO ALVES PIMENTA NETO;PESSOA FISICA;IPVA;"=""2045512022250""";"=""20260000002472""";13826166;Efetivada;20/02/2026 17:15:56;23/02/2026 18:06:46;1;1;27/02/2026;23/02/2026;Paga;R$ 337,47;R$ 337,47;R$ 337,47;R$ 0,00
585;1476;1208;"=""71335129120""";ORLANDO ALVES PIMENTA NETO;PESSOA FISICA;IPVA;"=""2178861022240""";"=""20260000002476""";13826158;Efetivada;20/02/2026 17:15:56;23/02/2026 18:06:46;1;1;27/02/2026;23/02/2026;Paga;R$ 1.211,43;R$ 1.211,43;R$ 1.211,43;R$ 0,00
585;1476;1205;"=""71335129120""";ORLANDO ALVES PIMENTA NETO;PESSOA FISICA;IPVA;"=""2048676522209""";"=""20260000002473""";13826174;Efetivada;20/02/2026 17:15:56;23/02/2026 18:06:53;1;1;27/02/2026;23/02/2026;Paga;R$ 1.275,52;R$ 1.275,52;R$ 1.275,52;R$ 0,00
585;1476;1206;"=""71335129120""";ORLANDO ALVES PIMENTA NETO;PESSOA FISICA;IPVA;"=""2097116522244""";"=""20260000002474""";13826182;Efetivada;20/02/2026 17:15:56;23/02/2026 18:06:53;1;1;27/02/2026;23/02/2026;Paga;R$ 573,29;R$ 573,29;R$ 573,29;R$ 0,00
585;1476;1203;"=""71335129120""";ORLANDO ALVES PIMENTA NETO;PESSOA FISICA;IPVA;"=""2022931722251""";"=""20260000002471""";13826204;Efetivada;20/02/2026 17:15:56;23/02/2026 18:07:00;1;1;27/02/2026;23/02/2026;Paga;R$ 603,69;R$ 603,69;R$ 603,69;R$ 0,00
585;1476;1207;"=""71335129120""";ORLANDO ALVES PIMENTA NETO;PESSOA FISICA;IPVA;"=""2103147422207""";"=""20260000002475""";13826190;Efetivada;20/02/2026 17:15:56;23/02/2026 18:07:00;1;1;27/02/2026;23/02/2026;Paga;R$ 322,25;R$ 322,25;R$ 322,25;R$ 0,00
475;2106;992;"=""71684271134""";VOLNEY TEIXEIRA FREIRE REIS;PESSOA FISICA;IPVA;"=""2382417722227""";"=""20260000001995""";13784811;Efetivada;13/02/2026 14:47:02;18/02/2026 06:09:13;1;1;20/02/2026;18/02/2026;Paga;R$ 323,83;R$ 323,83;R$ 323,83;R$ 0,00
975;3155;2122;"=""71732764115""";ANA SOFIA ALVES PAIVA;PESSOA FISICA;IPVA;"=""2387835522208""";"=""20260000004908""";13944606;Efetivada;09/03/2026 10:55:52;23/04/2026 18:31:28;1;1;16/03/2026;10/03/2026;Paga;R$ 4.774,94;R$ 4.774,94;R$ 4.774,94;R$ 0,00
319;1706;697;"=""71801430144""";ELIZA BARBOSA NUNES;PESSOA FISICA;IPVA;"=""2056558022274""";"=""20260000001296""";13757750;Efetivada;10/02/2026 07:07:21;13/02/2026 06:07:12;1;1;18/02/2026;12/02/2026;Paga;R$ 653,97;R$ 653,97;R$ 653,97;R$ 0,00
319;1706;698;"=""71801430144""";ELIZA BARBOSA NUNES;PESSOA FISICA;IPVA;"=""2350448522299""";"=""20260000001297""";13757768;Efetivada;10/02/2026 07:07:21;13/02/2026 06:07:18;1;1;18/02/2026;12/02/2026;Paga;R$ 736,36;R$ 736,36;R$ 736,36;R$ 0,00
985;2848;2137;"=""71905383134""";LARA MARQUEZ MACHADO LOUZA SALLUM;PESSOA FISICA;IPVA;"=""2266997922202""";"=""20260000004942""";13947788;Efetivada;09/03/2026 15:36:54;09/04/2026 12:50:56;1;1;16/03/2026;10/03/2026;Paga;R$ 772,90;R$ 772,90;R$ 772,90;R$ 0,00
985;2848;2138;"=""71905383134""";LARA MARQUEZ MACHADO LOUZA SALLUM;PESSOA FISICA;IPVA;"=""2354609022244""";"=""20260000004943""";13947796;Efetivada;09/03/2026 15:36:54;09/04/2026 12:50:56;1;1;16/03/2026;10/03/2026;Paga;R$ 940,09;R$ 940,09;R$ 940,09;R$ 0,00
988;1707;2146;"=""72357568100""";GABRIELLA BORGES RORIZ;PESSOA FISICA;IPVA;"=""2316883422243""";"=""20260000004961""";13948652;Efetivada;09/03/2026 16:33:19;13/03/2026 18:05:41;2;1;16/03/2026;13/03/2026;Paga;R$ 472,04;R$ 472,04;R$ 472,04;R$ 0,00
1267;3754;2948;"=""72558679104""";HAUAD ALLA KAMAL HAMID;PESSOA FISICA;ICMS;"=""4011802649782""";"=""20260000006832""";14213907;Efetivada;04/05/2026 16:58:50;11/05/2026 18:00:06;145;1;11/05/2026;11/05/2026;Paga;R$ 661,71;R$ 661,71;R$ 661,71;R$ 0,00
1290;3693;3003;"=""73047180130""";DIEGO SILVA VIEIRA;PESSOA FISICA;IPVA;"=""2392194222200""";"=""20260000006955""";14242885;Efetivada;12/05/2026 08:53:35;19/05/2026 18:00:33;7;1;19/05/2026;19/05/2026;Paga;R$ 355,89;R$ 355,89;R$ 355,89;R$ 0,00
1290;3693;3002;"=""73047180130""";DIEGO SILVA VIEIRA;PESSOA FISICA;IPVA;"=""2319186622253""";"=""20260000006954""";14242877;Efetivada;12/05/2026 08:53:35;19/05/2026 18:00:40;5;1;19/05/2026;19/05/2026;Paga;R$ 353,91;R$ 353,91;R$ 353,91;R$ 0,00
1293;3693;3010;"=""73047180130""";DIEGO SILVA VIEIRA;PESSOA FISICA;IPVA;"=""2180361522210""";"=""20260000006970""";14249669;Efetivada;13/05/2026 00:02:10;20/05/2026 18:00:26;1;1;20/05/2026;20/05/2026;Paga;R$ 600,85;R$ 600,85;R$ 600,85;R$ 0,00
316;1700;692;"=""73561983120""";LUCIANO MARCIO PERES;PESSOA FISICA;IPVA;"=""2335507222299""";"=""20260000001286""";13757709;Efetivada;09/02/2026 22:00:24;18/02/2026 18:02:40;2;1;18/02/2026;18/02/2026;Paga;R$ 346,40;R$ 346,40;R$ 346,40;R$ 0,00
497;1847;1034;"=""73567280104""";ELICARDE JUNIOR DE SOUZA;PESSOA FISICA;IPVA;"=""2289517822267""";"=""20260000002080""";13794060;Efetivada;15/02/2026 17:25:58;18/02/2026 06:09:50;1;1;20/02/2026;18/02/2026;Paga;R$ 91,38;R$ 91,38;R$ 91,38;R$ 0,00
270;1258;603;"=""73656569134""";HELEN CRISTINA RODOVALHO DE SOUZA;PESSOA FISICA;IPVA;"=""2339039422238""";"=""20260000001095""";13712640;Efetivada;07/02/2026 10:49:08;13/02/2026 18:04:00;2;1;13/02/2026;13/02/2026;Paga;R$ 350,92;R$ 350,92;R$ 350,92;R$ 0,00
270;1258;603;"=""73656569134""";HELEN CRISTINA RODOVALHO DE SOUZA;PESSOA FISICA;IPVA;"=""2339039422238""";"=""20260000001095""";13712640;Efetivada;07/02/2026 10:49:08;13/02/2026 18:04:00;2;2;25/03/2026;25/03/2026;Paga;R$ 354,42;R$ 354,45;R$ 354,45;R$ 0,00
270;1258;604;"=""73656569134""";HELEN CRISTINA RODOVALHO DE SOUZA;PESSOA FISICA;IPVA;"=""2329811422230""";"=""20260000001096""";13712659;Efetivada;07/02/2026 10:49:08;13/02/2026 18:04:00;1;1;13/02/2026;13/02/2026;Paga;R$ 573,46;R$ 573,46;R$ 573,46;R$ 0,00
511;1764;1065;"=""73807397191""";SARAH SOARES CASTRO EUZEBIO;PESSOA FISICA;IPVA;"=""2366826822293""";"=""20260000002146""";13796704;Efetivada;18/02/2026 09:25:00;23/02/2026 12:05:01;1;1;25/02/2026;23/02/2026;Paga;R$ 275,91;R$ 275,91;R$ 275,91;R$ 0,00
957;3114;2090;"=""74150693315""";MARCOS GOMES DA SILVA NETO;PESSOA FISICA;IPVA;"=""2183761522280""";"=""20260000004828""";13942441;Efetivada;07/03/2026 09:33:20;09/04/2026 12:50:55;1;1;13/03/2026;10/03/2026;Paga;R$ 547,53;R$ 547,53;R$ 547,53;R$ 0,00
1195;3114;2747;"=""74150693315""";MARCOS GOMES DA SILVA NETO;PESSOA FISICA;IPVA;"=""2329739722202""";"=""20260000006342""";14128837;Efetivada;13/04/2026 08:52:02;20/04/2026 12:00:33;1;1;20/04/2026;20/04/2026;Paga;R$ 511,49;R$ 511,49;R$ 511,49;R$ 0,00
962;3141;2100;"=""75166194187""";GUILHERME HENRIQUE DA SILVA;PESSOA FISICA;IPVA;"=""2381433922202""";"=""20260000004848""";13942654;Efetivada;08/03/2026 17:50:13;09/04/2026 12:50:55;1;1;13/03/2026;13/03/2026;Paga;R$ 942,22;R$ 942,22;R$ 942,22;R$ 0,00
672;2125;1424;"=""75431300172""";LEANDRO DUARTE DE MORAIS GUIMARAES;PESSOA FISICA;IPVA;"=""2336652122230""";"=""20260000003009""";13848798;Efetivada;24/02/2026 12:20:56;24/02/2026 18:12:43;2;1;27/02/2026;24/02/2026;Paga;R$ 397,40;R$ 397,40;R$ 397,40;R$ 0,00
672;2125;1424;"=""75431300172""";LEANDRO DUARTE DE MORAIS GUIMARAES;PESSOA FISICA;IPVA;"=""2336652122230""";"=""20260000003009""";13848798;Efetivada;24/02/2026 12:20:56;24/02/2026 18:12:43;2;2;25/03/2026;20/03/2026;Paga;R$ 401,37;R$ 401,38;R$ 401,38;R$ 0,00
416;1986;882;"=""77542878115""";ROBERTA ADRIANA FRIES;PESSOA FISICA;IPVA;"=""2378241722230""";"=""20260000001721""";13775200;Efetivada;12/02/2026 11:51:33;13/02/2026 18:10:51;1;1;19/02/2026;13/02/2026;Paga;R$ 461,37;R$ 461,37;R$ 461,37;R$ 0,00
234;853;515;"=""77863372100""";GIRLENE ALVES BARBOSA;PESSOA FISICA;IPVA;"=""2353743922213""";"=""20260000000878""";13698818;Efetivada;06/02/2026 11:30:22;13/02/2026 06:03:25;1;1;13/02/2026;12/02/2026;Paga;R$ 586,16;R$ 586,16;R$ 586,16;R$ 0,00
1278;3544;2972;"=""78035520130""";ANDRE LUIZ DE FREITAS;PESSOA FISICA;IPVA;"=""2389366322240""";"=""20260000006889""";14227738;Efetivada;07/05/2026 15:50:00;11/05/2026 12:01:54;1;1;14/05/2026;11/05/2026;Paga;R$ 1.137,35;R$ 1.137,35;R$ 1.137,35;R$ 0,00
393;1097;844;"=""78581281168""";LUCIANA GONCALVES TOLEDO;PESSOA FISICA;IPVA;"=""2049016422299""";"=""20260000001629""";13774093;Efetivada;11/02/2026 18:05:52;19/02/2026 06:03:58;5;1;18/02/2026;18/02/2026;Paga;R$ 371,76;R$ 371,76;R$ 371,76;R$ 0,00
393;1097;844;"=""78581281168""";LUCIANA GONCALVES TOLEDO;PESSOA FISICA;IPVA;"=""2049016422299""";"=""20260000001629""";13774093;Efetivada;11/02/2026 18:05:52;19/02/2026 06:03:58;5;2;25/03/2026;25/03/2026;Paga;R$ 375,46;R$ 375,49;R$ 375,49;R$ 0,00
393;1097;844;"=""78581281168""";LUCIANA GONCALVES TOLEDO;PESSOA FISICA;IPVA;"=""2049016422299""";"=""20260000001629""";13774093;Efetivada;11/02/2026 18:05:52;19/02/2026 06:03:58;5;3;27/04/2026;27/04/2026;Paga;R$ 375,46;R$ 379,99;R$ 379,99;R$ 0,00
393;1097;844;"=""78581281168""";LUCIANA GONCALVES TOLEDO;PESSOA FISICA;IPVA;"=""2049016422299""";"=""20260000001629""";13774093;Efetivada;11/02/2026 18:05:52;19/02/2026 06:03:58;5;4;25/05/2026;20/05/2026;Paga;R$ 375,46;R$ 384,04;R$ 384,04;R$ 0,00
394;1097;845;"=""78581281168""";LUCIANA GONCALVES TOLEDO;PESSOA FISICA;IPVA;"=""2182865422216""";"=""20260000001631""";13774360;Efetivada;11/02/2026 18:09:59;19/02/2026 06:04:10;5;1;18/02/2026;18/02/2026;Paga;R$ 361,63;R$ 361,63;R$ 361,63;R$ 0,00
394;1097;845;"=""78581281168""";LUCIANA GONCALVES TOLEDO;PESSOA FISICA;IPVA;"=""2182865422216""";"=""20260000001631""";13774360;Efetivada;11/02/2026 18:09:59;19/02/2026 06:04:10;5;2;25/03/2026;25/03/2026;Paga;R$ 365,23;R$ 365,25;R$ 365,25;R$ 0,00
394;1097;845;"=""78581281168""";LUCIANA GONCALVES TOLEDO;PESSOA FISICA;IPVA;"=""2182865422216""";"=""20260000001631""";13774360;Efetivada;11/02/2026 18:09:59;19/02/2026 06:04:10;5;3;27/04/2026;27/04/2026;Paga;R$ 365,23;R$ 369,63;R$ 369,63;R$ 0,00
394;1097;845;"=""78581281168""";LUCIANA GONCALVES TOLEDO;PESSOA FISICA;IPVA;"=""2182865422216""";"=""20260000001631""";13774360;Efetivada;11/02/2026 18:09:59;19/02/2026 06:04:10;5;4;25/05/2026;20/05/2026;Paga;R$ 365,23;R$ 373,56;R$ 373,56;R$ 0,00
395;1097;846;"=""78581281168""";LUCIANA GONCALVES TOLEDO;PESSOA FISICA;IPVA;"=""2318202122215""";"=""20260000001633""";13774417;Efetivada;11/02/2026 18:13:29;19/02/2026 06:04:17;5;1;18/02/2026;18/02/2026;Paga;R$ 354,80;R$ 354,80;R$ 354,80;R$ 0,00
395;1097;846;"=""78581281168""";LUCIANA GONCALVES TOLEDO;PESSOA FISICA;IPVA;"=""2318202122215""";"=""20260000001633""";13774417;Efetivada;11/02/2026 18:13:29;19/02/2026 06:04:17;5;2;25/03/2026;25/03/2026;Paga;R$ 358,34;R$ 358,35;R$ 358,35;R$ 0,00
395;1097;846;"=""78581281168""";LUCIANA GONCALVES TOLEDO;PESSOA FISICA;IPVA;"=""2318202122215""";"=""20260000001633""";13774417;Efetivada;11/02/2026 18:13:29;19/02/2026 06:04:17;5;3;27/04/2026;27/04/2026;Paga;R$ 358,34;R$ 362,64;R$ 362,64;R$ 0,00
395;1097;846;"=""78581281168""";LUCIANA GONCALVES TOLEDO;PESSOA FISICA;IPVA;"=""2318202122215""";"=""20260000001633""";13774417;Efetivada;11/02/2026 18:13:29;19/02/2026 06:04:17;5;4;25/05/2026;20/05/2026;Paga;R$ 358,34;R$ 366,50;R$ 366,50;R$ 0,00
907;2027;1962;"=""78807034115""";ANITA HELOISA DE P C C FLEURY;PESSOA FISICA;IPVA;"=""2357749122220""";"=""20260000004586""";13942395;Efetivada;05/03/2026 07:59:40;23/04/2026 18:30:23;1;1;12/03/2026;10/03/2026;Paga;R$ 1.040,89;R$ 1.040,89;R$ 1.040,89;R$ 0,00
375;1745;810;"=""79010741168""";RAQUEL CRISTINA CORREIA TELES;PESSOA FISICA;ICMS;"=""4012101428915""";"=""20260000001555""";13750240;Efetivada;11/02/2026 11:48:46;18/02/2026 18:01:30;1;1;18/02/2026;18/02/2026;Paga;R$ 14.289,88;R$ 14.289,88;R$ 14.289,88;R$ 0,00
1044;3220;2300;"=""79506348120""";NILSON FRANCISCO DE SOUZA;PESSOA FISICA;IPVA;"=""2281026822270""";"=""20260000005317""";13977636;Efetivada;13/03/2026 08:23:10;09/04/2026 12:50:59;1;1;20/03/2026;13/03/2026;Paga;R$ 115,27;R$ 115,27;R$ 115,27;R$ 0,00
1044;3220;2301;"=""79506348120""";NILSON FRANCISCO DE SOUZA;PESSOA FISICA;IPVA;"=""2348980922296""";"=""20260000005318""";13977628;Efetivada;13/03/2026 08:23:10;09/04/2026 12:50:59;1;1;20/03/2026;13/03/2026;Paga;R$ 149,52;R$ 149,52;R$ 149,52;R$ 0,00
1136;3396;2571;"=""79733131172""";LARISSA MILHOMEM DE SOUSA SIQUEIRA;PESSOA FISICA;IPVA;"=""2288438522270""";"=""20260000005958""";14037254;Efetivada;25/03/2026 09:09:36;30/03/2026 12:09:53;2;1;31/03/2026;30/03/2026;Paga;R$ 467,35;R$ 467,35;R$ 467,35;R$ 0,00
1136;3396;2571;"=""79733131172""";LARISSA MILHOMEM DE SOUSA SIQUEIRA;PESSOA FISICA;IPVA;"=""2288438522270""";"=""20260000005958""";14037254;Efetivada;25/03/2026 09:09:36;30/03/2026 12:09:53;2;2;27/04/2026;24/04/2026;Paga;R$ 472,01;R$ 472,03;R$ 472,03;R$ 0,00
1136;3396;2572;"=""79733131172""";LARISSA MILHOMEM DE SOUSA SIQUEIRA;PESSOA FISICA;IPVA;"=""2347130922273""";"=""20260000005959""";14037262;Efetivada;25/03/2026 09:09:36;30/03/2026 12:10:00;2;1;31/03/2026;30/03/2026;Paga;R$ 650,84;R$ 650,84;R$ 650,84;R$ 0,00
1136;3396;2572;"=""79733131172""";LARISSA MILHOMEM DE SOUSA SIQUEIRA;PESSOA FISICA;IPVA;"=""2347130922273""";"=""20260000005959""";14037262;Efetivada;25/03/2026 09:09:36;30/03/2026 12:10:00;2;2;27/04/2026;24/04/2026;Paga;R$ 657,34;R$ 657,36;R$ 657,36;R$ 0,00
1337;2473;3354;"=""80068278187""";SIRLENE APARECIDA DOS SANTOS;PESSOA FISICA;IPVA;"=""2335911322216""";"=""20260000007907""";14290731;Efetivada;25/05/2026 10:38:17;28/05/2026 06:07:34;4;1;29/05/2026;27/05/2026;Paga;R$ 407,23;R$ 407,23;R$ 407,23;R$ 0,00
535;1221;1111;"=""80410383104""";VALDELINA GEOVANE BARBOSA;PESSOA FISICA;Pena Pecuniária;"=""4011901974754""";"=""20260000002243""";13805460;Efetivada;19/02/2026 07:31:43;27/02/2026 12:00:14;2;1;26/02/2026;26/02/2026;Paga;R$ 448,98;R$ 448,98;R$ 448,98;R$ 0,00
572;2342;1175;"=""80549381104""";ANTONIO FABRICIO DO ESPIRITO SANTO;PESSOA FISICA;IPVA;"=""2375081922282""";"=""20260000002414""";13826301;Efetivada;20/02/2026 14:23:27;25/02/2026 18:03:39;2;1;27/02/2026;25/02/2026;Paga;R$ 471,05;R$ 471,05;R$ 471,05;R$ 0,00
572;2342;1175;"=""80549381104""";ANTONIO FABRICIO DO ESPIRITO SANTO;PESSOA FISICA;IPVA;"=""2375081922282""";"=""20260000002414""";13826301;Efetivada;20/02/2026 14:23:27;25/02/2026 18:03:39;2;2;25/03/2026;23/03/2026;Paga;R$ 475,75;R$ 475,77;R$ 475,77;R$ 0,00
572;2342;1174;"=""80549381104""";ANTONIO FABRICIO DO ESPIRITO SANTO;PESSOA FISICA;IPVA;"=""2307603622248""";"=""20260000002413""";13826298;Efetivada;20/02/2026 14:23:27;25/02/2026 18:03:45;2;1;27/02/2026;25/02/2026;Paga;R$ 337,29;R$ 337,29;R$ 337,29;R$ 0,00
572;2342;1174;"=""80549381104""";ANTONIO FABRICIO DO ESPIRITO SANTO;PESSOA FISICA;IPVA;"=""2307603622248""";"=""20260000002413""";13826298;Efetivada;20/02/2026 14:23:27;25/02/2026 18:03:45;2;2;25/03/2026;23/03/2026;Paga;R$ 340,65;R$ 340,69;R$ 340,69;R$ 0,00
1004;3200;2174;"=""80913822191""";NELIANA MATIAS DA COSTA;PESSOA FISICA;IPVA;"=""2276227822289""";"=""20260000005031""";13953524;Efetivada;10/03/2026 11:07:39;11/03/2026 18:09:03;2;1;17/03/2026;11/03/2026;Paga;R$ 490,44;R$ 490,44;R$ 490,44;R$ 0,00
1004;3200;2175;"=""80913822191""";NELIANA MATIAS DA COSTA;PESSOA FISICA;IPVA;"=""2377560122207""";"=""20260000005032""";13953516;Efetivada;10/03/2026 11:07:39;11/03/2026 18:09:04;3;1;17/03/2026;11/03/2026;Paga;R$ 438,38;R$ 438,38;R$ 438,38;R$ 0,00
509;1480;1062;"=""81153538172""";ROSELANIA SANTOS ROSA CARDOSO;PESSOA FISICA;IPVA;"=""2314125722257""";"=""20260000002138""";13796364;Efetivada;18/02/2026 08:48:17;18/02/2026 18:08:54;4;1;25/02/2026;18/02/2026;Paga;R$ 333,77;R$ 333,77;R$ 333,77;R$ 0,00
509;1480;1062;"=""81153538172""";ROSELANIA SANTOS ROSA CARDOSO;PESSOA FISICA;IPVA;"=""2314125722257""";"=""20260000002138""";13796364;Efetivada;18/02/2026 08:48:17;18/02/2026 18:08:54;4;2;25/03/2026;24/03/2026;Paga;R$ 337,10;R$ 337,10;R$ 337,10;R$ 0,00
509;1480;1062;"=""81153538172""";ROSELANIA SANTOS ROSA CARDOSO;PESSOA FISICA;IPVA;"=""2314125722257""";"=""20260000002138""";13796364;Efetivada;18/02/2026 08:48:17;18/02/2026 18:08:54;4;3;27/04/2026;27/04/2026;Paga;R$ 337,10;R$ 341,15;R$ 341,15;R$ 0,00
509;1480;1062;"=""81153538172""";ROSELANIA SANTOS ROSA CARDOSO;PESSOA FISICA;IPVA;"=""2314125722257""";"=""20260000002138""";13796364;Efetivada;18/02/2026 08:48:17;18/02/2026 18:08:54;4;4;25/05/2026;25/05/2026;Paga;R$ 337,10;R$ 344,78;R$ 344,78;R$ 0,00
509;1480;1063;"=""81153538172""";ROSELANIA SANTOS ROSA CARDOSO;PESSOA FISICA;IPVA;"=""2386488322283""";"=""20260000002139""";13796356;Efetivada;18/02/2026 08:48:17;18/02/2026 18:09:00;4;1;25/02/2026;18/02/2026;Paga;R$ 412,79;R$ 412,79;R$ 412,79;R$ 0,00
509;1480;1063;"=""81153538172""";ROSELANIA SANTOS ROSA CARDOSO;PESSOA FISICA;IPVA;"=""2386488322283""";"=""20260000002139""";13796356;Efetivada;18/02/2026 08:48:17;18/02/2026 18:09:00;4;2;25/03/2026;24/03/2026;Paga;R$ 416,91;R$ 416,93;R$ 416,93;R$ 0,00
509;1480;1063;"=""81153538172""";ROSELANIA SANTOS ROSA CARDOSO;PESSOA FISICA;IPVA;"=""2386488322283""";"=""20260000002139""";13796356;Efetivada;18/02/2026 08:48:17;18/02/2026 18:09:00;4;3;27/04/2026;27/04/2026;Paga;R$ 416,91;R$ 421,92;R$ 421,92;R$ 0,00
509;1480;1063;"=""81153538172""";ROSELANIA SANTOS ROSA CARDOSO;PESSOA FISICA;IPVA;"=""2386488322283""";"=""20260000002139""";13796356;Efetivada;18/02/2026 08:48:17;18/02/2026 18:09:00;4;4;25/05/2026;25/05/2026;Paga;R$ 416,91;R$ 426,42;R$ 426,42;R$ 0,00
495;2142;1030;"=""81210647168""";TATIANA SUSSUARANA BATISTA CORDEIRO;PESSOA FISICA;IPVA;"=""2178936922285""";"=""20260000002071""";13798782;Efetivada;14/02/2026 21:39:42;18/02/2026 18:09:20;1;1;20/02/2026;18/02/2026;Paga;R$ 583,18;R$ 583,18;R$ 583,18;R$ 0,00
495;2142;1032;"=""81210647168""";TATIANA SUSSUARANA BATISTA CORDEIRO;PESSOA FISICA;IPVA;"=""2391983822259""";"=""20260000002073""";13798804;Efetivada;14/02/2026 21:39:42;18/02/2026 18:09:25;1;1;20/02/2026;18/02/2026;Paga;R$ 1.009,67;R$ 1.009,67;R$ 1.009,67;R$ 0,00
495;2142;1031;"=""81210647168""";TATIANA SUSSUARANA BATISTA CORDEIRO;PESSOA FISICA;IPVA;"=""2319088522262""";"=""20260000002072""";13798790;Efetivada;14/02/2026 21:39:42;18/02/2026 18:09:27;1;1;20/02/2026;18/02/2026;Paga;R$ 571,38;R$ 571,38;R$ 571,38;R$ 0,00
495;2142;1029;"=""81210647168""";TATIANA SUSSUARANA BATISTA CORDEIRO;PESSOA FISICA;IPVA;"=""2051744222228""";"=""20260000002070""";13798774;Efetivada;14/02/2026 21:39:42;18/02/2026 18:09:32;1;1;20/02/2026;18/02/2026;Paga;R$ 206,27;R$ 206,27;R$ 206,27;R$ 0,00
931;1931;2002;"=""81700997149""";ANTONIO DUTRA PINHEIRO;PESSOA FISICA;IPVA;"=""2288421422260""";"=""20260000004676""";13932020;Efetivada;05/03/2026 21:39:56;09/04/2026 12:50:55;1;1;12/03/2026;10/03/2026;Paga;R$ 873,80;R$ 873,80;R$ 873,80;R$ 0,00
931;1931;2003;"=""81700997149""";ANTONIO DUTRA PINHEIRO;PESSOA FISICA;IPVA;"=""2377954722289""";"=""20260000004677""";13932012;Efetivada;05/03/2026 21:39:56;09/04/2026 12:50:55;1;1;12/03/2026;10/03/2026;Paga;R$ 1.071,63;R$ 1.071,63;R$ 1.071,63;R$ 0,00
573;2345;1177;"=""81846070163""";ADENILSON VIANA DE OLIVEIRA;PESSOA FISICA;IPVA;"=""2360897222257""";"=""20260000002418""";13860771;Efetivada;20/02/2026 15:28:05;28/02/2026 06:04:11;3;1;27/02/2026;27/02/2026;Paga;R$ 362,35;R$ 362,35;R$ 362,35;R$ 0,00
573;2345;1177;"=""81846070163""";ADENILSON VIANA DE OLIVEIRA;PESSOA FISICA;IPVA;"=""2360897222257""";"=""20260000002418""";13860771;Efetivada;20/02/2026 15:28:05;28/02/2026 06:04:11;3;2;25/03/2026;13/04/2026;Paga;R$ 365,96;R$ 393,58;R$ 393,58;R$ 0,00
573;2345;1177;"=""81846070163""";ADENILSON VIANA DE OLIVEIRA;PESSOA FISICA;IPVA;"=""2360897222257""";"=""20260000002418""";13860771;Efetivada;20/02/2026 15:28:05;28/02/2026 06:04:11;3;3;27/04/2026;27/04/2026;Paga;R$ 365,96;R$ 370,36;R$ 370,36;R$ 0,00
573;2345;1176;"=""81846070163""";ADENILSON VIANA DE OLIVEIRA;PESSOA FISICA;IPVA;"=""2304647022292""";"=""20260000002417""";13860780;Efetivada;20/02/2026 15:28:05;28/02/2026 06:04:12;2;1;27/02/2026;27/02/2026;Paga;R$ 390,29;R$ 390,29;R$ 390,29;R$ 0,00
573;2345;1176;"=""81846070163""";ADENILSON VIANA DE OLIVEIRA;PESSOA FISICA;IPVA;"=""2304647022292""";"=""20260000002417""";13860780;Efetivada;20/02/2026 15:28:05;28/02/2026 06:04:12;2;2;25/03/2026;13/04/2026;Paga;R$ 394,18;R$ 423,93;R$ 423,93;R$ 0,00
639;1550;1325;"=""81934882100""";PATRICIA ASSIS BARBOSA CASTRO;PESSOA FISICA;IPVA;"=""2324633422255""";"=""20260000002804""";13843486;Efetivada;23/02/2026 18:51:32;27/02/2026 18:03:01;10;1;27/02/2026;27/02/2026;Paga;R$ 337,78;R$ 337,78;R$ 337,78;R$ 0,00
639;1550;1325;"=""81934882100""";PATRICIA ASSIS BARBOSA CASTRO;PESSOA FISICA;IPVA;"=""2324633422255""";"=""20260000002804""";13843486;Efetivada;23/02/2026 18:51:32;27/02/2026 18:03:01;10;2;25/03/2026;25/03/2026;Paga;R$ 341,15;R$ 341,17;R$ 341,17;R$ 0,00
639;1550;1326;"=""81934882100""";PATRICIA ASSIS BARBOSA CASTRO;PESSOA FISICA;IPVA;"=""2335958422233""";"=""20260000002805""";13843494;Efetivada;23/02/2026 18:51:32;27/02/2026 18:03:09;14;1;27/02/2026;27/02/2026;Paga;R$ 336,01;R$ 336,01;R$ 336,01;R$ 0,00
639;1550;1326;"=""81934882100""";PATRICIA ASSIS BARBOSA CASTRO;PESSOA FISICA;IPVA;"=""2335958422233""";"=""20260000002805""";13843494;Efetivada;23/02/2026 18:51:32;27/02/2026 18:03:09;14;2;25/03/2026;25/03/2026;Paga;R$ 339,36;R$ 339,37;R$ 339,37;R$ 0,00
152;1212;338;"=""82312621134""";CRISLEY FERNANDO DO NASCIMENTO ;PESSOA FISICA;IPVA;"=""2338363922200""";"=""20260000000435""";13692771;Efetivada;04/02/2026 15:13:18;09/02/2026 06:06:28;10;2;25/03/2026;16/04/2026;Paga;R$ 609,13;R$ 661,21;R$ 661,21;R$ 0,00
456;2072;954;"=""82947090187""";JOSE AURELIO MENDES SOARES;PESSOA FISICA;IPVA;"=""2304401522299""";"=""20260000001902""";13775812;Efetivada;13/02/2026 10:34:42;13/02/2026 12:11:32;1;1;20/02/2026;13/02/2026;Paga;R$ 1.592,46;R$ 1.592,46;R$ 1.592,46;R$ 0,00
299;1646;650;"=""83877525172""";IRENILDES AGUIAR DA SILVA;PESSOA FISICA;IPVA;"=""2316181422260""";"=""20260000001200""";13757393;Efetivada;09/02/2026 13:53:49;18/02/2026 12:02:22;1;1;18/02/2026;18/02/2026;Paga;R$ 151,80;R$ 151,80;R$ 151,80;R$ 0,00
299;1646;648;"=""83877525172""";IRENILDES AGUIAR DA SILVA;PESSOA FISICA;IPVA;"=""2046356422266""";"=""20260000001198""";13757385;Efetivada;09/02/2026 13:53:49;18/02/2026 12:02:27;1;1;18/02/2026;18/02/2026;Paga;R$ 157,71;R$ 157,71;R$ 157,71;R$ 0,00
299;1646;649;"=""83877525172""";IRENILDES AGUIAR DA SILVA;PESSOA FISICA;IPVA;"=""2105401822220""";"=""20260000001199""";13757407;Efetivada;09/02/2026 13:53:49;18/02/2026 12:02:28;1;1;18/02/2026;18/02/2026;Paga;R$ 153,62;R$ 153,62;R$ 153,62;R$ 0,00
299;1646;651;"=""83877525172""";IRENILDES AGUIAR DA SILVA;PESSOA FISICA;IPVA;"=""2389084522250""";"=""20260000001201""";13757415;Efetivada;09/02/2026 13:53:49;18/02/2026 12:02:34;1;1;18/02/2026;18/02/2026;Paga;R$ 184,54;R$ 184,54;R$ 184,54;R$ 0,00
461;1295;961;"=""84013397153""";ADRIANA BENTO DA SILVA;PESSOA FISICA;ICMS;"=""4022000038540""";"=""20260000001929""";13777076;Efetivada;13/02/2026 11:24:44;18/02/2026 18:06:04;2;1;20/02/2026;18/02/2026;Paga;R$ 49.443,58;R$ 49.443,58;R$ 49.443,58;R$ 0,00
461;1295;961;"=""84013397153""";ADRIANA BENTO DA SILVA;PESSOA FISICA;ICMS;"=""4022000038540""";"=""20260000001929""";13777076;Efetivada;13/02/2026 11:24:44;18/02/2026 18:06:04;2;2;25/03/2026;10/03/2026;Paga;R$ 49.938,00;R$ 49.938,03;R$ 49.938,03;R$ 0,00
1048;3276;2314;"=""84189967815""";VALDICIO BARRETO SPOSITO;PESSOA FISICA;IPVA;"=""2380361022296""";"=""20260000005342""";13978039;Efetivada;13/03/2026 10:32:43;17/03/2026 12:09:47;2;1;20/03/2026;17/03/2026;Paga;R$ 568,67;R$ 568,67;R$ 568,67;R$ 0,00
1048;3276;2313;"=""84189967815""";VALDICIO BARRETO SPOSITO;PESSOA FISICA;IPVA;"=""2292917322253""";"=""20260000005341""";13978020;Efetivada;13/03/2026 10:32:43;17/03/2026 12:09:50;2;1;20/03/2026;17/03/2026;Paga;R$ 470,10;R$ 470,10;R$ 470,10;R$ 0,00
586;2367;1212;"=""84260076191""";RODRIGO SANTIAGO DA SILVA;PESSOA FISICA;ITCD;"=""4012200758794""";"=""20260000002489""";13826476;Efetivada;20/02/2026 17:17:17;23/02/2026 18:07:20;2;1;27/02/2026;23/02/2026;Paga;R$ 409,74;R$ 409,74;R$ 409,74;R$ 0,00
586;2367;1212;"=""84260076191""";RODRIGO SANTIAGO DA SILVA;PESSOA FISICA;ITCD;"=""4012200758794""";"=""20260000002489""";13826476;Efetivada;20/02/2026 17:17:17;23/02/2026 18:07:20;2;2;25/03/2026;20/03/2026;Paga;R$ 413,83;R$ 413,83;R$ 413,83;R$ 0,00
1241;3636;2890;"=""84390700120""";CELSO RODRIGUES DA COSTA JUNIOR;PESSOA FISICA;ICMS;"=""4011802453454""";"=""20260000006637""";14181258;Efetivada;27/04/2026 09:05:30;27/04/2026 12:05:33;5;1;30/04/2026;27/04/2026;Paga;R$ 386,53;R$ 386,53;R$ 386,53;R$ 0,00
1241;3636;2890;"=""84390700120""";CELSO RODRIGUES DA COSTA JUNIOR;PESSOA FISICA;ICMS;"=""4011802453454""";"=""20260000006637""";14181258;Efetivada;27/04/2026 09:05:30;27/04/2026 12:05:33;5;2;25/05/2026;28/04/2026;Paga;R$ 390,37;R$ 386,53;R$ 386,53;R$ 0,00
1241;3636;2890;"=""84390700120""";CELSO RODRIGUES DA COSTA JUNIOR;PESSOA FISICA;ICMS;"=""4011802453454""";"=""20260000006637""";14181258;Efetivada;27/04/2026 09:05:30;27/04/2026 12:05:33;5;3;25/06/2026;28/04/2026;Paga;R$ 390,37;R$ 386,53;R$ 386,53;R$ 0,00
1241;3636;2890;"=""84390700120""";CELSO RODRIGUES DA COSTA JUNIOR;PESSOA FISICA;ICMS;"=""4011802453454""";"=""20260000006637""";14181258;Efetivada;27/04/2026 09:05:30;27/04/2026 12:05:33;5;4;27/07/2026;28/04/2026;Paga;R$ 390,37;R$ 386,53;R$ 386,53;R$ 0,00
1241;3636;2890;"=""84390700120""";CELSO RODRIGUES DA COSTA JUNIOR;PESSOA FISICA;ICMS;"=""4011802453454""";"=""20260000006637""";14181258;Efetivada;27/04/2026 09:05:30;27/04/2026 12:05:33;5;5;25/08/2026;28/04/2026;Paga;R$ 390,37;R$ 386,53;R$ 386,53;R$ 0,00
1206;3522;2812;"=""85401897120""";MARCIA MAGALHAES DIAS NUNES;PESSOA FISICA;IPVA;"=""2186563122255""";"=""20260000006472""";14135167;Efetivada;14/04/2026 10:54:43;15/04/2026 06:10:25;3;1;22/04/2026;14/04/2026;Paga;R$ 383,63;R$ 383,63;R$ 383,63;R$ 0,00
1206;3522;2812;"=""85401897120""";MARCIA MAGALHAES DIAS NUNES;PESSOA FISICA;IPVA;"=""2186563122255""";"=""20260000006472""";14135167;Efetivada;14/04/2026 10:54:43;15/04/2026 06:10:25;3;2;25/05/2026;15/04/2026;Paga;R$ 387,45;R$ 383,64;R$ 383,64;R$ 0,00
1206;3522;2812;"=""85401897120""";MARCIA MAGALHAES DIAS NUNES;PESSOA FISICA;IPVA;"=""2186563122255""";"=""20260000006472""";14135167;Efetivada;14/04/2026 10:54:43;15/04/2026 06:10:25;3;3;25/06/2026;15/04/2026;Paga;R$ 387,45;R$ 383,64;R$ 383,64;R$ 0,00
1206;3522;2811;"=""85401897120""";MARCIA MAGALHAES DIAS NUNES;PESSOA FISICA;IPVA;"=""2329665822268""";"=""20260000006471""";14135159;Efetivada;14/04/2026 10:54:43;15/04/2026 06:10:32;3;1;22/04/2026;14/04/2026;Paga;R$ 354,47;R$ 354,47;R$ 354,47;R$ 0,00
1206;3522;2811;"=""85401897120""";MARCIA MAGALHAES DIAS NUNES;PESSOA FISICA;IPVA;"=""2329665822268""";"=""20260000006471""";14135159;Efetivada;14/04/2026 10:54:43;15/04/2026 06:10:32;3;2;25/05/2026;15/04/2026;Paga;R$ 358,01;R$ 354,49;R$ 354,49;R$ 0,00
1206;3522;2811;"=""85401897120""";MARCIA MAGALHAES DIAS NUNES;PESSOA FISICA;IPVA;"=""2329665822268""";"=""20260000006471""";14135159;Efetivada;14/04/2026 10:54:43;15/04/2026 06:10:32;3;3;25/06/2026;15/04/2026;Paga;R$ 358,01;R$ 354,49;R$ 354,49;R$ 0,00
1206;3522;2809;"=""85401897120""";MARCIA MAGALHAES DIAS NUNES;PESSOA FISICA;IPVA;"=""2007405422251""";"=""20260000006469""";14135132;Efetivada;14/04/2026 10:54:43;15/04/2026 06:10:39;3;1;22/04/2026;14/04/2026;Paga;R$ 397,70;R$ 397,70;R$ 397,70;R$ 0,00
1206;3522;2809;"=""85401897120""";MARCIA MAGALHAES DIAS NUNES;PESSOA FISICA;IPVA;"=""2007405422251""";"=""20260000006469""";14135132;Efetivada;14/04/2026 10:54:43;15/04/2026 06:10:39;3;2;25/05/2026;15/04/2026;Paga;R$ 401,67;R$ 397,72;R$ 397,72;R$ 0,00
1206;3522;2809;"=""85401897120""";MARCIA MAGALHAES DIAS NUNES;PESSOA FISICA;IPVA;"=""2007405422251""";"=""20260000006469""";14135132;Efetivada;14/04/2026 10:54:43;15/04/2026 06:10:39;3;3;25/06/2026;15/04/2026;Paga;R$ 401,67;R$ 397,72;R$ 397,72;R$ 0,00
1206;3522;2810;"=""85401897120""";MARCIA MAGALHAES DIAS NUNES;PESSOA FISICA;IPVA;"=""2338810522206""";"=""20260000006470""";14135140;Efetivada;14/04/2026 10:54:43;15/04/2026 06:10:45;4;1;22/04/2026;14/04/2026;Paga;R$ 330,57;R$ 330,57;R$ 330,57;R$ 0,00
1206;3522;2810;"=""85401897120""";MARCIA MAGALHAES DIAS NUNES;PESSOA FISICA;IPVA;"=""2338810522206""";"=""20260000006470""";14135140;Efetivada;14/04/2026 10:54:43;15/04/2026 06:10:45;4;2;25/05/2026;15/04/2026;Paga;R$ 333,87;R$ 330,58;R$ 330,58;R$ 0,00
1206;3522;2810;"=""85401897120""";MARCIA MAGALHAES DIAS NUNES;PESSOA FISICA;IPVA;"=""2338810522206""";"=""20260000006470""";14135140;Efetivada;14/04/2026 10:54:43;15/04/2026 06:10:45;4;3;25/06/2026;15/04/2026;Paga;R$ 333,87;R$ 330,58;R$ 330,58;R$ 0,00
1206;3522;2810;"=""85401897120""";MARCIA MAGALHAES DIAS NUNES;PESSOA FISICA;IPVA;"=""2338810522206""";"=""20260000006470""";14135140;Efetivada;14/04/2026 10:54:43;15/04/2026 06:10:45;4;4;27/07/2026;15/04/2026;Paga;R$ 333,87;R$ 330,58;R$ 330,58;R$ 0,00
757;890;1623;"=""85526894134""";ELISEU BATISTA CAVALCANTE;PESSOA FISICA;IPVA;"=""2393452622298""";"=""20260000003675""";13879707;Efetivada;27/02/2026 09:39:32;27/02/2026 18:07:53;4;1;27/02/2026;27/02/2026;Paga;R$ 1.585,36;R$ 1.585,36;R$ 1.585,36;R$ 0,00
757;890;1623;"=""85526894134""";ELISEU BATISTA CAVALCANTE;PESSOA FISICA;IPVA;"=""2393452622298""";"=""20260000003675""";13879707;Efetivada;27/02/2026 09:39:32;27/02/2026 18:07:53;4;2;25/03/2026;30/03/2026;Paga;R$ 1.601,21;R$ 1.627,63;R$ 1.627,63;R$ 0,00
757;890;1623;"=""85526894134""";ELISEU BATISTA CAVALCANTE;PESSOA FISICA;IPVA;"=""2393452622298""";"=""20260000003675""";13879707;Efetivada;27/02/2026 09:39:32;27/02/2026 18:07:53;4;3;27/04/2026;29/04/2026;Paga;R$ 1.601,21;R$ 1.631,09;R$ 1.631,09;R$ 0,00
1125;2393;2555;"=""85704784100""";FRANSERGIO HENRIQUE BRAGA;PESSOA FISICA;IPVA;"=""2338730022282""";"=""20260000005904""";14025574;Efetivada;23/03/2026 15:36:11;23/03/2026 18:10:36;10;1;30/03/2026;23/03/2026;Paga;R$ 399,69;R$ 399,69;R$ 399,69;R$ 0,00
1125;2393;2555;"=""85704784100""";FRANSERGIO HENRIQUE BRAGA;PESSOA FISICA;IPVA;"=""2338730022282""";"=""20260000005904""";14025574;Efetivada;23/03/2026 15:36:11;23/03/2026 18:10:36;10;2;27/04/2026;22/04/2026;Paga;R$ 403,68;R$ 403,68;R$ 403,68;R$ 0,00
173;1075;381;"=""85800457115""";DIVINO JOSÉ DO AMARAL;PESSOA FISICA;ICMS;"=""4011702741806""";"=""20260000000534""";13677772;Efetivada;05/02/2026 09:00:05;06/02/2026 12:03:54;17;2;25/03/2026;12/03/2026;Paga;R$ 340,04;R$ 340,07;R$ 340,07;R$ 0,00
606;2411;1250;"=""86160648187""";LAURA FLEURY PATTO;PESSOA FISICA;IPVA;"=""2337755822209""";"=""20260000002583""";13834223;Efetivada;23/02/2026 09:23:34;23/02/2026 18:10:43;1;1;27/02/2026;23/02/2026;Paga;R$ 720,38;R$ 720,38;R$ 720,38;R$ 0,00
357;1821;767;"=""86184032100""";SINEIDE PONTES NERES DE SANTANA;PESSOA FISICA;IPVA;"=""2375801222224""";"=""20260000001451""";13771825;Efetivada;10/02/2026 19:10:39;14/02/2026 06:08:43;1;1;18/02/2026;13/02/2026;Paga;R$ 528,43;R$ 528,43;R$ 528,43;R$ 0,00
357;1821;766;"=""86184032100""";SINEIDE PONTES NERES DE SANTANA;PESSOA FISICA;IPVA;"=""2331900322268""";"=""20260000001450""";13771817;Efetivada;10/02/2026 19:10:39;18/02/2026 06:06:04;1;1;18/02/2026;18/02/2026;Paga;R$ 429,43;R$ 429,43;R$ 429,43;R$ 0,00
1265;1264;2944;"=""86707477153""";JEANE ROSA FREIRE;PESSOA FISICA;ICMS;"=""4012201012257""";"=""20260000006821""";14213940;Efetivada;04/05/2026 15:20:44;11/05/2026 12:00:14;1;1;11/05/2026;11/05/2026;Paga;R$ 2.532,65;R$ 2.532,65;R$ 2.532,65;R$ 0,00
903;3007;1957;"=""86763954115""";GILBERTO FONSECA;PESSOA FISICA;IPVA;"=""2307256322292""";"=""20260000004576""";13931679;Efetivada;04/03/2026 18:43:15;23/04/2026 18:29:50;1;1;11/03/2026;11/03/2026;Paga;R$ 394,32;R$ 394,32;R$ 394,32;R$ 0,00
784;2778;1693;"=""87071045100""";AILTON DAVID FERREIRA;PESSOA FISICA;IPVA;"=""2045426522215""";"=""20260000003896""";13884212;Efetivada;27/02/2026 16:22:44;28/02/2026 06:08:32;1;1;27/02/2026;27/02/2026;Paga;R$ 112,17;R$ 112,17;R$ 112,17;R$ 0,00
784;2778;1696;"=""87071045100""";AILTON DAVID FERREIRA;PESSOA FISICA;IPVA;"=""2387425922273""";"=""20260000003899""";13884247;Efetivada;27/02/2026 16:22:44;28/02/2026 06:08:32;1;1;27/02/2026;27/02/2026;Paga;R$ 139,72;R$ 139,72;R$ 139,72;R$ 0,00
784;2778;1694;"=""87071045100""";AILTON DAVID FERREIRA;PESSOA FISICA;IPVA;"=""2104374822271""";"=""20260000003897""";13884220;Efetivada;27/02/2026 16:22:44;28/02/2026 06:08:38;1;1;27/02/2026;27/02/2026;Paga;R$ 110,32;R$ 110,32;R$ 110,32;R$ 0,00
784;2778;1695;"=""87071045100""";AILTON DAVID FERREIRA;PESSOA FISICA;IPVA;"=""2314606422200""";"=""20260000003898""";13884239;Efetivada;27/02/2026 16:22:44;28/02/2026 06:08:39;1;1;27/02/2026;27/02/2026;Paga;R$ 108,17;R$ 108,17;R$ 108,17;R$ 0,00
391;1922;841;"=""87246490159""";NILDA CRISTINA DE ALMEIDA LIRA;PESSOA FISICA;ICMS;"=""4012001566607""";"=""20260000001623""";13773984;Efetivada;11/02/2026 17:07:13;13/02/2026 18:10:12;41;1;18/02/2026;13/02/2026;Paga;R$ 332,69;R$ 332,69;R$ 332,69;R$ 0,00
391;1922;841;"=""87246490159""";NILDA CRISTINA DE ALMEIDA LIRA;PESSOA FISICA;ICMS;"=""4012001566607""";"=""20260000001623""";13773984;Efetivada;11/02/2026 17:07:13;13/02/2026 18:10:12;41;4;25/05/2026;30/04/2026;Paga;R$ 335,99;R$ 340,04;R$ 340,04;R$ 0,00
847;2900;1810;"=""87350572115""";CLEIBSON KOJIMA DA SILVA;PESSOA FISICA;IPVA;"=""2047502722239""";"=""20260000004239""";13905830;Efetivada;03/03/2026 11:39:35;09/04/2026 12:50:53;1;1;10/03/2026;10/03/2026;Paga;R$ 345,98;R$ 345,98;R$ 345,98;R$ 0,00
847;2900;1812;"=""87350572115""";CLEIBSON KOJIMA DA SILVA;PESSOA FISICA;IPVA;"=""2312256822259""";"=""20260000004241""";13905856;Efetivada;03/03/2026 11:39:35;09/04/2026 12:50:53;1;1;10/03/2026;10/03/2026;Paga;R$ 337,33;R$ 337,33;R$ 337,33;R$ 0,00
462;2085;964;"=""87363135134""";FLAVIO DOS SANTOS HERMINIO;PESSOA FISICA;IPVA;"=""2361106522274""";"=""20260000001933""";13784544;Efetivada;13/02/2026 11:30:31;20/02/2026 12:02:23;1;1;20/02/2026;20/02/2026;Paga;R$ 322,27;R$ 322,27;R$ 322,27;R$ 0,00
462;2085;962;"=""87363135134""";FLAVIO DOS SANTOS HERMINIO;PESSOA FISICA;IPVA;"=""2068827822251""";"=""20260000001931""";13784552;Efetivada;13/02/2026 11:30:31;20/02/2026 12:02:30;1;1;20/02/2026;20/02/2026;Paga;R$ 260,91;R$ 260,91;R$ 260,91;R$ 0,00
462;2085;963;"=""87363135134""";FLAVIO DOS SANTOS HERMINIO;PESSOA FISICA;IPVA;"=""2268959822227""";"=""20260000001932""";13784560;Efetivada;13/02/2026 11:30:31;20/02/2026 12:02:30;1;1;20/02/2026;20/02/2026;Paga;R$ 248,71;R$ 248,71;R$ 248,71;R$ 0,00
969;3147;2113;"=""87806088172""";JULLIANE GODINHO NUNES;PESSOA FISICA;IPVA;"=""2297362022271""";"=""20260000004880""";13942980;Efetivada;09/03/2026 09:38:03;09/04/2026 12:50:55;1;1;16/03/2026;16/03/2026;Paga;R$ 429,43;R$ 429,43;R$ 429,43;R$ 0,00
969;3147;2114;"=""87806088172""";JULLIANE GODINHO NUNES;PESSOA FISICA;IPVA;"=""2382612622201""";"=""20260000004881""";13942999;Efetivada;09/03/2026 09:38:03;09/04/2026 12:50:55;1;1;16/03/2026;16/03/2026;Paga;R$ 528,43;R$ 528,43;R$ 528,43;R$ 0,00
207;1402;452;"=""87867486100""";SILVIA CESAR NEVES ESPINDOLA;PESSOA FISICA;ICMS;"=""4012000858361""";"=""20260000000707""";13692844;Efetivada;05/02/2026 16:05:58;12/02/2026 12:02:56;2;1;12/02/2026;12/02/2026;Paga;R$ 1.731,62;R$ 1.731,62;R$ 1.731,62;R$ 0,00
207;1402;452;"=""87867486100""";SILVIA CESAR NEVES ESPINDOLA;PESSOA FISICA;ICMS;"=""4012000858361""";"=""20260000000707""";13692844;Efetivada;05/02/2026 16:05:58;12/02/2026 12:02:56;2;2;25/03/2026;25/03/2026;Paga;R$ 1.748,93;R$ 1.748,94;R$ 1.748,94;R$ 0,00
1066;647;2377;"=""87950685115""";LILIAN MARIA PARREIRA LAZARO;PESSOA FISICA;IPVA;"=""2285092722264""";"=""20260000005460""";13992805;Efetivada;16/03/2026 15:40:27;09/04/2026 12:50:59;1;1;23/03/2026;17/03/2026;Paga;R$ 76,79;R$ 76,79;R$ 76,79;R$ 0,00
1066;647;2378;"=""87950685115""";LILIAN MARIA PARREIRA LAZARO;PESSOA FISICA;IPVA;"=""2363342122205""";"=""20260000005461""";13992813;Efetivada;16/03/2026 15:40:27;09/04/2026 12:50:59;1;1;23/03/2026;17/03/2026;Paga;R$ 97,88;R$ 97,88;R$ 97,88;R$ 0,00
927;3058;1996;"=""88110079172""";PATRICIA BRITO RODRIGUES;PESSOA FISICA;IPVA;"=""2395077422208""";"=""20260000004665""";13926888;Efetivada;05/03/2026 15:45:37;11/03/2026 12:05:14;3;1;12/03/2026;11/03/2026;Paga;R$ 336,39;R$ 336,39;R$ 336,39;R$ 0,00
927;3058;1996;"=""88110079172""";PATRICIA BRITO RODRIGUES;PESSOA FISICA;IPVA;"=""2395077422208""";"=""20260000004665""";13926888;Efetivada;05/03/2026 15:45:37;11/03/2026 12:05:14;3;2;27/04/2026;25/03/2026;Paga;R$ 339,74;R$ 336,39;R$ 336,39;R$ 0,00
421;1996;888;"=""88140768120""";MIRIAN VIEIRA SEIXLACK;PESSOA FISICA;IPVA;"=""2317523822280""";"=""20260000001735""";13794302;Efetivada;12/02/2026 13:34:52;23/04/2026 18:13:30;1;1;23/02/2026;23/02/2026;Paga;R$ 1.014,48;R$ 1.014,48;R$ 1.014,48;R$ 0,00
422;1996;889;"=""88140768120""";MIRIAN VIEIRA SEIXLACK;PESSOA FISICA;IPVA;"=""2390910822242""";"=""20260000001737""";13794345;Efetivada;12/02/2026 13:39:27;23/04/2026 18:13:37;1;1;23/02/2026;23/02/2026;Paga;R$ 1.412,57;R$ 1.412,57;R$ 1.412,57;R$ 0,00
466;1666;971;"=""88143554104""";ROGERIO SILVA DE OLIVEIRA;PESSOA FISICA;IPVA;"=""2319150222255""";"=""20260000001951""";13777971;Efetivada;13/02/2026 11:57:38;13/02/2026 18:12:41;1;1;20/02/2026;13/02/2026;Paga;R$ 434,13;R$ 434,13;R$ 434,13;R$ 0,00
370;99;798;"=""88446869000962""";HELIOS COLETIVOS E CARGAS LTDA;PESSOA JURIDICA;ICMS;"=""4011901065690""";"=""20260000001526""";13749102;Efetivada;11/02/2026 11:03:36;19/02/2026 12:00:06;52;1;18/02/2026;18/02/2026;Paga;R$ 334,88;R$ 334,88;R$ 334,88;R$ 0,00
370;99;799;"=""88446869000962""";HELIOS COLETIVOS E CARGAS LTDA;PESSOA JURIDICA;ICMS;"=""4011802507481""";"=""20260000001527""";13749110;Efetivada;11/02/2026 11:03:36;19/02/2026 12:00:06;145;1;18/02/2026;18/02/2026;Paga;R$ 619,90;R$ 619,90;R$ 619,90;R$ 0,00
370;99;794;"=""88446869000962""";HELIOS COLETIVOS E CARGAS LTDA;PESSOA JURIDICA;ICMS;"=""4011900585053""";"=""20260000001522""";13749153;Efetivada;11/02/2026 11:03:36;19/02/2026 12:00:13;143;1;18/02/2026;18/02/2026;Paga;R$ 331,84;R$ 331,84;R$ 331,84;R$ 0,00
370;99;802;"=""88446869000962""";HELIOS COLETIVOS E CARGAS LTDA;PESSOA JURIDICA;ICMS;"=""4011703094642""";"=""20260000001530""";13749129;Efetivada;11/02/2026 11:03:36;19/02/2026 12:00:13;145;1;18/02/2026;18/02/2026;Paga;R$ 2.475,44;R$ 2.475,44;R$ 2.475,44;R$ 0,00
370;99;800;"=""88446869000962""";HELIOS COLETIVOS E CARGAS LTDA;PESSOA JURIDICA;ICMS;"=""4011901746700""";"=""20260000001528""";13749145;Efetivada;11/02/2026 11:03:36;19/02/2026 12:00:19;63;1;18/02/2026;18/02/2026;Paga;R$ 331,99;R$ 331,99;R$ 331,99;R$ 0,00
370;99;793;"=""88446869000962""";HELIOS COLETIVOS E CARGAS LTDA;PESSOA JURIDICA;ICMS;"=""4011900213261""";"=""20260000001521""";13749137;Efetivada;11/02/2026 11:03:36;19/02/2026 12:00:20;74;1;18/02/2026;18/02/2026;Paga;R$ 334,01;R$ 334,01;R$ 334,01;R$ 0,00
370;99;797;"=""88446869000962""";HELIOS COLETIVOS E CARGAS LTDA;PESSOA JURIDICA;ICMS;"=""4011900839683""";"=""20260000001525""";13749188;Efetivada;11/02/2026 11:03:36;19/02/2026 12:00:26;145;1;18/02/2026;18/02/2026;Paga;R$ 399,90;R$ 399,90;R$ 399,90;R$ 0,00
370;99;801;"=""88446869000962""";HELIOS COLETIVOS E CARGAS LTDA;PESSOA JURIDICA;ICMS;"=""4011901430738""";"=""20260000001529""";13749196;Efetivada;11/02/2026 11:03:36;19/02/2026 12:00:26;47;1;18/02/2026;18/02/2026;Paga;R$ 336,99;R$ 336,99;R$ 336,99;R$ 0,00
370;99;795;"=""88446869000962""";HELIOS COLETIVOS E CARGAS LTDA;PESSOA JURIDICA;ICMS;"=""4011800534384""";"=""20260000001523""";13749161;Efetivada;11/02/2026 11:03:36;19/02/2026 12:00:33;145;1;18/02/2026;18/02/2026;Paga;R$ 751,89;R$ 751,89;R$ 751,89;R$ 0,00
370;99;796;"=""88446869000962""";HELIOS COLETIVOS E CARGAS LTDA;PESSOA JURIDICA;ICMS;"=""4011900453734""";"=""20260000001524""";13749170;Efetivada;11/02/2026 11:03:36;19/02/2026 12:00:33;83;1;18/02/2026;18/02/2026;Paga;R$ 333,53;R$ 333,53;R$ 333,53;R$ 0,00
501;1832;1042;"=""88882225615""";GLEIBE HUNGRIA GOULART;PESSOA FISICA;IPVA;"=""2312685522265""";"=""20260000002096""";13798723;Efetivada;16/02/2026 12:01:37;19/02/2026 06:07:53;1;1;23/02/2026;18/02/2026;Paga;R$ 537,87;R$ 537,87;R$ 537,87;R$ 0,00
529;1832;1099;"=""88882225615""";GLEIBE HUNGRIA GOULART;PESSOA FISICA;IPVA;"=""2385356422290""";"=""20260000002218""";13804413;Efetivada;18/02/2026 18:12:33;25/02/2026 18:01:04;1;1;25/02/2026;25/02/2026;Paga;R$ 659,74;R$ 659,74;R$ 659,74;R$ 0,00
428;1719;895;"=""89007441191""";MAURO DE OLIVEIRA JUNIOR;PESSOA FISICA;IPVA;"=""2366705422227""";"=""20260000001752""";13767410;Efetivada;12/02/2026 15:05:57;23/04/2026 18:09:00;5;1;27/02/2026;20/02/2026;Paga;R$ 357,12;R$ 357,12;R$ 357,12;R$ 0,00
428;1719;895;"=""89007441191""";MAURO DE OLIVEIRA JUNIOR;PESSOA FISICA;IPVA;"=""2366705422227""";"=""20260000001752""";13767410;Efetivada;12/02/2026 15:05:57;23/04/2026 18:09:00;5;2;25/03/2026;15/04/2026;Paga;R$ 360,68;R$ 390,31;R$ 390,31;R$ 0,00
428;1719;895;"=""89007441191""";MAURO DE OLIVEIRA JUNIOR;PESSOA FISICA;IPVA;"=""2366705422227""";"=""20260000001752""";13767410;Efetivada;12/02/2026 15:05:57;23/04/2026 18:09:00;5;3;27/04/2026;25/05/2026;Paga;R$ 360,68;R$ 402,99;R$ 402,99;R$ 0,00
523;2211;1088;"=""89034759172""";ITAJARA GOMES DA SILVA;PESSOA FISICA;IPVA;"=""2338224122247""";"=""20260000002195""";13814907;Efetivada;18/02/2026 14:55:04;20/02/2026 06:07:20;1;1;25/02/2026;19/02/2026;Paga;R$ 1.050,51;R$ 1.050,51;R$ 1.050,51;R$ 0,00
467;2076;972;"=""89045181487""";ISAURA MARIA DE VASCONCELOS BARBOSA;PESSOA FISICA;IPVA;"=""2378175222220""";"=""20260000001953""";13778137;Efetivada;13/02/2026 12:04:16;18/02/2026 12:07:09;1;1;20/02/2026;18/02/2026;Paga;R$ 1.521,33;R$ 1.521,33;R$ 1.521,33;R$ 0,00
651;2485;1355;"=""89342500110""";ROSANGELA MARIA DE OLIVEIRA MACHADO;PESSOA FISICA;ICMS;"=""4011800748260""";"=""20260000002873""";13849336;Efetivada;24/02/2026 08:58:29;26/02/2026 12:05:41;14;1;27/02/2026;25/02/2026;Paga;R$ 332,18;R$ 332,18;R$ 332,18;R$ 0,00
651;2485;1355;"=""89342500110""";ROSANGELA MARIA DE OLIVEIRA MACHADO;PESSOA FISICA;ICMS;"=""4011800748260""";"=""20260000002873""";13849336;Efetivada;24/02/2026 08:58:29;26/02/2026 12:05:41;14;2;25/03/2026;26/03/2026;Paga;R$ 335,47;R$ 336,61;R$ 336,61;R$ 0,00
651;2485;1355;"=""89342500110""";ROSANGELA MARIA DE OLIVEIRA MACHADO;PESSOA FISICA;ICMS;"=""4011800748260""";"=""20260000002873""";13849336;Efetivada;24/02/2026 08:58:29;26/02/2026 12:05:41;14;3;27/04/2026;24/04/2026;Paga;R$ 335,47;R$ 339,52;R$ 339,52;R$ 0,00
651;2485;1355;"=""89342500110""";ROSANGELA MARIA DE OLIVEIRA MACHADO;PESSOA FISICA;ICMS;"=""4011800748260""";"=""20260000002873""";13849336;Efetivada;24/02/2026 08:58:29;26/02/2026 12:05:41;14;4;25/05/2026;25/05/2026;Paga;R$ 335,47;R$ 343,15;R$ 343,15;R$ 0,00
505;2176;1049;"=""89374312115""";EMERSON PESSOA JUNIOR;PESSOA FISICA;IPVA;"=""2081633722232""";"=""20260000002110""";13794086;Efetivada;17/02/2026 11:25:17;23/02/2026 18:02:44;1;1;24/02/2026;23/02/2026;Paga;R$ 582,59;R$ 582,59;R$ 582,59;R$ 0,00
411;1977;876;"=""89898800178""";JOSE ABDALA TUMA FILHO;PESSOA FISICA;ITCD;"=""4012200105308""";"=""20260000001709""";13794230;Efetivada;12/02/2026 11:22:07;18/02/2026 12:09:04;1;1;19/02/2026;18/02/2026;Paga;R$ 3.407,80;R$ 3.407,80;R$ 3.407,80;R$ 0,00
898;2494;1930;"=""90011112115""";EVARISTO DOS SANTOS CARDOSO;PESSOA FISICA;IPVA;"=""2392842422236""";"=""20260000004503""";13950711;Efetivada;04/03/2026 16:26:53;10/03/2026 12:10:04;10;1;11/03/2026;10/03/2026;Paga;R$ 354,07;R$ 354,07;R$ 354,07;R$ 0,00
898;2494;1930;"=""90011112115""";EVARISTO DOS SANTOS CARDOSO;PESSOA FISICA;IPVA;"=""2392842422236""";"=""20260000004503""";13950711;Efetivada;04/03/2026 16:26:53;10/03/2026 12:10:04;10;2;27/04/2026;24/04/2026;Paga;R$ 357,60;R$ 357,62;R$ 357,62;R$ 0,00
898;2494;1930;"=""90011112115""";EVARISTO DOS SANTOS CARDOSO;PESSOA FISICA;IPVA;"=""2392842422236""";"=""20260000004503""";13950711;Efetivada;04/03/2026 16:26:53;10/03/2026 12:10:04;10;3;25/05/2026;18/05/2026;Paga;R$ 357,60;R$ 361,48;R$ 361,48;R$ 0,00
1287;3163;2999;"=""90206509120""";ICARO KUNTA KINTE SOUSA REZENDE;PESSOA FISICA;IPVA;"=""2353647522250""";"=""20260000006943""";14239248;Efetivada;11/05/2026 10:53:51;12/05/2026 12:04:44;1;1;18/05/2026;12/05/2026;Paga;R$ 1.318,35;R$ 1.318,35;R$ 1.318,35;R$ 0,00
66;714;151;"=""90332628191""";JUNIA CRISTINA DE CARVALHO GARCEZ;PESSOA FISICA;IPVA;"=""2386887922276""";"=""20260000000108""";13660209;Efetivada;02/02/2026 21:15:29;23/04/2026 18:01:59;1;1;20/02/2026;20/02/2026;Paga;R$ 571,07;R$ 571,07;R$ 571,07;R$ 0,00
303;1667;660;"=""90908074115""";SHIRLEY RIBEIRO DE SOUSA PEREIRA;PESSOA FISICA;ICMS;"=""4011802757917""";"=""20260000001222""";13757431;Efetivada;09/02/2026 16:22:28;12/02/2026 12:07:53;16;1;18/02/2026;12/02/2026;Paga;R$ 336,39;R$ 336,39;R$ 336,39;R$ 0,00
303;1667;660;"=""90908074115""";SHIRLEY RIBEIRO DE SOUSA PEREIRA;PESSOA FISICA;ICMS;"=""4011802757917""";"=""20260000001222""";13757431;Efetivada;09/02/2026 16:22:28;12/02/2026 12:07:53;16;2;25/03/2026;25/03/2026;Paga;R$ 339,73;R$ 339,76;R$ 339,76;R$ 0,00
303;1667;660;"=""90908074115""";SHIRLEY RIBEIRO DE SOUSA PEREIRA;PESSOA FISICA;ICMS;"=""4011802757917""";"=""20260000001222""";13757431;Efetivada;09/02/2026 16:22:28;12/02/2026 12:07:53;16;3;27/04/2026;27/04/2026;Paga;R$ 339,73;R$ 343,83;R$ 343,83;R$ 0,00
303;1667;660;"=""90908074115""";SHIRLEY RIBEIRO DE SOUSA PEREIRA;PESSOA FISICA;ICMS;"=""4011802757917""";"=""20260000001222""";13757431;Efetivada;09/02/2026 16:22:28;12/02/2026 12:07:53;16;4;25/05/2026;25/05/2026;Paga;R$ 339,73;R$ 347,49;R$ 347,49;R$ 0,00
564;2306;1161;"=""91060710153""";RELTO RODRIGUES VASCONCELOS;PESSOA FISICA;IPVA;"=""2313511322200""";"=""20260000002372""";13818805;Efetivada;20/02/2026 08:58:40;23/02/2026 06:06:04;7;1;27/02/2026;23/02/2026;Paga;R$ 370,77;R$ 370,77;R$ 370,77;R$ 0,00
564;2306;1161;"=""91060710153""";RELTO RODRIGUES VASCONCELOS;PESSOA FISICA;IPVA;"=""2313511322200""";"=""20260000002372""";13818805;Efetivada;20/02/2026 08:58:40;23/02/2026 06:06:04;7;2;25/03/2026;25/03/2026;Paga;R$ 374,47;R$ 374,48;R$ 374,48;R$ 0,00
564;2306;1161;"=""91060710153""";RELTO RODRIGUES VASCONCELOS;PESSOA FISICA;IPVA;"=""2313511322200""";"=""20260000002372""";13818805;Efetivada;20/02/2026 08:58:40;23/02/2026 06:06:04;7;3;27/04/2026;27/04/2026;Paga;R$ 374,47;R$ 378,96;R$ 378,96;R$ 0,00
564;2306;1161;"=""91060710153""";RELTO RODRIGUES VASCONCELOS;PESSOA FISICA;IPVA;"=""2313511322200""";"=""20260000002372""";13818805;Efetivada;20/02/2026 08:58:40;23/02/2026 06:06:04;7;4;25/05/2026;26/05/2026;Paga;R$ 374,47;R$ 384,26;R$ 384,26;R$ 0,00
608;1524;1270;"=""91538432153""";ELITA DE FATIMA SILVA BERTOLDO;PESSOA FISICA;IPVA;"=""2304657022228""";"=""20260000002644""";13834169;Efetivada;23/02/2026 09:53:54;28/02/2026 06:01:56;2;1;27/02/2026;27/02/2026;Paga;R$ 486,76;R$ 486,76;R$ 486,76;R$ 0,00
608;1524;1270;"=""91538432153""";ELITA DE FATIMA SILVA BERTOLDO;PESSOA FISICA;IPVA;"=""2304657022228""";"=""20260000002644""";13834169;Efetivada;23/02/2026 09:53:54;28/02/2026 06:01:56;2;2;25/03/2026;25/03/2026;Paga;R$ 491,62;R$ 491,64;R$ 491,64;R$ 0,00
852;1524;1819;"=""91538432153""";ELITA DE FATIMA SILVA BERTOLDO;PESSOA FISICA;IPVA;"=""2355365522292""";"=""20260000004277""";13906526;Efetivada;03/03/2026 13:29:53;06/03/2026 12:02:10;4;2;27/04/2026;27/04/2026;Paga;R$ 343,50;R$ 343,52;R$ 343,52;R$ 0,00
852;1524;1819;"=""91538432153""";ELITA DE FATIMA SILVA BERTOLDO;PESSOA FISICA;IPVA;"=""2355365522292""";"=""20260000004277""";13906526;Efetivada;03/03/2026 13:29:53;06/03/2026 12:02:10;4;3;25/05/2026;27/05/2026;Paga;R$ 343,50;R$ 349,52;R$ 349,52;R$ 0,00
960;1419;2097;"=""92079121200""";RAKEL PONTES PEREIRA;PESSOA FISICA;IPVA;"=""2333599722246""";"=""20260000004841""";13942581;Efetivada;08/03/2026 13:56:41;23/04/2026 18:30:36;1;1;13/03/2026;13/03/2026;Paga;R$ 500,34;R$ 500,34;R$ 500,34;R$ 0,00
960;1419;2096;"=""92079121200""";RAKEL PONTES PEREIRA;PESSOA FISICA;IPVA;"=""2323414522205""";"=""20260000004840""";13942573;Efetivada;08/03/2026 13:56:41;23/04/2026 18:30:43;1;1;13/03/2026;13/03/2026;Paga;R$ 408,82;R$ 408,82;R$ 408,82;R$ 0,00
398;1784;849;"=""92287387153""";DEIGMA MARQUES DOS SANTOS DA SILVA BENTO;PESSOA FISICA;IPVA;"=""2320688522240""";"=""20260000001639""";13757954;Efetivada;11/02/2026 20:08:59;12/02/2026 12:08:51;5;1;18/02/2026;12/02/2026;Paga;R$ 338,74;R$ 338,74;R$ 338,74;R$ 0,00
398;1784;849;"=""92287387153""";DEIGMA MARQUES DOS SANTOS DA SILVA BENTO;PESSOA FISICA;IPVA;"=""2320688522240""";"=""20260000001639""";13757954;Efetivada;11/02/2026 20:08:59;12/02/2026 12:08:51;5;2;25/03/2026;27/03/2026;Paga;R$ 342,11;R$ 344,39;R$ 344,39;R$ 0,00
398;1784;849;"=""92287387153""";DEIGMA MARQUES DOS SANTOS DA SILVA BENTO;PESSOA FISICA;IPVA;"=""2320688522240""";"=""20260000001639""";13757954;Efetivada;11/02/2026 20:08:59;12/02/2026 12:08:51;5;3;27/04/2026;28/04/2026;Paga;R$ 342,11;R$ 347,37;R$ 347,37;R$ 0,00
398;1784;849;"=""92287387153""";DEIGMA MARQUES DOS SANTOS DA SILVA BENTO;PESSOA FISICA;IPVA;"=""2320688522240""";"=""20260000001639""";13757954;Efetivada;11/02/2026 20:08:59;12/02/2026 12:08:51;5;4;25/05/2026;25/05/2026;Paga;R$ 342,11;R$ 349,92;R$ 349,92;R$ 0,00
832;2400;1782;"=""92301550125""";FERNANDA GONCALVES BORGES VIEIRA DE MORAIS;PESSOA FISICA;IPVA;"=""2336673022200""";"=""20260000004107""";13900617;Efetivada;02/03/2026 22:16:06;10/03/2026 12:00:53;6;2;27/04/2026;27/04/2026;Paga;R$ 366,34;R$ 366,36;R$ 366,36;R$ 0,00
233;1461;514;"=""92876420104""";POLLIANNE FONSECA BUENO;PESSOA FISICA;ICMS;"=""4011802784051""";"=""20260000000871""";13711954;Efetivada;06/02/2026 11:12:49;09/02/2026 12:09:11;45;2;25/03/2026;10/03/2026;Paga;R$ 335,30;R$ 335,32;R$ 335,32;R$ 0,00
233;1461;514;"=""92876420104""";POLLIANNE FONSECA BUENO;PESSOA FISICA;ICMS;"=""4011802784051""";"=""20260000000871""";13711954;Efetivada;06/02/2026 11:12:49;09/02/2026 12:09:11;45;3;27/04/2026;23/04/2026;Paga;R$ 335,30;R$ 339,34;R$ 339,34;R$ 0,00
233;1461;514;"=""92876420104""";POLLIANNE FONSECA BUENO;PESSOA FISICA;ICMS;"=""4011802784051""";"=""20260000000871""";13711954;Efetivada;06/02/2026 11:12:49;09/02/2026 12:09:11;45;4;25/05/2026;20/05/2026;Paga;R$ 335,30;R$ 342,96;R$ 342,96;R$ 0,00
762;2744;1630;"=""93148402120""";ROSILEUSA PEREIRA LEITE;PESSOA FISICA;IPVA;"=""2318964222275""";"=""20260000003694""";13878913;Efetivada;27/02/2026 10:49:27;27/02/2026 18:07:33;6;1;27/02/2026;27/02/2026;Paga;R$ 357,82;R$ 357,82;R$ 357,82;R$ 0,00
762;2744;1630;"=""93148402120""";ROSILEUSA PEREIRA LEITE;PESSOA FISICA;IPVA;"=""2318964222275""";"=""20260000003694""";13878913;Efetivada;27/02/2026 10:49:27;27/02/2026 18:07:33;6;2;25/03/2026;23/03/2026;Paga;R$ 361,39;R$ 361,40;R$ 361,40;R$ 0,00
762;2744;1630;"=""93148402120""";ROSILEUSA PEREIRA LEITE;PESSOA FISICA;IPVA;"=""2318964222275""";"=""20260000003694""";13878913;Efetivada;27/02/2026 10:49:27;27/02/2026 18:07:33;6;3;27/04/2026;20/04/2026;Paga;R$ 361,39;R$ 365,73;R$ 365,73;R$ 0,00
762;2744;1630;"=""93148402120""";ROSILEUSA PEREIRA LEITE;PESSOA FISICA;IPVA;"=""2318964222275""";"=""20260000003694""";13878913;Efetivada;27/02/2026 10:49:27;27/02/2026 18:07:33;6;4;25/05/2026;25/05/2026;Paga;R$ 361,39;R$ 369,62;R$ 369,62;R$ 0,00
762;2744;1631;"=""93148402120""";ROSILEUSA PEREIRA LEITE;PESSOA FISICA;IPVA;"=""2391340922269""";"=""20260000003695""";13878921;Efetivada;27/02/2026 10:49:27;27/02/2026 18:07:41;9;1;27/02/2026;27/02/2026;Paga;R$ 333,12;R$ 333,12;R$ 333,12;R$ 0,00
762;2744;1631;"=""93148402120""";ROSILEUSA PEREIRA LEITE;PESSOA FISICA;IPVA;"=""2391340922269""";"=""20260000003695""";13878921;Efetivada;27/02/2026 10:49:27;27/02/2026 18:07:41;9;2;25/03/2026;23/03/2026;Paga;R$ 336,44;R$ 336,45;R$ 336,45;R$ 0,00
762;2744;1631;"=""93148402120""";ROSILEUSA PEREIRA LEITE;PESSOA FISICA;IPVA;"=""2391340922269""";"=""20260000003695""";13878921;Efetivada;27/02/2026 10:49:27;27/02/2026 18:07:41;9;3;27/04/2026;20/04/2026;Paga;R$ 336,44;R$ 340,48;R$ 340,48;R$ 0,00
762;2744;1631;"=""93148402120""";ROSILEUSA PEREIRA LEITE;PESSOA FISICA;IPVA;"=""2391340922269""";"=""20260000003695""";13878921;Efetivada;27/02/2026 10:49:27;27/02/2026 18:07:41;9;4;25/05/2026;25/05/2026;Paga;R$ 336,44;R$ 344,11;R$ 344,11;R$ 0,00
1067;1743;2380;"=""93241810178""";FERNANDO RODRIGUES PACHECO;PESSOA FISICA;IPVA;"=""2066559622221""";"=""20260000005465""";13992872;Efetivada;16/03/2026 16:10:38;23/04/2026 18:37:09;1;1;23/03/2026;18/03/2026;Paga;R$ 56,73;R$ 56,73;R$ 56,73;R$ 0,00
1067;1743;2382;"=""93241810178""";FERNANDO RODRIGUES PACHECO;PESSOA FISICA;IPVA;"=""2347742322234""";"=""20260000005467""";13992864;Efetivada;16/03/2026 16:10:38;23/04/2026 18:37:16;1;1;23/03/2026;18/03/2026;Paga;R$ 66,96;R$ 66,96;R$ 66,96;R$ 0,00
1067;1743;2379;"=""93241810178""";FERNANDO RODRIGUES PACHECO;PESSOA FISICA;IPVA;"=""2016074622223""";"=""20260000005464""";13992856;Efetivada;16/03/2026 16:10:38;23/04/2026 18:37:22;1;1;23/03/2026;18/03/2026;Paga;R$ 58,64;R$ 58,64;R$ 58,64;R$ 0,00
1067;1743;2381;"=""93241810178""";FERNANDO RODRIGUES PACHECO;PESSOA FISICA;IPVA;"=""2266395522222""";"=""20260000005466""";13992848;Efetivada;16/03/2026 16:10:38;23/04/2026 18:37:29;1;1;23/03/2026;18/03/2026;Paga;R$ 55,51;R$ 55,51;R$ 55,51;R$ 0,00
263;1525;590;"=""93248300159""";CRISTIANE APARECIDA ALBERNAZ DE OLIVEIRA;PESSOA FISICA;ICMS;"=""4012001262659""";"=""20260000001069""";13712560;Efetivada;06/02/2026 19:18:32;11/02/2026 18:05:11;3;1;13/02/2026;11/02/2026;Paga;R$ 436,49;R$ 436,49;R$ 436,49;R$ 0,00
1045;3274;2302;"=""93391285168""";MARIA ELEUZA LINS DA CONCEICAO;PESSOA FISICA;IPVA;"=""2286140322214""";"=""20260000005323""";13977245;Efetivada;13/03/2026 09:23:29;09/04/2026 12:50:59;1;1;20/03/2026;20/03/2026;Paga;R$ 98,44;R$ 98,44;R$ 98,44;R$ 0,00
1045;3274;2303;"=""93391285168""";MARIA ELEUZA LINS DA CONCEICAO;PESSOA FISICA;IPVA;"=""2369455922257""";"=""20260000005324""";13977237;Efetivada;13/03/2026 09:23:29;09/04/2026 12:50:59;1;1;20/03/2026;20/03/2026;Paga;R$ 127,48;R$ 127,48;R$ 127,48;R$ 0,00
51;797;112;"=""93448236187""";MANUEL REGINALDO BENTO PEREIRA;PESSOA FISICA;ICMS;"=""4012200360596""";"=""20260000000069""";13712802;Efetivada;02/02/2026 16:42:26;10/02/2026 06:06:56;49;2;25/03/2026;31/03/2026;Paga;R$ 334,86;R$ 341,49;R$ 341,49;R$ 0,00
676;2541;1432;"=""94179964104""";PEDRO RODRIGUES SANTIAGO;PESSOA FISICA;IPVA;"=""2370554222273""";"=""20260000003029""";13851110;Efetivada;24/02/2026 14:26:07;24/02/2026 18:13:55;1;1;27/02/2026;24/02/2026;Paga;R$ 1.093,62;R$ 1.093,62;R$ 1.093,62;R$ 0,00
199;1379;434;"=""94344540182""";LUCIANO MATIAS AMANCIO PEREIRA;PESSOA FISICA;ICMS;"=""4011901284570""";"=""20260000000671""";13692437;Efetivada;05/02/2026 14:17:36;06/02/2026 12:07:20;5;2;25/03/2026;20/03/2026;Paga;R$ 1.888,70;R$ 1.888,70;R$ 1.888,70;R$ 0,00
199;1379;434;"=""94344540182""";LUCIANO MATIAS AMANCIO PEREIRA;PESSOA FISICA;ICMS;"=""4011901284570""";"=""20260000000671""";13692437;Efetivada;05/02/2026 14:17:36;06/02/2026 12:07:20;5;3;27/04/2026;24/04/2026;Paga;R$ 1.888,70;R$ 1.911,33;R$ 1.911,33;R$ 0,00
199;1379;434;"=""94344540182""";LUCIANO MATIAS AMANCIO PEREIRA;PESSOA FISICA;ICMS;"=""4011901284570""";"=""20260000000671""";13692437;Efetivada;05/02/2026 14:17:36;06/02/2026 12:07:20;5;4;25/05/2026;25/05/2026;Paga;R$ 1.888,70;R$ 1.931,71;R$ 1.931,71;R$ 0,00
312;1689;684;"=""94634432153""";LEANDRO PEREIRA GODOE;PESSOA FISICA;ICMS;"=""4012201170405""";"=""20260000001270""";13757520;Efetivada;09/02/2026 19:23:37;19/02/2026 06:02:28;10;1;18/02/2026;18/02/2026;Paga;R$ 683,67;R$ 683,67;R$ 683,67;R$ 0,00
312;1689;684;"=""94634432153""";LEANDRO PEREIRA GODOE;PESSOA FISICA;ICMS;"=""4012201170405""";"=""20260000001270""";13757520;Efetivada;09/02/2026 19:23:37;19/02/2026 06:02:28;10;2;25/03/2026;25/03/2026;Paga;R$ 690,50;R$ 690,51;R$ 690,51;R$ 0,00
312;1689;684;"=""94634432153""";LEANDRO PEREIRA GODOE;PESSOA FISICA;ICMS;"=""4012201170405""";"=""20260000001270""";13757520;Efetivada;09/02/2026 19:23:37;19/02/2026 06:02:28;10;3;27/04/2026;27/04/2026;Paga;R$ 690,50;R$ 698,78;R$ 698,78;R$ 0,00
312;1689;684;"=""94634432153""";LEANDRO PEREIRA GODOE;PESSOA FISICA;ICMS;"=""4012201170405""";"=""20260000001270""";13757520;Efetivada;09/02/2026 19:23:37;19/02/2026 06:02:28;10;4;25/05/2026;25/05/2026;Paga;R$ 690,50;R$ 706,23;R$ 706,23;R$ 0,00
1238;3617;2886;"=""94942609100""";LUIZ CLAUDIO ALVES CAMPOS;PESSOA FISICA;IPVA;"=""2381988222279""";"=""20260000006629""";14178133;Efetivada;24/04/2026 15:35:09;25/04/2026 12:03:27;1;1;30/04/2026;24/04/2026;Paga;R$ 302,15;R$ 302,15;R$ 302,15;R$ 0,00
1238;3617;2885;"=""94942609100""";LUIZ CLAUDIO ALVES CAMPOS;PESSOA FISICA;IPVA;"=""2272558422226""";"=""20260000006628""";14178141;Efetivada;24/04/2026 15:35:09;25/04/2026 12:03:33;1;1;30/04/2026;24/04/2026;Paga;R$ 250,57;R$ 250,57;R$ 250,57;R$ 0,00
1252;3695;2915;"=""94980713149""";CAROLINA RORIZ BARBOSA;PESSOA FISICA;IPVA;"=""2384540822230""";"=""20260000006739""";14196425;Efetivada;29/04/2026 15:21:18;29/04/2026 18:03:15;2;1;30/04/2026;29/04/2026;Paga;R$ 422,83;R$ 422,83;R$ 422,83;R$ 0,00
1252;3695;2915;"=""94980713149""";CAROLINA RORIZ BARBOSA;PESSOA FISICA;IPVA;"=""2384540822230""";"=""20260000006739""";14196425;Efetivada;29/04/2026 15:21:18;29/04/2026 18:03:15;2;2;25/05/2026;27/05/2026;Paga;R$ 427,05;R$ 429,88;R$ 429,88;R$ 0,00
695;771;1471;"=""95379037100""";HELIO PEREIRA DA SILVA;PESSOA FISICA;ICMS;"=""4012001288615""";"=""20260000003125""";13859145;Efetivada;25/02/2026 07:56:56;26/02/2026 12:07:58;145;1;27/02/2026;25/02/2026;Paga;R$ 736,96;R$ 736,96;R$ 736,96;R$ 0,00
695;771;1471;"=""95379037100""";HELIO PEREIRA DA SILVA;PESSOA FISICA;ICMS;"=""4012001288615""";"=""20260000003125""";13859145;Efetivada;25/02/2026 07:56:56;26/02/2026 12:07:58;145;2;25/03/2026;25/03/2026;Paga;R$ 744,31;R$ 744,33;R$ 744,33;R$ 0,00
695;771;1471;"=""95379037100""";HELIO PEREIRA DA SILVA;PESSOA FISICA;ICMS;"=""4012001288615""";"=""20260000003125""";13859145;Efetivada;25/02/2026 07:56:56;26/02/2026 12:07:58;145;3;27/04/2026;28/04/2026;Paga;R$ 744,31;R$ 755,74;R$ 755,74;R$ 0,00
695;771;1471;"=""95379037100""";HELIO PEREIRA DA SILVA;PESSOA FISICA;ICMS;"=""4012001288615""";"=""20260000003125""";13859145;Efetivada;25/02/2026 07:56:56;26/02/2026 12:07:58;145;4;25/05/2026;25/05/2026;Paga;R$ 744,31;R$ 761,28;R$ 761,28;R$ 0,00
1132;3267;2567;"=""95450718187""";ESPOLIO DE SEBASTIANA ALVES DA SILVA;PESSOA FISICA;IPVA;"=""2315863622265""";"=""20260000005950""";14033011;Efetivada;24/03/2026 14:56:46;01/04/2026 18:06:44;1;1;31/03/2026;25/03/2026;Paga;R$ 68,64;R$ 68,64;R$ 68,64;R$ 0,00
882;2917;1883;"=""95463496234""";WILSON DA SILVA ;PESSOA FISICA;IPVA;"=""2382889922297""";"=""20260000004430""";13914162;Efetivada;04/03/2026 11:11:13;05/03/2026 06:08:38;2;2;27/04/2026;23/04/2026;Paga;R$ 459,54;R$ 459,56;R$ 459,56;R$ 0,00
98;1049;211;"=""95825908587""";MISILENE SILVA DE MELO;PESSOA FISICA;IPVA;"=""2381390122226""";"=""20260000000168""";13649191;Efetivada;03/02/2026 14:37:03;04/02/2026 18:01:50;5;3;27/04/2026;13/04/2026;Paga;R$ 344,41;R$ 348,54;R$ 348,54;R$ 0,00
98;1049;211;"=""95825908587""";MISILENE SILVA DE MELO;PESSOA FISICA;IPVA;"=""2381390122226""";"=""20260000000168""";13649191;Efetivada;03/02/2026 14:37:03;04/02/2026 18:01:50;5;4;25/05/2026;11/05/2026;Paga;R$ 344,41;R$ 352,25;R$ 352,25;R$ 0,00
791;1078;1707;"=""96121998253""";FRANCILENE BORGES DOS SANTOS;PESSOA FISICA;IPVA;"=""2321831722226""";"=""20260000003928""";13885154;Efetivada;27/02/2026 17:24:27;28/02/2026 06:09:23;1;1;27/02/2026;27/02/2026;Paga;R$ 248,99;R$ 248,99;R$ 248,99;R$ 0,00
791;1078;1708;"=""96121998253""";FRANCILENE BORGES DOS SANTOS;PESSOA FISICA;IPVA;"=""2394719422254""";"=""20260000003929""";13885162;Efetivada;27/02/2026 17:24:27;28/02/2026 06:09:23;1;1;27/02/2026;27/02/2026;Paga;R$ 308,02;R$ 308,02;R$ 308,02;R$ 0,00
760;2736;1627;"=""96268883187""";FRANCIELE APARECIDA GOMES POVOA;PESSOA FISICA;ITCD;"=""4012200774307""";"=""20260000003684""";13878174;Efetivada;27/02/2026 10:06:13;27/02/2026 12:09:00;1;1;27/02/2026;27/02/2026;Paga;R$ 1.743,72;R$ 1.743,72;R$ 1.743,72;R$ 0,00
427;1778;894;"=""96643749115""";MAURILIO FERREIRA DUARTE;PESSOA FISICA;IPVA;"=""2370254922270""";"=""20260000001748""";13767208;Efetivada;12/02/2026 14:57:06;13/02/2026 12:07:38;1;1;19/02/2026;13/02/2026;Paga;R$ 161,77;R$ 161,77;R$ 161,77;R$ 0,00
974;3149;2120;"=""97423917000130""";ALVES E PIVETA LTDA - MALPI MADEIRAS;PESSOA JURIDICA;ICMS;"=""2005682611117""";"=""20260000004900""";13943898;Efetivada;09/03/2026 10:43:16;16/03/2026 12:03:37;145;1;16/03/2026;16/03/2026;Paga;R$ 330,47;R$ 330,47;R$ 330,47;R$ 0,00
974;3149;2120;"=""97423917000130""";ALVES E PIVETA LTDA - MALPI MADEIRAS;PESSOA JURIDICA;ICMS;"=""2005682611117""";"=""20260000004900""";13943898;Efetivada;09/03/2026 10:43:16;16/03/2026 12:03:37;145;2;27/04/2026;27/04/2026;Paga;R$ 333,77;R$ 333,77;R$ 333,77;R$ 0,00
974;3149;2121;"=""97423917000130""";ALVES E PIVETA LTDA - MALPI MADEIRAS;PESSOA JURIDICA;ICMS;"=""2005724811127""";"=""20260000004901""";13943901;Efetivada;09/03/2026 10:43:16;16/03/2026 12:03:37;145;1;16/03/2026;16/03/2026;Paga;R$ 418,16;R$ 418,16;R$ 418,16;R$ 0,00
974;3149;2121;"=""97423917000130""";ALVES E PIVETA LTDA - MALPI MADEIRAS;PESSOA JURIDICA;ICMS;"=""2005724811127""";"=""20260000004901""";13943901;Efetivada;09/03/2026 10:43:16;16/03/2026 12:03:37;145;2;27/04/2026;27/04/2026;Paga;R$ 422,34;R$ 422,35;R$ 422,35;R$ 0,00
641;2464;1328;"=""97747734115""";BRENNO MARKS NEVES SILVA;PESSOA FISICA;IPVA;"=""2377906022205""";"=""20260000002810""";13844008;Efetivada;23/02/2026 19:44:39;26/02/2026 18:04:15;6;1;27/02/2026;26/02/2026;Paga;R$ 350,54;R$ 350,54;R$ 350,54;R$ 0,00
641;2464;1328;"=""97747734115""";BRENNO MARKS NEVES SILVA;PESSOA FISICA;IPVA;"=""2377906022205""";"=""20260000002810""";13844008;Efetivada;23/02/2026 19:44:39;26/02/2026 18:04:15;6;2;25/03/2026;18/03/2026;Paga;R$ 354,03;R$ 354,07;R$ 354,07;R$ 0,00
654;2481;1363;"=""98021346191""";JULIANA LEANDRO BORGES ALMEIDA;PESSOA FISICA;IPVA;"=""2041901422221""";"=""20260000002890""";13849522;Efetivada;24/02/2026 09:48:29;25/02/2026 06:10:08;1;1;27/02/2026;24/02/2026;Paga;R$ 262,26;R$ 262,26;R$ 262,26;R$ 0,00
654;2481;1365;"=""98021346191""";JULIANA LEANDRO BORGES ALMEIDA;PESSOA FISICA;IPVA;"=""2286954422202""";"=""20260000002892""";13849549;Efetivada;24/02/2026 09:48:29;25/02/2026 06:10:14;1;1;27/02/2026;24/02/2026;Paga;R$ 233,83;R$ 233,83;R$ 233,83;R$ 0,00
654;2481;1364;"=""98021346191""";JULIANA LEANDRO BORGES ALMEIDA;PESSOA FISICA;IPVA;"=""2083006822294""";"=""20260000002891""";13849530;Efetivada;24/02/2026 09:48:29;25/02/2026 06:10:15;1;1;27/02/2026;24/02/2026;Paga;R$ 251,34;R$ 251,34;R$ 251,34;R$ 0,00
141;1214;317;"=""98593374204""";MISAEL DIAS DE SOUSA E SILVA;PESSOA FISICA;IPVA;"=""2383307722280""";"=""20260000000382""";13671812;Efetivada;04/02/2026 12:47:47;10/02/2026 06:02:14;3;2;25/03/2026;19/03/2026;Paga;R$ 429,24;R$ 429,27;R$ 429,27;R$ 0,00
141;1214;317;"=""98593374204""";MISAEL DIAS DE SOUSA E SILVA;PESSOA FISICA;IPVA;"=""2383307722280""";"=""20260000000382""";13671812;Efetivada;04/02/2026 12:47:47;10/02/2026 06:02:14;3;3;27/04/2026;27/04/2026;Paga;R$ 429,24;R$ 434,41;R$ 434,41;R$ 0,00
734;1918;1584;"=""99128004191""";VANESSA APARECIDA FERREIRA BELTRAO BORRAS;PESSOA FISICA;ICMS;"=""4011801575602""";"=""20260000003449""";13870246;Efetivada;25/02/2026 16:47:21;27/02/2026 06:08:32;122;1;27/02/2026;26/02/2026;Paga;R$ 332,47;R$ 332,47;R$ 332,47;R$ 0,00
734;1918;1584;"=""99128004191""";VANESSA APARECIDA FERREIRA BELTRAO BORRAS;PESSOA FISICA;ICMS;"=""4011801575602""";"=""20260000003449""";13870246;Efetivada;25/02/2026 16:47:21;27/02/2026 06:08:32;122;2;25/03/2026;20/03/2026;Paga;R$ 335,77;R$ 335,80;R$ 335,80;R$ 0,00
734;1918;1584;"=""99128004191""";VANESSA APARECIDA FERREIRA BELTRAO BORRAS;PESSOA FISICA;ICMS;"=""4011801575602""";"=""20260000003449""";13870246;Efetivada;25/02/2026 16:47:21;27/02/2026 06:08:32;122;3;27/04/2026;27/04/2026;Paga;R$ 335,77;R$ 339,83;R$ 339,83;R$ 0,00
734;1918;1584;"=""99128004191""";VANESSA APARECIDA FERREIRA BELTRAO BORRAS;PESSOA FISICA;ICMS;"=""4011801575602""";"=""20260000003449""";13870246;Efetivada;25/02/2026 16:47:21;27/02/2026 06:08:32;122;4;25/05/2026;18/05/2026;Paga;R$ 335,77;R$ 343,45;R$ 343,45;R$ 0,00
663;1243;1404;"=""99274175191""";THALITA ALMEIDA GONDIM;PESSOA FISICA;ITCD;"=""4012300040526""";"=""20260000002962""";13849824;Efetivada;24/02/2026 10:33:16;25/02/2026 18:07:55;1;1;27/02/2026;25/02/2026;Paga;R$ 59.167,20;R$ 59.167,20;R$ 59.167,20;R$ 0,00
123;1153;273;"=""99422336104""";FLAVIA MILHOMEM DA SILVA;PESSOA FISICA;IPVA;"=""2392866122224""";"=""20260000000250""";13680641;Efetivada;03/02/2026 20:17:16;25/03/2026 15:33:12;3;1;10/02/2026;11/02/2026;Paga;R$ 387,91;R$ 387,91;R$ 387,91;R$ 0,00
374;1868;808;"=""99582945168""";CARLOS HUDSON MARQUES GARCIA;PESSOA FISICA;IPVA;"=""2308855622291""";"=""20260000001547""";13750097;Efetivada;11/02/2026 11:44:06;11/02/2026 18:06:48;1;1;18/02/2026;11/02/2026;Paga;R$ 531,91;R$ 531,91;R$ 531,91;R$ 0,00
374;1868;806;"=""99582945168""";CARLOS HUDSON MARQUES GARCIA;PESSOA FISICA;IPVA;"=""2032138422272""";"=""20260000001545""";13750089;Efetivada;11/02/2026 11:44:06;11/02/2026 18:06:53;1;1;18/02/2026;11/02/2026;Paga;R$ 564,71;R$ 564,71;R$ 564,71;R$ 0,00
374;1868;809;"=""99582945168""";CARLOS HUDSON MARQUES GARCIA;PESSOA FISICA;IPVA;"=""2369825722249""";"=""20260000001548""";13750100;Efetivada;11/02/2026 11:44:06;11/02/2026 18:06:54;1;1;18/02/2026;11/02/2026;Paga;R$ 740,75;R$ 740,75;R$ 740,75;R$ 0,00
374;1868;807;"=""99582945168""";CARLOS HUDSON MARQUES GARCIA;PESSOA FISICA;IPVA;"=""2101380922229""";"=""20260000001546""";13750119;Efetivada;11/02/2026 11:44:06;11/02/2026 18:07:00;1;1;18/02/2026;11/02/2026;Paga;R$ 543,95;R$ 543,95;R$ 543,95;R$ 0,00
571;2122;1173;"=""99645068134""";CLEYTON APOLINARIO DA SILVA;PESSOA FISICA;IPVA;"=""2382723322249""";"=""20260000002410""";13822306;Efetivada;20/02/2026 13:37:46;28/02/2026 12:01:10;1;1;27/02/2026;27/02/2026;Paga;R$ 151,11;R$ 151,11;R$ 151,11;R$ 0,00
442;1454;924;"=""99684527187""";GLAUCIENE MARIA DE PAIVA;PESSOA FISICA;IPVA;"=""2082197322200""";"=""20260000001833""";13772457;Efetivada;13/02/2026 08:06:17;13/02/2026 18:09:40;1;1;20/02/2026;13/02/2026;Paga;R$ 449,46;R$ 449,46;R$ 449,46;R$ 0,00
442;1454;925;"=""99684527187""";GLAUCIENE MARIA DE PAIVA;PESSOA FISICA;IPVA;"=""2276236622262""";"=""20260000001834""";13772465;Efetivada;13/02/2026 08:06:17;13/02/2026 18:09:46;1;1;20/02/2026;13/02/2026;Paga;R$ 1.343,32;R$ 1.343,32;R$ 1.343,32;R$ 0,00
442;1454;926;"=""99684527187""";GLAUCIENE MARIA DE PAIVA;PESSOA FISICA;IPVA;"=""2285138122213""";"=""20260000001835""";13772473;Efetivada;13/02/2026 08:06:17;13/02/2026 18:09:47;1;1;20/02/2026;13/02/2026;Paga;R$ 425,34;R$ 425,34;R$ 425,34;R$ 0,00
442;1454;928;"=""99684527187""";GLAUCIENE MARIA DE PAIVA;PESSOA FISICA;IPVA;"=""2371694422273""";"=""20260000001837""";13772481;Efetivada;13/02/2026 08:06:17;13/02/2026 18:09:52;1;1;20/02/2026;13/02/2026;Paga;R$ 1.870,77;R$ 1.870,77;R$ 1.870,77;R$ 0,00
442;1454;927;"=""99684527187""";GLAUCIENE MARIA DE PAIVA;PESSOA FISICA;IPVA;"=""2357266222289""";"=""20260000001836""";13772490;Efetivada;13/02/2026 08:06:17;13/02/2026 18:09:53;1;1;20/02/2026;13/02/2026;Paga;R$ 535,19;R$ 535,19;R$ 535,19;R$ 0,00
1142;1454;2582;"=""99684527187""";GLAUCIENE MARIA DE PAIVA;PESSOA FISICA;IPVA;"=""2383716122254""";"=""20260000005991""";14048132;Efetivada;26/03/2026 15:32:07;09/04/2026 12:51:01;1;1;30/03/2026;30/03/2026;Paga;R$ 1.543,66;R$ 1.543,66;R$ 1.543,66;R$ 0,00
783;2776;1692;"=""99694964172""";VANESSA LOPES DA SILVA ALCANTARA;PESSOA FISICA;IPVA;"=""2358256922243""";"=""20260000003893""";13884557;Efetivada;27/02/2026 16:21:16;28/02/2026 06:08:58;1;1;27/02/2026;27/02/2026;Paga;R$ 72,27;R$ 72,27;R$ 72,27;R$ 0,00
783;2776;1691;"=""99694964172""";VANESSA LOPES DA SILVA ALCANTARA;PESSOA FISICA;IPVA;"=""2274519822282""";"=""20260000003892""";13884565;Efetivada;27/02/2026 16:21:16;28/02/2026 06:09:04;1;1;27/02/2026;27/02/2026;Paga;R$ 68,48;R$ 68,48;R$ 68,48;R$ 0,00
1280;3672;2974;"=""99865920115""";FERNANDO RODRIGUES FERREIRA;PESSOA FISICA;ITCD;"=""4012101463583""";"=""20260000006912""";14229277;Efetivada;07/05/2026 16:38:32;14/05/2026 12:00:34;12;1;14/05/2026;13/05/2026;Paga;R$ 2.750,11;R$ 2.750,11;R$ 2.750,11;R$ 0,00
